Function,Family,Algorithm,Run,Seed,Population,MaxIter,Dimension,Optimum,BestScore,Error,Curve0,CurveLast,Status
F1,unimodal,GWO,1,1000,30,500,10,100.0,15701456.185016885,15701356.185016885,525544194.8462026,15701456.185016885,PASS
F1,unimodal,GWO,2,1001,30,500,10,100.0,7635103.098989573,7635003.098989573,765655579.9091232,7635103.098989573,PASS
F1,unimodal,GWO,3,1002,30,500,10,100.0,16439098.440149643,16438998.440149643,803159181.791137,16439098.440149643,PASS
F1,unimodal,GWO,4,1003,30,500,10,100.0,6947248.014137132,6947148.014137132,189397860.85401616,6947248.014137132,PASS
F1,unimodal,GWO,5,1004,30,500,10,100.0,4675397.755328292,4675297.755328292,219931687.08870643,4675397.755328292,PASS
F1,unimodal,GWO,6,1005,30,500,10,100.0,8787382.690521002,8787282.690521002,144916671.23925203,8787382.690521002,PASS
F1,unimodal,GWO,7,1006,30,500,10,100.0,594947.171501516,594847.171501516,851891962.8743827,594947.171501516,PASS
F1,unimodal,GWO,8,1007,30,500,10,100.0,8371511.212777115,8371411.212777115,461456701.3488441,8371511.212777115,PASS
F1,unimodal,GWO,9,1008,30,500,10,100.0,2246362.326293699,2246262.326293699,1411371436.9693708,2246362.326293699,PASS
F1,unimodal,GWO,10,1009,30,500,10,100.0,6869722.15774474,6869622.15774474,1353036338.557272,6869722.15774474,PASS
F1,unimodal,GWO,11,1010,30,500,10,100.0,3142956.193011005,3142856.193011005,284961625.24854267,3142956.193011005,PASS
F1,unimodal,GWO,12,1011,30,500,10,100.0,17553956.911458172,17553856.911458172,399011829.59632754,17553956.911458172,PASS
F1,unimodal,GWO,13,1012,30,500,10,100.0,7789978.946552753,7789878.946552753,593118284.7605963,7789978.946552753,PASS
F1,unimodal,GWO,14,1013,30,500,10,100.0,8922314.783236029,8922214.783236029,630881910.9764771,8922314.783236029,PASS
F1,unimodal,GWO,15,1014,30,500,10,100.0,12922300.67908112,12922200.67908112,623711513.1936637,12922300.67908112,PASS
F1,unimodal,GWO,16,1015,30,500,10,100.0,13417466.49158233,13417366.49158233,855290075.000464,13417466.49158233,PASS
F1,unimodal,GWO,17,1016,30,500,10,100.0,8166834.291873063,8166734.291873063,783845758.3672874,8166834.291873063,PASS
F1,unimodal,GWO,18,1017,30,500,10,100.0,7499712.101479959,7499612.101479959,429726612.3386396,7499712.101479959,PASS
F1,unimodal,GWO,19,1018,30,500,10,100.0,2053393.2074863687,2053293.2074863687,2106387548.647602,2053393.2074863687,PASS
F1,unimodal,GWO,20,1019,30,500,10,100.0,2682790.513021803,2682690.513021803,121369351.90638322,2682790.513021803,PASS
F1,unimodal,GWO,21,1020,30,500,10,100.0,16215686.569993827,16215586.569993827,524426750.62365365,16215686.569993827,PASS
F1,unimodal,GWO,22,1021,30,500,10,100.0,9781337.806996452,9781237.806996452,1132299059.188591,9781337.806996452,PASS
F1,unimodal,GWO,23,1022,30,500,10,100.0,3712422.5377123184,3712322.5377123184,176600628.5929951,3712422.5377123184,PASS
F1,unimodal,GWO,24,1023,30,500,10,100.0,38018744.437870815,38018644.437870815,102988326.9320162,38018744.437870815,PASS
F1,unimodal,GWO,25,1024,30,500,10,100.0,11578236.893282395,11578136.893282395,1145681555.3618402,11578236.893282395,PASS
F1,unimodal,GWO,26,1025,30,500,10,100.0,4809855.63545171,4809755.63545171,347062691.9029218,4809855.63545171,PASS
F1,unimodal,GWO,27,1026,30,500,10,100.0,8142169.957132134,8142069.957132134,146325930.61958897,8142169.957132134,PASS
F1,unimodal,GWO,28,1027,30,500,10,100.0,5975282.573856836,5975182.573856836,82575797.12026742,5975282.573856836,PASS
F1,unimodal,GWO,29,1028,30,500,10,100.0,3348507.871767821,3348407.871767821,1240459050.479443,3348507.871767821,PASS
F1,unimodal,GWO,30,1029,30,500,10,100.0,40369964.52266919,40369864.52266919,607567267.6259123,40369964.52266919,PASS
F1,unimodal,SCHO,1,1000,30,500,10,100.0,4804407.336969936,4804307.336969936,805304096.2058247,4804407.336969936,PASS
F1,unimodal,SCHO,2,1001,30,500,10,100.0,12032385.192318287,12032285.192318287,398522800.8391306,12032385.192318287,PASS
F1,unimodal,SCHO,3,1002,30,500,10,100.0,35510865.83056153,35510765.83056153,1802951135.2096853,35510865.83056153,PASS
F1,unimodal,SCHO,4,1003,30,500,10,100.0,6046015.95069696,6045915.95069696,959083624.0821588,6046015.95069696,PASS
F1,unimodal,SCHO,5,1004,30,500,10,100.0,11790393.522171728,11790293.522171728,677201162.3568029,11790393.522171728,PASS
F1,unimodal,SCHO,6,1005,30,500,10,100.0,4169594.8444463774,4169494.8444463774,58756325.96550646,4169594.8444463774,PASS
F1,unimodal,SCHO,7,1006,30,500,10,100.0,6409782.8831011895,6409682.8831011895,279886824.43456805,6409782.8831011895,PASS
F1,unimodal,SCHO,8,1007,30,500,10,100.0,19907362.833114564,19907262.833114564,616640044.3900313,19907362.833114564,PASS
F1,unimodal,SCHO,9,1008,30,500,10,100.0,7727782.214281454,7727682.214281454,655548811.3616604,7727782.214281454,PASS
F1,unimodal,SCHO,10,1009,30,500,10,100.0,19596664.06771444,19596564.06771444,1598269673.2719462,19596664.06771444,PASS
F1,unimodal,SCHO,11,1010,30,500,10,100.0,1269138.498506375,1269038.498506375,146463656.1845839,1269138.498506375,PASS
F1,unimodal,SCHO,12,1011,30,500,10,100.0,13431317.169498265,13431217.169498265,526201370.84938097,13431317.169498265,PASS
F1,unimodal,SCHO,13,1012,30,500,10,100.0,12503538.574162614,12503438.574162614,1670328447.2901688,12503538.574162614,PASS
F1,unimodal,SCHO,14,1013,30,500,10,100.0,9852877.704895442,9852777.704895442,109407011.02842264,9852877.704895442,PASS
F1,unimodal,SCHO,15,1014,30,500,10,100.0,8068096.139083164,8067996.139083164,195914185.1797565,8068096.139083164,PASS
F1,unimodal,SCHO,16,1015,30,500,10,100.0,5881097.51059876,5880997.51059876,330362845.3961816,5881097.51059876,PASS
F1,unimodal,SCHO,17,1016,30,500,10,100.0,7739940.857850845,7739840.857850845,491593297.18335253,7739940.857850845,PASS
F1,unimodal,SCHO,18,1017,30,500,10,100.0,9730697.599859275,9730597.599859275,63702694.62625166,9730697.599859275,PASS
F1,unimodal,SCHO,19,1018,30,500,10,100.0,721101.3188550456,721001.3188550456,650458199.6008537,721101.3188550456,PASS
F1,unimodal,SCHO,20,1019,30,500,10,100.0,18821886.092525005,18821786.092525005,700766034.3756598,18821886.092525005,PASS
F1,unimodal,SCHO,21,1020,30,500,10,100.0,13131796.147541964,13131696.147541964,1101048533.5540853,13131796.147541964,PASS
F1,unimodal,SCHO,22,1021,30,500,10,100.0,11532588.08156188,11532488.08156188,1088379836.7585185,11532588.08156188,PASS
F1,unimodal,SCHO,23,1022,30,500,10,100.0,6312415.709813291,6312315.709813291,844827587.5495285,6312415.709813291,PASS
F1,unimodal,SCHO,24,1023,30,500,10,100.0,3294647.4992350843,3294547.4992350843,546203816.7318908,3294647.4992350843,PASS
F1,unimodal,SCHO,25,1024,30,500,10,100.0,2508193.4021634096,2508093.4021634096,533277797.624219,2508193.4021634096,PASS
F1,unimodal,SCHO,26,1025,30,500,10,100.0,17041940.950201903,17041840.950201903,1029016171.3731833,17041940.950201903,PASS
F1,unimodal,SCHO,27,1026,30,500,10,100.0,20329279.598756637,20329179.598756637,639757715.9360796,20329279.598756637,PASS
F1,unimodal,SCHO,28,1027,30,500,10,100.0,5178914.083905549,5178814.083905549,905953875.0565482,5178914.083905549,PASS
F1,unimodal,SCHO,29,1028,30,500,10,100.0,3952690.1218432407,3952590.1218432407,800270362.6343374,3952690.1218432407,PASS
F1,unimodal,SCHO,30,1029,30,500,10,100.0,15580333.974739054,15580233.974739054,778142103.3977957,15580333.974739054,PASS
F2,unimodal,GWO,1,1000,30,500,10,200.0,15385.092237911005,15185.092237911005,13034947070.070822,15385.092237911005,PASS
F2,unimodal,GWO,2,1001,30,500,10,200.0,42971.003959496426,42771.003959496426,20743762299.127213,42971.003959496426,PASS
F2,unimodal,GWO,3,1002,30,500,10,200.0,23055.122275735954,22855.122275735954,20274396013.764877,23055.122275735954,PASS
F2,unimodal,GWO,4,1003,30,500,10,200.0,615951087.012243,615950887.012243,20177175449.74516,615951087.012243,PASS
F2,unimodal,GWO,5,1004,30,500,10,200.0,46561380.90552347,46561180.90552347,20149160913.42692,46561380.90552347,PASS
F2,unimodal,GWO,6,1005,30,500,10,200.0,45600.71617823791,45400.71617823791,22926414727.481857,45600.71617823791,PASS
F2,unimodal,GWO,7,1006,30,500,10,200.0,24555.98967885768,24355.98967885768,24968847482.346905,24555.98967885768,PASS
F2,unimodal,GWO,8,1007,30,500,10,200.0,233844140.32706258,233843940.32706258,12462053235.077023,233844140.32706258,PASS
F2,unimodal,GWO,9,1008,30,500,10,200.0,19125.77032378423,18925.77032378423,22633139684.885166,19125.77032378423,PASS
F2,unimodal,GWO,10,1009,30,500,10,200.0,37238.389587366844,37038.389587366844,20891322517.620224,37238.389587366844,PASS
F2,unimodal,GWO,11,1010,30,500,10,200.0,12777.792668070062,12577.792668070062,21050836744.091934,12777.792668070062,PASS
F2,unimodal,GWO,12,1011,30,500,10,200.0,5726.570662994307,5526.570662994307,15379562921.363218,5726.570662994307,PASS
F2,unimodal,GWO,13,1012,30,500,10,200.0,11686.923434373222,11486.923434373222,14367843590.623028,11686.923434373222,PASS
F2,unimodal,GWO,14,1013,30,500,10,200.0,1007239048.1906271,1007238848.1906271,13264659870.942282,1007239048.1906271,PASS
F2,unimodal,GWO,15,1014,30,500,10,200.0,27311.362530912913,27111.362530912913,20842507675.934605,27311.362530912913,PASS
F2,unimodal,GWO,16,1015,30,500,10,200.0,15861.089429942016,15661.089429942016,22119723827.302834,15861.089429942016,PASS
F2,unimodal,GWO,17,1016,30,500,10,200.0,48794.02251782291,48594.02251782291,19786843448.379555,48794.02251782291,PASS
F2,unimodal,GWO,18,1017,30,500,10,200.0,18726.65933297439,18526.65933297439,16874210231.628681,18726.65933297439,PASS
F2,unimodal,GWO,19,1018,30,500,10,200.0,31830.487683502386,31630.487683502386,24809521605.058525,31830.487683502386,PASS
F2,unimodal,GWO,20,1019,30,500,10,200.0,16528.583019560672,16328.583019560672,21154760582.626175,16528.583019560672,PASS
F2,unimodal,GWO,21,1020,30,500,10,200.0,42679.768215284836,42479.768215284836,6936367067.603782,42679.768215284836,PASS
F2,unimodal,GWO,22,1021,30,500,10,200.0,267759643.17004952,267759443.17004952,19818481630.79061,267759643.17004952,PASS
F2,unimodal,GWO,23,1022,30,500,10,200.0,55006.32364118959,54806.32364118959,9182729555.562437,55006.32364118959,PASS
F2,unimodal,GWO,24,1023,30,500,10,200.0,37149.32399351395,36949.32399351395,17215725580.770897,37149.32399351395,PASS
F2,unimodal,GWO,25,1024,30,500,10,200.0,23066.85797565109,22866.85797565109,16909932888.356749,23066.85797565109,PASS
F2,unimodal,GWO,26,1025,30,500,10,200.0,41845.91067532771,41645.91067532771,27663587277.88911,41845.91067532771,PASS
F2,unimodal,GWO,27,1026,30,500,10,200.0,229407193.6938426,229406993.6938426,20793758726.79468,229407193.6938426,PASS
F2,unimodal,GWO,28,1027,30,500,10,200.0,59814.34346456799,59614.34346456799,14436106646.354523,59814.34346456799,PASS
F2,unimodal,GWO,29,1028,30,500,10,200.0,10101.397184951877,9901.397184951877,26793426045.386665,10101.397184951877,PASS
F2,unimodal,GWO,30,1029,30,500,10,200.0,28408.286028092483,28208.286028092483,18377055869.7101,28408.286028092483,PASS
F2,unimodal,SCHO,1,1000,30,500,10,200.0,3463847.4596960344,3463647.4596960344,25164020473.95309,3463847.4596960344,PASS
F2,unimodal,SCHO,2,1001,30,500,10,200.0,917163437.7309213,917163237.7309213,10955685434.198364,917163437.7309213,PASS
F2,unimodal,SCHO,3,1002,30,500,10,200.0,980813450.1837548,980813250.1837548,19899352558.09857,980813450.1837548,PASS
F2,unimodal,SCHO,4,1003,30,500,10,200.0,1846514.820153798,1846314.820153798,16045569704.51785,1846514.820153798,PASS
F2,unimodal,SCHO,5,1004,30,500,10,200.0,2975079.745906203,2974879.745906203,19561283546.582462,2975079.745906203,PASS
F2,unimodal,SCHO,6,1005,30,500,10,200.0,265143445.96540803,265143245.96540803,20323145947.86015,265143445.96540803,PASS
F2,unimodal,SCHO,7,1006,30,500,10,200.0,616364640.6484612,616364440.6484612,12038518776.833113,616364640.6484612,PASS
F2,unimodal,SCHO,8,1007,30,500,10,200.0,272204344.9876547,272204144.9876547,22866029160.11985,272204344.9876547,PASS
F2,unimodal,SCHO,9,1008,30,500,10,200.0,1610238.1325470791,1610038.1325470791,14255532700.123093,1610238.1325470791,PASS
F2,unimodal,SCHO,10,1009,30,500,10,200.0,2305305725.4499826,2305305525.4499826,18483984019.465218,2305305725.4499826,PASS
F2,unimodal,SCHO,11,1010,30,500,10,200.0,1451841.293960168,1451641.293960168,11450828743.436255,1451841.293960168,PASS
F2,unimodal,SCHO,12,1011,30,500,10,200.0,3250575.8102455856,3250375.8102455856,23005159355.49889,3250575.8102455856,PASS
F2,unimodal,SCHO,13,1012,30,500,10,200.0,2143999.286946257,2143799.286946257,8482641014.762737,2143999.286946257,PASS
F2,unimodal,SCHO,14,1013,30,500,10,200.0,3699948.1200710726,3699748.1200710726,24178532308.830082,3699948.1200710726,PASS
F2,unimodal,SCHO,15,1014,30,500,10,200.0,2625731.076890951,2625531.076890951,15615157107.86236,2625731.076890951,PASS
F2,unimodal,SCHO,16,1015,30,500,10,200.0,2282269942.1114764,2282269742.1114764,23586923532.427013,2282269942.1114764,PASS
F2,unimodal,SCHO,17,1016,30,500,10,200.0,917464321.060494,917464121.060494,16861754719.782495,917464321.060494,PASS
F2,unimodal,SCHO,18,1017,30,500,10,200.0,616781300.1099038,616781100.1099038,31104729325.14759,616781300.1099038,PASS
F2,unimodal,SCHO,19,1018,30,500,10,200.0,1518486627.2734032,1518486427.2734032,11775369219.312841,1518486627.2734032,PASS
F2,unimodal,SCHO,20,1019,30,500,10,200.0,4166701.8723741043,4166501.8723741043,11600542862.945421,4166701.8723741043,PASS
F2,unimodal,SCHO,21,1020,30,500,10,200.0,1011090793.9879354,1011090593.9879354,21435500543.64972,1011090793.9879354,PASS
F2,unimodal,SCHO,22,1021,30,500,10,200.0,856215791.9450941,856215591.9450941,6821688984.2273,856215791.9450941,PASS
F2,unimodal,SCHO,23,1022,30,500,10,200.0,269478892.93610984,269478692.93610984,31726431361.709694,269478892.93610984,PASS
F2,unimodal,SCHO,24,1023,30,500,10,200.0,1891525.6206056376,1891325.6206056376,13244934963.230097,1891525.6206056376,PASS
F2,unimodal,SCHO,25,1024,30,500,10,200.0,893864339.434686,893864139.434686,21511993389.18072,893864339.434686,PASS
F2,unimodal,SCHO,26,1025,30,500,10,200.0,610284593.2011502,610284393.2011502,16873044203.227495,610284593.2011502,PASS
F2,unimodal,SCHO,27,1026,30,500,10,200.0,922765997.1185615,922765797.1185615,24153309797.421314,922765997.1185615,PASS
F2,unimodal,SCHO,28,1027,30,500,10,200.0,929127880.8612851,929127680.8612851,18261753667.10032,929127880.8612851,PASS
F2,unimodal,SCHO,29,1028,30,500,10,200.0,1670343.6145967452,1670143.6145967452,16645069965.361576,1670343.6145967452,PASS
F2,unimodal,SCHO,30,1029,30,500,10,200.0,2297691903.805974,2297691703.805974,21158401990.89523,2297691903.805974,PASS
F3,unimodal,GWO,1,1000,30,500,10,300.0,25321.908802666814,25021.908802666814,19967857.191806484,25321.908802666814,PASS
F3,unimodal,GWO,2,1001,30,500,10,300.0,7266.770968443972,6966.770968443972,552938.7455873732,7266.770968443972,PASS
F3,unimodal,GWO,3,1002,30,500,10,300.0,12896.75384869874,12596.75384869874,17161624.838119563,12896.75384869874,PASS
F3,unimodal,GWO,4,1003,30,500,10,300.0,12724.938507625746,12424.938507625746,264700.1233145243,12724.938507625746,PASS
F3,unimodal,GWO,5,1004,30,500,10,300.0,12636.382747674066,12336.382747674066,16173159.378439907,12636.382747674066,PASS
F3,unimodal,GWO,6,1005,30,500,10,300.0,9150.02708745227,8850.02708745227,185851.35597810536,9150.02708745227,PASS
F3,unimodal,GWO,7,1006,30,500,10,300.0,11061.977080756003,10761.977080756003,21950398.452396136,11061.977080756003,PASS
F3,unimodal,GWO,8,1007,30,500,10,300.0,2612.151720826753,2312.151720826753,58979.29981558297,2612.151720826753,PASS
F3,unimodal,GWO,9,1008,30,500,10,300.0,25301.207521780583,25001.207521780583,563686.3818729435,25301.207521780583,PASS
F3,unimodal,GWO,10,1009,30,500,10,300.0,4372.100614369625,4072.100614369625,16189845.096026335,4372.100614369625,PASS
F3,unimodal,GWO,11,1010,30,500,10,300.0,3028.9521132665327,2728.9521132665327,30164302.742947765,3028.9521132665327,PASS
F3,unimodal,GWO,12,1011,30,500,10,300.0,17915.54658440759,17615.54658440759,8541317.0920469,17915.54658440759,PASS
F3,unimodal,GWO,13,1012,30,500,10,300.0,14044.086354314593,13744.086354314593,101184.1462604654,14044.086354314593,PASS
F3,unimodal,GWO,14,1013,30,500,10,300.0,12224.84970919784,11924.84970919784,340693.74270852085,12224.84970919784,PASS
F3,unimodal,GWO,15,1014,30,500,10,300.0,16669.226550811865,16369.226550811865,7193178.292260946,16669.226550811865,PASS
F3,unimodal,GWO,16,1015,30,500,10,300.0,6546.097834464225,6246.097834464225,2526555.287770817,6546.097834464225,PASS
F3,unimodal,GWO,17,1016,30,500,10,300.0,18835.87002741992,18535.87002741992,4164924.0708102267,18835.87002741992,PASS
F3,unimodal,GWO,18,1017,30,500,10,300.0,14999.684934561916,14699.684934561916,124922223.82731238,14999.684934561916,PASS
F3,unimodal,GWO,19,1018,30,500,10,300.0,14626.843754681411,14326.843754681411,1699580.6598156593,14626.843754681411,PASS
F3,unimodal,GWO,20,1019,30,500,10,300.0,2627.4443467809515,2327.4443467809515,6988380.383335441,2627.4443467809515,PASS
F3,unimodal,GWO,21,1020,30,500,10,300.0,6007.275836561523,5707.275836561523,237494.6528716233,6007.275836561523,PASS
F3,unimodal,GWO,22,1021,30,500,10,300.0,9137.307696184596,8837.307696184596,133523.79979814624,9137.307696184596,PASS
F3,unimodal,GWO,23,1022,30,500,10,300.0,5907.506808825701,5607.506808825701,41170329.22201325,5907.506808825701,PASS
F3,unimodal,GWO,24,1023,30,500,10,300.0,5551.148679145613,5251.148679145613,31777984.557790805,5551.148679145613,PASS
F3,unimodal,GWO,25,1024,30,500,10,300.0,9267.766901741697,8967.766901741697,500747.97115056287,9267.766901741697,PASS
F3,unimodal,GWO,26,1025,30,500,10,300.0,29668.18927681505,29368.18927681505,4938926.444317322,29668.18927681505,PASS
F3,unimodal,GWO,27,1026,30,500,10,300.0,10770.61705009007,10470.61705009007,2758314.856982086,10770.61705009007,PASS
F3,unimodal,GWO,28,1027,30,500,10,300.0,4108.761001575966,3808.7610015759656,41488568.5287358,4108.761001575966,PASS
F3,unimodal,GWO,29,1028,30,500,10,300.0,11515.768779078942,11215.768779078942,51286048.54629031,11515.768779078942,PASS
F3,unimodal,GWO,30,1029,30,500,10,300.0,10163.996028423506,9863.996028423506,9508636.68573909,10163.996028423506,PASS
F3,unimodal,SCHO,1,1000,30,500,10,300.0,18068.37332171433,17768.37332171433,3743135.139342113,18068.37332171433,PASS
F3,unimodal,SCHO,2,1001,30,500,10,300.0,16513.080552429623,16213.080552429623,20155717.40336833,16513.080552429623,PASS
F3,unimodal,SCHO,3,1002,30,500,10,300.0,9985.728491256103,9685.728491256103,1076218.5371627174,9985.728491256103,PASS
F3,unimodal,SCHO,4,1003,30,500,10,300.0,22153.73964945612,21853.73964945612,421001.742666957,22153.73964945612,PASS
F3,unimodal,SCHO,5,1004,30,500,10,300.0,8423.14746836451,8123.14746836451,1648683.028087385,8423.14746836451,PASS
F3,unimodal,SCHO,6,1005,30,500,10,300.0,18913.71264693209,18613.71264693209,73768.12592776952,18913.71264693209,PASS
F3,unimodal,SCHO,7,1006,30,500,10,300.0,20640.752860760866,20340.752860760866,150748.91167239356,20640.752860760866,PASS
F3,unimodal,SCHO,8,1007,30,500,10,300.0,13756.202351167682,13456.202351167682,983725.6596924217,13756.202351167682,PASS
F3,unimodal,SCHO,9,1008,30,500,10,300.0,18691.676972284753,18391.676972284753,38860736.714807086,18691.676972284753,PASS
F3,unimodal,SCHO,10,1009,30,500,10,300.0,2367.781210831409,2067.781210831409,807425.3381809278,2367.781210831409,PASS
F3,unimodal,SCHO,11,1010,30,500,10,300.0,18081.972148504297,17781.972148504297,2092960.2485874256,18081.972148504297,PASS
F3,unimodal,SCHO,12,1011,30,500,10,300.0,18393.984313788973,18093.984313788973,39443400.05579976,18393.984313788973,PASS
F3,unimodal,SCHO,13,1012,30,500,10,300.0,19094.436311531616,18794.436311531616,672152.3946961783,19094.436311531616,PASS
F3,unimodal,SCHO,14,1013,30,500,10,300.0,15312.441981166588,15012.441981166588,7741206.550164137,15312.441981166588,PASS
F3,unimodal,SCHO,15,1014,30,500,10,300.0,18160.63551397586,17860.63551397586,3367447.2269293303,18160.63551397586,PASS
F3,unimodal,SCHO,16,1015,30,500,10,300.0,12978.726983761646,12678.726983761646,121354.95807942527,12978.726983761646,PASS
F3,unimodal,SCHO,17,1016,30,500,10,300.0,19888.31479039565,19588.31479039565,6158924.339071075,19888.31479039565,PASS
F3,unimodal,SCHO,18,1017,30,500,10,300.0,14111.029571614454,13811.029571614454,874430.038188272,14111.029571614454,PASS
F3,unimodal,SCHO,19,1018,30,500,10,300.0,18316.489772025234,18016.489772025234,3561308.136088002,18316.489772025234,PASS
F3,unimodal,SCHO,20,1019,30,500,10,300.0,12094.000672697846,11794.000672697846,11425377.29215623,12094.000672697846,PASS
F3,unimodal,SCHO,21,1020,30,500,10,300.0,11298.729693154079,10998.729693154079,150883.9816209006,11298.729693154079,PASS
F3,unimodal,SCHO,22,1021,30,500,10,300.0,7287.441744421603,6987.441744421603,1679140.8485979144,7287.441744421603,PASS
F3,unimodal,SCHO,23,1022,30,500,10,300.0,17963.80004076823,17663.80004076823,3258158.4846421727,17963.80004076823,PASS
F3,unimodal,SCHO,24,1023,30,500,10,300.0,4248.1358110307065,3948.1358110307065,13521794.310966732,4248.1358110307065,PASS
F3,unimodal,SCHO,25,1024,30,500,10,300.0,16439.737448039436,16139.737448039436,25213182.39396665,16439.737448039436,PASS
F3,unimodal,SCHO,26,1025,30,500,10,300.0,18947.935045406462,18647.935045406462,162052.38509809697,18947.935045406462,PASS
F3,unimodal,SCHO,27,1026,30,500,10,300.0,6644.233207142309,6344.233207142309,366345.58137362753,6644.233207142309,PASS
F3,unimodal,SCHO,28,1027,30,500,10,300.0,11995.060886092224,11695.060886092224,1917886.951097733,11995.060886092224,PASS
F3,unimodal,SCHO,29,1028,30,500,10,300.0,17443.81840926023,17143.81840926023,5602007.956900233,17443.81840926023,PASS
F3,unimodal,SCHO,30,1029,30,500,10,300.0,15886.346039703687,15586.346039703687,34992498.77040547,15886.346039703687,PASS
F4,simple_multimodal,GWO,1,1000,30,500,10,400.0,418.9814039192273,18.98140391922732,5972.540477920869,418.9814039192273,PASS
F4,simple_multimodal,GWO,2,1001,30,500,10,400.0,438.4035879858328,38.403587985832814,7643.351324453499,438.4035879858328,PASS
F4,simple_multimodal,GWO,3,1002,30,500,10,400.0,437.9566245467068,37.95662454670679,6465.74052369576,437.9566245467068,PASS
F4,simple_multimodal,GWO,4,1003,30,500,10,400.0,435.1620827900189,35.16208279001893,3152.167670352408,435.1620827900189,PASS
F4,simple_multimodal,GWO,5,1004,30,500,10,400.0,435.19848408207037,35.198484082070365,9854.009936369841,435.19848408207037,PASS
F4,simple_multimodal,GWO,6,1005,30,500,10,400.0,435.1813766254011,35.18137662540107,7308.3560264455145,435.1813766254011,PASS
F4,simple_multimodal,GWO,7,1006,30,500,10,400.0,434.7938930893047,34.793893089304675,5424.651741763584,434.7938930893047,PASS
F4,simple_multimodal,GWO,8,1007,30,500,10,400.0,435.3430891859329,35.34308918593291,6016.3066486279395,435.3430891859329,PASS
F4,simple_multimodal,GWO,9,1008,30,500,10,400.0,435.49893173120137,35.49893173120137,2978.686987118875,435.49893173120137,PASS
F4,simple_multimodal,GWO,10,1009,30,500,10,400.0,435.30646859989366,35.30646859989366,1071.1264793598257,435.30646859989366,PASS
F4,simple_multimodal,GWO,11,1010,30,500,10,400.0,435.89077504319846,35.89077504319846,8720.629198230441,435.89077504319846,PASS
F4,simple_multimodal,GWO,12,1011,30,500,10,400.0,434.9918483579662,34.991848357966205,3102.4891903072075,434.9918483579662,PASS
F4,simple_multimodal,GWO,13,1012,30,500,10,400.0,437.912612306003,37.912612306002984,5055.378279058493,437.912612306003,PASS
F4,simple_multimodal,GWO,14,1013,30,500,10,400.0,435.1878376822368,35.18783768223682,2394.624877096493,435.1878376822368,PASS
F4,simple_multimodal,GWO,15,1014,30,500,10,400.0,435.15604420585174,35.15604420585174,3163.6713093015364,435.15604420585174,PASS
F4,simple_multimodal,GWO,16,1015,30,500,10,400.0,436.34188902443304,36.341889024433044,7396.152296143029,436.34188902443304,PASS
F4,simple_multimodal,GWO,17,1016,30,500,10,400.0,435.91133854712996,35.91133854712996,4035.547477775086,435.91133854712996,PASS
F4,simple_multimodal,GWO,18,1017,30,500,10,400.0,435.17792112907614,35.17792112907614,2875.3776370195883,435.17792112907614,PASS
F4,simple_multimodal,GWO,19,1018,30,500,10,400.0,435.3899589837775,35.38995898377749,3500.442176169049,435.3899589837775,PASS
F4,simple_multimodal,GWO,20,1019,30,500,10,400.0,435.446240569485,35.446240569484985,2507.912111089776,435.446240569485,PASS
F4,simple_multimodal,GWO,21,1020,30,500,10,400.0,434.9727045075707,34.97270450757071,3041.9790004443,434.9727045075707,PASS
F4,simple_multimodal,GWO,22,1021,30,500,10,400.0,439.48792299924077,39.487922999240766,1511.901953138367,439.48792299924077,PASS
F4,simple_multimodal,GWO,23,1022,30,500,10,400.0,435.3185331373421,35.318533137342115,3903.150707073103,435.3185331373421,PASS
F4,simple_multimodal,GWO,24,1023,30,500,10,400.0,422.7604270377256,22.760427037725606,6851.650742432777,422.7604270377256,PASS
F4,simple_multimodal,GWO,25,1024,30,500,10,400.0,435.2865755035602,35.28657550356019,1952.7435711493592,435.2865755035602,PASS
F4,simple_multimodal,GWO,26,1025,30,500,10,400.0,410.3629104917298,10.362910491729792,6982.889665164403,410.3629104917298,PASS
F4,simple_multimodal,GWO,27,1026,30,500,10,400.0,435.2658054764606,35.26580547646063,4797.686028290339,435.2658054764606,PASS
F4,simple_multimodal,GWO,28,1027,30,500,10,400.0,438.6262599683988,38.62625996839881,5664.277117474654,438.6262599683988,PASS
F4,simple_multimodal,GWO,29,1028,30,500,10,400.0,435.74177792837037,35.74177792837037,6425.854076829275,435.74177792837037,PASS
F4,simple_multimodal,GWO,30,1029,30,500,10,400.0,437.95607996597926,37.95607996597926,7002.0233637893,437.95607996597926,PASS
F4,simple_multimodal,SCHO,1,1000,30,500,10,400.0,408.1546400308654,8.15464003086538,1279.3723425874587,408.1546400308654,PASS
F4,simple_multimodal,SCHO,2,1001,30,500,10,400.0,412.6261542464647,12.626154246464694,2075.917722455424,412.6261542464647,PASS
F4,simple_multimodal,SCHO,3,1002,30,500,10,400.0,522.7309391931072,122.73093919310725,6419.750201313205,522.7309391931072,PASS
F4,simple_multimodal,SCHO,4,1003,30,500,10,400.0,518.0566385057471,118.05663850574706,10060.622499323477,518.0566385057471,PASS
F4,simple_multimodal,SCHO,5,1004,30,500,10,400.0,472.16727540405145,72.16727540405145,2788.621975789356,472.16727540405145,PASS
F4,simple_multimodal,SCHO,6,1005,30,500,10,400.0,524.4503299671183,124.45032996711825,2978.6486105640115,524.4503299671183,PASS
F4,simple_multimodal,SCHO,7,1006,30,500,10,400.0,525.2908972129098,125.29089721290984,5245.092778418616,525.2908972129098,PASS
F4,simple_multimodal,SCHO,8,1007,30,500,10,400.0,521.3567226498157,121.35672264981565,4401.610319031189,521.3567226498157,PASS
F4,simple_multimodal,SCHO,9,1008,30,500,10,400.0,408.4387083347331,8.438708334733121,2740.9005924705416,408.4387083347331,PASS
F4,simple_multimodal,SCHO,10,1009,30,500,10,400.0,439.985714855107,39.985714855107005,4905.579713947636,439.985714855107,PASS
F4,simple_multimodal,SCHO,11,1010,30,500,10,400.0,492.01329510826673,92.01329510826673,3882.6356778607656,492.01329510826673,PASS
F4,simple_multimodal,SCHO,12,1011,30,500,10,400.0,435.1352742545777,35.13527425457772,2660.107982147829,435.1352742545777,PASS
F4,simple_multimodal,SCHO,13,1012,30,500,10,400.0,407.1799999420222,7.179999942022221,3949.9550639982044,407.1799999420222,PASS
F4,simple_multimodal,SCHO,14,1013,30,500,10,400.0,505.12732671206714,105.12732671206714,2053.484121040191,505.12732671206714,PASS
F4,simple_multimodal,SCHO,15,1014,30,500,10,400.0,401.77832733601184,1.7783273360118415,1502.4478324201582,401.77832733601184,PASS
F4,simple_multimodal,SCHO,16,1015,30,500,10,400.0,571.5969234689154,171.5969234689154,8812.600225754402,571.5969234689154,PASS
F4,simple_multimodal,SCHO,17,1016,30,500,10,400.0,441.574701687126,41.57470168712598,4113.605832498546,441.574701687126,PASS
F4,simple_multimodal,SCHO,18,1017,30,500,10,400.0,437.8846281029545,37.88462810295448,2495.3724635263925,437.8846281029545,PASS
F4,simple_multimodal,SCHO,19,1018,30,500,10,400.0,470.0137665915006,70.0137665915006,3488.2019554535595,470.0137665915006,PASS
F4,simple_multimodal,SCHO,20,1019,30,500,10,400.0,405.2111246263141,5.211124626314074,5067.391716728021,405.2111246263141,PASS
F4,simple_multimodal,SCHO,21,1020,30,500,10,400.0,435.5049145621035,35.50491456210352,5200.55180121156,435.5049145621035,PASS
F4,simple_multimodal,SCHO,22,1021,30,500,10,400.0,435.3180268959132,35.31802689591319,3675.894330858444,435.3180268959132,PASS
F4,simple_multimodal,SCHO,23,1022,30,500,10,400.0,494.47524362936196,94.47524362936196,5102.790316177096,494.47524362936196,PASS
F4,simple_multimodal,SCHO,24,1023,30,500,10,400.0,435.36218588282424,35.362185882824235,5577.01175363165,435.36218588282424,PASS
F4,simple_multimodal,SCHO,25,1024,30,500,10,400.0,434.6134923963681,34.61349239636809,4399.192950399382,434.6134923963681,PASS
F4,simple_multimodal,SCHO,26,1025,30,500,10,400.0,438.88189285189424,38.881892851894236,9190.979674622075,438.88189285189424,PASS
F4,simple_multimodal,SCHO,27,1026,30,500,10,400.0,463.80379180723344,63.80379180723344,4741.442438106252,463.80379180723344,PASS
F4,simple_multimodal,SCHO,28,1027,30,500,10,400.0,437.7704194462976,37.77041944629758,1494.371130170869,437.7704194462976,PASS
F4,simple_multimodal,SCHO,29,1028,30,500,10,400.0,435.34418221757954,35.344182217579544,1185.9775291093522,435.34418221757954,PASS
F4,simple_multimodal,SCHO,30,1029,30,500,10,400.0,439.3751473349027,39.37514733490269,6353.544684081571,439.3751473349027,PASS
F5,simple_multimodal,GWO,1,1000,30,500,10,500.0,520.6389278028564,20.638927802856415,521.3700130378112,520.6389278028564,PASS
F5,simple_multimodal,GWO,2,1001,30,500,10,500.0,520.5453310235918,20.545331023591757,520.8684112861391,520.5453310235918,PASS
F5,simple_multimodal,GWO,3,1002,30,500,10,500.0,520.5387934517098,20.538793451709807,521.31136372606,520.5387934517098,PASS
F5,simple_multimodal,GWO,4,1003,30,500,10,500.0,520.4840150515504,20.484015051550386,521.3308603895632,520.4840150515504,PASS
F5,simple_multimodal,GWO,5,1004,30,500,10,500.0,520.4192977575016,20.419297757501568,521.0867822017799,520.4192977575016,PASS
F5,simple_multimodal,GWO,6,1005,30,500,10,500.0,520.5742856755068,20.574285675506758,521.1801935958541,520.5742856755068,PASS
F5,simple_multimodal,GWO,7,1006,30,500,10,500.0,520.5722560404156,20.572256040415596,521.1242384333996,520.5722560404156,PASS
F5,simple_multimodal,GWO,8,1007,30,500,10,500.0,520.6113224132916,20.611322413291646,520.8855122054679,520.6113224132916,PASS
F5,simple_multimodal,GWO,9,1008,30,500,10,500.0,520.5879311157257,20.587931115725723,520.9936955523906,520.5879311157257,PASS
F5,simple_multimodal,GWO,10,1009,30,500,10,500.0,520.6010712911481,20.60107129114806,521.0364973873624,520.6010712911481,PASS
F5,simple_multimodal,GWO,11,1010,30,500,10,500.0,520.4898711577695,20.48987115776947,521.2393282966497,520.4898711577695,PASS
F5,simple_multimodal,GWO,12,1011,30,500,10,500.0,520.5474203211418,20.54742032114177,521.3356516459125,520.5474203211418,PASS
F5,simple_multimodal,GWO,13,1012,30,500,10,500.0,520.3369506137678,20.33695061376784,521.2223974715257,520.3369506137678,PASS
F5,simple_multimodal,GWO,14,1013,30,500,10,500.0,520.546966053244,20.546966053243978,520.9078424469301,520.546966053244,PASS
F5,simple_multimodal,GWO,15,1014,30,500,10,500.0,520.5911340316172,20.59113403161723,521.3477228333741,520.5911340316172,PASS
F5,simple_multimodal,GWO,16,1015,30,500,10,500.0,520.4831324095155,20.48313240951552,521.3964505399451,520.4831324095155,PASS
F5,simple_multimodal,GWO,17,1016,30,500,10,500.0,520.4056469098776,20.405646909877646,520.964624808352,520.4056469098776,PASS
F5,simple_multimodal,GWO,18,1017,30,500,10,500.0,520.6192250545581,20.619225054558115,521.1268658910126,520.6192250545581,PASS
F5,simple_multimodal,GWO,19,1018,30,500,10,500.0,520.5180573259818,20.518057325981772,521.2263662670794,520.5180573259818,PASS
F5,simple_multimodal,GWO,20,1019,30,500,10,500.0,520.6268894241078,20.626889424107844,521.0064591102581,520.6268894241078,PASS
F5,simple_multimodal,GWO,21,1020,30,500,10,500.0,520.5377812778813,20.537781277881322,520.87818360286,520.5377812778813,PASS
F5,simple_multimodal,GWO,22,1021,30,500,10,500.0,520.5533982595892,20.553398259589244,521.3780022423091,520.5533982595892,PASS
F5,simple_multimodal,GWO,23,1022,30,500,10,500.0,520.5243329418954,20.52433294189541,521.1648733770929,520.5243329418954,PASS
F5,simple_multimodal,GWO,24,1023,30,500,10,500.0,520.5018425553126,20.501842555312578,520.901162835568,520.5018425553126,PASS
F5,simple_multimodal,GWO,25,1024,30,500,10,500.0,520.3955340242211,20.395534024221092,521.1777869702402,520.3955340242211,PASS
F5,simple_multimodal,GWO,26,1025,30,500,10,500.0,520.5299463680489,20.529946368048854,521.0072726380456,520.5299463680489,PASS
F5,simple_multimodal,GWO,27,1026,30,500,10,500.0,520.4861911211137,20.486191121113734,521.0413141509805,520.4861911211137,PASS
F5,simple_multimodal,GWO,28,1027,30,500,10,500.0,520.5101700131241,20.51017001312414,521.360074699043,520.5101700131241,PASS
F5,simple_multimodal,GWO,29,1028,30,500,10,500.0,520.364031592012,20.364031592011997,521.0164543055821,520.364031592012,PASS
F5,simple_multimodal,GWO,30,1029,30,500,10,500.0,520.5832113075182,20.58321130751824,521.1933637870391,520.5832113075182,PASS
F5,simple_multimodal,SCHO,1,1000,30,500,10,500.0,520.480991657192,20.48099165719202,521.3718079458313,520.480991657192,PASS
F5,simple_multimodal,SCHO,2,1001,30,500,10,500.0,520.6673876632215,20.66738766322146,521.1149496184328,520.6673876632215,PASS
F5,simple_multimodal,SCHO,3,1002,30,500,10,500.0,520.7102750232261,20.71027502322613,521.0478040283737,520.7102750232261,PASS
F5,simple_multimodal,SCHO,4,1003,30,500,10,500.0,520.6104200975919,20.61042009759194,521.1278758110338,520.6104200975919,PASS
F5,simple_multimodal,SCHO,5,1004,30,500,10,500.0,520.5590069452672,20.559006945267242,521.1233295587681,520.5590069452672,PASS
F5,simple_multimodal,SCHO,6,1005,30,500,10,500.0,520.4700053123415,20.470005312341527,521.3914248598546,520.4700053123415,PASS
F5,simple_multimodal,SCHO,7,1006,30,500,10,500.0,520.3744956621329,20.37449566213286,521.0950661997709,520.3744956621329,PASS
F5,simple_multimodal,SCHO,8,1007,30,500,10,500.0,520.4293590964501,20.42935909645007,520.9958973586852,520.4293590964501,PASS
F5,simple_multimodal,SCHO,9,1008,30,500,10,500.0,520.6358758310396,20.635875831039584,521.0124818573362,520.6358758310396,PASS
F5,simple_multimodal,SCHO,10,1009,30,500,10,500.0,520.4416538130216,20.441653813021617,521.0878749315992,520.4416538130216,PASS
F5,simple_multimodal,SCHO,11,1010,30,500,10,500.0,520.4184391481714,20.418439148171387,521.3451866315436,520.4184391481714,PASS
F5,simple_multimodal,SCHO,12,1011,30,500,10,500.0,520.4900462599663,20.490046259966334,521.202299700585,520.4900462599663,PASS
F5,simple_multimodal,SCHO,13,1012,30,500,10,500.0,520.2452698288237,20.245269828823666,521.3557447853942,520.2452698288237,PASS
F5,simple_multimodal,SCHO,14,1013,30,500,10,500.0,520.3146871896896,20.314687189689607,521.1406858284583,520.3146871896896,PASS
F5,simple_multimodal,SCHO,15,1014,30,500,10,500.0,520.5028207950406,20.502820795040634,521.298780467642,520.5028207950406,PASS
F5,simple_multimodal,SCHO,16,1015,30,500,10,500.0,520.5135007974275,20.51350079742747,521.2075392812133,520.5135007974275,PASS
F5,simple_multimodal,SCHO,17,1016,30,500,10,500.0,520.4476146133335,20.447614613333485,520.8812574272291,520.4476146133335,PASS
F5,simple_multimodal,SCHO,18,1017,30,500,10,500.0,520.5028891088201,20.502889108820114,521.225076136306,520.5028891088201,PASS
F5,simple_multimodal,SCHO,19,1018,30,500,10,500.0,520.6053252354943,20.60532523549432,521.0124299009922,520.6053252354943,PASS
F5,simple_multimodal,SCHO,20,1019,30,500,10,500.0,520.4410144663607,20.441014466360684,520.8051497134314,520.4410144663607,PASS
F5,simple_multimodal,SCHO,21,1020,30,500,10,500.0,520.3250303715743,20.325030371574258,521.2093039448501,520.3250303715743,PASS
F5,simple_multimodal,SCHO,22,1021,30,500,10,500.0,520.5191902252027,20.519190225202692,521.2701972519525,520.5191902252027,PASS
F5,simple_multimodal,SCHO,23,1022,30,500,10,500.0,520.4886957177084,20.488695717708424,521.143164081162,520.4886957177084,PASS
F5,simple_multimodal,SCHO,24,1023,30,500,10,500.0,520.4692191541599,20.469219154159873,520.9747664010868,520.4692191541599,PASS
F5,simple_multimodal,SCHO,25,1024,30,500,10,500.0,520.4781207283434,20.478120728343356,521.3765865249926,520.4781207283434,PASS
F5,simple_multimodal,SCHO,26,1025,30,500,10,500.0,520.510445090721,20.510445090720964,521.0728270816566,520.510445090721,PASS
F5,simple_multimodal,SCHO,27,1026,30,500,10,500.0,520.4237643551756,20.42376435517565,521.1476853262543,520.4237643551756,PASS
F5,simple_multimodal,SCHO,28,1027,30,500,10,500.0,520.4503297596713,20.450329759671263,521.0068568832926,520.4503297596713,PASS
F5,simple_multimodal,SCHO,29,1028,30,500,10,500.0,520.5970088402057,20.597008840205717,521.148756467693,520.5970088402057,PASS
F5,simple_multimodal,SCHO,30,1029,30,500,10,500.0,520.4757036610711,20.475703661071066,521.2359903925362,520.4757036610711,PASS
F6,simple_multimodal,GWO,1,1000,30,500,10,600.0,601.5465126515119,1.5465126515118754,614.1260948567484,601.5465126515119,PASS
F6,simple_multimodal,GWO,2,1001,30,500,10,600.0,603.1487770673634,3.148777067363426,613.2618421045365,603.1487770673634,PASS
F6,simple_multimodal,GWO,3,1002,30,500,10,600.0,604.8969260311787,4.896926031178737,615.112777837509,604.8969260311787,PASS
F6,simple_multimodal,GWO,4,1003,30,500,10,600.0,603.4328443364651,3.4328443364651093,614.9563603977286,603.4328443364651,PASS
F6,simple_multimodal,GWO,5,1004,30,500,10,600.0,602.7145117034238,2.7145117034237956,613.3265456394573,602.7145117034238,PASS
F6,simple_multimodal,GWO,6,1005,30,500,10,600.0,602.9131968425493,2.9131968425492687,613.2593465046428,602.9131968425493,PASS
F6,simple_multimodal,GWO,7,1006,30,500,10,600.0,600.777388155634,0.7773881556339575,616.0676803769595,600.777388155634,PASS
F6,simple_multimodal,GWO,8,1007,30,500,10,600.0,602.8308295648973,2.8308295648972717,614.6910538329355,602.8308295648973,PASS
F6,simple_multimodal,GWO,9,1008,30,500,10,600.0,603.6944795147938,3.694479514793784,613.6061575849385,603.6944795147938,PASS
F6,simple_multimodal,GWO,10,1009,30,500,10,600.0,602.5232186764513,2.523218676451279,616.3964134318485,602.5232186764513,PASS
F6,simple_multimodal,GWO,11,1010,30,500,10,600.0,603.9866931494171,3.9866931494170785,613.271753519349,603.9866931494171,PASS
F6,simple_multimodal,GWO,12,1011,30,500,10,600.0,601.7531000736816,1.753100073681594,615.6286995131156,601.7531000736816,PASS
F6,simple_multimodal,GWO,13,1012,30,500,10,600.0,601.5858756238105,1.585875623810466,614.8028813334018,601.5858756238105,PASS
F6,simple_multimodal,GWO,14,1013,30,500,10,600.0,601.6781350905749,1.6781350905748695,613.7663904590979,601.6781350905749,PASS
F6,simple_multimodal,GWO,15,1014,30,500,10,600.0,601.8780268819231,1.8780268819231196,612.4264466781449,601.8780268819231,PASS
F6,simple_multimodal,GWO,16,1015,30,500,10,600.0,603.040992339774,3.040992339773993,614.7766872087193,603.040992339774,PASS
F6,simple_multimodal,GWO,17,1016,30,500,10,600.0,602.4041671207932,2.404167120793204,614.8223625082567,602.4041671207932,PASS
F6,simple_multimodal,GWO,18,1017,30,500,10,600.0,601.9560134894581,1.956013489458087,614.629634880932,601.9560134894581,PASS
F6,simple_multimodal,GWO,19,1018,30,500,10,600.0,601.8557298752654,1.8557298752654106,614.863196773388,601.8557298752654,PASS
F6,simple_multimodal,GWO,20,1019,30,500,10,600.0,603.3815358868759,3.381535886875895,614.0812906348065,603.3815358868759,PASS
F6,simple_multimodal,GWO,21,1020,30,500,10,600.0,606.5117692484735,6.511769248473456,615.0548349445769,606.5117692484735,PASS
F6,simple_multimodal,GWO,22,1021,30,500,10,600.0,602.1562985514405,2.1562985514405,617.278150458096,602.1562985514405,PASS
F6,simple_multimodal,GWO,23,1022,30,500,10,600.0,602.0152240858132,2.015224085813202,614.8054517700534,602.0152240858132,PASS
F6,simple_multimodal,GWO,24,1023,30,500,10,600.0,602.9989721571602,2.9989721571602104,615.6776730702223,602.9989721571602,PASS
F6,simple_multimodal,GWO,25,1024,30,500,10,600.0,603.0535812127725,3.053581212772542,616.1417566256191,603.0535812127725,PASS
F6,simple_multimodal,GWO,26,1025,30,500,10,600.0,600.9315720188059,0.9315720188059231,614.2250840725917,600.9315720188059,PASS
F6,simple_multimodal,GWO,27,1026,30,500,10,600.0,601.9273632380147,1.9273632380146637,614.429584925579,601.9273632380147,PASS
F6,simple_multimodal,GWO,28,1027,30,500,10,600.0,602.1246283664278,2.124628366427828,615.197120963016,602.1246283664278,PASS
F6,simple_multimodal,GWO,29,1028,30,500,10,600.0,603.6327657536933,3.63276575369332,614.844851517805,603.6327657536933,PASS
F6,simple_multimodal,GWO,30,1029,30,500,10,600.0,601.5255222113085,1.5255222113084983,616.1570429504926,601.5255222113085,PASS
F6,simple_multimodal,SCHO,1,1000,30,500,10,600.0,606.3680311127547,6.368031112754693,615.0607774258649,606.3680311127547,PASS
F6,simple_multimodal,SCHO,2,1001,30,500,10,600.0,605.7128111488803,5.7128111488802915,615.6087280484456,605.7128111488803,PASS
F6,simple_multimodal,SCHO,3,1002,30,500,10,600.0,607.1063118572273,7.106311857227297,615.0085378270137,607.1063118572273,PASS
F6,simple_multimodal,SCHO,4,1003,30,500,10,600.0,608.5514239456909,8.551423945690885,615.6560453327656,608.5514239456909,PASS
F6,simple_multimodal,SCHO,5,1004,30,500,10,600.0,604.0162750184003,4.016275018400279,613.3420343874504,604.0162750184003,PASS
F6,simple_multimodal,SCHO,6,1005,30,500,10,600.0,605.2102345988465,5.210234598846455,614.1930507517458,605.2102345988465,PASS
F6,simple_multimodal,SCHO,7,1006,30,500,10,600.0,604.3226546977223,4.322654697722328,614.6429119066547,604.3226546977223,PASS
F6,simple_multimodal,SCHO,8,1007,30,500,10,600.0,606.8995496529894,6.899549652989435,613.7545418671948,606.8995496529894,PASS
F6,simple_multimodal,SCHO,9,1008,30,500,10,600.0,603.3155891172249,3.315589117224931,614.6022448999678,603.3155891172249,PASS
F6,simple_multimodal,SCHO,10,1009,30,500,10,600.0,607.9818237664086,7.981823766408638,614.3410424389225,607.9818237664086,PASS
F6,simple_multimodal,SCHO,11,1010,30,500,10,600.0,604.2251100618148,4.225110061814803,614.4715727556834,604.2251100618148,PASS
F6,simple_multimodal,SCHO,12,1011,30,500,10,600.0,606.0388122484358,6.038812248435761,612.4947956925688,606.0388122484358,PASS
F6,simple_multimodal,SCHO,13,1012,30,500,10,600.0,601.5760334008145,1.576033400814481,615.6235368389996,601.5760334008145,PASS
F6,simple_multimodal,SCHO,14,1013,30,500,10,600.0,607.0742262503563,7.0742262503563325,611.5422551372624,607.0742262503563,PASS
F6,simple_multimodal,SCHO,15,1014,30,500,10,600.0,605.6602591213776,5.660259121377635,612.5027170743987,605.6602591213776,PASS
F6,simple_multimodal,SCHO,16,1015,30,500,10,600.0,606.8683443258534,6.8683443258534,614.9447148200084,606.8683443258534,PASS
F6,simple_multimodal,SCHO,17,1016,30,500,10,600.0,605.3547931596645,5.354793159664496,614.2471299596098,605.3547931596645,PASS
F6,simple_multimodal,SCHO,18,1017,30,500,10,600.0,605.8917182030655,5.891718203065466,612.5681760314808,605.8917182030655,PASS
F6,simple_multimodal,SCHO,19,1018,30,500,10,600.0,606.237199743898,6.237199743898032,615.0419055578892,606.237199743898,PASS
F6,simple_multimodal,SCHO,20,1019,30,500,10,600.0,608.3455435033358,8.345543503335762,614.7727595945493,608.3455435033358,PASS
F6,simple_multimodal,SCHO,21,1020,30,500,10,600.0,605.5081963335904,5.5081963335903765,615.538588949543,605.5081963335904,PASS
F6,simple_multimodal,SCHO,22,1021,30,500,10,600.0,603.7286636375626,3.7286636375625903,614.0646996376876,603.7286636375626,PASS
F6,simple_multimodal,SCHO,23,1022,30,500,10,600.0,605.3846249058619,5.38462490586187,615.8133170171717,605.3846249058619,PASS
F6,simple_multimodal,SCHO,24,1023,30,500,10,600.0,605.1084672801903,5.108467280190325,614.3593604577987,605.1084672801903,PASS
F6,simple_multimodal,SCHO,25,1024,30,500,10,600.0,608.468879937424,8.468879937424049,616.5540651053276,608.468879937424,PASS
F6,simple_multimodal,SCHO,26,1025,30,500,10,600.0,603.5468935419323,3.5468935419322634,612.8907862621994,603.5468935419323,PASS
F6,simple_multimodal,SCHO,27,1026,30,500,10,600.0,605.9442289272001,5.944228927200129,615.645494748878,605.9442289272001,PASS
F6,simple_multimodal,SCHO,28,1027,30,500,10,600.0,606.0446238203641,6.044623820364109,616.3781092333585,606.0446238203641,PASS
F6,simple_multimodal,SCHO,29,1028,30,500,10,600.0,604.7588127653704,4.758812765370408,615.5904306969044,604.7588127653704,PASS
F6,simple_multimodal,SCHO,30,1029,30,500,10,600.0,608.4476906479107,8.44769064791069,612.0760217845109,608.4476906479107,PASS
F7,simple_multimodal,GWO,1,1000,30,500,10,700.0,703.0408787610442,3.040878761044155,1113.5794417130076,703.0408787610442,PASS
F7,simple_multimodal,GWO,2,1001,30,500,10,700.0,700.8063303516346,0.8063303516346423,930.7197967485811,700.8063303516346,PASS
F7,simple_multimodal,GWO,3,1002,30,500,10,700.0,700.7391344646944,0.7391344646944162,1065.2428538594331,700.7391344646944,PASS
F7,simple_multimodal,GWO,4,1003,30,500,10,700.0,700.6409379305768,0.640937930576797,984.4294904417873,700.6409379305768,PASS
F7,simple_multimodal,GWO,5,1004,30,500,10,700.0,701.8878828216529,1.8878828216528518,1062.6197497943165,701.8878828216529,PASS
F7,simple_multimodal,GWO,6,1005,30,500,10,700.0,701.7606210384041,1.7606210384041105,956.9212886311924,701.7606210384041,PASS
F7,simple_multimodal,GWO,7,1006,30,500,10,700.0,703.042402383214,3.042402383214039,1016.1088063490902,703.042402383214,PASS
F7,simple_multimodal,GWO,8,1007,30,500,10,700.0,701.0197352019148,1.0197352019148411,1041.3900033294622,701.0197352019148,PASS
F7,simple_multimodal,GWO,9,1008,30,500,10,700.0,700.9473006680246,0.9473006680245817,1196.538387084022,700.9473006680246,PASS
F7,simple_multimodal,GWO,10,1009,30,500,10,700.0,701.7582119218678,1.758211921867769,1011.5972476648415,701.7582119218678,PASS
F7,simple_multimodal,GWO,11,1010,30,500,10,700.0,701.9163610263676,1.9163610263675537,922.0786230248385,701.9163610263676,PASS
F7,simple_multimodal,GWO,12,1011,30,500,10,700.0,701.5558648789277,1.5558648789276504,919.1145628024988,701.5558648789277,PASS
F7,simple_multimodal,GWO,13,1012,30,500,10,700.0,702.3625264400339,2.3625264400338892,960.8917869905907,702.3625264400339,PASS
F7,simple_multimodal,GWO,14,1013,30,500,10,700.0,701.2326286643103,1.2326286643102549,861.9478817412825,701.2326286643103,PASS
F7,simple_multimodal,GWO,15,1014,30,500,10,700.0,700.7105877902356,0.7105877902356497,1164.538281154472,700.7105877902356,PASS
F7,simple_multimodal,GWO,16,1015,30,500,10,700.0,700.8949919063813,0.8949919063812786,1078.8228511646662,700.8949919063813,PASS
F7,simple_multimodal,GWO,17,1016,30,500,10,700.0,700.9172843973965,0.9172843973965428,947.3716722404779,700.9172843973965,PASS
F7,simple_multimodal,GWO,18,1017,30,500,10,700.0,700.313443158519,0.3134431585190214,995.823944793048,700.313443158519,PASS
F7,simple_multimodal,GWO,19,1018,30,500,10,700.0,700.7586247006512,0.7586247006512394,921.544196349413,700.7586247006512,PASS
F7,simple_multimodal,GWO,20,1019,30,500,10,700.0,701.522966620948,1.5229666209479547,962.4678526239037,701.522966620948,PASS
F7,simple_multimodal,GWO,21,1020,30,500,10,700.0,700.948998835776,0.948998835776024,873.5956217113409,700.948998835776,PASS
F7,simple_multimodal,GWO,22,1021,30,500,10,700.0,701.4637310945693,1.4637310945693116,938.491540416044,701.4637310945693,PASS
F7,simple_multimodal,GWO,23,1022,30,500,10,700.0,701.138989246432,1.1389892464319473,870.8567258263745,701.138989246432,PASS
F7,simple_multimodal,GWO,24,1023,30,500,10,700.0,701.1352182558074,1.1352182558074446,1084.1856588376763,701.1352182558074,PASS
F7,simple_multimodal,GWO,25,1024,30,500,10,700.0,700.9377878235891,0.937787823589133,1084.507446721741,700.9377878235891,PASS
F7,simple_multimodal,GWO,26,1025,30,500,10,700.0,700.788926313987,0.7889263139869627,1090.7007214943228,700.788926313987,PASS
F7,simple_multimodal,GWO,27,1026,30,500,10,700.0,701.5753372716507,1.5753372716507101,971.7239063576617,701.5753372716507,PASS
F7,simple_multimodal,GWO,28,1027,30,500,10,700.0,702.7195809453999,2.719580945399912,940.9381248212626,702.7195809453999,PASS
F7,simple_multimodal,GWO,29,1028,30,500,10,700.0,700.756180295577,0.7561802955769963,989.1753355360913,700.756180295577,PASS
F7,simple_multimodal,GWO,30,1029,30,500,10,700.0,703.8647892230357,3.8647892230357,972.0348869752268,703.8647892230357,PASS
F7,simple_multimodal,SCHO,1,1000,30,500,10,700.0,729.1094339806868,29.109433980686845,1000.2224784111067,729.1094339806868,PASS
F7,simple_multimodal,SCHO,2,1001,30,500,10,700.0,757.4114023789448,57.411402378944786,1080.7227970840327,757.4114023789448,PASS
F7,simple_multimodal,SCHO,3,1002,30,500,10,700.0,703.1711010384695,3.1711010384694873,1042.2792765532915,703.1711010384695,PASS
F7,simple_multimodal,SCHO,4,1003,30,500,10,700.0,701.7129875586494,1.7129875586493881,1069.8888537707528,701.7129875586494,PASS
F7,simple_multimodal,SCHO,5,1004,30,500,10,700.0,701.059144520333,1.0591445203330068,910.6915549359251,701.059144520333,PASS
F7,simple_multimodal,SCHO,6,1005,30,500,10,700.0,701.8481809797466,1.848180979746644,820.4660362049962,701.8481809797466,PASS
F7,simple_multimodal,SCHO,7,1006,30,500,10,700.0,703.9715091490284,3.9715091490284067,1064.6671726384966,703.9715091490284,PASS
F7,simple_multimodal,SCHO,8,1007,30,500,10,700.0,711.0335826074665,11.033582607466542,924.9781120367168,711.0335826074665,PASS
F7,simple_multimodal,SCHO,9,1008,30,500,10,700.0,701.7561961672305,1.7561961672305415,1020.6031730641649,701.7561961672305,PASS
F7,simple_multimodal,SCHO,10,1009,30,500,10,700.0,702.0659362181802,2.0659362181802408,1025.3383498785772,702.0659362181802,PASS
F7,simple_multimodal,SCHO,11,1010,30,500,10,700.0,703.850024724083,3.8500247240830276,945.0928646453923,703.850024724083,PASS
F7,simple_multimodal,SCHO,12,1011,30,500,10,700.0,759.2422127321206,59.242212732120606,1060.0066046869633,759.2422127321206,PASS
F7,simple_multimodal,SCHO,13,1012,30,500,10,700.0,731.3680602166781,31.368060216678145,904.4643116901375,731.3680602166781,PASS
F7,simple_multimodal,SCHO,14,1013,30,500,10,700.0,701.0359807402466,1.0359807402466004,982.4519347695189,701.0359807402466,PASS
F7,simple_multimodal,SCHO,15,1014,30,500,10,700.0,729.526738094358,29.526738094358052,931.1795399177136,729.526738094358,PASS
F7,simple_multimodal,SCHO,16,1015,30,500,10,700.0,711.8523838899339,11.85238388993389,972.1963654647823,711.8523838899339,PASS
F7,simple_multimodal,SCHO,17,1016,30,500,10,700.0,703.2859830278234,3.285983027823363,922.5423233372861,703.2859830278234,PASS
F7,simple_multimodal,SCHO,18,1017,30,500,10,700.0,734.3315568489433,34.33155684894325,1023.5024762091164,734.3315568489433,PASS
F7,simple_multimodal,SCHO,19,1018,30,500,10,700.0,701.4843545859376,1.4843545859375809,891.6721705166689,701.4843545859376,PASS
F7,simple_multimodal,SCHO,20,1019,30,500,10,700.0,701.7261260722813,1.7261260722813176,930.2036007389111,701.7261260722813,PASS
F7,simple_multimodal,SCHO,21,1020,30,500,10,700.0,710.7541386486325,10.754138648632534,836.084135345408,710.7541386486325,PASS
F7,simple_multimodal,SCHO,22,1021,30,500,10,700.0,701.0385011241286,1.0385011241286293,859.3046350258564,701.0385011241286,PASS
F7,simple_multimodal,SCHO,23,1022,30,500,10,700.0,734.7167353490581,34.716735349058126,985.5829320302273,734.7167353490581,PASS
F7,simple_multimodal,SCHO,24,1023,30,500,10,700.0,703.5890448561452,3.589044856145165,970.6281778875586,703.5890448561452,PASS
F7,simple_multimodal,SCHO,25,1024,30,500,10,700.0,730.9630833868839,30.96308338688391,1026.7101489847178,730.9630833868839,PASS
F7,simple_multimodal,SCHO,26,1025,30,500,10,700.0,701.89958232641,1.8995823264100409,909.3009629590488,701.89958232641,PASS
F7,simple_multimodal,SCHO,27,1026,30,500,10,700.0,846.0625839638952,146.06258396389524,1111.9390599059084,846.0625839638952,PASS
F7,simple_multimodal,SCHO,28,1027,30,500,10,700.0,729.2418769144913,29.241876914491286,1017.8653724135635,729.2418769144913,PASS
F7,simple_multimodal,SCHO,29,1028,30,500,10,700.0,713.155237147222,13.15523714722201,942.8013522654408,713.155237147222,PASS
F7,simple_multimodal,SCHO,30,1029,30,500,10,700.0,704.3629114807945,4.362911480794537,1008.9881127041306,704.3629114807945,PASS
F8,simple_multimodal,GWO,1,1000,30,500,10,800.0,819.257080405622,19.25708040562199,931.7399167914457,819.257080405622,PASS
F8,simple_multimodal,GWO,2,1001,30,500,10,800.0,817.1203024326892,17.120302432689186,915.5234815644292,817.1203024326892,PASS
F8,simple_multimodal,GWO,3,1002,30,500,10,800.0,815.0107301582996,15.010730158299566,940.6602042543838,815.0107301582996,PASS
F8,simple_multimodal,GWO,4,1003,30,500,10,800.0,811.9865286398807,11.986528639880703,924.8206603857243,811.9865286398807,PASS
F8,simple_multimodal,GWO,5,1004,30,500,10,800.0,812.9471992505504,12.947199250550398,965.3743268530015,812.9471992505504,PASS
F8,simple_multimodal,GWO,6,1005,30,500,10,800.0,805.0458665112587,5.045866511258737,935.0223550499884,805.0458665112587,PASS
F8,simple_multimodal,GWO,7,1006,30,500,10,800.0,819.117163675628,19.117163675628035,945.7019112259902,819.117163675628,PASS
F8,simple_multimodal,GWO,8,1007,30,500,10,800.0,805.0758897907818,5.075889790781844,948.159980103134,805.0758897907818,PASS
F8,simple_multimodal,GWO,9,1008,30,500,10,800.0,809.100495057339,9.100495057339003,947.0983340854373,809.100495057339,PASS
F8,simple_multimodal,GWO,10,1009,30,500,10,800.0,806.4585041114512,6.458504111451248,944.1265843797064,806.4585041114512,PASS
F8,simple_multimodal,GWO,11,1010,30,500,10,800.0,804.0324104056708,4.0324104056708165,947.4914502452486,804.0324104056708,PASS
F8,simple_multimodal,GWO,12,1011,30,500,10,800.0,819.109429675646,19.10942967564597,931.0588584818421,819.109429675646,PASS
F8,simple_multimodal,GWO,13,1012,30,500,10,800.0,816.2550775584625,16.255077558462517,960.4775100925066,816.2550775584625,PASS
F8,simple_multimodal,GWO,14,1013,30,500,10,800.0,808.0084444082875,8.00844440828746,976.9283371695698,808.0084444082875,PASS
F8,simple_multimodal,GWO,15,1014,30,500,10,800.0,816.3679894246173,16.36798942461735,939.9073318823511,816.3679894246173,PASS
F8,simple_multimodal,GWO,16,1015,30,500,10,800.0,811.9687330779295,11.968733077929528,957.6248180848136,811.9687330779295,PASS
F8,simple_multimodal,GWO,17,1016,30,500,10,800.0,806.0300593338328,6.03005933383281,940.8424300838756,806.0300593338328,PASS
F8,simple_multimodal,GWO,18,1017,30,500,10,800.0,811.5779546673023,11.577954667302265,976.6105524327219,811.5779546673023,PASS
F8,simple_multimodal,GWO,19,1018,30,500,10,800.0,815.922792524789,15.922792524788974,953.9194797301043,815.922792524789,PASS
F8,simple_multimodal,GWO,20,1019,30,500,10,800.0,817.0139002688488,17.01390026884883,948.8627628712854,817.0139002688488,PASS
F8,simple_multimodal,GWO,21,1020,30,500,10,800.0,816.0490222401736,16.0490222401736,928.6076875733619,816.0490222401736,PASS
F8,simple_multimodal,GWO,22,1021,30,500,10,800.0,818.9163868299662,18.9163868299662,962.1003568309401,818.9163868299662,PASS
F8,simple_multimodal,GWO,23,1022,30,500,10,800.0,813.4904175518295,13.490417551829523,941.3136860257653,813.4904175518295,PASS
F8,simple_multimodal,GWO,24,1023,30,500,10,800.0,813.0362429767624,13.036242976762423,941.4507695861187,813.0362429767624,PASS
F8,simple_multimodal,GWO,25,1024,30,500,10,800.0,811.3410128827768,11.341012882776795,961.5619633519464,811.3410128827768,PASS
F8,simple_multimodal,GWO,26,1025,30,500,10,800.0,808.0035535967475,8.003553596747452,940.4212466184604,808.0035535967475,PASS
F8,simple_multimodal,GWO,27,1026,30,500,10,800.0,809.9962987623572,9.996298762357242,951.9512439856478,809.9962987623572,PASS
F8,simple_multimodal,GWO,28,1027,30,500,10,800.0,823.8871403121193,23.8871403121193,952.2163112747929,823.8871403121193,PASS
F8,simple_multimodal,GWO,29,1028,30,500,10,800.0,810.2354032683722,10.235403268372238,977.8316119315857,810.2354032683722,PASS
F8,simple_multimodal,GWO,30,1029,30,500,10,800.0,810.2013583002449,10.20135830024492,911.8320704317905,810.2013583002449,PASS
F8,simple_multimodal,SCHO,1,1000,30,500,10,800.0,825.6425965584388,25.642596558438754,898.015207350122,825.6425965584388,PASS
F8,simple_multimodal,SCHO,2,1001,30,500,10,800.0,832.908987713387,32.90898771338698,975.7350980839769,832.908987713387,PASS
F8,simple_multimodal,SCHO,3,1002,30,500,10,800.0,844.1288765224876,44.128876522487644,937.2736575249544,844.1288765224876,PASS
F8,simple_multimodal,SCHO,4,1003,30,500,10,800.0,821.3910119801911,21.391011980191138,896.1802311573082,821.3910119801911,PASS
F8,simple_multimodal,SCHO,5,1004,30,500,10,800.0,834.5842795039473,34.5842795039473,950.0179385014601,834.5842795039473,PASS
F8,simple_multimodal,SCHO,6,1005,30,500,10,800.0,843.2234671868983,43.22346718689835,956.5793242382363,843.2234671868983,PASS
F8,simple_multimodal,SCHO,7,1006,30,500,10,800.0,832.0570631815538,32.05706318155376,968.2909340854674,832.0570631815538,PASS
F8,simple_multimodal,SCHO,8,1007,30,500,10,800.0,853.855229270361,53.85522927036095,967.7969466682489,853.855229270361,PASS
F8,simple_multimodal,SCHO,9,1008,30,500,10,800.0,830.7228989617734,30.722898961773353,979.7226802265926,830.7228989617734,PASS
F8,simple_multimodal,SCHO,10,1009,30,500,10,800.0,834.2756952503557,34.27569525035574,936.8588821031516,834.2756952503557,PASS
F8,simple_multimodal,SCHO,11,1010,30,500,10,800.0,824.5827796543166,24.582779654316596,895.3670024376132,824.5827796543166,PASS
F8,simple_multimodal,SCHO,12,1011,30,500,10,800.0,840.4050879982113,40.40508799821134,921.6069471351705,840.4050879982113,PASS
F8,simple_multimodal,SCHO,13,1012,30,500,10,800.0,817.4183994474013,17.41839944740127,948.7419212797088,817.4183994474013,PASS
F8,simple_multimodal,SCHO,14,1013,30,500,10,800.0,817.6335860645357,17.633586064535734,943.8070333995769,817.6335860645357,PASS
F8,simple_multimodal,SCHO,15,1014,30,500,10,800.0,819.0455132063485,19.04551320634846,928.846014143656,819.0455132063485,PASS
F8,simple_multimodal,SCHO,16,1015,30,500,10,800.0,843.3146319756573,43.314631975657335,938.4345528933251,843.3146319756573,PASS
F8,simple_multimodal,SCHO,17,1016,30,500,10,800.0,838.146270838993,38.14627083899302,926.4158003331022,838.146270838993,PASS
F8,simple_multimodal,SCHO,18,1017,30,500,10,800.0,817.7141996262951,17.714199626295112,940.8585996497885,817.7141996262951,PASS
F8,simple_multimodal,SCHO,19,1018,30,500,10,800.0,819.7102379837145,19.710237983714478,917.4341115853499,819.7102379837145,PASS
F8,simple_multimodal,SCHO,20,1019,30,500,10,800.0,848.3739106002835,48.373910600283466,938.9681769119733,848.3739106002835,PASS
F8,simple_multimodal,SCHO,21,1020,30,500,10,800.0,835.3979365510107,35.39793655101073,958.0525869146963,835.3979365510107,PASS
F8,simple_multimodal,SCHO,22,1021,30,500,10,800.0,831.7952264828463,31.79522648284626,929.7676188881044,831.7952264828463,PASS
F8,simple_multimodal,SCHO,23,1022,30,500,10,800.0,813.09944526815,13.09944526815002,975.0028301156374,813.09944526815,PASS
F8,simple_multimodal,SCHO,24,1023,30,500,10,800.0,822.4886236855695,22.48862368556945,930.3582672403736,822.4886236855695,PASS
F8,simple_multimodal,SCHO,25,1024,30,500,10,800.0,827.8529798388352,27.852979838835154,923.7672277189497,827.8529798388352,PASS
F8,simple_multimodal,SCHO,26,1025,30,500,10,800.0,825.5259570703208,25.52595707032083,936.1470669589979,825.5259570703208,PASS
F8,simple_multimodal,SCHO,27,1026,30,500,10,800.0,836.0057257210681,36.005725721068075,972.9047532147555,836.0057257210681,PASS
F8,simple_multimodal,SCHO,28,1027,30,500,10,800.0,833.1485178504885,33.148517850488474,946.749417193444,833.1485178504885,PASS
F8,simple_multimodal,SCHO,29,1028,30,500,10,800.0,833.2635874198041,33.26358741980414,964.9018931561776,833.2635874198041,PASS
F8,simple_multimodal,SCHO,30,1029,30,500,10,800.0,851.4274607356415,51.42746073564149,975.8970472217263,851.4274607356415,PASS
F9,simple_multimodal,GWO,1,1000,30,500,10,900.0,917.289901605578,17.289901605578052,1042.5651990189845,917.289901605578,PASS
F9,simple_multimodal,GWO,2,1001,30,500,10,900.0,929.6279877776442,29.627987777644194,1039.793174009544,929.6279877776442,PASS
F9,simple_multimodal,GWO,3,1002,30,500,10,900.0,908.5093227772993,8.509322777299303,1014.7164213472909,908.5093227772993,PASS
F9,simple_multimodal,GWO,4,1003,30,500,10,900.0,915.5504141807642,15.550414180764164,1072.8435012207208,915.5504141807642,PASS
F9,simple_multimodal,GWO,5,1004,30,500,10,900.0,907.0038008376081,7.0038008376080825,1062.7111038700534,907.0038008376081,PASS
F9,simple_multimodal,GWO,6,1005,30,500,10,900.0,918.0094896442008,18.009489644200812,1024.0736033040062,918.0094896442008,PASS
F9,simple_multimodal,GWO,7,1006,30,500,10,900.0,906.0895294634452,6.08952946344516,1032.5298466171998,906.0895294634452,PASS
F9,simple_multimodal,GWO,8,1007,30,500,10,900.0,918.8582046043587,18.85820460435866,1039.4811498042782,918.8582046043587,PASS
F9,simple_multimodal,GWO,9,1008,30,500,10,900.0,915.5375881873084,15.537588187308415,1028.7833961498181,915.5375881873084,PASS
F9,simple_multimodal,GWO,10,1009,30,500,10,900.0,930.7873497611992,30.787349761199152,1065.1369333618381,930.7873497611992,PASS
F9,simple_multimodal,GWO,11,1010,30,500,10,900.0,910.4643220297991,10.464322029799064,1068.402437972781,910.4643220297991,PASS
F9,simple_multimodal,GWO,12,1011,30,500,10,900.0,913.2826135842256,13.2826135842256,1046.9388705202493,913.2826135842256,PASS
F9,simple_multimodal,GWO,13,1012,30,500,10,900.0,929.2395692017124,29.239569201712357,1052.6584684638985,929.2395692017124,PASS
F9,simple_multimodal,GWO,14,1013,30,500,10,900.0,914.763597608715,14.763597608715031,1033.3099374718608,914.763597608715,PASS
F9,simple_multimodal,GWO,15,1014,30,500,10,900.0,929.7569490405953,29.75694904059526,1031.4418437393151,929.7569490405953,PASS
F9,simple_multimodal,GWO,16,1015,30,500,10,900.0,910.6744261282686,10.674426128268578,1042.5766838692375,910.6744261282686,PASS
F9,simple_multimodal,GWO,17,1016,30,500,10,900.0,914.3023709817343,14.30237098173427,1076.895746514552,914.3023709817343,PASS
F9,simple_multimodal,GWO,18,1017,30,500,10,900.0,916.2883771164019,16.288377116401875,1038.0539192921665,916.2883771164019,PASS
F9,simple_multimodal,GWO,19,1018,30,500,10,900.0,914.9718266755908,14.971826675590819,1059.4150247038247,914.9718266755908,PASS
F9,simple_multimodal,GWO,20,1019,30,500,10,900.0,917.9739449402907,17.97394494029072,1046.8666392820205,917.9739449402907,PASS
F9,simple_multimodal,GWO,21,1020,30,500,10,900.0,915.1259556341756,15.125955634175625,1022.9064096396315,915.1259556341756,PASS
F9,simple_multimodal,GWO,22,1021,30,500,10,900.0,938.8659160297465,38.86591602974647,1054.1712697188789,938.8659160297465,PASS
F9,simple_multimodal,GWO,23,1022,30,500,10,900.0,925.1206876158926,25.12068761589262,1033.496873231967,925.1206876158926,PASS
F9,simple_multimodal,GWO,24,1023,30,500,10,900.0,914.0800136612353,14.080013661235284,1047.442841997487,914.0800136612353,PASS
F9,simple_multimodal,GWO,25,1024,30,500,10,900.0,911.9607490322661,11.960749032266108,1055.3252015243236,911.9607490322661,PASS
F9,simple_multimodal,GWO,26,1025,30,500,10,900.0,908.9999621994132,8.999962199413176,1042.7429974207648,908.9999621994132,PASS
F9,simple_multimodal,GWO,27,1026,30,500,10,900.0,923.2114039936338,23.21140399363378,1040.316698313578,923.2114039936338,PASS
F9,simple_multimodal,GWO,28,1027,30,500,10,900.0,916.991070046045,16.991070046045024,1068.7879382548306,916.991070046045,PASS
F9,simple_multimodal,GWO,29,1028,30,500,10,900.0,911.0965760706584,11.096576070658443,1033.5697279827828,911.0965760706584,PASS
F9,simple_multimodal,GWO,30,1029,30,500,10,900.0,951.3925947578922,51.3925947578922,1092.3534345619878,951.3925947578922,PASS
F9,simple_multimodal,SCHO,1,1000,30,500,10,900.0,924.0963670073054,24.09636700730539,1025.1436054134977,924.0963670073054,PASS
F9,simple_multimodal,SCHO,2,1001,30,500,10,900.0,952.4074070866769,52.407407086676926,1034.4305682156105,952.4074070866769,PASS
F9,simple_multimodal,SCHO,3,1002,30,500,10,900.0,940.5620826861787,40.562082686178655,1027.7205667558449,940.5620826861787,PASS
F9,simple_multimodal,SCHO,4,1003,30,500,10,900.0,910.1425135655982,10.142513565598165,1023.0930982527523,910.1425135655982,PASS
F9,simple_multimodal,SCHO,5,1004,30,500,10,900.0,954.5739997262591,54.5739997262591,1040.2934757307892,954.5739997262591,PASS
F9,simple_multimodal,SCHO,6,1005,30,500,10,900.0,955.3409003581583,55.34090035815825,1052.750686932912,955.3409003581583,PASS
F9,simple_multimodal,SCHO,7,1006,30,500,10,900.0,918.876193169531,18.876193169531007,1057.9551485359889,918.876193169531,PASS
F9,simple_multimodal,SCHO,8,1007,30,500,10,900.0,930.5852947218789,30.58529472187888,1045.8534841363498,930.5852947218789,PASS
F9,simple_multimodal,SCHO,9,1008,30,500,10,900.0,936.9986664668527,36.99866646685268,1061.8158869740612,936.9986664668527,PASS
F9,simple_multimodal,SCHO,10,1009,30,500,10,900.0,934.7265600733858,34.726560073385826,1079.2599795618712,934.7265600733858,PASS
F9,simple_multimodal,SCHO,11,1010,30,500,10,900.0,933.0091970913307,33.00919709133075,1105.2143311909838,933.0091970913307,PASS
F9,simple_multimodal,SCHO,12,1011,30,500,10,900.0,929.5585707637817,29.558570763781745,976.7672282767569,929.5585707637817,PASS
F9,simple_multimodal,SCHO,13,1012,30,500,10,900.0,926.8114732004453,26.811473200445334,1095.9676552518524,926.8114732004453,PASS
F9,simple_multimodal,SCHO,14,1013,30,500,10,900.0,935.4176357828298,35.41763578282985,1033.9456618810354,935.4176357828298,PASS
F9,simple_multimodal,SCHO,15,1014,30,500,10,900.0,933.6271010774462,33.62710107744624,1042.3639482019632,933.6271010774462,PASS
F9,simple_multimodal,SCHO,16,1015,30,500,10,900.0,953.7036283330234,53.7036283330234,1068.1855046325136,953.7036283330234,PASS
F9,simple_multimodal,SCHO,17,1016,30,500,10,900.0,937.4774074271735,37.47740742717349,1043.9602203141671,937.4774074271735,PASS
F9,simple_multimodal,SCHO,18,1017,30,500,10,900.0,913.6199714069008,13.619971406900845,1057.9034675201995,913.6199714069008,PASS
F9,simple_multimodal,SCHO,19,1018,30,500,10,900.0,931.6604126937787,31.660412693778653,1032.0950525752119,931.6604126937787,PASS
F9,simple_multimodal,SCHO,20,1019,30,500,10,900.0,944.255297344846,44.255297344845985,1048.636860565965,944.255297344846,PASS
F9,simple_multimodal,SCHO,21,1020,30,500,10,900.0,927.0787649003548,27.078764900354827,1062.3124132036987,927.0787649003548,PASS
F9,simple_multimodal,SCHO,22,1021,30,500,10,900.0,967.0701331276908,67.07013312769084,1034.189070025387,967.0701331276908,PASS
F9,simple_multimodal,SCHO,23,1022,30,500,10,900.0,923.3508418251652,23.350841825165162,1035.8405623791928,923.3508418251652,PASS
F9,simple_multimodal,SCHO,24,1023,30,500,10,900.0,954.8944226690224,54.89442266902245,1054.6183093709265,954.8944226690224,PASS
F9,simple_multimodal,SCHO,25,1024,30,500,10,900.0,909.918503879428,9.918503879428044,1018.791211927919,909.918503879428,PASS
F9,simple_multimodal,SCHO,26,1025,30,500,10,900.0,933.1510510347017,33.15105103470171,1063.3772515164374,933.1510510347017,PASS
F9,simple_multimodal,SCHO,27,1026,30,500,10,900.0,940.3039004989303,40.30390049893026,1048.1226900278941,940.3039004989303,PASS
F9,simple_multimodal,SCHO,28,1027,30,500,10,900.0,958.881925242828,58.88192524282795,1048.1339710817533,958.881925242828,PASS
F9,simple_multimodal,SCHO,29,1028,30,500,10,900.0,942.63387649014,42.63387649013998,1043.0797300343854,942.63387649014,PASS
F9,simple_multimodal,SCHO,30,1029,30,500,10,900.0,934.4506094577935,34.45060945779346,1059.4344594076206,934.4506094577935,PASS
F10,simple_multimodal,GWO,1,1000,30,500,10,1000.0,1224.033507398377,224.03350739837697,3990.4978795189254,1224.033507398377,PASS
F10,simple_multimodal,GWO,2,1001,30,500,10,1000.0,1264.717566640065,264.7175666400649,3786.976643541874,1264.717566640065,PASS
F10,simple_multimodal,GWO,3,1002,30,500,10,1000.0,1370.7359228161108,370.7359228161108,3489.0724172911973,1370.7359228161108,PASS
F10,simple_multimodal,GWO,4,1003,30,500,10,1000.0,1281.7364860773696,281.7364860773696,3416.220801798753,1281.7364860773696,PASS
F10,simple_multimodal,GWO,5,1004,30,500,10,1000.0,1461.780290764174,461.78029076417397,3568.299900252147,1461.780290764174,PASS
F10,simple_multimodal,GWO,6,1005,30,500,10,1000.0,1139.9061284893987,139.90612848939872,3426.346575022685,1139.9061284893987,PASS
F10,simple_multimodal,GWO,7,1006,30,500,10,1000.0,1158.5907782871027,158.5907782871027,3878.2781332846057,1158.5907782871027,PASS
F10,simple_multimodal,GWO,8,1007,30,500,10,1000.0,1648.6680807986395,648.6680807986395,3463.5276239192353,1648.6680807986395,PASS
F10,simple_multimodal,GWO,9,1008,30,500,10,1000.0,1409.411240910195,409.4112409101949,4090.714269370331,1409.411240910195,PASS
F10,simple_multimodal,GWO,10,1009,30,500,10,1000.0,1383.2471857542164,383.2471857542164,3810.6792134734856,1383.2471857542164,PASS
F10,simple_multimodal,GWO,11,1010,30,500,10,1000.0,1738.9518215604598,738.9518215604598,3692.1614244646853,1738.9518215604598,PASS
F10,simple_multimodal,GWO,12,1011,30,500,10,1000.0,1171.884858546763,171.8848585467631,3163.496301188289,1171.884858546763,PASS
F10,simple_multimodal,GWO,13,1012,30,500,10,1000.0,1312.1398157787576,312.13981577875757,3859.8070117261223,1312.1398157787576,PASS
F10,simple_multimodal,GWO,14,1013,30,500,10,1000.0,1629.3840193925316,629.3840193925316,4075.1860051550566,1629.3840193925316,PASS
F10,simple_multimodal,GWO,15,1014,30,500,10,1000.0,1509.1161488692292,509.11614886922916,4084.0593068211247,1509.1161488692292,PASS
F10,simple_multimodal,GWO,16,1015,30,500,10,1000.0,1368.8600532363625,368.86005323636255,3641.8428142320927,1368.8600532363625,PASS
F10,simple_multimodal,GWO,17,1016,30,500,10,1000.0,1181.0516834922628,181.05168349226278,3969.3113913021234,1181.0516834922628,PASS
F10,simple_multimodal,GWO,18,1017,30,500,10,1000.0,1813.271078021618,813.271078021618,3507.854622848151,1813.271078021618,PASS
F10,simple_multimodal,GWO,19,1018,30,500,10,1000.0,1357.3881385781533,357.3881385781533,3841.51313056288,1357.3881385781533,PASS
F10,simple_multimodal,GWO,20,1019,30,500,10,1000.0,1225.2360437178436,225.2360437178436,3870.77535433537,1225.2360437178436,PASS
F10,simple_multimodal,GWO,21,1020,30,500,10,1000.0,1255.2832480582256,255.28324805822558,3272.0706978411235,1255.2832480582256,PASS
F10,simple_multimodal,GWO,22,1021,30,500,10,1000.0,1168.1537317116677,168.15373171166766,3658.2489777241562,1168.1537317116677,PASS
F10,simple_multimodal,GWO,23,1022,30,500,10,1000.0,1687.8332876391328,687.8332876391328,3672.3996520529595,1687.8332876391328,PASS
F10,simple_multimodal,GWO,24,1023,30,500,10,1000.0,1255.0979550804714,255.09795508047137,3439.1508346050923,1255.0979550804714,PASS
F10,simple_multimodal,GWO,25,1024,30,500,10,1000.0,1145.7391611799299,145.73916117992985,4120.326600818311,1145.7391611799299,PASS
F10,simple_multimodal,GWO,26,1025,30,500,10,1000.0,1334.0397584719458,334.0397584719458,3178.058610150821,1334.0397584719458,PASS
F10,simple_multimodal,GWO,27,1026,30,500,10,1000.0,1164.7775439268275,164.77754392682755,3880.673187685824,1164.7775439268275,PASS
F10,simple_multimodal,GWO,28,1027,30,500,10,1000.0,1414.0566544348685,414.0566544348685,3895.460512494673,1414.0566544348685,PASS
F10,simple_multimodal,GWO,29,1028,30,500,10,1000.0,1271.5668593495998,271.5668593495998,3722.874670037047,1271.5668593495998,PASS
F10,simple_multimodal,GWO,30,1029,30,500,10,1000.0,1371.5052129574378,371.50521295743783,3587.2388510486744,1371.5052129574378,PASS
F10,simple_multimodal,SCHO,1,1000,30,500,10,1000.0,1454.222197054456,454.22219705445605,4055.906826817653,1454.222197054456,PASS
F10,simple_multimodal,SCHO,2,1001,30,500,10,1000.0,1519.4366562619866,519.4366562619866,3965.6792611645546,1519.4366562619866,PASS
F10,simple_multimodal,SCHO,3,1002,30,500,10,1000.0,1725.37381320123,725.37381320123,3805.6806412910228,1725.37381320123,PASS
F10,simple_multimodal,SCHO,4,1003,30,500,10,1000.0,1587.2945842808062,587.2945842808062,3621.5306010458453,1587.2945842808062,PASS
F10,simple_multimodal,SCHO,5,1004,30,500,10,1000.0,1963.6017758942676,963.6017758942676,3528.9352652078387,1963.6017758942676,PASS
F10,simple_multimodal,SCHO,6,1005,30,500,10,1000.0,1623.3504943346247,623.3504943346247,3873.0314978836022,1623.3504943346247,PASS
F10,simple_multimodal,SCHO,7,1006,30,500,10,1000.0,2235.068982984062,1235.0689829840621,3619.676229078619,2235.068982984062,PASS
F10,simple_multimodal,SCHO,8,1007,30,500,10,1000.0,1905.2915467111907,905.2915467111907,4120.467372672533,1905.2915467111907,PASS
F10,simple_multimodal,SCHO,9,1008,30,500,10,1000.0,1828.6688354736966,828.6688354736966,3466.787350147693,1828.6688354736966,PASS
F10,simple_multimodal,SCHO,10,1009,30,500,10,1000.0,1570.8591818577243,570.8591818577243,4136.901551243533,1570.8591818577243,PASS
F10,simple_multimodal,SCHO,11,1010,30,500,10,1000.0,1406.5060683191596,406.50606831915957,3393.435425944328,1406.5060683191596,PASS
F10,simple_multimodal,SCHO,12,1011,30,500,10,1000.0,1725.7847372453134,725.7847372453134,3707.3477036130716,1725.7847372453134,PASS
F10,simple_multimodal,SCHO,13,1012,30,500,10,1000.0,1373.0469011726668,373.0469011726668,3469.9356798544986,1373.0469011726668,PASS
F10,simple_multimodal,SCHO,14,1013,30,500,10,1000.0,1445.3965107484746,445.3965107484746,3978.299520058981,1445.3965107484746,PASS
F10,simple_multimodal,SCHO,15,1014,30,500,10,1000.0,1374.5560908117313,374.55609081173134,2933.911764850398,1374.5560908117313,PASS
F10,simple_multimodal,SCHO,16,1015,30,500,10,1000.0,1513.6097690531178,513.6097690531178,3451.8828077976495,1513.6097690531178,PASS
F10,simple_multimodal,SCHO,17,1016,30,500,10,1000.0,1407.560369908715,407.5603699087151,4206.1257841828865,1407.560369908715,PASS
F10,simple_multimodal,SCHO,18,1017,30,500,10,1000.0,1550.7880779448124,550.7880779448124,3697.012428052693,1550.7880779448124,PASS
F10,simple_multimodal,SCHO,19,1018,30,500,10,1000.0,1256.8913232921495,256.89132329214954,3597.316637410041,1256.8913232921495,PASS
F10,simple_multimodal,SCHO,20,1019,30,500,10,1000.0,1420.6391035900083,420.6391035900083,4072.092303758667,1420.6391035900083,PASS
F10,simple_multimodal,SCHO,21,1020,30,500,10,1000.0,1842.950314212821,842.950314212821,3753.5968565367,1842.950314212821,PASS
F10,simple_multimodal,SCHO,22,1021,30,500,10,1000.0,1836.6234680200755,836.6234680200755,3338.5898257613035,1836.6234680200755,PASS
F10,simple_multimodal,SCHO,23,1022,30,500,10,1000.0,1375.8140734183603,375.8140734183603,3483.1242195493974,1375.8140734183603,PASS
F10,simple_multimodal,SCHO,24,1023,30,500,10,1000.0,1407.9275445396233,407.92754453962334,3447.764956361656,1407.9275445396233,PASS
F10,simple_multimodal,SCHO,25,1024,30,500,10,1000.0,1193.3194604351393,193.31946043513926,2750.9057404298064,1193.3194604351393,PASS
F10,simple_multimodal,SCHO,26,1025,30,500,10,1000.0,1185.5987614405803,185.59876144058035,3573.375769584224,1185.5987614405803,PASS
F10,simple_multimodal,SCHO,27,1026,30,500,10,1000.0,1381.9127898353163,381.9127898353163,3889.359669392662,1381.9127898353163,PASS
F10,simple_multimodal,SCHO,28,1027,30,500,10,1000.0,1588.25929233539,588.25929233539,3514.84352951037,1588.25929233539,PASS
F10,simple_multimodal,SCHO,29,1028,30,500,10,1000.0,1876.7196858395396,876.7196858395396,3776.7714069345952,1876.7196858395396,PASS
F10,simple_multimodal,SCHO,30,1029,30,500,10,1000.0,1485.570946746564,485.570946746564,3475.4637518747986,1485.570946746564,PASS
F11,simple_multimodal,GWO,1,1000,30,500,10,1100.0,2010.6586181895345,910.6586181895345,3950.455504351527,2010.6586181895345,PASS
F11,simple_multimodal,GWO,2,1001,30,500,10,1100.0,1705.7166966017035,605.7166966017035,3636.697580041387,1705.7166966017035,PASS
F11,simple_multimodal,GWO,3,1002,30,500,10,1100.0,1771.3721625761873,671.3721625761873,3563.549901001703,1771.3721625761873,PASS
F11,simple_multimodal,GWO,4,1003,30,500,10,1100.0,1922.874924038651,822.874924038651,3475.6147829415268,1922.874924038651,PASS
F11,simple_multimodal,GWO,5,1004,30,500,10,1100.0,1345.9342432899462,245.93424328994615,3688.798535785372,1345.9342432899462,PASS
F11,simple_multimodal,GWO,6,1005,30,500,10,1100.0,1587.1533674613047,487.1533674613047,3890.9828496297405,1587.1533674613047,PASS
F11,simple_multimodal,GWO,7,1006,30,500,10,1100.0,1367.8390043485028,267.83900434850284,4092.5548099668495,1367.8390043485028,PASS
F11,simple_multimodal,GWO,8,1007,30,500,10,1100.0,1698.5519425766342,598.5519425766342,3887.876956866189,1698.5519425766342,PASS
F11,simple_multimodal,GWO,9,1008,30,500,10,1100.0,1893.2988902182651,793.2988902182651,3157.164824753504,1893.2988902182651,PASS
F11,simple_multimodal,GWO,10,1009,30,500,10,1100.0,1508.8876040065034,408.88760400650335,3362.1381887517337,1508.8876040065034,PASS
F11,simple_multimodal,GWO,11,1010,30,500,10,1100.0,2038.3686168245777,938.3686168245777,3800.352648186751,2038.3686168245777,PASS
F11,simple_multimodal,GWO,12,1011,30,500,10,1100.0,1969.4975279279183,869.4975279279183,3659.399846266565,1969.4975279279183,PASS
F11,simple_multimodal,GWO,13,1012,30,500,10,1100.0,1752.0022749311106,652.0022749311106,3423.8397705150473,1752.0022749311106,PASS
F11,simple_multimodal,GWO,14,1013,30,500,10,1100.0,1344.5752436397297,244.5752436397297,3296.905763114703,1344.5752436397297,PASS
F11,simple_multimodal,GWO,15,1014,30,500,10,1100.0,1444.4356223375062,344.4356223375062,3935.7414916139824,1444.4356223375062,PASS
F11,simple_multimodal,GWO,16,1015,30,500,10,1100.0,1291.5472335513819,191.54723355138185,3975.8661516357743,1291.5472335513819,PASS
F11,simple_multimodal,GWO,17,1016,30,500,10,1100.0,1716.0328831770557,616.0328831770557,3827.6148025501625,1716.0328831770557,PASS
F11,simple_multimodal,GWO,18,1017,30,500,10,1100.0,1649.6191039113733,549.6191039113733,3651.364667991541,1649.6191039113733,PASS
F11,simple_multimodal,GWO,19,1018,30,500,10,1100.0,1658.0315682598784,558.0315682598784,3555.623281892379,1658.0315682598784,PASS
F11,simple_multimodal,GWO,20,1019,30,500,10,1100.0,2154.8023538127204,1054.8023538127204,3814.027809985784,2154.8023538127204,PASS
F11,simple_multimodal,GWO,21,1020,30,500,10,1100.0,1459.9335293269992,359.9335293269992,3575.788352011725,1459.9335293269992,PASS
F11,simple_multimodal,GWO,22,1021,30,500,10,1100.0,1820.9906070531538,720.9906070531538,3854.1442517937103,1820.9906070531538,PASS
F11,simple_multimodal,GWO,23,1022,30,500,10,1100.0,1565.2198319412437,465.2198319412437,4069.1935100020482,1565.2198319412437,PASS
F11,simple_multimodal,GWO,24,1023,30,500,10,1100.0,1125.8071333961134,25.807133396113386,4067.7106549357622,1125.8071333961134,PASS
F11,simple_multimodal,GWO,25,1024,30,500,10,1100.0,1787.441066073432,687.441066073432,3598.215071360529,1787.441066073432,PASS
F11,simple_multimodal,GWO,26,1025,30,500,10,1100.0,1829.4507602350827,729.4507602350827,3584.5788832443586,1829.4507602350827,PASS
F11,simple_multimodal,GWO,27,1026,30,500,10,1100.0,1330.9279268866644,230.9279268866644,4105.429237742967,1330.9279268866644,PASS
F11,simple_multimodal,GWO,28,1027,30,500,10,1100.0,2218.49085081078,1118.49085081078,3667.1920799326426,2218.49085081078,PASS
F11,simple_multimodal,GWO,29,1028,30,500,10,1100.0,1829.356368117728,729.3563681177279,4268.801720404712,1829.356368117728,PASS
F11,simple_multimodal,GWO,30,1029,30,500,10,1100.0,1436.4073612000175,336.4073612000175,3652.047277727145,1436.4073612000175,PASS
F11,simple_multimodal,SCHO,1,1000,30,500,10,1100.0,2583.427170116018,1483.4271701160178,4032.7889447479106,2583.427170116018,PASS
F11,simple_multimodal,SCHO,2,1001,30,500,10,1100.0,2313.9930711099278,1213.9930711099278,3452.5808858441587,2313.9930711099278,PASS
F11,simple_multimodal,SCHO,3,1002,30,500,10,1100.0,2425.1019005244966,1325.1019005244966,3856.809756040817,2425.1019005244966,PASS
F11,simple_multimodal,SCHO,4,1003,30,500,10,1100.0,2084.6731258719856,984.6731258719856,3392.7700227399946,2084.6731258719856,PASS
F11,simple_multimodal,SCHO,5,1004,30,500,10,1100.0,2016.1831504520997,916.1831504520997,3912.1580810048117,2016.1831504520997,PASS
F11,simple_multimodal,SCHO,6,1005,30,500,10,1100.0,1632.721996053247,532.721996053247,3989.2276864640307,1632.721996053247,PASS
F11,simple_multimodal,SCHO,7,1006,30,500,10,1100.0,1575.6366488551034,475.63664885510343,3690.1827465430924,1575.6366488551034,PASS
F11,simple_multimodal,SCHO,8,1007,30,500,10,1100.0,2411.229710756386,1311.2297107563859,3845.269136621706,2411.229710756386,PASS
F11,simple_multimodal,SCHO,9,1008,30,500,10,1100.0,1625.0934408533162,525.0934408533162,2998.3426853296014,1625.0934408533162,PASS
F11,simple_multimodal,SCHO,10,1009,30,500,10,1100.0,1494.2158274346034,394.2158274346034,3391.4387447641393,1494.2158274346034,PASS
F11,simple_multimodal,SCHO,11,1010,30,500,10,1100.0,1517.3903227038477,417.3903227038477,3951.3938049891403,1517.3903227038477,PASS
F11,simple_multimodal,SCHO,12,1011,30,500,10,1100.0,1734.8006456133135,634.8006456133135,3746.1645265172474,1734.8006456133135,PASS
F11,simple_multimodal,SCHO,13,1012,30,500,10,1100.0,2249.7706800933715,1149.7706800933715,3930.3258545543385,2249.7706800933715,PASS
F11,simple_multimodal,SCHO,14,1013,30,500,10,1100.0,1957.1139280457878,857.1139280457878,3993.384473608275,1957.1139280457878,PASS
F11,simple_multimodal,SCHO,15,1014,30,500,10,1100.0,1712.5625320880072,612.5625320880072,3251.9492429399215,1712.5625320880072,PASS
F11,simple_multimodal,SCHO,16,1015,30,500,10,1100.0,2012.3253441641164,912.3253441641164,4098.195979674315,2012.3253441641164,PASS
F11,simple_multimodal,SCHO,17,1016,30,500,10,1100.0,2523.938782652209,1423.9387826522088,3306.422369806797,2523.938782652209,PASS
F11,simple_multimodal,SCHO,18,1017,30,500,10,1100.0,2338.850938406521,1238.850938406521,3726.237273604723,2338.850938406521,PASS
F11,simple_multimodal,SCHO,19,1018,30,500,10,1100.0,2436.284009683044,1336.2840096830441,3731.0658170895576,2436.284009683044,PASS
F11,simple_multimodal,SCHO,20,1019,30,500,10,1100.0,1593.0640416040442,493.0640416040442,3571.7187677518523,1593.0640416040442,PASS
F11,simple_multimodal,SCHO,21,1020,30,500,10,1100.0,1775.1697062523494,675.1697062523494,3985.60487073594,1775.1697062523494,PASS
F11,simple_multimodal,SCHO,22,1021,30,500,10,1100.0,1762.7224370693793,662.7224370693793,3373.0137352518223,1762.7224370693793,PASS
F11,simple_multimodal,SCHO,23,1022,30,500,10,1100.0,2510.320423610204,1410.3204236102042,4155.787122228122,2510.320423610204,PASS
F11,simple_multimodal,SCHO,24,1023,30,500,10,1100.0,1537.1530649137312,437.1530649137312,3830.650732099959,1537.1530649137312,PASS
F11,simple_multimodal,SCHO,25,1024,30,500,10,1100.0,2126.3210247126062,1026.3210247126062,3132.5992825825097,2126.3210247126062,PASS
F11,simple_multimodal,SCHO,26,1025,30,500,10,1100.0,1383.3248588673569,283.32485886735685,3557.3957697323467,1383.3248588673569,PASS
F11,simple_multimodal,SCHO,27,1026,30,500,10,1100.0,2014.2826280536297,914.2826280536297,4176.951327114745,2014.2826280536297,PASS
F11,simple_multimodal,SCHO,28,1027,30,500,10,1100.0,2429.2999164316084,1329.2999164316084,4289.526179876134,2429.2999164316084,PASS
F11,simple_multimodal,SCHO,29,1028,30,500,10,1100.0,2308.1237544694527,1208.1237544694527,3631.135325084245,2308.1237544694527,PASS
F11,simple_multimodal,SCHO,30,1029,30,500,10,1100.0,2028.752525278081,928.7525252780811,3195.603949025616,2028.752525278081,PASS
F12,simple_multimodal,GWO,1,1000,30,500,10,1200.0,1200.2246969465161,0.2246969465161328,1208.014403906647,1200.2246969465161,PASS
F12,simple_multimodal,GWO,2,1001,30,500,10,1200.0,1201.8530063735245,1.8530063735245221,1207.4662409035209,1201.8530063735245,PASS
F12,simple_multimodal,GWO,3,1002,30,500,10,1200.0,1201.7238576451994,1.7238576451993595,1205.4043477916634,1201.7238576451994,PASS
F12,simple_multimodal,GWO,4,1003,30,500,10,1200.0,1201.9514314035382,1.9514314035382085,1204.7592090527855,1201.9514314035382,PASS
F12,simple_multimodal,GWO,5,1004,30,500,10,1200.0,1201.9950896088178,1.995089608817807,1205.3945137534847,1201.9950896088178,PASS
F12,simple_multimodal,GWO,6,1005,30,500,10,1200.0,1200.2177813092096,0.21778130920961303,1203.5137936642832,1200.2177813092096,PASS
F12,simple_multimodal,GWO,7,1006,30,500,10,1200.0,1201.5637531965135,1.5637531965135167,1203.6022953639583,1201.5637531965135,PASS
F12,simple_multimodal,GWO,8,1007,30,500,10,1200.0,1200.9971199290148,0.9971199290148434,1201.8029250464544,1200.9971199290148,PASS
F12,simple_multimodal,GWO,9,1008,30,500,10,1200.0,1200.759913674162,0.7599136741619077,1206.7655670457243,1200.759913674162,PASS
F12,simple_multimodal,GWO,10,1009,30,500,10,1200.0,1201.9667509729984,1.9667509729983976,1203.8206682819562,1201.9667509729984,PASS
F12,simple_multimodal,GWO,11,1010,30,500,10,1200.0,1201.6026078489624,1.602607848962407,1203.3207326790427,1201.6026078489624,PASS
F12,simple_multimodal,GWO,12,1011,30,500,10,1200.0,1201.7028117086127,1.7028117086126713,1203.6308742444953,1201.7028117086127,PASS
F12,simple_multimodal,GWO,13,1012,30,500,10,1200.0,1201.2899264241962,1.28992642419621,1204.27709903635,1201.2899264241962,PASS
F12,simple_multimodal,GWO,14,1013,30,500,10,1200.0,1201.8701967780237,1.8701967780236828,1204.670335938568,1201.8701967780237,PASS
F12,simple_multimodal,GWO,15,1014,30,500,10,1200.0,1201.6117868821427,1.6117868821427237,1205.720850740399,1201.6117868821427,PASS
F12,simple_multimodal,GWO,16,1015,30,500,10,1200.0,1201.7170466612138,1.7170466612137716,1206.7941128719135,1201.7170466612138,PASS
F12,simple_multimodal,GWO,17,1016,30,500,10,1200.0,1200.2414335632882,0.241433563288183,1203.4374076843515,1200.2414335632882,PASS
F12,simple_multimodal,GWO,18,1017,30,500,10,1200.0,1202.3296844792305,2.3296844792305365,1205.3922184681828,1202.3296844792305,PASS
F12,simple_multimodal,GWO,19,1018,30,500,10,1200.0,1201.189911860592,1.1899118605920194,1203.7137649593824,1201.189911860592,PASS
F12,simple_multimodal,GWO,20,1019,30,500,10,1200.0,1201.6806093788978,1.6806093788977705,1205.8984485738504,1201.6806093788978,PASS
F12,simple_multimodal,GWO,21,1020,30,500,10,1200.0,1201.6392823668032,1.6392823668031724,1206.1744752119534,1201.6392823668032,PASS
F12,simple_multimodal,GWO,22,1021,30,500,10,1200.0,1200.9908427828177,0.9908427828177082,1206.9889624714842,1200.9908427828177,PASS
F12,simple_multimodal,GWO,23,1022,30,500,10,1200.0,1200.3713867410947,0.3713867410947387,1204.4416944106067,1200.3713867410947,PASS
F12,simple_multimodal,GWO,24,1023,30,500,10,1200.0,1201.2489882822906,1.248988282290611,1209.8084614207478,1201.2489882822906,PASS
F12,simple_multimodal,GWO,25,1024,30,500,10,1200.0,1200.1128610584851,0.11286105848512307,1204.4633372055666,1200.1128610584851,PASS
F12,simple_multimodal,GWO,26,1025,30,500,10,1200.0,1200.219484205909,0.21948420590911155,1205.3987383371282,1200.219484205909,PASS
F12,simple_multimodal,GWO,27,1026,30,500,10,1200.0,1201.5001665479979,1.5001665479978783,1207.9969332220574,1201.5001665479979,PASS
F12,simple_multimodal,GWO,28,1027,30,500,10,1200.0,1201.4285361583147,1.4285361583147278,1207.1437464350136,1201.4285361583147,PASS
F12,simple_multimodal,GWO,29,1028,30,500,10,1200.0,1201.5014855890483,1.5014855890483432,1204.9802857835361,1201.5014855890483,PASS
F12,simple_multimodal,GWO,30,1029,30,500,10,1200.0,1201.9323472614612,1.9323472614612456,1205.3195451518936,1201.9323472614612,PASS
F12,simple_multimodal,SCHO,1,1000,30,500,10,1200.0,1200.992178298554,0.9921782985541086,1206.0313562696247,1200.992178298554,PASS
F12,simple_multimodal,SCHO,2,1001,30,500,10,1200.0,1201.134735946799,1.1347359467990827,1205.089222102741,1201.134735946799,PASS
F12,simple_multimodal,SCHO,3,1002,30,500,10,1200.0,1200.362566024109,0.3625660241089008,1207.7208775239044,1200.362566024109,PASS
F12,simple_multimodal,SCHO,4,1003,30,500,10,1200.0,1200.700992921068,0.7009929210680639,1204.2822449505609,1200.700992921068,PASS
F12,simple_multimodal,SCHO,5,1004,30,500,10,1200.0,1201.3725349045624,1.3725349045623716,1206.4267320787342,1201.3725349045624,PASS
F12,simple_multimodal,SCHO,6,1005,30,500,10,1200.0,1200.7396744320065,0.7396744320064954,1204.285585979316,1200.7396744320065,PASS
F12,simple_multimodal,SCHO,7,1006,30,500,10,1200.0,1200.6586566116036,0.6586566116036465,1203.8650537572844,1200.6586566116036,PASS
F12,simple_multimodal,SCHO,8,1007,30,500,10,1200.0,1201.3234902676588,1.3234902676588263,1204.4202463305287,1201.3234902676588,PASS
F12,simple_multimodal,SCHO,9,1008,30,500,10,1200.0,1201.6325125063086,1.632512506308558,1206.0630067794661,1201.6325125063086,PASS
F12,simple_multimodal,SCHO,10,1009,30,500,10,1200.0,1201.1162336427071,1.1162336427071295,1204.5481196709763,1201.1162336427071,PASS
F12,simple_multimodal,SCHO,11,1010,30,500,10,1200.0,1200.529618898819,0.5296188988190806,1207.4325440122168,1200.529618898819,PASS
F12,simple_multimodal,SCHO,12,1011,30,500,10,1200.0,1201.3598896667052,1.3598896667051577,1203.3855205740401,1201.3598896667052,PASS
F12,simple_multimodal,SCHO,13,1012,30,500,10,1200.0,1200.862386578005,0.8623865780050437,1203.7094812485013,1200.862386578005,PASS
F12,simple_multimodal,SCHO,14,1013,30,500,10,1200.0,1201.1541558857216,1.1541558857215932,1205.5585853123787,1201.1541558857216,PASS
F12,simple_multimodal,SCHO,15,1014,30,500,10,1200.0,1200.559810035693,0.55981003569309,1206.2737236878052,1200.559810035693,PASS
F12,simple_multimodal,SCHO,16,1015,30,500,10,1200.0,1200.9495451635405,0.9495451635405061,1206.0512650399378,1200.9495451635405,PASS
F12,simple_multimodal,SCHO,17,1016,30,500,10,1200.0,1201.6905176417872,1.6905176417872099,1206.0381073428716,1201.6905176417872,PASS
F12,simple_multimodal,SCHO,18,1017,30,500,10,1200.0,1200.4195032236107,0.4195032236107181,1208.730335825566,1200.4195032236107,PASS
F12,simple_multimodal,SCHO,19,1018,30,500,10,1200.0,1200.7029221024725,0.7029221024724848,1206.6286204328583,1200.7029221024725,PASS
F12,simple_multimodal,SCHO,20,1019,30,500,10,1200.0,1201.112013360995,1.112013360994979,1207.6056284753365,1201.112013360995,PASS
F12,simple_multimodal,SCHO,21,1020,30,500,10,1200.0,1200.9017531373424,0.901753137342439,1202.821796442278,1200.9017531373424,PASS
F12,simple_multimodal,SCHO,22,1021,30,500,10,1200.0,1200.3018497614564,0.30184976145642395,1205.0487244964197,1200.3018497614564,PASS
F12,simple_multimodal,SCHO,23,1022,30,500,10,1200.0,1200.5605704636819,0.56057046368187,1206.5593831801214,1200.5605704636819,PASS
F12,simple_multimodal,SCHO,24,1023,30,500,10,1200.0,1201.466098198298,1.4660981982979138,1205.8792016292398,1201.466098198298,PASS
F12,simple_multimodal,SCHO,25,1024,30,500,10,1200.0,1200.7339531685325,0.73395316853248,1204.1917080458034,1200.7339531685325,PASS
F12,simple_multimodal,SCHO,26,1025,30,500,10,1200.0,1201.432868752649,1.4328687526490285,1206.0698782671589,1201.432868752649,PASS
F12,simple_multimodal,SCHO,27,1026,30,500,10,1200.0,1201.082176150881,1.0821761508809686,1206.7458312788713,1201.082176150881,PASS
F12,simple_multimodal,SCHO,28,1027,30,500,10,1200.0,1200.4414069209165,0.44140692091650635,1204.8334884429075,1200.4414069209165,PASS
F12,simple_multimodal,SCHO,29,1028,30,500,10,1200.0,1200.7906379654787,0.7906379654787088,1203.405900713546,1200.7906379654787,PASS
F12,simple_multimodal,SCHO,30,1029,30,500,10,1200.0,1201.0479616621635,1.047961662163516,1205.9646441176294,1201.0479616621635,PASS
F13,simple_multimodal,GWO,1,1000,30,500,10,1300.0,1300.2631380004118,0.2631380004118,1306.6837813737102,1300.2631380004118,PASS
F13,simple_multimodal,GWO,2,1001,30,500,10,1300.0,1300.1699548101205,0.1699548101205437,1305.2093072538155,1300.1699548101205,PASS
F13,simple_multimodal,GWO,3,1002,30,500,10,1300.0,1300.2099732164045,0.20997321640447808,1306.8079660219555,1300.2099732164045,PASS
F13,simple_multimodal,GWO,4,1003,30,500,10,1300.0,1300.1567992263417,0.15679922634171817,1304.4989702594883,1300.1567992263417,PASS
F13,simple_multimodal,GWO,5,1004,30,500,10,1300.0,1300.2102791931025,0.21027919310245125,1306.4637427258494,1300.2102791931025,PASS
F13,simple_multimodal,GWO,6,1005,30,500,10,1300.0,1300.2515239774823,0.25152397748229305,1304.9726880046017,1300.2515239774823,PASS
F13,simple_multimodal,GWO,7,1006,30,500,10,1300.0,1300.1753188193252,0.17531881932518445,1306.0181226660457,1300.1753188193252,PASS
F13,simple_multimodal,GWO,8,1007,30,500,10,1300.0,1300.2864491123514,0.2864491123514199,1303.8643775780474,1300.2864491123514,PASS
F13,simple_multimodal,GWO,9,1008,30,500,10,1300.0,1300.2934156545264,0.2934156545263704,1308.0029961399841,1300.2934156545264,PASS
F13,simple_multimodal,GWO,10,1009,30,500,10,1300.0,1300.2438534159453,0.24385341594529564,1307.8578323476374,1300.2438534159453,PASS
F13,simple_multimodal,GWO,11,1010,30,500,10,1300.0,1300.2030932208995,0.2030932208995182,1305.2840460077662,1300.2030932208995,PASS
F13,simple_multimodal,GWO,12,1011,30,500,10,1300.0,1300.232609614197,0.2326096141969174,1304.981709679488,1300.232609614197,PASS
F13,simple_multimodal,GWO,13,1012,30,500,10,1300.0,1300.2708847377735,0.27088473777348554,1305.8347211086138,1300.2708847377735,PASS
F13,simple_multimodal,GWO,14,1013,30,500,10,1300.0,1300.102238021981,0.10223802198106569,1303.8283638127111,1300.102238021981,PASS
F13,simple_multimodal,GWO,15,1014,30,500,10,1300.0,1300.1253065194492,0.12530651944916826,1306.7862056906827,1300.1253065194492,PASS
F13,simple_multimodal,GWO,16,1015,30,500,10,1300.0,1300.2995489186796,0.2995489186796476,1305.7951454626434,1300.2995489186796,PASS
F13,simple_multimodal,GWO,17,1016,30,500,10,1300.0,1300.1621297868146,0.162129786814603,1303.7004776174135,1300.1621297868146,PASS
F13,simple_multimodal,GWO,18,1017,30,500,10,1300.0,1300.2577613656413,0.2577613656412723,1305.676100101633,1300.2577613656413,PASS
F13,simple_multimodal,GWO,19,1018,30,500,10,1300.0,1300.22667066495,0.22667066495000654,1305.966276451234,1300.22667066495,PASS
F13,simple_multimodal,GWO,20,1019,30,500,10,1300.0,1300.209659865616,0.20965986561600403,1304.559685061203,1300.209659865616,PASS
F13,simple_multimodal,GWO,21,1020,30,500,10,1300.0,1300.2800444070785,0.28004440707854883,1306.1361817490283,1300.2800444070785,PASS
F13,simple_multimodal,GWO,22,1021,30,500,10,1300.0,1300.190239969729,0.19023996972896384,1307.2746318261634,1300.190239969729,PASS
F13,simple_multimodal,GWO,23,1022,30,500,10,1300.0,1300.24281380127,0.2428138012699037,1304.0525842977158,1300.24281380127,PASS
F13,simple_multimodal,GWO,24,1023,30,500,10,1300.0,1300.198074419525,0.19807441952502813,1307.2070587768962,1300.198074419525,PASS
F13,simple_multimodal,GWO,25,1024,30,500,10,1300.0,1300.203503710381,0.2035037103810282,1305.8951874017566,1300.203503710381,PASS
F13,simple_multimodal,GWO,26,1025,30,500,10,1300.0,1300.312221706131,0.31222170613091293,1306.113963204301,1300.312221706131,PASS
F13,simple_multimodal,GWO,27,1026,30,500,10,1300.0,1300.235439125196,0.23543912519608057,1305.430390453369,1300.235439125196,PASS
F13,simple_multimodal,GWO,28,1027,30,500,10,1300.0,1300.34350715549,0.3435071554899878,1305.7189560573963,1300.34350715549,PASS
F13,simple_multimodal,GWO,29,1028,30,500,10,1300.0,1300.2754911631746,0.27549116317459266,1304.5159115183558,1300.2754911631746,PASS
F13,simple_multimodal,GWO,30,1029,30,500,10,1300.0,1300.2885125242744,0.28851252427443796,1307.501177654814,1300.2885125242744,PASS
F13,simple_multimodal,SCHO,1,1000,30,500,10,1300.0,1300.3216683052956,0.32166830529558865,1306.1691554657157,1300.3216683052956,PASS
F13,simple_multimodal,SCHO,2,1001,30,500,10,1300.0,1300.4944759763982,0.4944759763982347,1306.3128492643832,1300.4944759763982,PASS
F13,simple_multimodal,SCHO,3,1002,30,500,10,1300.0,1300.9267217471674,0.9267217471674485,1306.6667251672227,1300.9267217471674,PASS
F13,simple_multimodal,SCHO,4,1003,30,500,10,1300.0,1300.1855348634206,0.18553486342057113,1304.4536057471175,1300.1855348634206,PASS
F13,simple_multimodal,SCHO,5,1004,30,500,10,1300.0,1300.593921621282,0.5939216212821066,1306.823580450159,1300.593921621282,PASS
F13,simple_multimodal,SCHO,6,1005,30,500,10,1300.0,1300.545989305964,0.5459893059639853,1307.5485761941327,1300.545989305964,PASS
F13,simple_multimodal,SCHO,7,1006,30,500,10,1300.0,1301.0146145633066,1.0146145633066226,1307.4349350823954,1301.0146145633066,PASS
F13,simple_multimodal,SCHO,8,1007,30,500,10,1300.0,1300.8839394165275,0.8839394165274825,1308.1561016764824,1300.8839394165275,PASS
F13,simple_multimodal,SCHO,9,1008,30,500,10,1300.0,1300.607527511344,0.6075275113439602,1305.008082445217,1300.607527511344,PASS
F13,simple_multimodal,SCHO,10,1009,30,500,10,1300.0,1300.6403893801069,0.6403893801068534,1304.6248427040684,1300.6403893801069,PASS
F13,simple_multimodal,SCHO,11,1010,30,500,10,1300.0,1300.849701876893,0.8497018768930502,1305.440835891791,1300.849701876893,PASS
F13,simple_multimodal,SCHO,12,1011,30,500,10,1300.0,1300.5008663169333,0.5008663169332976,1306.6678067880905,1300.5008663169333,PASS
F13,simple_multimodal,SCHO,13,1012,30,500,10,1300.0,1300.2942464975697,0.2942464975697021,1305.2847766652737,1300.2942464975697,PASS
F13,simple_multimodal,SCHO,14,1013,30,500,10,1300.0,1300.8577643521842,0.8577643521841765,1304.9223394965038,1300.8577643521842,PASS
F13,simple_multimodal,SCHO,15,1014,30,500,10,1300.0,1300.7035517286276,0.7035517286276445,1303.4929809883179,1300.7035517286276,PASS
F13,simple_multimodal,SCHO,16,1015,30,500,10,1300.0,1300.2695420273612,0.2695420273612399,1304.6781212123565,1300.2695420273612,PASS
F13,simple_multimodal,SCHO,17,1016,30,500,10,1300.0,1300.7183107704745,0.7183107704745453,1305.5054031929135,1300.7183107704745,PASS
F13,simple_multimodal,SCHO,18,1017,30,500,10,1300.0,1300.3973275878473,0.39732758784725775,1308.8669839812628,1300.3973275878473,PASS
F13,simple_multimodal,SCHO,19,1018,30,500,10,1300.0,1300.7984218110096,0.7984218110095753,1306.1800043586015,1300.7984218110096,PASS
F13,simple_multimodal,SCHO,20,1019,30,500,10,1300.0,1300.7263531341134,0.726353134113424,1306.7624311733587,1300.7263531341134,PASS
F13,simple_multimodal,SCHO,21,1020,30,500,10,1300.0,1300.6230158804126,0.6230158804125949,1304.4639003956534,1300.6230158804126,PASS
F13,simple_multimodal,SCHO,22,1021,30,500,10,1300.0,1300.5196734913532,0.51967349135316,1306.408464102621,1300.5196734913532,PASS
F13,simple_multimodal,SCHO,23,1022,30,500,10,1300.0,1300.4214254931264,0.42142549312643496,1305.3186767755085,1300.4214254931264,PASS
F13,simple_multimodal,SCHO,24,1023,30,500,10,1300.0,1300.500414170017,0.5004141700169384,1305.4363644292932,1300.500414170017,PASS
F13,simple_multimodal,SCHO,25,1024,30,500,10,1300.0,1300.4446991817128,0.44469918171284917,1305.6502444718246,1300.4446991817128,PASS
F13,simple_multimodal,SCHO,26,1025,30,500,10,1300.0,1300.5268319391162,0.526831939116164,1305.4231936371127,1300.5268319391162,PASS
F13,simple_multimodal,SCHO,27,1026,30,500,10,1300.0,1300.7363126016332,0.7363126016332444,1307.212074514058,1300.7363126016332,PASS
F13,simple_multimodal,SCHO,28,1027,30,500,10,1300.0,1300.2820460715684,0.2820460715684021,1307.667357640362,1300.2820460715684,PASS
F13,simple_multimodal,SCHO,29,1028,30,500,10,1300.0,1300.6225129030584,0.6225129030583503,1306.658147430627,1300.6225129030584,PASS
F13,simple_multimodal,SCHO,30,1029,30,500,10,1300.0,1300.6022555511195,0.6022555511194696,1305.3912723774476,1300.6022555511195,PASS
F14,simple_multimodal,GWO,1,1000,30,500,10,1400.0,1400.615256008634,0.6152560086341055,1485.2876721578784,1400.615256008634,PASS
F14,simple_multimodal,GWO,2,1001,30,500,10,1400.0,1400.27458939747,0.2745893974699811,1431.5361417217223,1400.27458939747,PASS
F14,simple_multimodal,GWO,3,1002,30,500,10,1400.0,1400.7086038225768,0.7086038225768334,1465.9307167869963,1400.7086038225768,PASS
F14,simple_multimodal,GWO,4,1003,30,500,10,1400.0,1400.2781995683267,0.2781995683267269,1443.4348657103058,1400.2781995683267,PASS
F14,simple_multimodal,GWO,5,1004,30,500,10,1400.0,1400.155832427556,0.15583242755610627,1435.9137184361525,1400.155832427556,PASS
F14,simple_multimodal,GWO,6,1005,30,500,10,1400.0,1400.2548090923385,0.2548090923385189,1493.9205972840696,1400.2548090923385,PASS
F14,simple_multimodal,GWO,7,1006,30,500,10,1400.0,1400.3293313558145,0.3293313558144746,1501.609211628541,1400.3293313558145,PASS
F14,simple_multimodal,GWO,8,1007,30,500,10,1400.0,1400.2193727445135,0.21937274451352096,1446.4254001613997,1400.2193727445135,PASS
F14,simple_multimodal,GWO,9,1008,30,500,10,1400.0,1400.6143538416786,0.6143538416786214,1470.5471237952925,1400.6143538416786,PASS
F14,simple_multimodal,GWO,10,1009,30,500,10,1400.0,1400.4405550324982,0.44055503249819594,1505.9655156561848,1400.4405550324982,PASS
F14,simple_multimodal,GWO,11,1010,30,500,10,1400.0,1401.2386306239425,1.2386306239425267,1459.96942899758,1401.2386306239425,PASS
F14,simple_multimodal,GWO,12,1011,30,500,10,1400.0,1400.6097498884315,0.6097498884314518,1447.8172963816633,1400.6097498884315,PASS
F14,simple_multimodal,GWO,13,1012,30,500,10,1400.0,1400.2134187335523,0.21341873355231655,1494.928292972082,1400.2134187335523,PASS
F14,simple_multimodal,GWO,14,1013,30,500,10,1400.0,1400.3451178003677,0.3451178003676887,1465.7804150403772,1400.3451178003677,PASS
F14,simple_multimodal,GWO,15,1014,30,500,10,1400.0,1400.3046537382877,0.3046537382876977,1474.7305879080095,1400.3046537382877,PASS
F14,simple_multimodal,GWO,16,1015,30,500,10,1400.0,1400.688798679964,0.6887986799640657,1454.7236404228283,1400.688798679964,PASS
F14,simple_multimodal,GWO,17,1016,30,500,10,1400.0,1400.2596316228717,0.25963162287166597,1485.4146086197352,1400.2596316228717,PASS
F14,simple_multimodal,GWO,18,1017,30,500,10,1400.0,1400.2680612087145,0.2680612087144709,1496.1566899264562,1400.2680612087145,PASS
F14,simple_multimodal,GWO,19,1018,30,500,10,1400.0,1400.1546066142037,0.15460661420365795,1458.4714371091547,1400.1546066142037,PASS
F14,simple_multimodal,GWO,20,1019,30,500,10,1400.0,1400.289722884614,0.28972288461409335,1508.02494291266,1400.289722884614,PASS
F14,simple_multimodal,GWO,21,1020,30,500,10,1400.0,1400.3480679672452,0.34806796724524247,1483.750731445632,1400.3480679672452,PASS
F14,simple_multimodal,GWO,22,1021,30,500,10,1400.0,1400.2223868954625,0.2223868954624777,1462.2429737391226,1400.2223868954625,PASS
F14,simple_multimodal,GWO,23,1022,30,500,10,1400.0,1400.6459716293732,0.6459716293732072,1447.092737989066,1400.6459716293732,PASS
F14,simple_multimodal,GWO,24,1023,30,500,10,1400.0,1400.2678601653913,0.26786016539131197,1443.0302330286431,1400.2678601653913,PASS
F14,simple_multimodal,GWO,25,1024,30,500,10,1400.0,1400.34877558461,0.34877558460993896,1491.422263774435,1400.34877558461,PASS
F14,simple_multimodal,GWO,26,1025,30,500,10,1400.0,1400.3564193751076,0.35641937510763455,1494.3368066563417,1400.3564193751076,PASS
F14,simple_multimodal,GWO,27,1026,30,500,10,1400.0,1400.1660852277068,0.1660852277068443,1481.485701374784,1400.1660852277068,PASS
F14,simple_multimodal,GWO,28,1027,30,500,10,1400.0,1400.291803841939,0.2918038419390996,1457.723360183246,1400.291803841939,PASS
F14,simple_multimodal,GWO,29,1028,30,500,10,1400.0,1400.3124175952366,0.3124175952366386,1487.8912501740253,1400.3124175952366,PASS
F14,simple_multimodal,GWO,30,1029,30,500,10,1400.0,1400.426392150365,0.4263921503650181,1525.3648141968386,1400.426392150365,PASS
F14,simple_multimodal,SCHO,1,1000,30,500,10,1400.0,1400.7758032420277,0.7758032420276777,1433.3806704335957,1400.7758032420277,PASS
F14,simple_multimodal,SCHO,2,1001,30,500,10,1400.0,1400.6599362123852,0.6599362123852188,1466.8548115079143,1400.6599362123852,PASS
F14,simple_multimodal,SCHO,3,1002,30,500,10,1400.0,1400.3738386190066,0.3738386190066194,1463.4483031195596,1400.3738386190066,PASS
F14,simple_multimodal,SCHO,4,1003,30,500,10,1400.0,1405.1516597245393,5.151659724539286,1441.9067565187468,1405.1516597245393,PASS
F14,simple_multimodal,SCHO,5,1004,30,500,10,1400.0,1405.4039494757105,5.403949475710533,1456.6096689831566,1405.4039494757105,PASS
F14,simple_multimodal,SCHO,6,1005,30,500,10,1400.0,1400.2396058247948,0.23960582479480763,1482.299536056312,1400.2396058247948,PASS
F14,simple_multimodal,SCHO,7,1006,30,500,10,1400.0,1400.2842133622107,0.28421336221072124,1462.7405273865636,1400.2842133622107,PASS
F14,simple_multimodal,SCHO,8,1007,30,500,10,1400.0,1400.7332032853676,0.7332032853676083,1443.404514613195,1400.7332032853676,PASS
F14,simple_multimodal,SCHO,9,1008,30,500,10,1400.0,1401.4993872044518,1.4993872044517502,1477.5270030914594,1401.4993872044518,PASS
F14,simple_multimodal,SCHO,10,1009,30,500,10,1400.0,1400.9067124435724,0.9067124435723599,1457.5154076835945,1400.9067124435724,PASS
F14,simple_multimodal,SCHO,11,1010,30,500,10,1400.0,1401.2263110201764,1.2263110201763538,1459.885235324195,1401.2263110201764,PASS
F14,simple_multimodal,SCHO,12,1011,30,500,10,1400.0,1400.2976473737756,0.2976473737755896,1439.8359408923807,1400.2976473737756,PASS
F14,simple_multimodal,SCHO,13,1012,30,500,10,1400.0,1400.4781565311935,0.4781565311934628,1482.3002677248237,1400.4781565311935,PASS
F14,simple_multimodal,SCHO,14,1013,30,500,10,1400.0,1400.3133640715803,0.31336407158028123,1471.7306427987335,1400.3133640715803,PASS
F14,simple_multimodal,SCHO,15,1014,30,500,10,1400.0,1400.962894532663,0.9628945326630856,1480.256575299972,1400.962894532663,PASS
F14,simple_multimodal,SCHO,16,1015,30,500,10,1400.0,1400.838816639511,0.8388166395109238,1465.5364048192446,1400.838816639511,PASS
F14,simple_multimodal,SCHO,17,1016,30,500,10,1400.0,1400.7863204348998,0.7863204348998352,1485.8049354268846,1400.7863204348998,PASS
F14,simple_multimodal,SCHO,18,1017,30,500,10,1400.0,1403.6629889088963,3.6629889088962955,1483.1801050991428,1403.6629889088963,PASS
F14,simple_multimodal,SCHO,19,1018,30,500,10,1400.0,1400.7857446450114,0.7857446450113912,1460.4206599525323,1400.7857446450114,PASS
F14,simple_multimodal,SCHO,20,1019,30,500,10,1400.0,1400.337613122562,0.3376131225620611,1494.8289619860784,1400.337613122562,PASS
F14,simple_multimodal,SCHO,21,1020,30,500,10,1400.0,1400.3051532805243,0.3051532805243369,1439.8655701193036,1400.3051532805243,PASS
F14,simple_multimodal,SCHO,22,1021,30,500,10,1400.0,1400.2857477368714,0.28574773687137167,1477.9841057170129,1400.2857477368714,PASS
F14,simple_multimodal,SCHO,23,1022,30,500,10,1400.0,1400.3115184667613,0.31151846676129935,1464.4973839965146,1400.3115184667613,PASS
F14,simple_multimodal,SCHO,24,1023,30,500,10,1400.0,1400.3620677885015,0.36206778850146293,1468.1672011594985,1400.3620677885015,PASS
F14,simple_multimodal,SCHO,25,1024,30,500,10,1400.0,1401.226347369284,1.2263473692839852,1477.5937097318572,1401.226347369284,PASS
F14,simple_multimodal,SCHO,26,1025,30,500,10,1400.0,1400.841749953648,0.8417499536481046,1438.6268840791652,1400.841749953648,PASS
F14,simple_multimodal,SCHO,27,1026,30,500,10,1400.0,1402.375591775933,2.3755917759328895,1443.7232123879671,1402.375591775933,PASS
F14,simple_multimodal,SCHO,28,1027,30,500,10,1400.0,1400.8456572970802,0.8456572970801517,1465.660637898707,1400.8456572970802,PASS
F14,simple_multimodal,SCHO,29,1028,30,500,10,1400.0,1400.226830295567,0.22683029556696965,1501.2206756395433,1400.226830295567,PASS
F14,simple_multimodal,SCHO,30,1029,30,500,10,1400.0,1400.3271443666638,0.3271443666637879,1481.5121772177606,1400.3271443666638,PASS
F15,simple_multimodal,GWO,1,1000,30,500,10,1500.0,1501.5079128175512,1.507912817551187,632029.5917141397,1501.5079128175512,PASS
F15,simple_multimodal,GWO,2,1001,30,500,10,1500.0,1502.040513425903,2.0405134259031,70486.68593369996,1502.040513425903,PASS
F15,simple_multimodal,GWO,3,1002,30,500,10,1500.0,1502.2604164207823,2.2604164207823487,283046.93258576345,1502.2604164207823,PASS
F15,simple_multimodal,GWO,4,1003,30,500,10,1500.0,1501.333789651814,1.3337896518139587,124948.75737022217,1501.333789651814,PASS
F15,simple_multimodal,GWO,5,1004,30,500,10,1500.0,1500.7545868929956,0.7545868929955759,209245.71594215132,1500.7545868929956,PASS
F15,simple_multimodal,GWO,6,1005,30,500,10,1500.0,1502.9033388454013,2.903338845401322,665964.9092295305,1502.9033388454013,PASS
F15,simple_multimodal,GWO,7,1006,30,500,10,1500.0,1501.9774487385087,1.9774487385086559,750969.171119875,1501.9774487385087,PASS
F15,simple_multimodal,GWO,8,1007,30,500,10,1500.0,1503.094905222269,3.0949052222690625,454603.37532548455,1503.094905222269,PASS
F15,simple_multimodal,GWO,9,1008,30,500,10,1500.0,1501.6237567351327,1.6237567351327016,300313.03533964686,1501.6237567351327,PASS
F15,simple_multimodal,GWO,10,1009,30,500,10,1500.0,1502.4241019011506,2.424101901150607,680374.053455599,1502.4241019011506,PASS
F15,simple_multimodal,GWO,11,1010,30,500,10,1500.0,1502.855147903753,2.85514790375305,21102.9695300118,1502.855147903753,PASS
F15,simple_multimodal,GWO,12,1011,30,500,10,1500.0,1503.077031084357,3.0770310843570314,92528.49034882548,1503.077031084357,PASS
F15,simple_multimodal,GWO,13,1012,30,500,10,1500.0,1502.6374636873752,2.6374636873752024,3560357.3045741143,1502.6374636873752,PASS
F15,simple_multimodal,GWO,14,1013,30,500,10,1500.0,1502.1798145140915,2.179814514091504,198915.13797688019,1502.1798145140915,PASS
F15,simple_multimodal,GWO,15,1014,30,500,10,1500.0,1504.0222851348217,4.022285134821686,201449.77910003683,1504.0222851348217,PASS
F15,simple_multimodal,GWO,16,1015,30,500,10,1500.0,1501.286723612466,1.2867236124659485,111377.46744244796,1501.286723612466,PASS
F15,simple_multimodal,GWO,17,1016,30,500,10,1500.0,1503.0718195099223,3.0718195099223067,1945772.9605014364,1503.0718195099223,PASS
F15,simple_multimodal,GWO,18,1017,30,500,10,1500.0,1501.510528983655,1.5105289836549218,362114.6377986212,1501.510528983655,PASS
F15,simple_multimodal,GWO,19,1018,30,500,10,1500.0,1503.5460003444718,3.5460003444718495,455925.4612932913,1503.5460003444718,PASS
F15,simple_multimodal,GWO,20,1019,30,500,10,1500.0,1502.4102870113468,2.4102870113467816,1095575.8848279559,1502.4102870113468,PASS
F15,simple_multimodal,GWO,21,1020,30,500,10,1500.0,1501.639136815083,1.6391368150830203,283043.6766911327,1501.639136815083,PASS
F15,simple_multimodal,GWO,22,1021,30,500,10,1500.0,1503.8844580797065,3.884458079706519,35732.02783046986,1503.8844580797065,PASS
F15,simple_multimodal,GWO,23,1022,30,500,10,1500.0,1500.6984226252757,0.6984226252757253,642593.248517343,1500.6984226252757,PASS
F15,simple_multimodal,GWO,24,1023,30,500,10,1500.0,1501.9419017010532,1.9419017010532116,732334.5082745655,1501.9419017010532,PASS
F15,simple_multimodal,GWO,25,1024,30,500,10,1500.0,1502.389278092441,2.389278092440918,77855.40520387504,1502.389278092441,PASS
F15,simple_multimodal,GWO,26,1025,30,500,10,1500.0,1503.3269277177235,3.3269277177234926,1562136.7423479927,1503.3269277177235,PASS
F15,simple_multimodal,GWO,27,1026,30,500,10,1500.0,1501.5628584675733,1.5628584675732782,1020663.1272855363,1501.5628584675733,PASS
F15,simple_multimodal,GWO,28,1027,30,500,10,1500.0,1501.053238897753,1.05323889775309,253354.75761105877,1501.053238897753,PASS
F15,simple_multimodal,GWO,29,1028,30,500,10,1500.0,1501.070997776647,1.070997776646891,1154224.933256753,1501.070997776647,PASS
F15,simple_multimodal,GWO,30,1029,30,500,10,1500.0,1501.383332579245,1.3833325792450069,1386512.8989943953,1501.383332579245,PASS
F15,simple_multimodal,SCHO,1,1000,30,500,10,1500.0,1875.1608562032138,375.1608562032138,435822.2667636709,1875.1608562032138,PASS
F15,simple_multimodal,SCHO,2,1001,30,500,10,1500.0,1504.3340236306117,4.334023630611682,859433.4078681683,1504.3340236306117,PASS
F15,simple_multimodal,SCHO,3,1002,30,500,10,1500.0,1505.1566029361968,5.156602936196805,48334.08986486411,1505.1566029361968,PASS
F15,simple_multimodal,SCHO,4,1003,30,500,10,1500.0,1503.278512766194,3.2785127661938986,237527.23556049692,1503.278512766194,PASS
F15,simple_multimodal,SCHO,5,1004,30,500,10,1500.0,1504.1065199911675,4.106519991167488,280323.8447106154,1504.1065199911675,PASS
F15,simple_multimodal,SCHO,6,1005,30,500,10,1500.0,1503.527890966288,3.5278909662879414,394746.1447961847,1503.527890966288,PASS
F15,simple_multimodal,SCHO,7,1006,30,500,10,1500.0,1503.740806333906,3.7408063339059936,82593.18877390769,1503.740806333906,PASS
F15,simple_multimodal,SCHO,8,1007,30,500,10,1500.0,1976.6035776286137,476.6035776286137,16243.708408284076,1976.6035776286137,PASS
F15,simple_multimodal,SCHO,9,1008,30,500,10,1500.0,1506.283911681963,6.283911681962991,782883.9003924723,1506.283911681963,PASS
F15,simple_multimodal,SCHO,10,1009,30,500,10,1500.0,1509.1966602114728,9.196660211472818,872297.4288821486,1509.1966602114728,PASS
F15,simple_multimodal,SCHO,11,1010,30,500,10,1500.0,1504.1626840449164,4.162684044916432,682304.683356828,1504.1626840449164,PASS
F15,simple_multimodal,SCHO,12,1011,30,500,10,1500.0,1504.984806545507,4.984806545506899,293385.28023873875,1504.984806545507,PASS
F15,simple_multimodal,SCHO,13,1012,30,500,10,1500.0,1515.2027734723792,15.20277347237925,111805.81212045086,1515.2027734723792,PASS
F15,simple_multimodal,SCHO,14,1013,30,500,10,1500.0,1538.1802672391343,38.18026723913431,650467.4002868515,1538.1802672391343,PASS
F15,simple_multimodal,SCHO,15,1014,30,500,10,1500.0,1507.7105910618277,7.710591061827699,46398.64003296704,1507.7105910618277,PASS
F15,simple_multimodal,SCHO,16,1015,30,500,10,1500.0,1504.848584195109,4.84858419510897,911732.5253964504,1504.848584195109,PASS
F15,simple_multimodal,SCHO,17,1016,30,500,10,1500.0,1504.9551198948839,4.955119894883865,245874.36378071384,1504.9551198948839,PASS
F15,simple_multimodal,SCHO,18,1017,30,500,10,1500.0,1541.4707952687418,41.47079526874177,2158363.8321546284,1541.4707952687418,PASS
F15,simple_multimodal,SCHO,19,1018,30,500,10,1500.0,1504.2660602379826,4.266060237982629,119808.6207437047,1504.2660602379826,PASS
F15,simple_multimodal,SCHO,20,1019,30,500,10,1500.0,1505.0723780282908,5.072378028290814,966676.3531023648,1505.0723780282908,PASS
F15,simple_multimodal,SCHO,21,1020,30,500,10,1500.0,1504.3241071303785,4.324107130378479,495410.94734792615,1504.3241071303785,PASS
F15,simple_multimodal,SCHO,22,1021,30,500,10,1500.0,1542.5614215547237,42.561421554723665,340611.8418500287,1542.5614215547237,PASS
F15,simple_multimodal,SCHO,23,1022,30,500,10,1500.0,1504.6513177852635,4.651317785263473,52030.88409399259,1504.6513177852635,PASS
F15,simple_multimodal,SCHO,24,1023,30,500,10,1500.0,1504.2921033075993,4.292103307599291,2174279.118153681,1504.2921033075993,PASS
F15,simple_multimodal,SCHO,25,1024,30,500,10,1500.0,1503.0640652646694,3.0640652646693525,804170.1064072571,1503.0640652646694,PASS
F15,simple_multimodal,SCHO,26,1025,30,500,10,1500.0,1507.7229326779184,7.722932677918379,719912.7349810883,1507.7229326779184,PASS
F15,simple_multimodal,SCHO,27,1026,30,500,10,1500.0,1506.1328614716892,6.132861471689239,689780.3405780848,1506.1328614716892,PASS
F15,simple_multimodal,SCHO,28,1027,30,500,10,1500.0,1507.5963971211113,7.596397121111295,84056.14062387223,1507.5963971211113,PASS
F15,simple_multimodal,SCHO,29,1028,30,500,10,1500.0,1506.2451406492075,6.245140649207542,481777.8915226792,1506.2451406492075,PASS
F15,simple_multimodal,SCHO,30,1029,30,500,10,1500.0,1508.7676315382469,8.76763153824686,2082769.7848503757,1508.7676315382469,PASS
F16,simple_multimodal,GWO,1,1000,30,500,10,1600.0,1602.6187778303845,2.618777830384488,1604.3789234874732,1602.6187778303845,PASS
F16,simple_multimodal,GWO,2,1001,30,500,10,1600.0,1602.6694803454093,2.6694803454092835,1604.5049791131903,1602.6694803454093,PASS
F16,simple_multimodal,GWO,3,1002,30,500,10,1600.0,1603.376687710116,3.3766877101159025,1604.7142100788665,1603.376687710116,PASS
F16,simple_multimodal,GWO,4,1003,30,500,10,1600.0,1603.0192255399602,3.019225539960189,1604.756473021743,1603.0192255399602,PASS
F16,simple_multimodal,GWO,5,1004,30,500,10,1600.0,1603.0820200637295,3.0820200637294874,1604.5767944642348,1603.0820200637295,PASS
F16,simple_multimodal,GWO,6,1005,30,500,10,1600.0,1602.745245199038,2.7452451990379814,1604.6327688639265,1602.745245199038,PASS
F16,simple_multimodal,GWO,7,1006,30,500,10,1600.0,1602.662559081768,2.662559081767995,1604.4264257789112,1602.662559081768,PASS
F16,simple_multimodal,GWO,8,1007,30,500,10,1600.0,1603.0334590352504,3.0334590352504165,1604.7406158939389,1603.0334590352504,PASS
F16,simple_multimodal,GWO,9,1008,30,500,10,1600.0,1603.995373237494,3.99537323749405,1604.5983681137952,1603.995373237494,PASS
F16,simple_multimodal,GWO,10,1009,30,500,10,1600.0,1603.6191776195071,3.619177619507127,1604.5367775334569,1603.6191776195071,PASS
F16,simple_multimodal,GWO,11,1010,30,500,10,1600.0,1603.0279891763955,3.027989176395522,1604.6921574255534,1603.0279891763955,PASS
F16,simple_multimodal,GWO,12,1011,30,500,10,1600.0,1603.4359056159972,3.4359056159971715,1604.4543391004283,1603.4359056159972,PASS
F16,simple_multimodal,GWO,13,1012,30,500,10,1600.0,1601.9515536999552,1.9515536999551841,1604.642887719913,1601.9515536999552,PASS
F16,simple_multimodal,GWO,14,1013,30,500,10,1600.0,1602.3409244211875,2.3409244211875375,1604.6205251795566,1602.3409244211875,PASS
F16,simple_multimodal,GWO,15,1014,30,500,10,1600.0,1602.79291223963,2.7929122396299135,1604.7475691929872,1602.79291223963,PASS
F16,simple_multimodal,GWO,16,1015,30,500,10,1600.0,1603.0594309401506,3.0594309401506052,1604.736094862225,1603.0594309401506,PASS
F16,simple_multimodal,GWO,17,1016,30,500,10,1600.0,1602.933037239957,2.9330372399570024,1604.8532620807894,1602.933037239957,PASS
F16,simple_multimodal,GWO,18,1017,30,500,10,1600.0,1602.6539616602065,2.6539616602065053,1604.5909799659948,1602.6539616602065,PASS
F16,simple_multimodal,GWO,19,1018,30,500,10,1600.0,1603.04417798162,3.044177981619896,1604.8461002309775,1603.04417798162,PASS
F16,simple_multimodal,GWO,20,1019,30,500,10,1600.0,1603.9805681718783,3.9805681718783035,1604.6359909134746,1603.9805681718783,PASS
F16,simple_multimodal,GWO,21,1020,30,500,10,1600.0,1602.86694864675,2.866948646749961,1604.694126101892,1602.86694864675,PASS
F16,simple_multimodal,GWO,22,1021,30,500,10,1600.0,1602.6798498444389,2.679849844438877,1604.5280264554438,1602.6798498444389,PASS
F16,simple_multimodal,GWO,23,1022,30,500,10,1600.0,1601.895476707441,1.8954767074410483,1604.8722864651697,1601.895476707441,PASS
F16,simple_multimodal,GWO,24,1023,30,500,10,1600.0,1602.886050770135,2.8860507701349434,1604.656010359294,1602.886050770135,PASS
F16,simple_multimodal,GWO,25,1024,30,500,10,1600.0,1602.742875841988,2.7428758419880523,1604.4078202736953,1602.742875841988,PASS
F16,simple_multimodal,GWO,26,1025,30,500,10,1600.0,1601.7985900077792,1.7985900077792394,1604.7939479409147,1601.7985900077792,PASS
F16,simple_multimodal,GWO,27,1026,30,500,10,1600.0,1603.074956262203,3.0749562622029316,1604.3277441950806,1603.074956262203,PASS
F16,simple_multimodal,GWO,28,1027,30,500,10,1600.0,1603.108042807213,3.108042807212996,1604.7063439052024,1603.108042807213,PASS
F16,simple_multimodal,GWO,29,1028,30,500,10,1600.0,1603.0476109149783,3.0476109149783497,1604.5614880155815,1603.0476109149783,PASS
F16,simple_multimodal,GWO,30,1029,30,500,10,1600.0,1603.4683008474526,3.4683008474526105,1604.6768533200448,1603.4683008474526,PASS
F16,simple_multimodal,SCHO,1,1000,30,500,10,1600.0,1603.2762702840782,3.2762702840782367,1604.6022262263511,1603.2762702840782,PASS
F16,simple_multimodal,SCHO,2,1001,30,500,10,1600.0,1603.6651213611797,3.665121361179672,1604.5761344065356,1603.6651213611797,PASS
F16,simple_multimodal,SCHO,3,1002,30,500,10,1600.0,1603.3121881243926,3.3121881243926055,1604.6105352611505,1603.3121881243926,PASS
F16,simple_multimodal,SCHO,4,1003,30,500,10,1600.0,1603.4357931773386,3.43579317733861,1604.5627797855868,1603.4357931773386,PASS
F16,simple_multimodal,SCHO,5,1004,30,500,10,1600.0,1603.1824377122962,3.182437712296178,1604.1967089604982,1603.1824377122962,PASS
F16,simple_multimodal,SCHO,6,1005,30,500,10,1600.0,1603.7364330541222,3.7364330541222444,1604.6729703907506,1603.7364330541222,PASS
F16,simple_multimodal,SCHO,7,1006,30,500,10,1600.0,1603.008887029776,3.008887029775906,1604.4026293949219,1603.008887029776,PASS
F16,simple_multimodal,SCHO,8,1007,30,500,10,1600.0,1603.6880756535209,3.6880756535208548,1604.624840568368,1603.6880756535209,PASS
F16,simple_multimodal,SCHO,9,1008,30,500,10,1600.0,1603.954279720775,3.954279720775048,1604.589035864839,1603.954279720775,PASS
F16,simple_multimodal,SCHO,10,1009,30,500,10,1600.0,1603.2957237896803,3.2957237896803235,1604.6629222750705,1603.2957237896803,PASS
F16,simple_multimodal,SCHO,11,1010,30,500,10,1600.0,1603.5263113062488,3.526311306248772,1604.5245427881769,1603.5263113062488,PASS
F16,simple_multimodal,SCHO,12,1011,30,500,10,1600.0,1603.8412886768235,3.841288676823524,1604.4278543480416,1603.8412886768235,PASS
F16,simple_multimodal,SCHO,13,1012,30,500,10,1600.0,1603.3814087368792,3.381408736879166,1604.75416090617,1603.3814087368792,PASS
F16,simple_multimodal,SCHO,14,1013,30,500,10,1600.0,1603.3684614221445,3.3684614221444917,1604.526293773307,1603.3684614221445,PASS
F16,simple_multimodal,SCHO,15,1014,30,500,10,1600.0,1603.5054255403206,3.50542554032063,1604.699859865369,1603.5054255403206,PASS
F16,simple_multimodal,SCHO,16,1015,30,500,10,1600.0,1603.5288987973324,3.528898797332431,1604.0800194399937,1603.5288987973324,PASS
F16,simple_multimodal,SCHO,17,1016,30,500,10,1600.0,1603.2557366610024,3.255736661002402,1604.7768361124683,1603.2557366610024,PASS
F16,simple_multimodal,SCHO,18,1017,30,500,10,1600.0,1603.3938540315414,3.393854031541423,1604.5786609503998,1603.3938540315414,PASS
F16,simple_multimodal,SCHO,19,1018,30,500,10,1600.0,1603.4573501130344,3.4573501130344084,1604.6011613478884,1603.4573501130344,PASS
F16,simple_multimodal,SCHO,20,1019,30,500,10,1600.0,1603.7040874504116,3.7040874504116346,1604.593066704398,1603.7040874504116,PASS
F16,simple_multimodal,SCHO,21,1020,30,500,10,1600.0,1603.5598554764483,3.5598554764483197,1604.5526996670828,1603.5598554764483,PASS
F16,simple_multimodal,SCHO,22,1021,30,500,10,1600.0,1603.5039252286565,3.503925228656499,1604.7398003553615,1603.5039252286565,PASS
F16,simple_multimodal,SCHO,23,1022,30,500,10,1600.0,1603.1964826996207,3.196482699620674,1604.816712753677,1603.1964826996207,PASS
F16,simple_multimodal,SCHO,24,1023,30,500,10,1600.0,1603.978736283676,3.978736283675971,1604.6260983276666,1603.978736283676,PASS
F16,simple_multimodal,SCHO,25,1024,30,500,10,1600.0,1602.7248680470439,2.7248680470438558,1604.2171929456026,1602.7248680470439,PASS
F16,simple_multimodal,SCHO,26,1025,30,500,10,1600.0,1603.4953057084992,3.495305708499245,1604.8167821703603,1603.4953057084992,PASS
F16,simple_multimodal,SCHO,27,1026,30,500,10,1600.0,1603.1014150355384,3.1014150355383663,1604.6509849657946,1603.1014150355384,PASS
F16,simple_multimodal,SCHO,28,1027,30,500,10,1600.0,1603.4904851884705,3.4904851884705295,1604.7651773934995,1603.4904851884705,PASS
F16,simple_multimodal,SCHO,29,1028,30,500,10,1600.0,1603.035444172361,3.0354441723609398,1604.6179075223592,1603.035444172361,PASS
F16,simple_multimodal,SCHO,30,1029,30,500,10,1600.0,1603.432647127475,3.432647127475093,1604.4014766736905,1603.432647127475,PASS
F17,hybrid,GWO,1,1000,30,500,10,1700.0,9430.560220916843,7730.560220916843,29116830.33401849,9430.560220916843,PASS
F17,hybrid,GWO,2,1001,30,500,10,1700.0,4584.53741301675,2884.53741301675,21889007.323506966,4584.53741301675,PASS
F17,hybrid,GWO,3,1002,30,500,10,1700.0,9434.943693849804,7734.943693849804,38927053.992205225,9434.943693849804,PASS
F17,hybrid,GWO,4,1003,30,500,10,1700.0,10185.315622384978,8485.315622384978,23064608.585890148,10185.315622384978,PASS
F17,hybrid,GWO,5,1004,30,500,10,1700.0,613557.5002066307,611857.5002066307,45830888.46560665,613557.5002066307,PASS
F17,hybrid,GWO,6,1005,30,500,10,1700.0,6607.782962363392,4907.782962363392,64118770.334974535,6607.782962363392,PASS
F17,hybrid,GWO,7,1006,30,500,10,1700.0,6338.64402744204,4638.64402744204,11821892.731779562,6338.64402744204,PASS
F17,hybrid,GWO,8,1007,30,500,10,1700.0,9394.92184535705,7694.92184535705,11549739.960929787,9394.92184535705,PASS
F17,hybrid,GWO,9,1008,30,500,10,1700.0,7544.566774676175,5844.566774676175,11446894.563282857,7544.566774676175,PASS
F17,hybrid,GWO,10,1009,30,500,10,1700.0,386910.31304538646,385210.31304538646,17282131.030336216,386910.31304538646,PASS
F17,hybrid,GWO,11,1010,30,500,10,1700.0,4455.633455192949,2755.6334551929494,32703169.620312903,4455.633455192949,PASS
F17,hybrid,GWO,12,1011,30,500,10,1700.0,4097.165339220733,2397.1653392207327,4077883.1874288707,4097.165339220733,PASS
F17,hybrid,GWO,13,1012,30,500,10,1700.0,357844.074337286,356144.074337286,62218319.95079919,357844.074337286,PASS
F17,hybrid,GWO,14,1013,30,500,10,1700.0,12407.378627819466,10707.378627819466,59273582.6183223,12407.378627819466,PASS
F17,hybrid,GWO,15,1014,30,500,10,1700.0,4284.039632851105,2584.039632851105,21644375.3477876,4284.039632851105,PASS
F17,hybrid,GWO,16,1015,30,500,10,1700.0,215153.84662416825,213453.84662416825,39634298.249919765,215153.84662416825,PASS
F17,hybrid,GWO,17,1016,30,500,10,1700.0,345923.4464362835,344223.4464362835,2382712.912135282,345923.4464362835,PASS
F17,hybrid,GWO,18,1017,30,500,10,1700.0,3751.5016273840406,2051.5016273840406,25434513.84198926,3751.5016273840406,PASS
F17,hybrid,GWO,19,1018,30,500,10,1700.0,4088.3658851187865,2388.3658851187865,90636915.01024494,4088.3658851187865,PASS
F17,hybrid,GWO,20,1019,30,500,10,1700.0,362348.57720382744,360648.57720382744,2795348.1767865987,362348.57720382744,PASS
F17,hybrid,GWO,21,1020,30,500,10,1700.0,4482.549848938293,2782.5498489382926,52697905.065552905,4482.549848938293,PASS
F17,hybrid,GWO,22,1021,30,500,10,1700.0,5364.300156393504,3664.300156393504,67246010.70842476,5364.300156393504,PASS
F17,hybrid,GWO,23,1022,30,500,10,1700.0,276029.1382970559,274329.1382970559,102577597.28212002,276029.1382970559,PASS
F17,hybrid,GWO,24,1023,30,500,10,1700.0,613391.5733323519,611691.5733323519,40263750.51257476,613391.5733323519,PASS
F17,hybrid,GWO,25,1024,30,500,10,1700.0,357500.8723045198,355800.8723045198,11401424.071592558,357500.8723045198,PASS
F17,hybrid,GWO,26,1025,30,500,10,1700.0,4132.393714720103,2432.393714720103,6458606.529633477,4132.393714720103,PASS
F17,hybrid,GWO,27,1026,30,500,10,1700.0,5465.227442887679,3765.227442887679,41256080.177950405,5465.227442887679,PASS
F17,hybrid,GWO,28,1027,30,500,10,1700.0,12950.72998389204,11250.72998389204,41323602.49978205,12950.72998389204,PASS
F17,hybrid,GWO,29,1028,30,500,10,1700.0,342788.9062132729,341088.9062132729,66104301.46383005,342788.9062132729,PASS
F17,hybrid,GWO,30,1029,30,500,10,1700.0,4722.64435892121,3022.6443589212104,7547787.5749352565,4722.64435892121,PASS
F17,hybrid,SCHO,1,1000,30,500,10,1700.0,6237.893461796275,4537.893461796275,72413789.21174915,6237.893461796275,PASS
F17,hybrid,SCHO,2,1001,30,500,10,1700.0,2735.470314533587,1035.470314533587,1910371.9226054878,2735.470314533587,PASS
F17,hybrid,SCHO,3,1002,30,500,10,1700.0,8184.192272137081,6484.192272137081,60007499.36763354,8184.192272137081,PASS
F17,hybrid,SCHO,4,1003,30,500,10,1700.0,403206.81460929674,401506.81460929674,2951160.1368586705,403206.81460929674,PASS
F17,hybrid,SCHO,5,1004,30,500,10,1700.0,377608.1153852222,375908.1153852222,4107990.0468086693,377608.1153852222,PASS
F17,hybrid,SCHO,6,1005,30,500,10,1700.0,503112.38803247554,501412.38803247554,2732352.1849233983,503112.38803247554,PASS
F17,hybrid,SCHO,7,1006,30,500,10,1700.0,567356.3239511604,565656.3239511604,47061949.031942055,567356.3239511604,PASS
F17,hybrid,SCHO,8,1007,30,500,10,1700.0,5985.9368490964525,4285.9368490964525,94168782.89864361,5985.9368490964525,PASS
F17,hybrid,SCHO,9,1008,30,500,10,1700.0,213178.05057262193,211478.05057262193,99536734.79473889,213178.05057262193,PASS
F17,hybrid,SCHO,10,1009,30,500,10,1700.0,667319.565737718,665619.565737718,50863294.60221045,667319.565737718,PASS
F17,hybrid,SCHO,11,1010,30,500,10,1700.0,105867.63441507974,104167.63441507974,50618528.39313216,105867.63441507974,PASS
F17,hybrid,SCHO,12,1011,30,500,10,1700.0,3179.6159334973886,1479.6159334973886,1973499.5604248561,3179.6159334973886,PASS
F17,hybrid,SCHO,13,1012,30,500,10,1700.0,399304.9378699909,397604.9378699909,10458919.056918526,399304.9378699909,PASS
F17,hybrid,SCHO,14,1013,30,500,10,1700.0,458092.23481461464,456392.23481461464,3209251.9201026126,458092.23481461464,PASS
F17,hybrid,SCHO,15,1014,30,500,10,1700.0,36772.12595774496,35072.12595774496,28717862.27104943,36772.12595774496,PASS
F17,hybrid,SCHO,16,1015,30,500,10,1700.0,558979.265062005,557279.265062005,16561681.102103218,558979.265062005,PASS
F17,hybrid,SCHO,17,1016,30,500,10,1700.0,452954.4725033823,451254.4725033823,8589061.521438854,452954.4725033823,PASS
F17,hybrid,SCHO,18,1017,30,500,10,1700.0,762201.8196067043,760501.8196067043,23629705.897311207,762201.8196067043,PASS
F17,hybrid,SCHO,19,1018,30,500,10,1700.0,20744.958292009047,19044.958292009047,70247789.48988101,20744.958292009047,PASS
F17,hybrid,SCHO,20,1019,30,500,10,1700.0,12818.521123172946,11118.521123172946,20426255.94438634,12818.521123172946,PASS
F17,hybrid,SCHO,21,1020,30,500,10,1700.0,567467.6253179143,565767.6253179143,2366540.1534943837,567467.6253179143,PASS
F17,hybrid,SCHO,22,1021,30,500,10,1700.0,363030.1894730894,361330.1894730894,12440244.007749898,363030.1894730894,PASS
F17,hybrid,SCHO,23,1022,30,500,10,1700.0,762899.9643307383,761199.9643307383,40396316.036885746,762899.9643307383,PASS
F17,hybrid,SCHO,24,1023,30,500,10,1700.0,110305.2151973853,108605.2151973853,2718263.343583283,110305.2151973853,PASS
F17,hybrid,SCHO,25,1024,30,500,10,1700.0,450113.72338307335,448413.72338307335,1432621.037832548,450113.72338307335,PASS
F17,hybrid,SCHO,26,1025,30,500,10,1700.0,20844.833515222264,19144.833515222264,14108248.364419907,20844.833515222264,PASS
F17,hybrid,SCHO,27,1026,30,500,10,1700.0,14838.662222470453,13138.662222470453,59613074.82907116,14838.662222470453,PASS
F17,hybrid,SCHO,28,1027,30,500,10,1700.0,6814.17392425736,5114.17392425736,18983412.842046667,6814.17392425736,PASS
F17,hybrid,SCHO,29,1028,30,500,10,1700.0,762935.8329643534,761235.8329643534,46123006.67982119,762935.8329643534,PASS
F17,hybrid,SCHO,30,1029,30,500,10,1700.0,47674.31188139882,45974.31188139882,51031326.19923951,47674.31188139882,PASS
F18,hybrid,GWO,1,1000,30,500,10,1800.0,8032.364750846751,6232.364750846751,137696814.09807912,8032.364750846751,PASS
F18,hybrid,GWO,2,1001,30,500,10,1800.0,2120.1673153717056,320.1673153717056,342543061.55428225,2120.1673153717056,PASS
F18,hybrid,GWO,3,1002,30,500,10,1800.0,2805.9144810171724,1005.9144810171724,1237761278.4533887,2805.9144810171724,PASS
F18,hybrid,GWO,4,1003,30,500,10,1800.0,29226.322707700983,27426.322707700983,599817817.6752657,29226.322707700983,PASS
F18,hybrid,GWO,5,1004,30,500,10,1800.0,36543.50013271231,34743.50013271231,149565563.79278517,36543.50013271231,PASS
F18,hybrid,GWO,6,1005,30,500,10,1800.0,3446.4218604605803,1646.4218604605803,893491763.345341,3446.4218604605803,PASS
F18,hybrid,GWO,7,1006,30,500,10,1800.0,37272.367466629854,35472.367466629854,646458061.005889,37272.367466629854,PASS
F18,hybrid,GWO,8,1007,30,500,10,1800.0,8844.746112446026,7044.746112446026,43120562.536049776,8844.746112446026,PASS
F18,hybrid,GWO,9,1008,30,500,10,1800.0,18119.367655641927,16319.367655641927,442614898.6769901,18119.367655641927,PASS
F18,hybrid,GWO,10,1009,30,500,10,1800.0,16366.374303819726,14566.374303819726,27715118.264648132,16366.374303819726,PASS
F18,hybrid,GWO,11,1010,30,500,10,1800.0,6695.429886344387,4895.429886344387,86614262.8978833,6695.429886344387,PASS
F18,hybrid,GWO,12,1011,30,500,10,1800.0,8819.440613561532,7019.440613561532,12402107.288650954,8819.440613561532,PASS
F18,hybrid,GWO,13,1012,30,500,10,1800.0,4267.280402704113,2467.280402704113,79853201.00108019,4267.280402704113,PASS
F18,hybrid,GWO,14,1013,30,500,10,1800.0,2865.862912348438,1065.862912348438,78772358.24120428,2865.862912348438,PASS
F18,hybrid,GWO,15,1014,30,500,10,1800.0,16667.392236395568,14867.392236395568,75143410.46610592,16667.392236395568,PASS
F18,hybrid,GWO,16,1015,30,500,10,1800.0,7187.430294854542,5387.430294854542,1203454221.588018,7187.430294854542,PASS
F18,hybrid,GWO,17,1016,30,500,10,1800.0,5363.685530114177,3563.685530114177,88738615.29784384,5363.685530114177,PASS
F18,hybrid,GWO,18,1017,30,500,10,1800.0,16067.587308290584,14267.587308290584,457309719.65930027,16067.587308290584,PASS
F18,hybrid,GWO,19,1018,30,500,10,1800.0,31151.55374606253,29351.55374606253,549994142.601458,31151.55374606253,PASS
F18,hybrid,GWO,20,1019,30,500,10,1800.0,8636.31028581669,6836.310285816689,289235299.1659642,8636.31028581669,PASS
F18,hybrid,GWO,21,1020,30,500,10,1800.0,2095.009199614797,295.0091996147971,50806673.895153716,2095.009199614797,PASS
F18,hybrid,GWO,22,1021,30,500,10,1800.0,13383.612941157964,11583.612941157964,203187998.43279836,13383.612941157964,PASS
F18,hybrid,GWO,23,1022,30,500,10,1800.0,9005.101608896748,7205.101608896748,634676062.1737732,9005.101608896748,PASS
F18,hybrid,GWO,24,1023,30,500,10,1800.0,3217.79778068228,1417.79778068228,430404856.0045656,3217.79778068228,PASS
F18,hybrid,GWO,25,1024,30,500,10,1800.0,9990.604281671667,8190.604281671667,267590133.46781245,9990.604281671667,PASS
F18,hybrid,GWO,26,1025,30,500,10,1800.0,4515.430238446734,2715.4302384467337,776555939.7985995,4515.430238446734,PASS
F18,hybrid,GWO,27,1026,30,500,10,1800.0,4124.401314493527,2324.401314493527,187434606.7776476,4124.401314493527,PASS
F18,hybrid,GWO,28,1027,30,500,10,1800.0,8170.610262238155,6370.610262238155,39597525.06693264,8170.610262238155,PASS
F18,hybrid,GWO,29,1028,30,500,10,1800.0,9431.441510149187,7631.441510149187,24275269.88417951,9431.441510149187,PASS
F18,hybrid,GWO,30,1029,30,500,10,1800.0,14823.862345366935,13023.862345366935,119854277.16438629,14823.862345366935,PASS
F18,hybrid,SCHO,1,1000,30,500,10,1800.0,15815.51022970619,14015.51022970619,103691241.31287572,15815.51022970619,PASS
F18,hybrid,SCHO,2,1001,30,500,10,1800.0,4834.14682110082,3034.1468211008196,251495840.7610134,4834.14682110082,PASS
F18,hybrid,SCHO,3,1002,30,500,10,1800.0,2505.650870790428,705.6508707904281,26658451.836638685,2505.650870790428,PASS
F18,hybrid,SCHO,4,1003,30,500,10,1800.0,3474.194895577936,1674.1948955779362,292060930.5840615,3474.194895577936,PASS
F18,hybrid,SCHO,5,1004,30,500,10,1800.0,13478.323869766764,11678.323869766764,72259340.15654881,13478.323869766764,PASS
F18,hybrid,SCHO,6,1005,30,500,10,1800.0,1966.7525900920843,166.75259009208435,247887315.14459854,1966.7525900920843,PASS
F18,hybrid,SCHO,7,1006,30,500,10,1800.0,32474.407861174637,30674.407861174637,182700438.83155632,32474.407861174637,PASS
F18,hybrid,SCHO,8,1007,30,500,10,1800.0,7931.401908145852,6131.401908145852,106497253.6351874,7931.401908145852,PASS
F18,hybrid,SCHO,9,1008,30,500,10,1800.0,2340.8227407236277,540.8227407236277,323004512.93315107,2340.8227407236277,PASS
F18,hybrid,SCHO,10,1009,30,500,10,1800.0,15860.427872394861,14060.427872394861,164992708.75108477,15860.427872394861,PASS
F18,hybrid,SCHO,11,1010,30,500,10,1800.0,5687.878084891758,3887.8780848917577,1706846444.2973185,5687.878084891758,PASS
F18,hybrid,SCHO,12,1011,30,500,10,1800.0,14915.402008966486,13115.402008966486,141372177.06409228,14915.402008966486,PASS
F18,hybrid,SCHO,13,1012,30,500,10,1800.0,8255.883747982567,6455.883747982567,207756299.1372244,8255.883747982567,PASS
F18,hybrid,SCHO,14,1013,30,500,10,1800.0,12320.982027192338,10520.982027192338,168813053.24992406,12320.982027192338,PASS
F18,hybrid,SCHO,15,1014,30,500,10,1800.0,2369.8160081452284,569.8160081452284,568276602.044548,2369.8160081452284,PASS
F18,hybrid,SCHO,16,1015,30,500,10,1800.0,15364.884941642118,13564.884941642118,740156079.8082454,15364.884941642118,PASS
F18,hybrid,SCHO,17,1016,30,500,10,1800.0,33330.99088975812,31530.99088975812,121775302.12254784,33330.99088975812,PASS
F18,hybrid,SCHO,18,1017,30,500,10,1800.0,38400.13586835357,36600.13586835357,649256084.9451208,38400.13586835357,PASS
F18,hybrid,SCHO,19,1018,30,500,10,1800.0,20237.65059246109,18437.65059246109,122259093.95716238,20237.65059246109,PASS
F18,hybrid,SCHO,20,1019,30,500,10,1800.0,8226.28084845162,6426.280848451621,684726818.4902765,8226.28084845162,PASS
F18,hybrid,SCHO,21,1020,30,500,10,1800.0,13475.179671412592,11675.179671412592,539225677.6955712,13475.179671412592,PASS
F18,hybrid,SCHO,22,1021,30,500,10,1800.0,4096.345426336989,2296.3454263369886,279795222.30558324,4096.345426336989,PASS
F18,hybrid,SCHO,23,1022,30,500,10,1800.0,19806.392077021363,18006.392077021363,386198021.1338537,19806.392077021363,PASS
F18,hybrid,SCHO,24,1023,30,500,10,1800.0,19792.343555333642,17992.343555333642,389290155.51813376,19792.343555333642,PASS
F18,hybrid,SCHO,25,1024,30,500,10,1800.0,2713.0553346762763,913.0553346762763,51175302.34220395,2713.0553346762763,PASS
F18,hybrid,SCHO,26,1025,30,500,10,1800.0,37526.9181559431,35726.9181559431,34698439.70399234,37526.9181559431,PASS
F18,hybrid,SCHO,27,1026,30,500,10,1800.0,12212.780853514492,10412.780853514492,18096018.37699979,12212.780853514492,PASS
F18,hybrid,SCHO,28,1027,30,500,10,1800.0,2888.7615942513658,1088.7615942513658,216181276.8074851,2888.7615942513658,PASS
F18,hybrid,SCHO,29,1028,30,500,10,1800.0,14055.105528255242,12255.105528255242,706513748.8404661,14055.105528255242,PASS
F18,hybrid,SCHO,30,1029,30,500,10,1800.0,2981.163671355788,1181.1636713557882,113696246.82759011,2981.163671355788,PASS
F19,hybrid,GWO,1,1000,30,500,10,1900.0,1902.5902613658363,2.5902613658363407,2018.9900006150158,1902.5902613658363,PASS
F19,hybrid,GWO,2,1001,30,500,10,1900.0,1903.6102585074877,3.6102585074877425,2048.0392916915907,1903.6102585074877,PASS
F19,hybrid,GWO,3,1002,30,500,10,1900.0,1904.642182759757,4.642182759756906,2113.665305372366,1904.642182759757,PASS
F19,hybrid,GWO,4,1003,30,500,10,1900.0,1904.852235471946,4.85223547194596,2015.4623458447697,1904.852235471946,PASS
F19,hybrid,GWO,5,1004,30,500,10,1900.0,1902.312889836721,2.3128898367210695,1984.9104610561428,1902.312889836721,PASS
F19,hybrid,GWO,6,1005,30,500,10,1900.0,1901.9259998790044,1.9259998790043937,2073.7974025505846,1901.9259998790044,PASS
F19,hybrid,GWO,7,1006,30,500,10,1900.0,1902.2973280474287,2.297328047428664,2082.1606506186345,1902.2973280474287,PASS
F19,hybrid,GWO,8,1007,30,500,10,1900.0,1903.4049788145783,3.4049788145782713,2202.6918701005798,1903.4049788145783,PASS
F19,hybrid,GWO,9,1008,30,500,10,1900.0,1903.0217161424084,3.0217161424084225,1980.7866529941755,1903.0217161424084,PASS
F19,hybrid,GWO,10,1009,30,500,10,1900.0,1903.0101870838905,3.0101870838905143,2052.37627380021,1903.0101870838905,PASS
F19,hybrid,GWO,11,1010,30,500,10,1900.0,1903.5569935552012,3.5569935552011884,2106.5551463529714,1903.5569935552012,PASS
F19,hybrid,GWO,12,1011,30,500,10,1900.0,1901.6923119250177,1.6923119250177479,1931.936381027241,1901.6923119250177,PASS
F19,hybrid,GWO,13,1012,30,500,10,1900.0,1903.5644102219,3.5644102219000615,2020.6153988535448,1903.5644102219,PASS
F19,hybrid,GWO,14,1013,30,500,10,1900.0,1903.4449700585296,3.444970058529634,2102.9129870907527,1903.4449700585296,PASS
F19,hybrid,GWO,15,1014,30,500,10,1900.0,1903.5203900239708,3.5203900239707764,2005.2894369514781,1903.5203900239708,PASS
F19,hybrid,GWO,16,1015,30,500,10,1900.0,1901.516214931514,1.516214931514014,2086.9357928634754,1901.516214931514,PASS
F19,hybrid,GWO,17,1016,30,500,10,1900.0,1902.3390947414366,2.339094741436611,1970.012817445149,1902.3390947414366,PASS
F19,hybrid,GWO,18,1017,30,500,10,1900.0,1901.745209125715,1.7452091257150641,1987.7384859842366,1901.745209125715,PASS
F19,hybrid,GWO,19,1018,30,500,10,1900.0,1903.5763355863141,3.576335586314144,1948.8923444105685,1903.5763355863141,PASS
F19,hybrid,GWO,20,1019,30,500,10,1900.0,1905.2680952329401,5.268095232940141,2054.681651523144,1905.2680952329401,PASS
F19,hybrid,GWO,21,1020,30,500,10,1900.0,1903.8972385577847,3.8972385577847035,1940.9123136458165,1903.8972385577847,PASS
F19,hybrid,GWO,22,1021,30,500,10,1900.0,1902.3983114223702,2.3983114223701705,2143.204600701244,1902.3983114223702,PASS
F19,hybrid,GWO,23,1022,30,500,10,1900.0,1902.6110527826409,2.6110527826408543,2261.1611749489375,1902.6110527826409,PASS
F19,hybrid,GWO,24,1023,30,500,10,1900.0,1902.583583295015,2.5835832950149324,2102.654285239167,1902.583583295015,PASS
F19,hybrid,GWO,25,1024,30,500,10,1900.0,1902.5360090018025,2.5360090018025403,2122.8180138783773,1902.5360090018025,PASS
F19,hybrid,GWO,26,1025,30,500,10,1900.0,1905.6713177686006,5.671317768600602,2038.1260937688871,1905.6713177686006,PASS
F19,hybrid,GWO,27,1026,30,500,10,1900.0,1902.6863125342352,2.686312534235185,1978.8706614258047,1902.6863125342352,PASS
F19,hybrid,GWO,28,1027,30,500,10,1900.0,1902.2186186289905,2.218618628990498,1982.262613750763,1902.2186186289905,PASS
F19,hybrid,GWO,29,1028,30,500,10,1900.0,1901.6837844305173,1.6837844305173348,1972.5344503474148,1901.6837844305173,PASS
F19,hybrid,GWO,30,1029,30,500,10,1900.0,1902.6421097496004,2.642109749600422,1960.1119981152808,1902.6421097496004,PASS
F19,hybrid,SCHO,1,1000,30,500,10,1900.0,1906.2762111215952,6.2762111215952245,1989.0876219041713,1906.2762111215952,PASS
F19,hybrid,SCHO,2,1001,30,500,10,1900.0,1901.7550536695276,1.7550536695275696,2040.7003223726106,1901.7550536695276,PASS
F19,hybrid,SCHO,3,1002,30,500,10,1900.0,1902.7323801769735,2.732380176973493,1940.6573088967523,1902.7323801769735,PASS
F19,hybrid,SCHO,4,1003,30,500,10,1900.0,1901.67959619937,1.679596199370053,2016.6100105167752,1901.67959619937,PASS
F19,hybrid,SCHO,5,1004,30,500,10,1900.0,1903.8171453832222,3.8171453832221687,2094.1159107495446,1903.8171453832222,PASS
F19,hybrid,SCHO,6,1005,30,500,10,1900.0,1905.8436628655231,5.843662865523129,2093.9118847074647,1905.8436628655231,PASS
F19,hybrid,SCHO,7,1006,30,500,10,1900.0,1905.3335716836914,5.333571683691389,1997.3347413768308,1905.3335716836914,PASS
F19,hybrid,SCHO,8,1007,30,500,10,1900.0,1903.0328632629985,3.0328632629984895,2203.585123946562,1903.0328632629985,PASS
F19,hybrid,SCHO,9,1008,30,500,10,1900.0,1902.1233115999746,2.1233115999746133,2014.781498610961,1902.1233115999746,PASS
F19,hybrid,SCHO,10,1009,30,500,10,1900.0,1904.3799222478629,4.379922247862851,2112.5124003411606,1904.3799222478629,PASS
F19,hybrid,SCHO,11,1010,30,500,10,1900.0,1905.8537904404939,5.853790440493867,2050.045866616018,1905.8537904404939,PASS
F19,hybrid,SCHO,12,1011,30,500,10,1900.0,1907.5669238855544,7.566923885554388,2143.4295426321096,1907.5669238855544,PASS
F19,hybrid,SCHO,13,1012,30,500,10,1900.0,1902.9329975682817,2.932997568281735,1995.2154378725,1902.9329975682817,PASS
F19,hybrid,SCHO,14,1013,30,500,10,1900.0,1903.5701958290863,3.5701958290862876,2046.4982089152522,1903.5701958290863,PASS
F19,hybrid,SCHO,15,1014,30,500,10,1900.0,1955.5553419850196,55.555341985019595,2111.0602504574017,1955.5553419850196,PASS
F19,hybrid,SCHO,16,1015,30,500,10,1900.0,1903.1502337077811,3.150233707781126,1920.3705879176816,1903.1502337077811,PASS
F19,hybrid,SCHO,17,1016,30,500,10,1900.0,1903.320119050763,3.320119050762969,2037.725515962504,1903.320119050763,PASS
F19,hybrid,SCHO,18,1017,30,500,10,1900.0,1953.9941970455186,53.994197045518604,2042.5861305490257,1953.9941970455186,PASS
F19,hybrid,SCHO,19,1018,30,500,10,1900.0,1905.7062219759127,5.70622197591274,2007.3442791816803,1905.7062219759127,PASS
F19,hybrid,SCHO,20,1019,30,500,10,1900.0,1903.4005557785922,3.4005557785922065,2043.9656908283696,1903.4005557785922,PASS
F19,hybrid,SCHO,21,1020,30,500,10,1900.0,1903.1410075138042,3.1410075138041975,2053.782327156281,1903.1410075138042,PASS
F19,hybrid,SCHO,22,1021,30,500,10,1900.0,1907.0199301972457,7.019930197245685,2124.620615879791,1907.0199301972457,PASS
F19,hybrid,SCHO,23,1022,30,500,10,1900.0,1905.3259911690043,5.325991169004283,2055.1834884802624,1905.3259911690043,PASS
F19,hybrid,SCHO,24,1023,30,500,10,1900.0,1905.9051203193721,5.905120319372145,2199.8163808821046,1905.9051203193721,PASS
F19,hybrid,SCHO,25,1024,30,500,10,1900.0,1902.6934419309175,2.6934419309175155,2002.281531207371,1902.6934419309175,PASS
F19,hybrid,SCHO,26,1025,30,500,10,1900.0,1903.90035223106,3.900352231059969,2104.280530595921,1903.90035223106,PASS
F19,hybrid,SCHO,27,1026,30,500,10,1900.0,1903.595013648001,3.595013648000986,1948.4782424288026,1903.595013648001,PASS
F19,hybrid,SCHO,28,1027,30,500,10,1900.0,1903.9614555321825,3.9614555321825264,2062.5180653985167,1903.9614555321825,PASS
F19,hybrid,SCHO,29,1028,30,500,10,1900.0,1902.1216735320063,2.121673532006298,1990.0811402758889,1902.1216735320063,PASS
F19,hybrid,SCHO,30,1029,30,500,10,1900.0,1902.2186076488413,2.218607648841271,2077.287238077851,1902.2186076488413,PASS
F20,hybrid,GWO,1,1000,30,500,10,2000.0,5327.579603832446,3327.579603832446,89766.60897282837,5327.579603832446,PASS
F20,hybrid,GWO,2,1001,30,500,10,2000.0,11887.850137273334,9887.850137273334,15587283.269952932,11887.850137273334,PASS
F20,hybrid,GWO,3,1002,30,500,10,2000.0,10734.416962797986,8734.416962797986,24395344.399067935,10734.416962797986,PASS
F20,hybrid,GWO,4,1003,30,500,10,2000.0,9310.250908376138,7310.250908376138,8960885.21477182,9310.250908376138,PASS
F20,hybrid,GWO,5,1004,30,500,10,2000.0,2127.637712225443,127.63771222544301,499266.94314025017,2127.637712225443,PASS
F20,hybrid,GWO,6,1005,30,500,10,2000.0,11676.6041135532,9676.6041135532,4072013.1821994497,11676.6041135532,PASS
F20,hybrid,GWO,7,1006,30,500,10,2000.0,15014.464503419576,13014.464503419576,40874625.99312777,15014.464503419576,PASS
F20,hybrid,GWO,8,1007,30,500,10,2000.0,4135.612821523029,2135.612821523029,4947499.362407239,4135.612821523029,PASS
F20,hybrid,GWO,9,1008,30,500,10,2000.0,3055.366679654845,1055.366679654845,6911706.311569387,3055.366679654845,PASS
F20,hybrid,GWO,10,1009,30,500,10,2000.0,11954.16047071973,9954.16047071973,733371078.0345589,11954.16047071973,PASS
F20,hybrid,GWO,11,1010,30,500,10,2000.0,11477.066544533878,9477.066544533878,2832545.384074076,11477.066544533878,PASS
F20,hybrid,GWO,12,1011,30,500,10,2000.0,3753.58281414282,1753.58281414282,15939156.423367174,3753.58281414282,PASS
F20,hybrid,GWO,13,1012,30,500,10,2000.0,14811.824190279978,12811.824190279978,109750518.61128981,14811.824190279978,PASS
F20,hybrid,GWO,14,1013,30,500,10,2000.0,2113.014917091181,113.0149170911809,286296.27129196277,2113.014917091181,PASS
F20,hybrid,GWO,15,1014,30,500,10,2000.0,11154.984283156338,9154.984283156338,17754755.130358733,11154.984283156338,PASS
F20,hybrid,GWO,16,1015,30,500,10,2000.0,2338.7868737728204,338.7868737728204,13243205.559735332,2338.7868737728204,PASS
F20,hybrid,GWO,17,1016,30,500,10,2000.0,6166.090244058,4166.090244058,24465570.370818466,6166.090244058,PASS
F20,hybrid,GWO,18,1017,30,500,10,2000.0,6964.1398675993205,4964.1398675993205,63300596.87204115,6964.1398675993205,PASS
F20,hybrid,GWO,19,1018,30,500,10,2000.0,17261.84507612079,15261.84507612079,2230532.3558480577,17261.84507612079,PASS
F20,hybrid,GWO,20,1019,30,500,10,2000.0,15971.319893644957,13971.319893644957,8304778.628929859,15971.319893644957,PASS
F20,hybrid,GWO,21,1020,30,500,10,2000.0,15429.508025361985,13429.508025361985,19077007.29609116,15429.508025361985,PASS
F20,hybrid,GWO,22,1021,30,500,10,2000.0,11410.618524988624,9410.618524988624,47493654.791428834,11410.618524988624,PASS
F20,hybrid,GWO,23,1022,30,500,10,2000.0,11760.986275123896,9760.986275123896,6436575.8356976565,11760.986275123896,PASS
F20,hybrid,GWO,24,1023,30,500,10,2000.0,2194.533971761384,194.53397176138378,42316671.801164865,2194.533971761384,PASS
F20,hybrid,GWO,25,1024,30,500,10,2000.0,15194.426808309683,13194.426808309683,38690681.57122138,15194.426808309683,PASS
F20,hybrid,GWO,26,1025,30,500,10,2000.0,2220.7805128757495,220.78051287574954,5780035.817108533,2220.7805128757495,PASS
F20,hybrid,GWO,27,1026,30,500,10,2000.0,6186.325306729821,4186.325306729821,4243221.242735679,6186.325306729821,PASS
F20,hybrid,GWO,28,1027,30,500,10,2000.0,11733.882631689534,9733.882631689534,54306498.307689376,11733.882631689534,PASS
F20,hybrid,GWO,29,1028,30,500,10,2000.0,21131.64263264117,19131.64263264117,13034629.564640721,21131.64263264117,PASS
F20,hybrid,GWO,30,1029,30,500,10,2000.0,5406.43926283938,3406.43926283938,15891836.142116228,5406.43926283938,PASS
F20,hybrid,SCHO,1,1000,30,500,10,2000.0,19070.762646007846,17070.762646007846,12478755.24072417,19070.762646007846,PASS
F20,hybrid,SCHO,2,1001,30,500,10,2000.0,2834.8427144753714,834.8427144753714,12380548.855415028,2834.8427144753714,PASS
F20,hybrid,SCHO,3,1002,30,500,10,2000.0,5899.542973586156,3899.542973586156,20959017.974668756,5899.542973586156,PASS
F20,hybrid,SCHO,4,1003,30,500,10,2000.0,11818.831995198088,9818.831995198088,1386748.3281928618,11818.831995198088,PASS
F20,hybrid,SCHO,5,1004,30,500,10,2000.0,9843.846461885789,7843.846461885789,5277092.210415747,9843.846461885789,PASS
F20,hybrid,SCHO,6,1005,30,500,10,2000.0,24251.177832778943,22251.177832778943,3506794.4417211246,24251.177832778943,PASS
F20,hybrid,SCHO,7,1006,30,500,10,2000.0,3563.801597090559,1563.801597090559,77834519.91452861,3563.801597090559,PASS
F20,hybrid,SCHO,8,1007,30,500,10,2000.0,10773.99994317282,8773.99994317282,5410138.345803701,10773.99994317282,PASS
F20,hybrid,SCHO,9,1008,30,500,10,2000.0,3737.862214849614,1737.8622148496138,42570521.80530464,3737.862214849614,PASS
F20,hybrid,SCHO,10,1009,30,500,10,2000.0,11360.583672501189,9360.583672501189,119245554.84742457,11360.583672501189,PASS
F20,hybrid,SCHO,11,1010,30,500,10,2000.0,9368.015001793621,7368.015001793621,244631234.73475018,9368.015001793621,PASS
F20,hybrid,SCHO,12,1011,30,500,10,2000.0,24665.53878848333,22665.53878848333,44750260.96610516,24665.53878848333,PASS
F20,hybrid,SCHO,13,1012,30,500,10,2000.0,6053.11929314848,4053.11929314848,18020500.87649911,6053.11929314848,PASS
F20,hybrid,SCHO,14,1013,30,500,10,2000.0,14996.125155498416,12996.125155498416,77449849.97649013,14996.125155498416,PASS
F20,hybrid,SCHO,15,1014,30,500,10,2000.0,13979.789512716163,11979.789512716163,34831721.200976655,13979.789512716163,PASS
F20,hybrid,SCHO,16,1015,30,500,10,2000.0,25468.87950585156,23468.87950585156,7717727.195446568,25468.87950585156,PASS
F20,hybrid,SCHO,17,1016,30,500,10,2000.0,9789.081014974172,7789.081014974172,1807702.840263194,9789.081014974172,PASS
F20,hybrid,SCHO,18,1017,30,500,10,2000.0,13258.93897164631,11258.93897164631,38834484.99567534,13258.93897164631,PASS
F20,hybrid,SCHO,19,1018,30,500,10,2000.0,19574.473515873087,17574.473515873087,80691267.3172724,19574.473515873087,PASS
F20,hybrid,SCHO,20,1019,30,500,10,2000.0,6762.726980091812,4762.726980091812,316538916.867077,6762.726980091812,PASS
F20,hybrid,SCHO,21,1020,30,500,10,2000.0,33439.0398174324,31439.0398174324,8190041.546322071,33439.0398174324,PASS
F20,hybrid,SCHO,22,1021,30,500,10,2000.0,18759.199457960473,16759.199457960473,4250530.332714697,18759.199457960473,PASS
F20,hybrid,SCHO,23,1022,30,500,10,2000.0,12776.625983778535,10776.625983778535,78416426.89166193,12776.625983778535,PASS
F20,hybrid,SCHO,24,1023,30,500,10,2000.0,2128.0524729115227,128.05247291152273,57390219.35921308,2128.0524729115227,PASS
F20,hybrid,SCHO,25,1024,30,500,10,2000.0,25464.235213673783,23464.235213673783,7369467.936528046,25464.235213673783,PASS
F20,hybrid,SCHO,26,1025,30,500,10,2000.0,2475.5351575498034,475.53515754980344,109013931.84556252,2475.5351575498034,PASS
F20,hybrid,SCHO,27,1026,30,500,10,2000.0,18503.69375432387,16503.69375432387,16314208.268059459,18503.69375432387,PASS
F20,hybrid,SCHO,28,1027,30,500,10,2000.0,16898.83472190918,14898.834721909181,55473639.138591945,16898.83472190918,PASS
F20,hybrid,SCHO,29,1028,30,500,10,2000.0,19495.416520926334,17495.416520926334,8981653.109604219,19495.416520926334,PASS
F20,hybrid,SCHO,30,1029,30,500,10,2000.0,3119.9057655793986,1119.9057655793986,311118.81392945757,3119.9057655793986,PASS
F21,hybrid,GWO,1,1000,30,500,10,2100.0,6664.231801915964,4564.231801915964,5100469.601982614,6664.231801915964,PASS
F21,hybrid,GWO,2,1001,30,500,10,2100.0,21033.854793423314,18933.854793423314,1187147.804821417,21033.854793423314,PASS
F21,hybrid,GWO,3,1002,30,500,10,2100.0,2946.4949174052776,846.4949174052776,33843321.96040909,2946.4949174052776,PASS
F21,hybrid,GWO,4,1003,30,500,10,2100.0,15020.23767786126,12920.23767786126,11879121.921444938,15020.23767786126,PASS
F21,hybrid,GWO,5,1004,30,500,10,2100.0,3918.108143859522,1818.108143859522,9556145.199906962,3918.108143859522,PASS
F21,hybrid,GWO,6,1005,30,500,10,2100.0,3123.0747722661995,1023.0747722661995,3084649.5787443025,3123.0747722661995,PASS
F21,hybrid,GWO,7,1006,30,500,10,2100.0,7241.447883369972,5141.447883369972,16465976.04003635,7241.447883369972,PASS
F21,hybrid,GWO,8,1007,30,500,10,2100.0,5478.600495793311,3378.600495793311,25209522.85769235,5478.600495793311,PASS
F21,hybrid,GWO,9,1008,30,500,10,2100.0,7464.159462240126,5364.159462240126,22733057.08989084,7464.159462240126,PASS
F21,hybrid,GWO,10,1009,30,500,10,2100.0,12057.153526894697,9957.153526894697,64922373.43537702,12057.153526894697,PASS
F21,hybrid,GWO,11,1010,30,500,10,2100.0,3270.0945769676687,1170.0945769676687,33834880.94112097,3270.0945769676687,PASS
F21,hybrid,GWO,12,1011,30,500,10,2100.0,20119.164346584013,18019.164346584013,6044125.265483934,20119.164346584013,PASS
F21,hybrid,GWO,13,1012,30,500,10,2100.0,3510.3697965988986,1410.3697965988986,257945.20331827516,3510.3697965988986,PASS
F21,hybrid,GWO,14,1013,30,500,10,2100.0,5034.395207817838,2934.395207817838,2158379.421715033,5034.395207817838,PASS
F21,hybrid,GWO,15,1014,30,500,10,2100.0,2867.525387203684,767.5253872036842,3116598.5773469238,2867.525387203684,PASS
F21,hybrid,GWO,16,1015,30,500,10,2100.0,3417.140043277341,1317.1400432773412,11370082.59533797,3417.140043277341,PASS
F21,hybrid,GWO,17,1016,30,500,10,2100.0,13985.981179727025,11885.981179727025,4300120.199377733,13985.981179727025,PASS
F21,hybrid,GWO,18,1017,30,500,10,2100.0,8589.848072297715,6489.848072297715,80804308.2825547,8589.848072297715,PASS
F21,hybrid,GWO,19,1018,30,500,10,2100.0,6670.672673822377,4570.672673822377,21238692.861466423,6670.672673822377,PASS
F21,hybrid,GWO,20,1019,30,500,10,2100.0,7719.181897547529,5619.181897547529,32886752.402044635,7719.181897547529,PASS
F21,hybrid,GWO,21,1020,30,500,10,2100.0,17153.02871232674,15053.02871232674,44408734.49248763,17153.02871232674,PASS
F21,hybrid,GWO,22,1021,30,500,10,2100.0,19141.830019309178,17041.830019309178,11078065.876066916,19141.830019309178,PASS
F21,hybrid,GWO,23,1022,30,500,10,2100.0,15745.370396444614,13645.370396444614,105186229.03184858,15745.370396444614,PASS
F21,hybrid,GWO,24,1023,30,500,10,2100.0,11884.558063042257,9784.558063042257,12968253.859945072,11884.558063042257,PASS
F21,hybrid,GWO,25,1024,30,500,10,2100.0,3455.2178445061554,1355.2178445061554,61096251.449146666,3455.2178445061554,PASS
F21,hybrid,GWO,26,1025,30,500,10,2100.0,3137.750299365828,1037.7502993658281,2853540.583667468,3137.750299365828,PASS
F21,hybrid,GWO,27,1026,30,500,10,2100.0,7735.535596732708,5635.535596732708,46651462.975811295,7735.535596732708,PASS
F21,hybrid,GWO,28,1027,30,500,10,2100.0,4093.2290978388346,1993.2290978388346,5506259.664190119,4093.2290978388346,PASS
F21,hybrid,GWO,29,1028,30,500,10,2100.0,9514.578849132493,7414.578849132493,24617396.819166243,9514.578849132493,PASS
F21,hybrid,GWO,30,1029,30,500,10,2100.0,6976.348425085793,4876.348425085793,17887514.76942997,6976.348425085793,PASS
F21,hybrid,SCHO,1,1000,30,500,10,2100.0,22294.104140215168,20194.104140215168,10575783.307658168,22294.104140215168,PASS
F21,hybrid,SCHO,2,1001,30,500,10,2100.0,3187.5262334841245,1087.5262334841245,12335940.048314776,3187.5262334841245,PASS
F21,hybrid,SCHO,3,1002,30,500,10,2100.0,24900.754398768553,22800.754398768553,1942910.7092753772,24900.754398768553,PASS
F21,hybrid,SCHO,4,1003,30,500,10,2100.0,5330.06100986566,3230.06100986566,5737002.576817691,5330.06100986566,PASS
F21,hybrid,SCHO,5,1004,30,500,10,2100.0,3516.192185299683,1416.192185299683,3911292.3968871706,3516.192185299683,PASS
F21,hybrid,SCHO,6,1005,30,500,10,2100.0,7440.306263144306,5340.306263144306,73501985.77490333,7440.306263144306,PASS
F21,hybrid,SCHO,7,1006,30,500,10,2100.0,203934.74206942166,201834.74206942166,22883704.37027695,203934.74206942166,PASS
F21,hybrid,SCHO,8,1007,30,500,10,2100.0,7033.3573176816735,4933.3573176816735,29903060.177209713,7033.3573176816735,PASS
F21,hybrid,SCHO,9,1008,30,500,10,2100.0,4618.5681548052125,2518.5681548052125,1269649.4117539574,4618.5681548052125,PASS
F21,hybrid,SCHO,10,1009,30,500,10,2100.0,14519.291976458315,12419.291976458315,18758598.476307884,14519.291976458315,PASS
F21,hybrid,SCHO,11,1010,30,500,10,2100.0,6188.019311185712,4088.0193111857116,4606625.728791437,6188.019311185712,PASS
F21,hybrid,SCHO,12,1011,30,500,10,2100.0,30346.523815283876,28246.523815283876,11610776.665966833,30346.523815283876,PASS
F21,hybrid,SCHO,13,1012,30,500,10,2100.0,192714.55595316374,190614.55595316374,25811608.896383442,192714.55595316374,PASS
F21,hybrid,SCHO,14,1013,30,500,10,2100.0,14224.372219174058,12124.372219174058,5540847.033824404,14224.372219174058,PASS
F21,hybrid,SCHO,15,1014,30,500,10,2100.0,3274.7769022964508,1174.7769022964508,2479161.416786547,3274.7769022964508,PASS
F21,hybrid,SCHO,16,1015,30,500,10,2100.0,13732.533104946862,11632.533104946862,26817446.526974954,13732.533104946862,PASS
F21,hybrid,SCHO,17,1016,30,500,10,2100.0,2865.024680782639,765.0246807826388,2735619.817033475,2865.024680782639,PASS
F21,hybrid,SCHO,18,1017,30,500,10,2100.0,23355.07297515091,21255.07297515091,253812834.3597181,23355.07297515091,PASS
F21,hybrid,SCHO,19,1018,30,500,10,2100.0,8156.163394084103,6056.163394084103,35432626.68089869,8156.163394084103,PASS
F21,hybrid,SCHO,20,1019,30,500,10,2100.0,6088.714409318354,3988.7144093183542,2331177.472231537,6088.714409318354,PASS
F21,hybrid,SCHO,21,1020,30,500,10,2100.0,4311.93754317055,2211.9375431705503,2881181.291954452,4311.93754317055,PASS
F21,hybrid,SCHO,22,1021,30,500,10,2100.0,11025.640691818158,8925.640691818158,44994895.91555765,11025.640691818158,PASS
F21,hybrid,SCHO,23,1022,30,500,10,2100.0,17532.934093814445,15432.934093814445,3024177.660464042,17532.934093814445,PASS
F21,hybrid,SCHO,24,1023,30,500,10,2100.0,27971.45112500325,25871.45112500325,30359017.069551617,27971.45112500325,PASS
F21,hybrid,SCHO,25,1024,30,500,10,2100.0,204834.4018688817,202734.4018688817,3201518.6071177255,204834.4018688817,PASS
F21,hybrid,SCHO,26,1025,30,500,10,2100.0,13906.939082596678,11806.939082596678,8006698.616077602,13906.939082596678,PASS
F21,hybrid,SCHO,27,1026,30,500,10,2100.0,4366.767971719581,2266.7679717195806,41682191.40036303,4366.767971719581,PASS
F21,hybrid,SCHO,28,1027,30,500,10,2100.0,16289926.817176653,16287826.817176653,24460349.696988523,16289926.817176653,PASS
F21,hybrid,SCHO,29,1028,30,500,10,2100.0,2487.166033065017,387.166033065017,51713628.477846876,2487.166033065017,PASS
F21,hybrid,SCHO,30,1029,30,500,10,2100.0,17778.89524905884,15678.895249058842,6718990.500358395,17778.89524905884,PASS
F22,hybrid,GWO,1,1000,30,500,10,2200.0,2241.169694564615,41.16969456461493,2984.111856984569,2241.169694564615,PASS
F22,hybrid,GWO,2,1001,30,500,10,2200.0,2234.1989643490233,34.1989643490233,2764.3076958205756,2234.1989643490233,PASS
F22,hybrid,GWO,3,1002,30,500,10,2200.0,2369.504335052052,169.50433505205183,2900.3828870469024,2369.504335052052,PASS
F22,hybrid,GWO,4,1003,30,500,10,2200.0,2251.4773620266083,51.47736202660826,2737.5853539809304,2251.4773620266083,PASS
F22,hybrid,GWO,5,1004,30,500,10,2200.0,2368.7742224509175,168.77422245091748,3207.801203529462,2368.7742224509175,PASS
F22,hybrid,GWO,6,1005,30,500,10,2200.0,2256.1086863209875,56.108686320987545,2954.6856996463607,2256.1086863209875,PASS
F22,hybrid,GWO,7,1006,30,500,10,2200.0,2296.9126216295986,96.91262162959856,2549.8797010703615,2296.9126216295986,PASS
F22,hybrid,GWO,8,1007,30,500,10,2200.0,2386.948647377405,186.948647377405,2706.950125162197,2386.948647377405,PASS
F22,hybrid,GWO,9,1008,30,500,10,2200.0,2242.8506656208538,42.85066562085376,3533.8215077162486,2242.8506656208538,PASS
F22,hybrid,GWO,10,1009,30,500,10,2200.0,2346.2857799969697,146.28577999696972,3587.80448973454,2346.2857799969697,PASS
F22,hybrid,GWO,11,1010,30,500,10,2200.0,2225.333357284297,25.333357284297108,3043.115966298912,2225.333357284297,PASS
F22,hybrid,GWO,12,1011,30,500,10,2200.0,2246.8352035439375,46.835203543937496,3172.614973530559,2246.8352035439375,PASS
F22,hybrid,GWO,13,1012,30,500,10,2200.0,2240.676226475762,40.67622647576218,2873.8725051307074,2240.676226475762,PASS
F22,hybrid,GWO,14,1013,30,500,10,2200.0,2227.0590531420453,27.059053142045286,3281.724243902695,2227.0590531420453,PASS
F22,hybrid,GWO,15,1014,30,500,10,2200.0,2346.3751605500174,146.37516055001743,3422.9049348939143,2346.3751605500174,PASS
F22,hybrid,GWO,16,1015,30,500,10,2200.0,2367.2448791330658,167.24487913306575,4456.233944776326,2367.2448791330658,PASS
F22,hybrid,GWO,17,1016,30,500,10,2200.0,2365.101352589948,165.10135258994796,3601.4766455566482,2365.101352589948,PASS
F22,hybrid,GWO,18,1017,30,500,10,2200.0,2241.183102156674,41.18310215667407,2936.7418866433813,2241.183102156674,PASS
F22,hybrid,GWO,19,1018,30,500,10,2200.0,2245.825643174036,45.82564317403603,3073.0726936134574,2245.825643174036,PASS
F22,hybrid,GWO,20,1019,30,500,10,2200.0,2223.0565282411662,23.056528241166234,3046.4079625901372,2223.0565282411662,PASS
F22,hybrid,GWO,21,1020,30,500,10,2200.0,2375.7855244228535,175.78552442285354,2977.5186006301037,2375.7855244228535,PASS
F22,hybrid,GWO,22,1021,30,500,10,2200.0,2343.2422415446704,143.24224154467038,3329.088638175167,2343.2422415446704,PASS
F22,hybrid,GWO,23,1022,30,500,10,2200.0,2231.4267229808147,31.426722980814702,3086.036337326986,2231.4267229808147,PASS
F22,hybrid,GWO,24,1023,30,500,10,2200.0,2370.509278697675,170.5092786976752,3186.6280326009874,2370.509278697675,PASS
F22,hybrid,GWO,25,1024,30,500,10,2200.0,2346.3107130445374,146.31071304453735,2810.5061927048782,2346.3107130445374,PASS
F22,hybrid,GWO,26,1025,30,500,10,2200.0,2244.1440777454973,44.14407774549727,2793.6238769005495,2244.1440777454973,PASS
F22,hybrid,GWO,27,1026,30,500,10,2200.0,2368.1740155887637,168.17401558876372,2841.793851921641,2368.1740155887637,PASS
F22,hybrid,GWO,28,1027,30,500,10,2200.0,2289.7167796371427,89.71677963714274,2627.888230889173,2289.7167796371427,PASS
F22,hybrid,GWO,29,1028,30,500,10,2200.0,2346.237544104736,146.23754410473612,3113.7571520192378,2346.237544104736,PASS
F22,hybrid,GWO,30,1029,30,500,10,2200.0,2243.3403110939835,43.34031109398347,3068.097826529269,2243.3403110939835,PASS
F22,hybrid,SCHO,1,1000,30,500,10,2200.0,2414.7602114564706,214.76021145647064,3287.1712443379447,2414.7602114564706,PASS
F22,hybrid,SCHO,2,1001,30,500,10,2200.0,2250.2199304743285,50.21993047432852,3145.796469300644,2250.2199304743285,PASS
F22,hybrid,SCHO,3,1002,30,500,10,2200.0,2230.8441253354113,30.844125335411263,2618.3966854474797,2230.8441253354113,PASS
F22,hybrid,SCHO,4,1003,30,500,10,2200.0,2367.5639049944625,167.56390499446252,2598.810985758795,2367.5639049944625,PASS
F22,hybrid,SCHO,5,1004,30,500,10,2200.0,2242.864817285519,42.864817285519166,2575.49337922825,2242.864817285519,PASS
F22,hybrid,SCHO,6,1005,30,500,10,2200.0,2329.347031331464,129.34703133146422,3183.7013221111283,2329.347031331464,PASS
F22,hybrid,SCHO,7,1006,30,500,10,2200.0,2373.296917347215,173.29691734721519,3486.031008481071,2373.296917347215,PASS
F22,hybrid,SCHO,8,1007,30,500,10,2200.0,2347.3801039753857,147.38010397538574,2922.664226581745,2347.3801039753857,PASS
F22,hybrid,SCHO,9,1008,30,500,10,2200.0,2246.5678213622673,46.567821362267296,3486.519048738194,2246.5678213622673,PASS
F22,hybrid,SCHO,10,1009,30,500,10,2200.0,2370.185223397555,170.1852233975551,2763.492534115927,2370.185223397555,PASS
F22,hybrid,SCHO,11,1010,30,500,10,2200.0,2229.926463265829,29.92646326582917,2865.8505611101746,2229.926463265829,PASS
F22,hybrid,SCHO,12,1011,30,500,10,2200.0,2235.3114857750197,35.31148577501972,2561.4244799543844,2235.3114857750197,PASS
F22,hybrid,SCHO,13,1012,30,500,10,2200.0,2436.106742117891,236.10674211789092,3291.171596218431,2436.106742117891,PASS
F22,hybrid,SCHO,14,1013,30,500,10,2200.0,2366.9505246803988,166.95052468039876,2652.582679469734,2366.9505246803988,PASS
F22,hybrid,SCHO,15,1014,30,500,10,2200.0,2420.2191840660194,220.21918406601935,3495.1199053422997,2420.2191840660194,PASS
F22,hybrid,SCHO,16,1015,30,500,10,2200.0,2420.2496466822518,220.24964668225175,3078.9009579053336,2420.2496466822518,PASS
F22,hybrid,SCHO,17,1016,30,500,10,2200.0,2345.379440970764,145.37944097076388,3309.1793269952987,2345.379440970764,PASS
F22,hybrid,SCHO,18,1017,30,500,10,2200.0,2227.915739672633,27.915739672633208,3195.2491586457522,2227.915739672633,PASS
F22,hybrid,SCHO,19,1018,30,500,10,2200.0,2347.9716899106097,147.9716899106097,3270.87919940306,2347.9716899106097,PASS
F22,hybrid,SCHO,20,1019,30,500,10,2200.0,2392.4220687699312,192.42206876993123,3587.8904955386806,2392.4220687699312,PASS
F22,hybrid,SCHO,21,1020,30,500,10,2200.0,2492.8356873811545,292.83568738115446,2825.1367859482566,2492.8356873811545,PASS
F22,hybrid,SCHO,22,1021,30,500,10,2200.0,2541.9714142101284,341.9714142101284,2887.4802247863468,2541.9714142101284,PASS
F22,hybrid,SCHO,23,1022,30,500,10,2200.0,2344.8548822069624,144.85488220696243,2628.287184956794,2344.8548822069624,PASS
F22,hybrid,SCHO,24,1023,30,500,10,2200.0,2385.62975565851,185.62975565851002,2879.154486483267,2385.62975565851,PASS
F22,hybrid,SCHO,25,1024,30,500,10,2200.0,2553.5168024856016,353.5168024856016,2867.868448275736,2553.5168024856016,PASS
F22,hybrid,SCHO,26,1025,30,500,10,2200.0,2368.167412274179,168.1674122741788,2896.462887325041,2368.167412274179,PASS
F22,hybrid,SCHO,27,1026,30,500,10,2200.0,2372.232018643838,172.23201864383782,3709.6714388353953,2372.232018643838,PASS
F22,hybrid,SCHO,28,1027,30,500,10,2200.0,2349.4969539082454,149.49695390824536,3480.227848145958,2349.4969539082454,PASS
F22,hybrid,SCHO,29,1028,30,500,10,2200.0,2366.773959552171,166.77395955217116,2874.9458037125432,2366.773959552171,PASS
F22,hybrid,SCHO,30,1029,30,500,10,2200.0,2367.9994768093597,167.99947680935975,2862.8202789977586,2367.9994768093597,PASS
F23,composition,GWO,1,1000,30,500,10,2300.0,2634.5728737204677,334.57287372046767,3214.5609770685155,2634.5728737204677,PASS
F23,composition,GWO,2,1001,30,500,10,2300.0,2645.968949569279,345.9689495692792,2975.6685700917214,2645.968949569279,PASS
F23,composition,GWO,3,1002,30,500,10,2300.0,2633.6610456304447,333.66104563044473,2799.0802514522506,2633.6610456304447,PASS
F23,composition,GWO,4,1003,30,500,10,2300.0,2635.039002909505,335.03900290950514,3105.204553443349,2635.039002909505,PASS
F23,composition,GWO,5,1004,30,500,10,2300.0,2633.455842833815,333.45584283381504,2700.491674349707,2633.455842833815,PASS
F23,composition,GWO,6,1005,30,500,10,2300.0,2640.059105315321,340.0591053153212,3271.56754754951,2640.059105315321,PASS
F23,composition,GWO,7,1006,30,500,10,2300.0,2634.831235908176,334.83123590817604,2947.5835154795177,2634.831235908176,PASS
F23,composition,GWO,8,1007,30,500,10,2300.0,2636.747255091935,336.74725509193513,2982.7501214259705,2636.747255091935,PASS
F23,composition,GWO,9,1008,30,500,10,2300.0,2637.690395989431,337.6903959894312,3361.943640209615,2637.690395989431,PASS
F23,composition,GWO,10,1009,30,500,10,2300.0,2630.07790951005,330.0779095100502,3446.9051141247273,2630.07790951005,PASS
F23,composition,GWO,11,1010,30,500,10,2300.0,2633.734624132634,333.73462413263405,2831.3042967147762,2633.734624132634,PASS
F23,composition,GWO,12,1011,30,500,10,2300.0,2632.523521498168,332.52352149816807,3095.9508193752754,2632.523521498168,PASS
F23,composition,GWO,13,1012,30,500,10,2300.0,2633.807399390528,333.8073993905282,3002.489441131728,2633.807399390528,PASS
F23,composition,GWO,14,1013,30,500,10,2300.0,2630.006121069817,330.0061210698168,3290.2212395083693,2630.006121069817,PASS
F23,composition,GWO,15,1014,30,500,10,2300.0,2635.4153008777944,335.4153008777944,3150.4240097044476,2635.4153008777944,PASS
F23,composition,GWO,16,1015,30,500,10,2300.0,2630.762457810409,330.76245781040916,3210.189291997013,2630.762457810409,PASS
F23,composition,GWO,17,1016,30,500,10,2300.0,2639.23743333707,339.2374333370699,3224.2054265444976,2639.23743333707,PASS
F23,composition,GWO,18,1017,30,500,10,2300.0,2629.819686104267,329.819686104267,3654.7500935278213,2629.819686104267,PASS
F23,composition,GWO,19,1018,30,500,10,2300.0,2640.9294982933598,340.92949829335976,3060.448123337984,2640.9294982933598,PASS
F23,composition,GWO,20,1019,30,500,10,2300.0,2636.6995403662113,336.6995403662113,3377.9803554901764,2636.6995403662113,PASS
F23,composition,GWO,21,1020,30,500,10,2300.0,2636.1875872059954,336.18758720599544,3046.2160713971307,2636.1875872059954,PASS
F23,composition,GWO,22,1021,30,500,10,2300.0,2632.9760085409266,332.9760085409266,3003.6874945335844,2632.9760085409266,PASS
F23,composition,GWO,23,1022,30,500,10,2300.0,2633.496954375477,333.4969543754769,2926.9257658439033,2633.496954375477,PASS
F23,composition,GWO,24,1023,30,500,10,2300.0,2634.675561752969,334.67556175296886,3112.780823926878,2634.675561752969,PASS
F23,composition,GWO,25,1024,30,500,10,2300.0,2630.6281490680735,330.6281490680735,3087.630160754913,2630.6281490680735,PASS
F23,composition,GWO,26,1025,30,500,10,2300.0,2630.9629875553474,330.96298755534735,3702.8459887872427,2630.9629875553474,PASS
F23,composition,GWO,27,1026,30,500,10,2300.0,2636.9563609154616,336.9563609154616,3507.9113584698925,2636.9563609154616,PASS
F23,composition,GWO,28,1027,30,500,10,2300.0,2630.4925766321703,330.4925766321703,2854.1441552107112,2630.4925766321703,PASS
F23,composition,GWO,29,1028,30,500,10,2300.0,2629.8432981933265,329.8432981933265,3013.5018323844324,2629.8432981933265,PASS
F23,composition,GWO,30,1029,30,500,10,2300.0,2630.611544601577,330.61154460157695,3358.458729873501,2630.611544601577,PASS
F23,composition,SCHO,1,1000,30,500,10,2300.0,2500.0,200.0,3282.0098177831915,2500.0,PASS
F23,composition,SCHO,2,1001,30,500,10,2300.0,2500.0,200.0,2872.6669891174524,2500.0,PASS
F23,composition,SCHO,3,1002,30,500,10,2300.0,2500.0,200.0,2836.1513903432015,2500.0,PASS
F23,composition,SCHO,4,1003,30,500,10,2300.0,2500.0,200.0,3025.717022297851,2500.0,PASS
F23,composition,SCHO,5,1004,30,500,10,2300.0,2500.0,200.0,3343.4091237476523,2500.0,PASS
F23,composition,SCHO,6,1005,30,500,10,2300.0,2500.0,200.0,3185.842426885616,2500.0,PASS
F23,composition,SCHO,7,1006,30,500,10,2300.0,2500.0,200.0,3130.676107612051,2500.0,PASS
F23,composition,SCHO,8,1007,30,500,10,2300.0,2500.0,200.0,3143.6513915978785,2500.0,PASS
F23,composition,SCHO,9,1008,30,500,10,2300.0,2500.0,200.0,3618.8315369017273,2500.0,PASS
F23,composition,SCHO,10,1009,30,500,10,2300.0,2500.0,200.0,3204.4870307020838,2500.0,PASS
F23,composition,SCHO,11,1010,30,500,10,2300.0,2500.0,200.0,2908.1791428562547,2500.0,PASS
F23,composition,SCHO,12,1011,30,500,10,2300.0,2500.0,200.0,2829.9624157282374,2500.0,PASS
F23,composition,SCHO,13,1012,30,500,10,2300.0,2500.0,200.0,2907.649701710897,2500.0,PASS
F23,composition,SCHO,14,1013,30,500,10,2300.0,2500.0,200.0,3023.8911567141768,2500.0,PASS
F23,composition,SCHO,15,1014,30,500,10,2300.0,2500.0,200.0,3017.259933628956,2500.0,PASS
F23,composition,SCHO,16,1015,30,500,10,2300.0,2500.0,200.0,3910.581738603954,2500.0,PASS
F23,composition,SCHO,17,1016,30,500,10,2300.0,2500.0,200.0,2874.671595453139,2500.0,PASS
F23,composition,SCHO,18,1017,30,500,10,2300.0,2500.0,200.0,3037.172496919085,2500.0,PASS
F23,composition,SCHO,19,1018,30,500,10,2300.0,2500.0,200.0,3093.991681928096,2500.0,PASS
F23,composition,SCHO,20,1019,30,500,10,2300.0,2500.0,200.0,2743.6916446130663,2500.0,PASS
F23,composition,SCHO,21,1020,30,500,10,2300.0,2500.0,200.0,2841.7974483980565,2500.0,PASS
F23,composition,SCHO,22,1021,30,500,10,2300.0,2500.0,200.0,3070.375926326014,2500.0,PASS
F23,composition,SCHO,23,1022,30,500,10,2300.0,2500.0,200.0,3020.315422718378,2500.0,PASS
F23,composition,SCHO,24,1023,30,500,10,2300.0,2500.0,200.0,3208.8287742951634,2500.0,PASS
F23,composition,SCHO,25,1024,30,500,10,2300.0,2500.0,200.0,3425.0014418073133,2500.0,PASS
F23,composition,SCHO,26,1025,30,500,10,2300.0,2500.0,200.0,2874.7546817202683,2500.0,PASS
F23,composition,SCHO,27,1026,30,500,10,2300.0,2500.0,200.0,3495.943024581041,2500.0,PASS
F23,composition,SCHO,28,1027,30,500,10,2300.0,2500.0,200.0,2987.6038496829347,2500.0,PASS
F23,composition,SCHO,29,1028,30,500,10,2300.0,2500.0,200.0,3268.2390867764416,2500.0,PASS
F23,composition,SCHO,30,1029,30,500,10,2300.0,2500.0,200.0,3206.5114041097368,2500.0,PASS
F24,composition,GWO,1,1000,30,500,10,2400.0,2600.008840698078,200.00884069807807,2660.466044478747,2600.008840698078,PASS
F24,composition,GWO,2,1001,30,500,10,2400.0,2580.5961941569326,180.5961941569326,2664.733975038186,2580.5961941569326,PASS
F24,composition,GWO,3,1002,30,500,10,2400.0,2600.02266821757,200.02266821756984,2647.281457920181,2600.02266821757,PASS
F24,composition,GWO,4,1003,30,500,10,2400.0,2528.1306125739357,128.13061257393565,2665.604466509444,2528.1306125739357,PASS
F24,composition,GWO,5,1004,30,500,10,2400.0,2523.713202161556,123.71320216155618,2686.5264425352693,2523.713202161556,PASS
F24,composition,GWO,6,1005,30,500,10,2400.0,2522.157792923008,122.15779292300795,2635.7735430732787,2522.157792923008,PASS
F24,composition,GWO,7,1006,30,500,10,2400.0,2543.773876522015,143.77387652201514,2640.859387028378,2543.773876522015,PASS
F24,composition,GWO,8,1007,30,500,10,2400.0,2525.229146267957,125.22914626795682,2652.4080688767967,2525.229146267957,PASS
F24,composition,GWO,9,1008,30,500,10,2400.0,2536.0818203352005,136.08182033520052,2669.1969161991237,2536.0818203352005,PASS
F24,composition,GWO,10,1009,30,500,10,2400.0,2603.3130104257166,203.31301042571658,2648.7512361682248,2603.3130104257166,PASS
F24,composition,GWO,11,1010,30,500,10,2400.0,2531.8123072080875,131.81230720808753,2629.499604438007,2531.8123072080875,PASS
F24,composition,GWO,12,1011,30,500,10,2400.0,2518.395448826158,118.39544882615792,2653.4076826575624,2518.395448826158,PASS
F24,composition,GWO,13,1012,30,500,10,2400.0,2555.0136282731223,155.01362827312232,2672.841908644913,2555.0136282731223,PASS
F24,composition,GWO,14,1013,30,500,10,2400.0,2519.5493150662332,119.54931506623325,2673.3483643669883,2519.5493150662332,PASS
F24,composition,GWO,15,1014,30,500,10,2400.0,2542.666072387808,142.66607238780807,2663.7987122974273,2542.666072387808,PASS
F24,composition,GWO,16,1015,30,500,10,2400.0,2602.270198367613,202.27019836761292,2697.826585693023,2602.270198367613,PASS
F24,composition,GWO,17,1016,30,500,10,2400.0,2516.540667083809,116.54066708380878,2633.901879872165,2516.540667083809,PASS
F24,composition,GWO,18,1017,30,500,10,2400.0,2532.4077616413892,132.40776164138924,2675.127637675975,2532.4077616413892,PASS
F24,composition,GWO,19,1018,30,500,10,2400.0,2602.2980799687075,202.2980799687075,2673.5678700159124,2602.2980799687075,PASS
F24,composition,GWO,20,1019,30,500,10,2400.0,2526.6040126968323,126.60401269683234,2641.6053062442843,2526.6040126968323,PASS
F24,composition,GWO,21,1020,30,500,10,2400.0,2532.825967571322,132.82596757132205,2654.241590120856,2532.825967571322,PASS
F24,composition,GWO,22,1021,30,500,10,2400.0,2531.981864880819,131.9818648808191,2639.9791384470354,2531.981864880819,PASS
F24,composition,GWO,23,1022,30,500,10,2400.0,2523.834954715956,123.83495471595597,2630.629247307067,2523.834954715956,PASS
F24,composition,GWO,24,1023,30,500,10,2400.0,2515.3271281436755,115.32712814367551,2667.5664711662644,2515.3271281436755,PASS
F24,composition,GWO,25,1024,30,500,10,2400.0,2515.434047385098,115.43404738509798,2661.229455141517,2515.434047385098,PASS
F24,composition,GWO,26,1025,30,500,10,2400.0,2518.569302546856,118.56930254685585,2652.344885980242,2518.569302546856,PASS
F24,composition,GWO,27,1026,30,500,10,2400.0,2602.265336399482,202.26533639948184,2662.1798767854143,2602.265336399482,PASS
F24,composition,GWO,28,1027,30,500,10,2400.0,2516.6295044557223,116.62950445572233,2638.6992898955978,2516.6295044557223,PASS
F24,composition,GWO,29,1028,30,500,10,2400.0,2525.9809492547465,125.98094925474652,2650.0330879676644,2525.9809492547465,PASS
F24,composition,GWO,30,1029,30,500,10,2400.0,2522.839793247618,122.83979324761822,2645.2331136181856,2522.839793247618,PASS
F24,composition,SCHO,1,1000,30,500,10,2400.0,2600.0,200.0,2653.8618019453456,2600.0,PASS
F24,composition,SCHO,2,1001,30,500,10,2400.0,2561.9706562402785,161.97065624027846,2665.4093935220353,2561.9706562402785,PASS
F24,composition,SCHO,3,1002,30,500,10,2400.0,2539.566878503289,139.566878503289,2663.418145238578,2539.566878503289,PASS
F24,composition,SCHO,4,1003,30,500,10,2400.0,2529.858717164277,129.8587171642771,2683.197349499372,2529.858717164277,PASS
F24,composition,SCHO,5,1004,30,500,10,2400.0,2600.0,200.0,2643.957657913692,2600.0,PASS
F24,composition,SCHO,6,1005,30,500,10,2400.0,2518.3012840727633,118.30128407276334,2656.2216425213333,2518.3012840727633,PASS
F24,composition,SCHO,7,1006,30,500,10,2400.0,2539.454588262828,139.4545882628281,2641.622476878231,2539.454588262828,PASS
F24,composition,SCHO,8,1007,30,500,10,2400.0,2596.669953993762,196.6699539937622,2649.1993338134816,2596.669953993762,PASS
F24,composition,SCHO,9,1008,30,500,10,2400.0,2600.0,200.0,2656.549411210223,2600.0,PASS
F24,composition,SCHO,10,1009,30,500,10,2400.0,2543.779804700756,143.7798047007559,2656.441617097891,2543.779804700756,PASS
F24,composition,SCHO,11,1010,30,500,10,2400.0,2583.5761978069613,183.57619780696132,2670.1473985873704,2583.5761978069613,PASS
F24,composition,SCHO,12,1011,30,500,10,2400.0,2600.0,200.0,2653.7242129806514,2600.0,PASS
F24,composition,SCHO,13,1012,30,500,10,2400.0,2600.0,200.0,2638.956342125852,2600.0,PASS
F24,composition,SCHO,14,1013,30,500,10,2400.0,2554.870030870562,154.870030870562,2665.7989282571434,2554.870030870562,PASS
F24,composition,SCHO,15,1014,30,500,10,2400.0,2558.9264556183152,158.92645561831523,2624.5182287831676,2558.9264556183152,PASS
F24,composition,SCHO,16,1015,30,500,10,2400.0,2569.4632344952156,169.4632344952156,2632.5861504528057,2569.4632344952156,PASS
F24,composition,SCHO,17,1016,30,500,10,2400.0,2600.0,200.0,2662.865584187496,2600.0,PASS
F24,composition,SCHO,18,1017,30,500,10,2400.0,2550.162600399698,150.16260039969802,2665.388028984876,2550.162600399698,PASS
F24,composition,SCHO,19,1018,30,500,10,2400.0,2573.852924373176,173.85292437317594,2660.162311022107,2573.852924373176,PASS
F24,composition,SCHO,20,1019,30,500,10,2400.0,2600.0,200.0,2665.6645024320933,2600.0,PASS
F24,composition,SCHO,21,1020,30,500,10,2400.0,2600.0,200.0,2651.7993041470622,2600.0,PASS
F24,composition,SCHO,22,1021,30,500,10,2400.0,2600.0,200.0,2672.184269833589,2600.0,PASS
F24,composition,SCHO,23,1022,30,500,10,2400.0,2535.3489889447683,135.34898894476828,2640.815735986491,2535.3489889447683,PASS
F24,composition,SCHO,24,1023,30,500,10,2400.0,2533.4362360495484,133.43623604954837,2675.6847912792864,2533.4362360495484,PASS
F24,composition,SCHO,25,1024,30,500,10,2400.0,2543.1659012982955,143.16590129829547,2680.5713902270427,2543.1659012982955,PASS
F24,composition,SCHO,26,1025,30,500,10,2400.0,2540.63959292679,140.6395929267901,2639.2804727339303,2540.63959292679,PASS
F24,composition,SCHO,27,1026,30,500,10,2400.0,2560.762181061875,160.7621810618748,2620.7718218003224,2560.762181061875,PASS
F24,composition,SCHO,28,1027,30,500,10,2400.0,2600.0,200.0,2674.7285738443416,2600.0,PASS
F24,composition,SCHO,29,1028,30,500,10,2400.0,2600.0,200.0,2677.0154730118943,2600.0,PASS
F24,composition,SCHO,30,1029,30,500,10,2400.0,2578.391023589163,178.39102358916307,2648.361010567736,2578.391023589163,PASS
F25,composition,GWO,1,1000,30,500,10,2500.0,2701.4368723973125,201.43687239731253,2716.269675226157,2701.4368723973125,PASS
F25,composition,GWO,2,1001,30,500,10,2500.0,2701.7743175939786,201.7743175939786,2727.9356843615333,2701.7743175939786,PASS
F25,composition,GWO,3,1002,30,500,10,2500.0,2701.1431543432204,201.14315434322043,2727.7653546754877,2701.1431543432204,PASS
F25,composition,GWO,4,1003,30,500,10,2500.0,2699.8065012292986,199.80650122929865,2720.4648483609044,2699.8065012292986,PASS
F25,composition,GWO,5,1004,30,500,10,2500.0,2699.412999014509,199.41299901450884,2712.553508382097,2699.412999014509,PASS
F25,composition,GWO,6,1005,30,500,10,2500.0,2699.390077644387,199.39007764438702,2725.8616087241685,2699.390077644387,PASS
F25,composition,GWO,7,1006,30,500,10,2500.0,2693.5817888730935,193.5817888730935,2714.949856134229,2693.5817888730935,PASS
F25,composition,GWO,8,1007,30,500,10,2500.0,2693.4495217249455,193.4495217249455,2753.233926484623,2693.4495217249455,PASS
F25,composition,GWO,9,1008,30,500,10,2500.0,2700.000000000002,200.00000000000182,2752.4458273740584,2700.000000000002,PASS
F25,composition,GWO,10,1009,30,500,10,2500.0,2698.5864933038056,198.58649330380558,2753.8804278862035,2698.5864933038056,PASS
F25,composition,GWO,11,1010,30,500,10,2500.0,2698.2005440976905,198.20054409769045,2710.652533046822,2698.2005440976905,PASS
F25,composition,GWO,12,1011,30,500,10,2500.0,2699.6194742327466,199.6194742327466,2718.487191702133,2699.6194742327466,PASS
F25,composition,GWO,13,1012,30,500,10,2500.0,2701.699437118325,201.69943711832502,2725.554247634831,2701.699437118325,PASS
F25,composition,GWO,14,1013,30,500,10,2500.0,2699.060953212837,199.06095321283692,2738.1934875876495,2699.060953212837,PASS
F25,composition,GWO,15,1014,30,500,10,2500.0,2701.856196592105,201.85619659210488,2738.5962043427558,2701.856196592105,PASS
F25,composition,GWO,16,1015,30,500,10,2500.0,2699.756908655998,199.7569086559979,2717.68807179777,2699.756908655998,PASS
F25,composition,GWO,17,1016,30,500,10,2500.0,2699.4998967943375,199.49989679433747,2717.727153511421,2699.4998967943375,PASS
F25,composition,GWO,18,1017,30,500,10,2500.0,2699.9085014228294,199.90850142282943,2726.0915448099927,2699.9085014228294,PASS
F25,composition,GWO,19,1018,30,500,10,2500.0,2688.685458449153,188.68545844915297,2737.630756114497,2688.685458449153,PASS
F25,composition,GWO,20,1019,30,500,10,2500.0,2701.8736629393584,201.87366293935838,2721.097827850782,2701.8736629393584,PASS
F25,composition,GWO,21,1020,30,500,10,2500.0,2702.469730991897,202.469730991897,2713.2838131593526,2702.469730991897,PASS
F25,composition,GWO,22,1021,30,500,10,2500.0,2699.0938489648843,199.09384896488427,2747.579088832408,2699.0938489648843,PASS
F25,composition,GWO,23,1022,30,500,10,2500.0,2700.000000000002,200.00000000000182,2729.9553279515376,2700.000000000002,PASS
F25,composition,GWO,24,1023,30,500,10,2500.0,2699.8271141941527,199.82711419415273,2764.9155961991332,2699.8271141941527,PASS
F25,composition,GWO,25,1024,30,500,10,2500.0,2701.031002314675,201.03100231467488,2734.3589649500236,2701.031002314675,PASS
F25,composition,GWO,26,1025,30,500,10,2500.0,2702.3878507366453,202.3878507366453,2725.410607625606,2702.3878507366453,PASS
F25,composition,GWO,27,1026,30,500,10,2500.0,2702.5522149112303,202.5522149112303,2708.667951046513,2702.5522149112303,PASS
F25,composition,GWO,28,1027,30,500,10,2500.0,2701.3517974265455,201.35179742654555,2729.3743750003946,2701.3517974265455,PASS
F25,composition,GWO,29,1028,30,500,10,2500.0,2701.312726918244,201.31272691824415,2724.5321937170734,2701.312726918244,PASS
F25,composition,GWO,30,1029,30,500,10,2500.0,2701.51227289697,201.51227289697,2734.654308262493,2701.51227289697,PASS
F25,composition,SCHO,1,1000,30,500,10,2500.0,2700.0,200.0,2728.071747988728,2700.0,PASS
F25,composition,SCHO,2,1001,30,500,10,2500.0,2700.0,200.0,2735.5742310915844,2700.0,PASS
F25,composition,SCHO,3,1002,30,500,10,2500.0,2700.0,200.0,2730.1380556706226,2700.0,PASS
F25,composition,SCHO,4,1003,30,500,10,2500.0,2700.0,200.0,2713.561005814311,2700.0,PASS
F25,composition,SCHO,5,1004,30,500,10,2500.0,2700.0,200.0,2722.0580525696805,2700.0,PASS
F25,composition,SCHO,6,1005,30,500,10,2500.0,2700.0,200.0,2718.626526592221,2700.0,PASS
F25,composition,SCHO,7,1006,30,500,10,2500.0,2700.0,200.0,2729.363795111857,2700.0,PASS
F25,composition,SCHO,8,1007,30,500,10,2500.0,2696.102090442278,196.10209044227804,2720.092987373053,2696.102090442278,PASS
F25,composition,SCHO,9,1008,30,500,10,2500.0,2700.0,200.0,2738.0643020459133,2700.0,PASS
F25,composition,SCHO,10,1009,30,500,10,2500.0,2700.0,200.0,2719.079206406826,2700.0,PASS
F25,composition,SCHO,11,1010,30,500,10,2500.0,2687.1152479431457,187.11524794314573,2749.7867687581524,2687.1152479431457,PASS
F25,composition,SCHO,12,1011,30,500,10,2500.0,2700.0,200.0,2709.3937289474197,2700.0,PASS
F25,composition,SCHO,13,1012,30,500,10,2500.0,2699.9702670631477,199.97026706314773,2711.4788323329417,2699.9702670631477,PASS
F25,composition,SCHO,14,1013,30,500,10,2500.0,2697.888985217523,197.888985217523,2722.69644810739,2697.888985217523,PASS
F25,composition,SCHO,15,1014,30,500,10,2500.0,2700.0,200.0,2721.5590051140352,2700.0,PASS
F25,composition,SCHO,16,1015,30,500,10,2500.0,2700.0,200.0,2714.6066103405674,2700.0,PASS
F25,composition,SCHO,17,1016,30,500,10,2500.0,2700.0,200.0,2724.9664652398983,2700.0,PASS
F25,composition,SCHO,18,1017,30,500,10,2500.0,2700.0,200.0,2748.8471839495683,2700.0,PASS
F25,composition,SCHO,19,1018,30,500,10,2500.0,2700.0,200.0,2728.8881020153735,2700.0,PASS
F25,composition,SCHO,20,1019,30,500,10,2500.0,2700.0,200.0,2739.392719760526,2700.0,PASS
F25,composition,SCHO,21,1020,30,500,10,2500.0,2695.890404516404,195.89040451640403,2735.752643223586,2695.890404516404,PASS
F25,composition,SCHO,22,1021,30,500,10,2500.0,2695.104480549392,195.10448054939206,2725.727481919848,2695.104480549392,PASS
F25,composition,SCHO,23,1022,30,500,10,2500.0,2700.0,200.0,2715.52914541436,2700.0,PASS
F25,composition,SCHO,24,1023,30,500,10,2500.0,2667.418100451912,167.41810045191187,2730.1171335583344,2667.418100451912,PASS
F25,composition,SCHO,25,1024,30,500,10,2500.0,2700.0,200.0,2773.9353599951883,2700.0,PASS
F25,composition,SCHO,26,1025,30,500,10,2500.0,2700.0,200.0,2770.9787646533146,2700.0,PASS
F25,composition,SCHO,27,1026,30,500,10,2500.0,2700.0,200.0,2721.129570969178,2700.0,PASS
F25,composition,SCHO,28,1027,30,500,10,2500.0,2692.705918182621,192.7059181826212,2742.800193807598,2692.705918182621,PASS
F25,composition,SCHO,29,1028,30,500,10,2500.0,2700.0,200.0,2753.8961452591634,2700.0,PASS
F25,composition,SCHO,30,1029,30,500,10,2500.0,2700.0,200.0,2745.0935411928563,2700.0,PASS
F26,composition,GWO,1,1000,30,500,10,2600.0,2700.196697447,100.19669744700013,2722.8165810769688,2700.196697447,PASS
F26,composition,GWO,2,1001,30,500,10,2600.0,2700.187013526247,100.18701352624703,2807.7382766208543,2700.187013526247,PASS
F26,composition,GWO,3,1002,30,500,10,2600.0,2700.2889130101107,100.28891301011072,2797.104090513444,2700.2889130101107,PASS
F26,composition,GWO,4,1003,30,500,10,2600.0,2700.123318181781,100.12331818178109,2703.555032421727,2700.123318181781,PASS
F26,composition,GWO,5,1004,30,500,10,2600.0,2700.1301503089917,100.13015030899169,2707.3887058669934,2700.1301503089917,PASS
F26,composition,GWO,6,1005,30,500,10,2600.0,2700.147144652955,100.14714465295492,2721.0184369486356,2700.147144652955,PASS
F26,composition,GWO,7,1006,30,500,10,2600.0,2700.1844565481206,100.18445654812058,2704.3659165072195,2700.1844565481206,PASS
F26,composition,GWO,8,1007,30,500,10,2600.0,2700.254992526031,100.25499252603095,2704.4484331988256,2700.254992526031,PASS
F26,composition,GWO,9,1008,30,500,10,2600.0,2700.198422237283,100.19842223728301,2704.7347022845343,2700.198422237283,PASS
F26,composition,GWO,10,1009,30,500,10,2600.0,2700.154209744191,100.15420974419112,2705.292132466327,2700.154209744191,PASS
F26,composition,GWO,11,1010,30,500,10,2600.0,2700.2745532304943,100.27455323049435,2703.73321985065,2700.2745532304943,PASS
F26,composition,GWO,12,1011,30,500,10,2600.0,2700.178968606525,100.1789686065249,2712.898382489445,2700.178968606525,PASS
F26,composition,GWO,13,1012,30,500,10,2600.0,2700.200320748666,100.20032074866594,2705.445685154582,2700.200320748666,PASS
F26,composition,GWO,14,1013,30,500,10,2600.0,2700.195651124763,100.19565112476312,2705.0678586770755,2700.195651124763,PASS
F26,composition,GWO,15,1014,30,500,10,2600.0,2700.1485087905853,100.14850879058531,2704.5857527076587,2700.1485087905853,PASS
F26,composition,GWO,16,1015,30,500,10,2600.0,2700.3391246937854,100.33912469378538,2703.0144856575826,2700.3391246937854,PASS
F26,composition,GWO,17,1016,30,500,10,2600.0,2700.2087355165418,100.20873551654176,2706.878097499512,2700.2087355165418,PASS
F26,composition,GWO,18,1017,30,500,10,2600.0,2700.246428954652,100.24642895465195,2704.1537009930357,2700.246428954652,PASS
F26,composition,GWO,19,1018,30,500,10,2600.0,2700.329543449314,100.32954344931386,2706.555296104755,2700.329543449314,PASS
F26,composition,GWO,20,1019,30,500,10,2600.0,2700.195886805564,100.19588680556399,2706.720260303924,2700.195886805564,PASS
F26,composition,GWO,21,1020,30,500,10,2600.0,2700.241610581557,100.24161058155687,2705.0390743100256,2700.241610581557,PASS
F26,composition,GWO,22,1021,30,500,10,2600.0,2700.2421993366747,100.24219933667473,2718.015450892062,2700.2421993366747,PASS
F26,composition,GWO,23,1022,30,500,10,2600.0,2700.1696217815434,100.16962178154336,2706.239945324999,2700.1696217815434,PASS
F26,composition,GWO,24,1023,30,500,10,2600.0,2700.1209823301215,100.12098233012148,2705.6437334700468,2700.1209823301215,PASS
F26,composition,GWO,25,1024,30,500,10,2600.0,2700.173711682265,100.1737116822651,2706.0171787619247,2700.173711682265,PASS
F26,composition,GWO,26,1025,30,500,10,2600.0,2700.243169888967,100.2431698889668,2707.102655654767,2700.243169888967,PASS
F26,composition,GWO,27,1026,30,500,10,2600.0,2700.389265523957,100.38926552395696,2855.329429887857,2700.389265523957,PASS
F26,composition,GWO,28,1027,30,500,10,2600.0,2700.295238040957,100.29523804095697,2735.647379561736,2700.295238040957,PASS
F26,composition,GWO,29,1028,30,500,10,2600.0,2700.1725477516325,100.17254775163246,2708.71108682409,2700.1725477516325,PASS
F26,composition,GWO,30,1029,30,500,10,2600.0,2700.1516498126416,100.15164981264161,2704.4006417252203,2700.1516498126416,PASS
F26,composition,SCHO,1,1000,30,500,10,2600.0,2700.5305222509787,100.53052225097872,2710.2661925746133,2700.5305222509787,PASS
F26,composition,SCHO,2,1001,30,500,10,2600.0,2700.3469486911013,100.34694869110126,2705.5378465632302,2700.3469486911013,PASS
F26,composition,SCHO,3,1002,30,500,10,2600.0,2700.3878955711207,100.38789557112068,2709.0891416846116,2700.3878955711207,PASS
F26,composition,SCHO,4,1003,30,500,10,2600.0,2702.3493342720108,102.34933427201076,2722.165058554885,2702.3493342720108,PASS
F26,composition,SCHO,5,1004,30,500,10,2600.0,2700.695552637402,100.69555263740222,2705.7743215915043,2700.695552637402,PASS
F26,composition,SCHO,6,1005,30,500,10,2600.0,2700.342850286707,100.34285028670683,2707.2974932435923,2700.342850286707,PASS
F26,composition,SCHO,7,1006,30,500,10,2600.0,2700.3612488361778,100.36124883617777,2707.02388246351,2700.3612488361778,PASS
F26,composition,SCHO,8,1007,30,500,10,2600.0,2702.779508291108,102.77950829110796,2726.687663356175,2702.779508291108,PASS
F26,composition,SCHO,9,1008,30,500,10,2600.0,2700.5797548000323,100.57975480003233,2704.626851514992,2700.5797548000323,PASS
F26,composition,SCHO,10,1009,30,500,10,2600.0,2700.5108584123295,100.51085841232953,2752.471886812041,2700.5108584123295,PASS
F26,composition,SCHO,11,1010,30,500,10,2600.0,2700.517764433975,100.51776443397512,2706.5266856804924,2700.517764433975,PASS
F26,composition,SCHO,12,1011,30,500,10,2600.0,2700.3907463195583,100.39074631955827,2704.8349005029813,2700.3907463195583,PASS
F26,composition,SCHO,13,1012,30,500,10,2600.0,2700.3919997919766,100.39199979197656,2717.5648576649364,2700.3919997919766,PASS
F26,composition,SCHO,14,1013,30,500,10,2600.0,2700.320859705019,100.32085970501885,2705.510827007403,2700.320859705019,PASS
F26,composition,SCHO,15,1014,30,500,10,2600.0,2700.6619969622466,100.66199696224658,2753.0092048837378,2700.6619969622466,PASS
F26,composition,SCHO,16,1015,30,500,10,2600.0,2700.329691393807,100.32969139380702,2708.1024325785415,2700.329691393807,PASS
F26,composition,SCHO,17,1016,30,500,10,2600.0,2702.4374678188715,102.43746781887148,2707.72065311205,2702.4374678188715,PASS
F26,composition,SCHO,18,1017,30,500,10,2600.0,2700.3440529332306,100.34405293323061,2708.091941292735,2700.3440529332306,PASS
F26,composition,SCHO,19,1018,30,500,10,2600.0,2700.418347219007,100.41834721900705,2703.795229260906,2700.418347219007,PASS
F26,composition,SCHO,20,1019,30,500,10,2600.0,2700.384076840135,100.3840768401351,2715.079668467101,2700.384076840135,PASS
F26,composition,SCHO,21,1020,30,500,10,2600.0,2700.599931990558,100.59993199055816,2704.864332195575,2700.599931990558,PASS
F26,composition,SCHO,22,1021,30,500,10,2600.0,2700.5039192043396,100.50391920433958,2704.2084567009806,2700.5039192043396,PASS
F26,composition,SCHO,23,1022,30,500,10,2600.0,2700.515726830648,100.51572683064796,2763.520775021023,2700.515726830648,PASS
F26,composition,SCHO,24,1023,30,500,10,2600.0,2700.755496523632,100.75549652363179,2732.4574314369847,2700.755496523632,PASS
F26,composition,SCHO,25,1024,30,500,10,2600.0,2701.1783459772587,101.17834597725869,2822.806905474502,2701.1783459772587,PASS
F26,composition,SCHO,26,1025,30,500,10,2600.0,2700.241387990237,100.24138799023694,2710.924111336419,2700.241387990237,PASS
F26,composition,SCHO,27,1026,30,500,10,2600.0,2700.434836902121,100.43483690212088,2705.2865292167307,2700.434836902121,PASS
F26,composition,SCHO,28,1027,30,500,10,2600.0,2700.3613896651896,100.36138966518956,2710.646488850523,2700.3613896651896,PASS
F26,composition,SCHO,29,1028,30,500,10,2600.0,2700.290040697026,100.29004069702614,2704.0586016756492,2700.290040697026,PASS
F26,composition,SCHO,30,1029,30,500,10,2600.0,2700.348923817413,100.34892381741292,2756.0456026837674,2700.348923817413,PASS
F27,composition,GWO,1,1000,30,500,10,2700.0,3049.7122366188305,349.7122366188305,3335.205785364481,3049.7122366188305,PASS
F27,composition,GWO,2,1001,30,500,10,2700.0,3100.3484599497624,400.3484599497624,3312.2105026553045,3100.3484599497624,PASS
F27,composition,GWO,3,1002,30,500,10,2700.0,3024.0837240475585,324.08372404755846,3351.2871234505124,3024.0837240475585,PASS
F27,composition,GWO,4,1003,30,500,10,2700.0,3055.9499959407117,355.9499959407117,3531.6667977872085,3055.9499959407117,PASS
F27,composition,GWO,5,1004,30,500,10,2700.0,3103.389248136486,403.389248136486,3396.8166004912205,3103.389248136486,PASS
F27,composition,GWO,6,1005,30,500,10,2700.0,3106.6895381205363,406.6895381205363,3397.9523988585383,3106.6895381205363,PASS
F27,composition,GWO,7,1006,30,500,10,2700.0,3044.45705269477,344.45705269477,3343.1311063550424,3044.45705269477,PASS
F27,composition,GWO,8,1007,30,500,10,2700.0,3029.8051643926196,329.80516439261964,3522.2736037990385,3029.8051643926196,PASS
F27,composition,GWO,9,1008,30,500,10,2700.0,3033.9491941157103,333.94919411571027,3547.5433353050457,3033.9491941157103,PASS
F27,composition,GWO,10,1009,30,500,10,2700.0,3077.28724192754,377.28724192754,3589.0017227768626,3077.28724192754,PASS
F27,composition,GWO,11,1010,30,500,10,2700.0,3101.4209502312615,401.4209502312615,3309.82132203734,3101.4209502312615,PASS
F27,composition,GWO,12,1011,30,500,10,2700.0,3029.7554962443787,329.7554962443787,3547.957183503619,3029.7554962443787,PASS
F27,composition,GWO,13,1012,30,500,10,2700.0,3047.839778479989,347.83977847998904,3435.614054039332,3047.839778479989,PASS
F27,composition,GWO,14,1013,30,500,10,2700.0,3072.6039028649225,372.6039028649225,3417.7122451597534,3072.6039028649225,PASS
F27,composition,GWO,15,1014,30,500,10,2700.0,3033.1586580599505,333.15865805995054,3384.4125629631235,3033.1586580599505,PASS
F27,composition,GWO,16,1015,30,500,10,2700.0,3065.2827306905956,365.2827306905956,3450.4210002887276,3065.2827306905956,PASS
F27,composition,GWO,17,1016,30,500,10,2700.0,3058.9717996895274,358.9717996895274,3443.941526322933,3058.9717996895274,PASS
F27,composition,GWO,18,1017,30,500,10,2700.0,3039.8727646568764,339.87276465687637,3446.525684940755,3039.8727646568764,PASS
F27,composition,GWO,19,1018,30,500,10,2700.0,3060.416720812015,360.4167208120148,3382.1307129149895,3060.416720812015,PASS
F27,composition,GWO,20,1019,30,500,10,2700.0,3023.2655114933377,323.2655114933377,3420.647577260571,3023.2655114933377,PASS
F27,composition,GWO,21,1020,30,500,10,2700.0,3154.3922591855203,454.3922591855203,3605.66076430067,3154.3922591855203,PASS
F27,composition,GWO,22,1021,30,500,10,2700.0,3047.6785012285022,347.6785012285022,3372.8718194495714,3047.6785012285022,PASS
F27,composition,GWO,23,1022,30,500,10,2700.0,3100.3601476464264,400.3601476464264,3311.196627451293,3100.3601476464264,PASS
F27,composition,GWO,24,1023,30,500,10,2700.0,3087.896761019233,387.89676101923305,3581.469338926807,3087.896761019233,PASS
F27,composition,GWO,25,1024,30,500,10,2700.0,3102.5292346471165,402.5292346471165,3577.5838380025966,3102.5292346471165,PASS
F27,composition,GWO,26,1025,30,500,10,2700.0,3078.816867500135,378.8168675001348,3389.9599678829773,3078.816867500135,PASS
F27,composition,GWO,27,1026,30,500,10,2700.0,2704.1197321729783,4.119732172978274,3509.8552717025605,2704.1197321729783,PASS
F27,composition,GWO,28,1027,30,500,10,2700.0,3091.761686023695,391.7616860236949,3305.358360927818,3091.761686023695,PASS
F27,composition,GWO,29,1028,30,500,10,2700.0,3101.5766360443267,401.57663604432673,3219.107220575242,3101.5766360443267,PASS
F27,composition,GWO,30,1029,30,500,10,2700.0,3017.258382446841,317.2583824468411,3440.099212117451,3017.258382446841,PASS
F27,composition,SCHO,1,1000,30,500,10,2700.0,2900.0,200.0,3457.43827794969,2900.0,PASS
F27,composition,SCHO,2,1001,30,500,10,2700.0,2900.0,200.0,3426.024361680109,2900.0,PASS
F27,composition,SCHO,3,1002,30,500,10,2700.0,2900.0,200.0,3467.4518127714655,2900.0,PASS
F27,composition,SCHO,4,1003,30,500,10,2700.0,2900.0,200.0,3609.490397170405,2900.0,PASS
F27,composition,SCHO,5,1004,30,500,10,2700.0,2900.0,200.0,3348.1693578397353,2900.0,PASS
F27,composition,SCHO,6,1005,30,500,10,2700.0,2900.0,200.0,3608.212144088672,2900.0,PASS
F27,composition,SCHO,7,1006,30,500,10,2700.0,2900.0,200.0,3377.9482801252925,2900.0,PASS
F27,composition,SCHO,8,1007,30,500,10,2700.0,2900.0,200.0,3494.6780773313867,2900.0,PASS
F27,composition,SCHO,9,1008,30,500,10,2700.0,2900.0,200.0,3463.999678913702,2900.0,PASS
F27,composition,SCHO,10,1009,30,500,10,2700.0,2900.0,200.0,3377.8454114548717,2900.0,PASS
F27,composition,SCHO,11,1010,30,500,10,2700.0,2900.0,200.0,3572.530579176573,2900.0,PASS
F27,composition,SCHO,12,1011,30,500,10,2700.0,2900.0,200.0,3562.6913612600147,2900.0,PASS
F27,composition,SCHO,13,1012,30,500,10,2700.0,2900.0,200.0,3582.804046677053,2900.0,PASS
F27,composition,SCHO,14,1013,30,500,10,2700.0,2900.0,200.0,3413.0662368062394,2900.0,PASS
F27,composition,SCHO,15,1014,30,500,10,2700.0,2900.0,200.0,3401.204880558771,2900.0,PASS
F27,composition,SCHO,16,1015,30,500,10,2700.0,2900.0,200.0,3440.6820600351402,2900.0,PASS
F27,composition,SCHO,17,1016,30,500,10,2700.0,2900.0,200.0,3514.3330891197197,2900.0,PASS
F27,composition,SCHO,18,1017,30,500,10,2700.0,2900.0,200.0,3379.4284822633526,2900.0,PASS
F27,composition,SCHO,19,1018,30,500,10,2700.0,2900.0,200.0,3562.7372054517737,2900.0,PASS
F27,composition,SCHO,20,1019,30,500,10,2700.0,2900.0,200.0,3320.1759069583054,2900.0,PASS
F27,composition,SCHO,21,1020,30,500,10,2700.0,2900.0,200.0,3372.0654855834114,2900.0,PASS
F27,composition,SCHO,22,1021,30,500,10,2700.0,2900.0,200.0,3442.4768536302568,2900.0,PASS
F27,composition,SCHO,23,1022,30,500,10,2700.0,2900.0,200.0,3422.473610620591,2900.0,PASS
F27,composition,SCHO,24,1023,30,500,10,2700.0,2900.0,200.0,3495.054641971258,2900.0,PASS
F27,composition,SCHO,25,1024,30,500,10,2700.0,2900.0,200.0,3355.559795779336,2900.0,PASS
F27,composition,SCHO,26,1025,30,500,10,2700.0,2900.0,200.0,3609.5578105337713,2900.0,PASS
F27,composition,SCHO,27,1026,30,500,10,2700.0,2900.0,200.0,3418.57571065763,2900.0,PASS
F27,composition,SCHO,28,1027,30,500,10,2700.0,2900.0,200.0,3934.5300384287566,2900.0,PASS
F27,composition,SCHO,29,1028,30,500,10,2700.0,2900.0,200.0,3332.7043089919916,2900.0,PASS
F27,composition,SCHO,30,1029,30,500,10,2700.0,2900.0,200.0,3539.3334069649322,2900.0,PASS
F28,composition,GWO,1,1000,30,500,10,2800.0,3265.035841266876,465.0358412668761,4741.90861852663,3265.035841266876,PASS
F28,composition,GWO,2,1001,30,500,10,2800.0,3269.2130355003774,469.2130355003774,4811.566155300547,3269.2130355003774,PASS
F28,composition,GWO,3,1002,30,500,10,2800.0,3230.4027349194253,430.40273491942526,4932.061018161811,3230.4027349194253,PASS
F28,composition,GWO,4,1003,30,500,10,2800.0,3371.221723217463,571.221723217463,5372.444889138426,3371.221723217463,PASS
F28,composition,GWO,5,1004,30,500,10,2800.0,3198.4296644834094,398.4296644834094,5375.980494075013,3198.4296644834094,PASS
F28,composition,GWO,6,1005,30,500,10,2800.0,3169.5690940185714,369.5690940185714,5289.34469595101,3169.5690940185714,PASS
F28,composition,GWO,7,1006,30,500,10,2800.0,3184.2124239132336,384.2124239132336,5124.619603331455,3184.2124239132336,PASS
F28,composition,GWO,8,1007,30,500,10,2800.0,3272.1143667924434,472.11436679244343,5271.653764484707,3272.1143667924434,PASS
F28,composition,GWO,9,1008,30,500,10,2800.0,3290.772617975638,490.7726179756378,4743.120125058298,3290.772617975638,PASS
F28,composition,GWO,10,1009,30,500,10,2800.0,3244.6299647070045,444.62996470700455,4363.727140995378,3244.6299647070045,PASS
F28,composition,GWO,11,1010,30,500,10,2800.0,3304.8198322856056,504.81983228560557,5197.964965379285,3304.8198322856056,PASS
F28,composition,GWO,12,1011,30,500,10,2800.0,3334.211621020694,534.2116210206941,5180.810691549728,3334.211621020694,PASS
F28,composition,GWO,13,1012,30,500,10,2800.0,3274.143498959023,474.14349895902296,4475.207662617744,3274.143498959023,PASS
F28,composition,GWO,14,1013,30,500,10,2800.0,3276.598574738526,476.59857473852617,4779.681055954188,3276.598574738526,PASS
F28,composition,GWO,15,1014,30,500,10,2800.0,3230.4215282001137,430.4215282001137,4129.52727770023,3230.4215282001137,PASS
F28,composition,GWO,16,1015,30,500,10,2800.0,3278.612726931654,478.6127269316539,4859.761216247809,3278.612726931654,PASS
F28,composition,GWO,17,1016,30,500,10,2800.0,3291.230270052923,491.23027005292306,4581.118890507961,3291.230270052923,PASS
F28,composition,GWO,18,1017,30,500,10,2800.0,3194.7482360501476,394.7482360501476,4120.225760793739,3194.7482360501476,PASS
F28,composition,GWO,19,1018,30,500,10,2800.0,3272.9260319267405,472.9260319267405,5080.057932498481,3272.9260319267405,PASS
F28,composition,GWO,20,1019,30,500,10,2800.0,3304.1107514303526,504.1107514303526,4643.517133894102,3304.1107514303526,PASS
F28,composition,GWO,21,1020,30,500,10,2800.0,3240.7439280459093,440.74392804590934,4996.522974165829,3240.7439280459093,PASS
F28,composition,GWO,22,1021,30,500,10,2800.0,3304.3793392880957,504.3793392880957,5277.058925064713,3304.3793392880957,PASS
F28,composition,GWO,23,1022,30,500,10,2800.0,3169.8307482704336,369.83074827043356,5048.913610798737,3169.8307482704336,PASS
F28,composition,GWO,24,1023,30,500,10,2800.0,3218.5749876645696,418.57498766456956,5116.090890690213,3218.5749876645696,PASS
F28,composition,GWO,25,1024,30,500,10,2800.0,3291.2441303354944,491.24413033549445,4501.46090560463,3291.2441303354944,PASS
F28,composition,GWO,26,1025,30,500,10,2800.0,3224.7771234754664,424.7771234754664,4955.519765856161,3224.7771234754664,PASS
F28,composition,GWO,27,1026,30,500,10,2800.0,3169.7849716276783,369.78497162767826,4797.342647286114,3169.7849716276783,PASS
F28,composition,GWO,28,1027,30,500,10,2800.0,3399.712428021857,599.7124280218568,5350.409060511029,3399.712428021857,PASS
F28,composition,GWO,29,1028,30,500,10,2800.0,3291.4381337916197,491.43813379161975,4863.936727913452,3291.4381337916197,PASS
F28,composition,GWO,30,1029,30,500,10,2800.0,3182.8183274150224,382.8183274150224,5251.192954292535,3182.8183274150224,PASS
F28,composition,SCHO,1,1000,30,500,10,2800.0,3000.0,200.0,5083.874979882922,3000.0,PASS
F28,composition,SCHO,2,1001,30,500,10,2800.0,3000.0,200.0,4079.4252973732264,3000.0,PASS
F28,composition,SCHO,3,1002,30,500,10,2800.0,3000.0,200.0,4908.602883827316,3000.0,PASS
F28,composition,SCHO,4,1003,30,500,10,2800.0,3000.0,200.0,5317.114756450952,3000.0,PASS
F28,composition,SCHO,5,1004,30,500,10,2800.0,3000.0,200.0,4843.270910764813,3000.0,PASS
F28,composition,SCHO,6,1005,30,500,10,2800.0,3000.0,200.0,4332.283042328724,3000.0,PASS
F28,composition,SCHO,7,1006,30,500,10,2800.0,3000.0,200.0,5362.214564842198,3000.0,PASS
F28,composition,SCHO,8,1007,30,500,10,2800.0,3000.0,200.0,5088.028521883274,3000.0,PASS
F28,composition,SCHO,9,1008,30,500,10,2800.0,3000.0,200.0,5225.547435372311,3000.0,PASS
F28,composition,SCHO,10,1009,30,500,10,2800.0,3000.0,200.0,4644.322888214539,3000.0,PASS
F28,composition,SCHO,11,1010,30,500,10,2800.0,3000.0,200.0,5570.429140628691,3000.0,PASS
F28,composition,SCHO,12,1011,30,500,10,2800.0,3000.0,200.0,4525.097444957557,3000.0,PASS
F28,composition,SCHO,13,1012,30,500,10,2800.0,3000.0,200.0,4962.135109056234,3000.0,PASS
F28,composition,SCHO,14,1013,30,500,10,2800.0,3000.0,200.0,4473.354485487154,3000.0,PASS
F28,composition,SCHO,15,1014,30,500,10,2800.0,3000.0,200.0,5074.229197150338,3000.0,PASS
F28,composition,SCHO,16,1015,30,500,10,2800.0,3000.0,200.0,5156.872027723815,3000.0,PASS
F28,composition,SCHO,17,1016,30,500,10,2800.0,3000.0,200.0,4143.920749715524,3000.0,PASS
F28,composition,SCHO,18,1017,30,500,10,2800.0,3000.0,200.0,5573.480201151737,3000.0,PASS
F28,composition,SCHO,19,1018,30,500,10,2800.0,3000.0,200.0,4197.568882079237,3000.0,PASS
F28,composition,SCHO,20,1019,30,500,10,2800.0,3000.0,200.0,5005.592473803878,3000.0,PASS
F28,composition,SCHO,21,1020,30,500,10,2800.0,3000.0,200.0,4650.104033529955,3000.0,PASS
F28,composition,SCHO,22,1021,30,500,10,2800.0,3000.0,200.0,4509.600290487997,3000.0,PASS
F28,composition,SCHO,23,1022,30,500,10,2800.0,3000.0,200.0,5077.738709697416,3000.0,PASS
F28,composition,SCHO,24,1023,30,500,10,2800.0,3000.0,200.0,5008.773367359725,3000.0,PASS
F28,composition,SCHO,25,1024,30,500,10,2800.0,3000.0,200.0,4932.429808843826,3000.0,PASS
F28,composition,SCHO,26,1025,30,500,10,2800.0,3000.0,200.0,5093.136308829068,3000.0,PASS
F28,composition,SCHO,27,1026,30,500,10,2800.0,3000.0,200.0,5296.375976090393,3000.0,PASS
F28,composition,SCHO,28,1027,30,500,10,2800.0,3000.0,200.0,4753.073951886845,3000.0,PASS
F28,composition,SCHO,29,1028,30,500,10,2800.0,3000.0,200.0,4166.499734397414,3000.0,PASS
F28,composition,SCHO,30,1029,30,500,10,2800.0,3000.0,200.0,4418.262364684315,3000.0,PASS
F29,composition,GWO,1,1000,30,500,10,2900.0,3278.072771638337,378.07277163833714,79431984.18850426,3278.072771638337,PASS
F29,composition,GWO,2,1001,30,500,10,2900.0,4153.097996067627,1253.0979960676268,113716161.60114855,4153.097996067627,PASS
F29,composition,GWO,3,1002,30,500,10,2900.0,3532.0670391776844,632.0670391776844,60733256.65546443,3532.0670391776844,PASS
F29,composition,GWO,4,1003,30,500,10,2900.0,3859.2265948601844,959.2265948601844,52082564.50748899,3859.2265948601844,PASS
F29,composition,GWO,5,1004,30,500,10,2900.0,3431.2049483506385,531.2049483506385,8052398.588585372,3431.2049483506385,PASS
F29,composition,GWO,6,1005,30,500,10,2900.0,3909.547231081294,1009.5472310812938,157236577.6576627,3909.547231081294,PASS
F29,composition,GWO,7,1006,30,500,10,2900.0,3616.9383312038603,716.9383312038603,60068561.682784,3616.9383312038603,PASS
F29,composition,GWO,8,1007,30,500,10,2900.0,3387.6776873439003,487.6776873439003,97103567.977339,3387.6776873439003,PASS
F29,composition,GWO,9,1008,30,500,10,2900.0,3626.5223979335915,726.5223979335915,127816849.98934564,3626.5223979335915,PASS
F29,composition,GWO,10,1009,30,500,10,2900.0,3947.1431281617733,1047.1431281617733,61820736.82202715,3947.1431281617733,PASS
F29,composition,GWO,11,1010,30,500,10,2900.0,3964.481089999003,1064.481089999003,76578098.597542,3964.481089999003,PASS
F29,composition,GWO,12,1011,30,500,10,2900.0,5765.710505499995,2865.7105054999947,77951012.23215781,5765.710505499995,PASS
F29,composition,GWO,13,1012,30,500,10,2900.0,3880920.7822063896,3878020.7822063896,69442099.01486321,3880920.7822063896,PASS
F29,composition,GWO,14,1013,30,500,10,2900.0,3731.6659313190466,831.6659313190466,82528433.30373386,3731.6659313190466,PASS
F29,composition,GWO,15,1014,30,500,10,2900.0,4645.1101895533575,1745.1101895533575,68540265.95769829,4645.1101895533575,PASS
F29,composition,GWO,16,1015,30,500,10,2900.0,1727438.2294297547,1724538.2294297547,13141579.626882955,1727438.2294297547,PASS
F29,composition,GWO,17,1016,30,500,10,2900.0,3668.4341569872777,768.4341569872777,11829716.323704729,3668.4341569872777,PASS
F29,composition,GWO,18,1017,30,500,10,2900.0,3597.173840206618,697.173840206618,18751105.887902725,3597.173840206618,PASS
F29,composition,GWO,19,1018,30,500,10,2900.0,3912.9072541423166,1012.9072541423166,42851685.26835892,3912.9072541423166,PASS
F29,composition,GWO,20,1019,30,500,10,2900.0,4023.877217042039,1123.8772170420389,16336900.854875408,4023.877217042039,PASS
F29,composition,GWO,21,1020,30,500,10,2900.0,3775.280323009918,875.280323009918,28667336.232752196,3775.280323009918,PASS
F29,composition,GWO,22,1021,30,500,10,2900.0,2104226.579037772,2101326.579037772,108013110.6247568,2104226.579037772,PASS
F29,composition,GWO,23,1022,30,500,10,2900.0,3928.6207248974406,1028.6207248974406,87215233.41374713,3928.6207248974406,PASS
F29,composition,GWO,24,1023,30,500,10,2900.0,1727438.2294297547,1724538.2294297547,60111497.77891198,1727438.2294297547,PASS
F29,composition,GWO,25,1024,30,500,10,2900.0,1727438.2294297547,1724538.2294297547,154206567.4047177,1727438.2294297547,PASS
F29,composition,GWO,26,1025,30,500,10,2900.0,3685.2697168783716,785.2697168783716,4925818.082036913,3685.2697168783716,PASS
F29,composition,GWO,27,1026,30,500,10,2900.0,2104226.579037772,2101326.579037772,92648566.31528515,2104226.579037772,PASS
F29,composition,GWO,28,1027,30,500,10,2900.0,3556.3785376463684,656.3785376463684,96863291.67882591,3556.3785376463684,PASS
F29,composition,GWO,29,1028,30,500,10,2900.0,5362.321856932498,2462.321856932498,38708839.790758066,5362.321856932498,PASS
F29,composition,GWO,30,1029,30,500,10,2900.0,3416.0568850889526,516.0568850889526,52277179.53903987,3416.0568850889526,PASS
F29,composition,SCHO,1,1000,30,500,10,2900.0,3995.692304120099,1095.692304120099,43917178.76757629,3995.692304120099,PASS
F29,composition,SCHO,2,1001,30,500,10,2900.0,5286.01276386427,2386.01276386427,5812018.808703009,5286.01276386427,PASS
F29,composition,SCHO,3,1002,30,500,10,2900.0,3100.0,200.0,71848691.40444309,3100.0,PASS
F29,composition,SCHO,4,1003,30,500,10,2900.0,4662.3369086971215,1762.3369086971215,47919321.4985533,4662.3369086971215,PASS
F29,composition,SCHO,5,1004,30,500,10,2900.0,5618.043740450221,2718.043740450221,9048026.542260826,5618.043740450221,PASS
F29,composition,SCHO,6,1005,30,500,10,2900.0,3913.620632454607,1013.620632454607,1347402.5382921705,3913.620632454607,PASS
F29,composition,SCHO,7,1006,30,500,10,2900.0,3100.0,200.0,120269691.09950477,3100.0,PASS
F29,composition,SCHO,8,1007,30,500,10,2900.0,3100.0,200.0,152349852.0777546,3100.0,PASS
F29,composition,SCHO,9,1008,30,500,10,2900.0,3271.5419845956876,371.5419845956876,103067825.56028746,3271.5419845956876,PASS
F29,composition,SCHO,10,1009,30,500,10,2900.0,3100.0,200.0,31455018.418205272,3100.0,PASS
F29,composition,SCHO,11,1010,30,500,10,2900.0,6351.927036592672,3451.9270365926723,38266299.37709368,6351.927036592672,PASS
F29,composition,SCHO,12,1011,30,500,10,2900.0,3100.0,200.0,89268374.41135211,3100.0,PASS
F29,composition,SCHO,13,1012,30,500,10,2900.0,4018.27309689396,1118.27309689396,81006202.9483487,4018.27309689396,PASS
F29,composition,SCHO,14,1013,30,500,10,2900.0,4526.657740148067,1626.6577401480672,23443031.29006848,4526.657740148067,PASS
F29,composition,SCHO,15,1014,30,500,10,2900.0,5580.575545876411,2680.5755458764106,23389515.934279405,5580.575545876411,PASS
F29,composition,SCHO,16,1015,30,500,10,2900.0,3100.0,200.0,87730056.64941749,3100.0,PASS
F29,composition,SCHO,17,1016,30,500,10,2900.0,3605.577752568426,705.5777525684261,111234554.9188943,3605.577752568426,PASS
F29,composition,SCHO,18,1017,30,500,10,2900.0,4788.903037087375,1888.9030370873752,4271226.459365744,4788.903037087375,PASS
F29,composition,SCHO,19,1018,30,500,10,2900.0,5303.899204093784,2403.8992040937837,23803749.98037983,5303.899204093784,PASS
F29,composition,SCHO,20,1019,30,500,10,2900.0,3956.1070920411075,1056.1070920411075,3439213.01512634,3956.1070920411075,PASS
F29,composition,SCHO,21,1020,30,500,10,2900.0,5998.214127111138,3098.2141271111377,36678118.3224727,5998.214127111138,PASS
F29,composition,SCHO,22,1021,30,500,10,2900.0,3680.825523913363,780.8255239133632,87523059.25189765,3680.825523913363,PASS
F29,composition,SCHO,23,1022,30,500,10,2900.0,3100.0,200.0,86890893.4899313,3100.0,PASS
F29,composition,SCHO,24,1023,30,500,10,2900.0,7172.173895927586,4272.173895927586,27208723.318683084,7172.173895927586,PASS
F29,composition,SCHO,25,1024,30,500,10,2900.0,3100.0,200.0,35338465.599863306,3100.0,PASS
F29,composition,SCHO,26,1025,30,500,10,2900.0,6284.095821519423,3384.095821519423,33604750.96143312,6284.095821519423,PASS
F29,composition,SCHO,27,1026,30,500,10,2900.0,4417.167553989312,1517.1675539893122,123571257.98278451,4417.167553989312,PASS
F29,composition,SCHO,28,1027,30,500,10,2900.0,3587.7894790826663,687.7894790826663,7626936.221456537,3587.7894790826663,PASS
F29,composition,SCHO,29,1028,30,500,10,2900.0,11097.245731605552,8197.245731605552,80897927.87565275,11097.245731605552,PASS
F29,composition,SCHO,30,1029,30,500,10,2900.0,3296.9167785009936,396.9167785009936,42740890.34906478,3296.9167785009936,PASS
F30,composition,GWO,1,1000,30,500,10,3000.0,3826.3197707802256,826.3197707802256,1167202.6949406925,3826.3197707802256,PASS
F30,composition,GWO,2,1001,30,500,10,3000.0,4253.937599771934,1253.9375997719344,1292752.544659419,4253.937599771934,PASS
F30,composition,GWO,3,1002,30,500,10,3000.0,4807.571320748417,1807.5713207484168,227713.5803382787,4807.571320748417,PASS
F30,composition,GWO,4,1003,30,500,10,3000.0,3867.5374541552064,867.5374541552064,2412398.4386396753,3867.5374541552064,PASS
F30,composition,GWO,5,1004,30,500,10,3000.0,4511.436820265473,1511.4368202654732,139876.99061151245,4511.436820265473,PASS
F30,composition,GWO,6,1005,30,500,10,3000.0,3535.98381665175,535.9838166517502,130277.10800043344,3535.98381665175,PASS
F30,composition,GWO,7,1006,30,500,10,3000.0,4090.6333996525386,1090.6333996525386,1298491.1004941699,4090.6333996525386,PASS
F30,composition,GWO,8,1007,30,500,10,3000.0,4111.523350208539,1111.5233502085393,1207048.93778562,4111.523350208539,PASS
F30,composition,GWO,9,1008,30,500,10,3000.0,4174.823316539805,1174.823316539805,183882.07519696467,4174.823316539805,PASS
F30,composition,GWO,10,1009,30,500,10,3000.0,5711.807409406891,2711.8074094068907,201235.86947636047,5711.807409406891,PASS
F30,composition,GWO,11,1010,30,500,10,3000.0,6017.1436941872835,3017.1436941872835,52936.32916735742,6017.1436941872835,PASS
F30,composition,GWO,12,1011,30,500,10,3000.0,4974.350972128887,1974.3509721288874,190902.83093790308,4974.350972128887,PASS
F30,composition,GWO,13,1012,30,500,10,3000.0,5118.941516334926,2118.941516334926,100102.93345033552,5118.941516334926,PASS
F30,composition,GWO,14,1013,30,500,10,3000.0,4363.061197164294,1363.0611971642938,895897.1364781457,4363.061197164294,PASS
F30,composition,GWO,15,1014,30,500,10,3000.0,4012.0610249222427,1012.0610249222427,4613903.114840111,4012.0610249222427,PASS
F30,composition,GWO,16,1015,30,500,10,3000.0,4045.6206123733873,1045.6206123733873,1906158.3898830267,4045.6206123733873,PASS
F30,composition,GWO,17,1016,30,500,10,3000.0,3861.518877192678,861.5188771926778,4772352.233517049,3861.518877192678,PASS
F30,composition,GWO,18,1017,30,500,10,3000.0,4252.9540605346665,1252.9540605346665,2035880.6936692894,4252.9540605346665,PASS
F30,composition,GWO,19,1018,30,500,10,3000.0,5270.432409622246,2270.4324096222463,2511922.043590748,5270.432409622246,PASS
F30,composition,GWO,20,1019,30,500,10,3000.0,4530.614154399574,1530.6141543995736,550751.8040053534,4530.614154399574,PASS
F30,composition,GWO,21,1020,30,500,10,3000.0,3971.341287148526,971.3412871485261,723512.8594140913,3971.341287148526,PASS
F30,composition,GWO,22,1021,30,500,10,3000.0,3829.734670387484,829.7346703874841,359193.31485270004,3829.734670387484,PASS
F30,composition,GWO,23,1022,30,500,10,3000.0,4565.042003341116,1565.0420033411156,1272936.3764265485,4565.042003341116,PASS
F30,composition,GWO,24,1023,30,500,10,3000.0,3927.576802472387,927.576802472387,676698.3336763193,3927.576802472387,PASS
F30,composition,GWO,25,1024,30,500,10,3000.0,3928.433073909291,928.4330739092911,1180386.7942298301,3928.433073909291,PASS
F30,composition,GWO,26,1025,30,500,10,3000.0,5486.847776920638,2486.8477769206384,910570.2358677038,5486.847776920638,PASS
F30,composition,GWO,27,1026,30,500,10,3000.0,4582.710758109717,1582.710758109717,1028629.7314537654,4582.710758109717,PASS
F30,composition,GWO,28,1027,30,500,10,3000.0,3946.82238826286,946.8223882628599,1279072.2186270885,3946.82238826286,PASS
F30,composition,GWO,29,1028,30,500,10,3000.0,5039.458280167448,2039.4582801674478,724914.8524058494,5039.458280167448,PASS
F30,composition,GWO,30,1029,30,500,10,3000.0,5164.351154625466,2164.351154625466,1841583.922102882,5164.351154625466,PASS
F30,composition,SCHO,1,1000,30,500,10,3000.0,4680.04910195585,1680.0491019558503,100132.80846801901,4680.04910195585,PASS
F30,composition,SCHO,2,1001,30,500,10,3000.0,3200.0,200.0,2046421.9950746568,3200.0,PASS
F30,composition,SCHO,3,1002,30,500,10,3000.0,3200.0,200.0,357695.29413712077,3200.0,PASS
F30,composition,SCHO,4,1003,30,500,10,3000.0,5247.88501798966,2247.88501798966,372448.2669660201,5247.88501798966,PASS
F30,composition,SCHO,5,1004,30,500,10,3000.0,3200.0,200.0,1569620.8488566987,3200.0,PASS
F30,composition,SCHO,6,1005,30,500,10,3000.0,3200.0,200.0,1489360.1274485604,3200.0,PASS
F30,composition,SCHO,7,1006,30,500,10,3000.0,3200.0,200.0,962275.5720422604,3200.0,PASS
F30,composition,SCHO,8,1007,30,500,10,3000.0,3200.0,200.0,43525.906868527556,3200.0,PASS
F30,composition,SCHO,9,1008,30,500,10,3000.0,3200.0,200.0,1790443.6236136789,3200.0,PASS
F30,composition,SCHO,10,1009,30,500,10,3000.0,3200.0,200.0,1894269.5812958444,3200.0,PASS
F30,composition,SCHO,11,1010,30,500,10,3000.0,3200.0,200.0,1038906.2768189299,3200.0,PASS
F30,composition,SCHO,12,1011,30,500,10,3000.0,5143.943435378649,2143.943435378649,465524.36644563137,5143.943435378649,PASS
F30,composition,SCHO,13,1012,30,500,10,3000.0,3200.0,200.0,176489.22389578423,3200.0,PASS
F30,composition,SCHO,14,1013,30,500,10,3000.0,4394.141368078464,1394.1413680784644,146115.70762061724,4394.141368078464,PASS
F30,composition,SCHO,15,1014,30,500,10,3000.0,5067.88485115667,2067.8848511566703,5977793.61689915,5067.88485115667,PASS
F30,composition,SCHO,16,1015,30,500,10,3000.0,3200.0,200.0,707526.1940330061,3200.0,PASS
F30,composition,SCHO,17,1016,30,500,10,3000.0,4069.3751837677555,1069.3751837677555,290082.6988682037,4069.3751837677555,PASS
F30,composition,SCHO,18,1017,30,500,10,3000.0,3200.0,200.0,550783.6143279404,3200.0,PASS
F30,composition,SCHO,19,1018,30,500,10,3000.0,4271.25543244909,1271.2554324490902,652086.9821188217,4271.25543244909,PASS
F30,composition,SCHO,20,1019,30,500,10,3000.0,3200.0,200.0,867683.0116438117,3200.0,PASS
F30,composition,SCHO,21,1020,30,500,10,3000.0,3200.0,200.0,1165117.8477668215,3200.0,PASS
F30,composition,SCHO,22,1021,30,500,10,3000.0,4340.235512730168,1340.235512730168,704657.2633095804,4340.235512730168,PASS
F30,composition,SCHO,23,1022,30,500,10,3000.0,5182.89665998398,2182.8966599839796,2198293.063008612,5182.89665998398,PASS
F30,composition,SCHO,24,1023,30,500,10,3000.0,4433.474126520485,1433.4741265204848,1328807.6860107896,4433.474126520485,PASS
F30,composition,SCHO,25,1024,30,500,10,3000.0,3200.0,200.0,128271.6703175209,3200.0,PASS
F30,composition,SCHO,26,1025,30,500,10,3000.0,3200.0,200.0,1911963.6998438688,3200.0,PASS
F30,composition,SCHO,27,1026,30,500,10,3000.0,3200.0,200.0,1168472.468133564,3200.0,PASS
F30,composition,SCHO,28,1027,30,500,10,3000.0,3911.665331344154,911.6653313441539,2351191.0437504975,3911.665331344154,PASS
F30,composition,SCHO,29,1028,30,500,10,3000.0,4153.492495746621,1153.492495746621,1194196.0551346599,4153.492495746621,PASS
F30,composition,SCHO,30,1029,30,500,10,3000.0,3200.0,200.0,1443845.4089306432,3200.0,PASS
