algorithm,problem,problem_name,dim,n_constraints,seed,N,MaxIter,penalty,feasibility_tolerance,paper_reported_f,best_fitness,raw_objective,feasible,within_bounds,max_violation,curve_start,curve_end,curve_len,elapsed_seconds,status,message,x1,x2,x3,x4,x5,x6,x7
GWO,spring,Tension/compression spring,3,4,1000,30,500,1e+30,1e-08,0.0126656,0.013231749739207854,0.013231749739207854,True,True,0.0,1e+30,0.013231749739207854,500,0.536228500015568,PASS,,0.05733771694787034,0.5079849165256248,5.922927253668614,,,,
GWO,spring,Tension/compression spring,3,4,1001,30,500,1e+30,1e-08,0.0126656,1e+30,2.658206997068342,False,True,0.9999995121312618,1e+30,1e+30,500,0.5059363999753259,NO_FEASIBLE_FOUND,Best fitness stayed at the death penalty.,1.2445601107114044,0.2664854912113481,4.439964499465086,,,,
GWO,spring,Tension/compression spring,3,4,1002,30,500,1e+30,1e-08,0.0126656,0.01272729586177704,0.01272729586177704,True,True,0.0,1e+30,0.01272729586177704,500,0.5061513999826275,PASS,,0.05,0.3173348367281642,14.04273390592727,,,,
GWO,spring,Tension/compression spring,3,4,1003,30,500,1e+30,1e-08,0.0126656,0.012730173047302923,0.012730173047302923,True,True,0.0,0.13191602651294804,0.012730173047302923,500,0.5389823999721557,PASS,,0.05021333088253324,0.3222062224816275,13.669759168835848,,,,
GWO,spring,Tension/compression spring,3,4,1004,30,500,1e+30,1e-08,0.0126656,0.012854945522472516,0.012854945522472516,True,True,0.0,0.2027835875035584,0.012854945522472516,500,0.5182698999997228,PASS,,0.0546861569237714,0.43257250058505425,7.937028255169807,,,,
GWO,spring,Tension/compression spring,3,4,1005,30,500,1e+30,1e-08,0.0126656,0.013216765839385558,0.013216765839385558,True,True,0.0,1e+30,0.013216765839385558,500,0.5183562000165693,PASS,,0.05734806470737242,0.5086838305310257,5.900229898111722,,,,
GWO,spring,Tension/compression spring,3,4,1006,30,500,1e+30,1e-08,0.0126656,0.013139815855291729,0.013139815855291729,True,True,0.0,1e+30,0.013139815855291729,500,0.5111427000374533,PASS,,0.05691656181977747,0.49594916749591383,6.178521470437009,,,,
GWO,spring,Tension/compression spring,3,4,1007,30,500,1e+30,1e-08,0.0126656,0.012870764163638197,0.012870764163638197,True,True,0.0,1e+30,0.012870764163638197,500,0.522594999987632,PASS,,0.05492832910410766,0.4393081191484211,7.710516408547782,,,,
GWO,spring,Tension/compression spring,3,4,1008,30,500,1e+30,1e-08,0.0126656,0.013150320752044113,0.013150320752044113,True,True,0.0,1e+30,0.013150320752044113,500,0.5224433999974281,PASS,,0.05690594191112966,0.4955328757215039,6.194994016458775,,,,
GWO,spring,Tension/compression spring,3,4,1009,30,500,1e+30,1e-08,0.0126656,1e+30,0.0707478076748526,False,True,0.9882984041143624,1e+30,1e+30,500,0.5130866999970749,NO_FEASIBLE_FOUND,Best fitness stayed at the death penalty.,0.1601759010042066,0.5932613670565049,2.648069006951577,,,,
GWO,spring,Tension/compression spring,3,4,1010,30,500,1e+30,1e-08,0.0126656,0.013331652582574979,0.013331652582574979,True,True,0.0,1e+30,0.013331652582574979,500,0.5252556999912485,PASS,,0.05779911052789204,0.521863726864323,5.6468851230664425,,,,
GWO,spring,Tension/compression spring,3,4,1011,30,500,1e+30,1e-08,0.0126656,0.012710354588281488,0.012710354588281488,True,True,0.0,1e+30,0.012710354588281488,500,0.5205026000039652,PASS,,0.05280323610303722,0.38369602377811435,9.880898584013051,,,,
GWO,spring,Tension/compression spring,3,4,1012,30,500,1e+30,1e-08,0.0126656,0.013039597993682032,0.013039597993682032,True,True,0.0,1e+30,0.013039597993682032,500,0.525231099978555,PASS,,0.05631763554151048,0.4786235395536915,6.58976578858593,,,,
GWO,spring,Tension/compression spring,3,4,1013,30,500,1e+30,1e-08,0.0126656,0.013742181871009115,0.013742181871009115,True,True,0.0,0.19070373175069025,0.013742181871009115,500,0.5146174000110477,PASS,,0.0596634628425266,0.5805563867403146,4.649582410336808,,,,
GWO,spring,Tension/compression spring,3,4,1014,30,500,1e+30,1e-08,0.0126656,0.012692516407914283,0.012692516407914283,True,True,0.0,1e+30,0.012692516407914283,500,0.5173219999996945,PASS,,0.05171476542147425,0.35731485831860005,11.282124274723548,,,,
GWO,spring,Tension/compression spring,3,4,1015,30,500,1e+30,1e-08,0.0126656,0.012697847100101195,0.012697847100101195,True,True,0.0,1e+30,0.012697847100101195,500,0.5149579000426456,PASS,,0.05110310047976623,0.342412762726836,12.19991188420182,,,,
GWO,spring,Tension/compression spring,3,4,1016,30,500,1e+30,1e-08,0.0126656,0.012921970751910285,0.012921970751910285,True,True,0.0,1e+30,0.012921970751910285,500,0.519178600050509,PASS,,0.05519415156113341,0.4460729414392007,7.509041661397905,,,,
GWO,spring,Tension/compression spring,3,4,1017,30,500,1e+30,1e-08,0.0126656,0.012732760475592936,0.012732760475592936,True,True,0.0,1e+30,0.012732760475592936,500,0.5161573000368662,PASS,,0.05,0.3172566986553898,14.053574949947391,,,,
GWO,spring,Tension/compression spring,3,4,1018,30,500,1e+30,1e-08,0.0126656,0.012871033283604788,0.012871033283604788,True,True,0.0,1e+30,0.012871033283604788,500,0.5240299999713898,PASS,,0.0550771004160056,0.4438208323176604,7.560125491614202,,,,
GWO,spring,Tension/compression spring,3,4,1019,30,500,1e+30,1e-08,0.0126656,0.012708629912942922,0.012708629912942922,True,True,0.0,1e+30,0.012708629912942922,500,0.5209641000255942,PASS,,0.053058522866886636,0.39042078736949887,9.562599672233196,,,,
GWO,spring,Tension/compression spring,3,4,1020,30,500,1e+30,1e-08,0.0126656,0.012731119932229995,0.012731119932229995,True,True,0.0,0.1585766608438873,0.012731119932229995,500,0.5123615000047721,PASS,,0.05,0.31731603858711516,14.048504814211997,,,,
GWO,spring,Tension/compression spring,3,4,1021,30,500,1e+30,1e-08,0.0126656,0.0137454056556469,0.0137454056556469,True,True,0.0,0.04935181885396205,0.0137454056556469,500,0.5163958999910392,PASS,,0.05964951202205376,0.5799635588746329,4.661055692771475,,,,
GWO,spring,Tension/compression spring,3,4,1022,30,500,1e+30,1e-08,0.0126656,0.012734112992925584,0.012734112992925584,True,True,0.0,0.15840760075031818,0.012734112992925584,500,0.5192899000248872,PASS,,0.050000403260569586,0.31731355621237406,14.052144435028843,,,,
GWO,spring,Tension/compression spring,3,4,1023,30,500,1e+30,1e-08,0.0126656,0.012739374806602708,0.012739374806602708,True,True,0.0,1e+30,0.012739374806602708,500,0.520961600006558,PASS,,0.050109627481361836,0.3197527900441798,13.866875871501543,,,,
GWO,spring,Tension/compression spring,3,4,1024,30,500,1e+30,1e-08,0.0126656,1e+30,2.1170130485807226,False,True,0.9999366725973814,1e+30,1e+30,500,0.5217719000065699,NO_FEASIBLE_FOUND,Best fitness stayed at the death penalty.,0.6788008397773113,0.5212704505240988,6.814053583927774,,,,
GWO,spring,Tension/compression spring,3,4,1025,30,500,1e+30,1e-08,0.0126656,0.013790228006511317,0.013790228006511317,True,True,0.0,1e+30,0.013790228006511317,500,0.5222756000002846,PASS,,0.059734664535786956,0.5820511880960945,4.639836854934539,,,,
GWO,spring,Tension/compression spring,3,4,1026,30,500,1e+30,1e-08,0.0126656,0.01274295082862724,0.01274295082862724,True,True,0.0,1e+30,0.01274295082862724,500,0.5230155999888666,PASS,,0.05,0.3172228240323501,14.068138687685002,,,,
GWO,spring,Tension/compression spring,3,4,1027,30,500,1e+30,1e-08,0.0126656,0.01270079720337744,0.01270079720337744,True,True,0.0,1e+30,0.01270079720337744,500,0.5350797999999486,PASS,,0.050448317511973095,0.3275786765201014,13.234281775173868,,,,
GWO,spring,Tension/compression spring,3,4,1028,30,500,1e+30,1e-08,0.0126656,1e+30,22.56576237070122,False,True,0.9999941802700827,1e+30,1e+30,500,0.5370328000281006,NO_FEASIBLE_FOUND,Best fitness stayed at the death penalty.,1.6415336032947436,0.6553172657621131,10.779058110718566,,,,
GWO,spring,Tension/compression spring,3,4,1029,30,500,1e+30,1e-08,0.0126656,0.012905187578920866,0.012905187578920866,True,True,0.0,1e+30,0.012905187578920866,500,0.5162126999930479,PASS,,0.05514854425463946,0.4456088398271089,7.522312238070615,,,,
SCHO,spring,Tension/compression spring,3,4,1000,30,500,1e+30,1e-08,0.0126656,0.01344289781388731,0.01344289781388731,True,True,0.0,0.09278357672170759,0.01344289781388731,500,0.4990223999484442,PASS,,0.05808224057051532,0.5299701719940573,5.518907597261367,,,,
SCHO,spring,Tension/compression spring,3,4,1001,30,500,1e+30,1e-08,0.0126656,0.01849012794576164,0.01849012794576164,True,True,0.0,1e+30,0.01849012794576164,500,0.49354740005219355,PASS,,0.05936848783763542,0.49961865142568374,8.5,,,,
SCHO,spring,Tension/compression spring,3,4,1002,30,500,1e+30,1e-08,0.0126656,0.014278649531240202,0.014278649531240202,True,True,0.0,1e+30,0.014278649531240202,500,0.4893000000156462,PASS,,0.06141179852658647,0.6385710445244887,3.928902099308275,,,,
SCHO,spring,Tension/compression spring,3,4,1003,30,500,1e+30,1e-08,0.0126656,0.013886332123832383,0.013886332123832383,True,True,0.0,1e+30,0.013886332123832383,500,0.48684899997897446,PASS,,0.06007155114356663,0.5933364522156364,4.485580066347362,,,,
SCHO,spring,Tension/compression spring,3,4,1004,30,500,1e+30,1e-08,0.0126656,0.014814380700904833,0.014814380700904833,True,True,0.0,1e+30,0.014814380700904833,500,0.5416478000115603,PASS,,0.06292474733448435,0.6915702335751766,3.410086987077284,,,,
SCHO,spring,Tension/compression spring,3,4,1005,30,500,1e+30,1e-08,0.0126656,0.015335077872304276,0.015335077872304276,True,True,0.0,1e+30,0.015335077872304276,500,0.6140329000190832,PASS,,0.06408671647758446,0.7338087835342757,3.0882335616187753,,,,
SCHO,spring,Tension/compression spring,3,4,1006,30,500,1e+30,1e-08,0.0126656,0.016507767502128533,0.016507767502128533,True,True,0.0,1e+30,0.016507767502128533,500,0.47707109997281805,PASS,,0.05747624445739628,0.49980457578087056,7.997958949270863,,,,
SCHO,spring,Tension/compression spring,3,4,1007,30,500,1e+30,1e-08,0.0126656,0.01979931479525741,0.01979931479525741,True,True,0.0,1e+30,0.01979931479525741,500,0.47531000000890344,PASS,,0.06527035788327229,0.775,3.996757268667287,,,,
SCHO,spring,Tension/compression spring,3,4,1008,30,500,1e+30,1e-08,0.0126656,0.012911871273337735,0.012911871273337735,True,True,0.0,1e+30,0.012911871273337735,500,0.4738802000065334,PASS,,0.055327359292182056,0.45061273207698993,7.360646493800399,,,,
SCHO,spring,Tension/compression spring,3,4,1009,30,500,1e+30,1e-08,0.0126656,0.015203768547713398,0.015203768547713398,True,True,0.0,1e+30,0.015203768547713398,500,0.4865312000038102,PASS,,0.06379438988380194,0.7221644407696264,3.1730916525080635,,,,
SCHO,spring,Tension/compression spring,3,4,1010,30,500,1e+30,1e-08,0.0126656,0.013053798181266917,0.013053798181266917,True,True,0.0,1e+30,0.013053798181266917,500,0.4733507999917492,PASS,,0.056180037747653296,0.47409340501185016,6.723864805118591,,,,
SCHO,spring,Tension/compression spring,3,4,1011,30,500,1e+30,1e-08,0.0126656,0.012712848052512578,0.012712848052512578,True,True,0.0,1e+30,0.012712848052512578,500,0.4859839000273496,PASS,,0.05113566650802679,0.3430897381641086,12.170568892493964,,,,
SCHO,spring,Tension/compression spring,3,4,1012,30,500,1e+30,1e-08,0.0126656,0.012741180508285831,0.012741180508285831,True,True,0.0,1e+30,0.012741180508285831,500,0.4961885999655351,PASS,,0.05347928176657921,0.40107839372232296,9.10731963102859,,,,
SCHO,spring,Tension/compression spring,3,4,1013,30,500,1e+30,1e-08,0.0126656,0.01932322470406179,0.01932322470406179,True,True,0.0,1e+30,0.01932322470406179,500,0.5011232999968342,PASS,,0.060681762683248604,0.4997743117496488,8.5,,,,
SCHO,spring,Tension/compression spring,3,4,1014,30,500,1e+30,1e-08,0.0126656,0.012826493142551361,0.012826493142551361,True,True,0.0,0.03063352778465483,0.012826493142551361,500,0.5738272999878973,PASS,,0.05433772459578199,0.42342439889793376,8.259569955024054,,,,
SCHO,spring,Tension/compression spring,3,4,1015,30,500,1e+30,1e-08,0.0126656,0.013146348239668636,0.013146348239668636,True,True,0.0,1e+30,0.013146348239668636,500,0.5243253000080585,PASS,,0.056856666147090194,0.49414590175730294,6.22975967077653,,,,
SCHO,spring,Tension/compression spring,3,4,1016,30,500,1e+30,1e-08,0.0126656,0.018924283213838707,0.018924283213838707,True,True,0.0,1e+30,0.018924283213838707,500,0.5097327999537811,PASS,,0.057176473097994375,0.500387215742888,9.568538818415755,,,,
SCHO,spring,Tension/compression spring,3,4,1017,30,500,1e+30,1e-08,0.0126656,0.0158048948272196,0.0158048948272196,True,True,0.0,1e+30,0.0158048948272196,500,0.5026688000070862,PASS,,0.05838757243614273,0.5077022598701459,7.131490581312739,,,,
SCHO,spring,Tension/compression spring,3,4,1018,30,500,1e+30,1e-08,0.0126656,0.017571707163115884,0.017571707163115884,True,True,0.0,1e+30,0.017571707163115884,500,0.5126946999807842,PASS,,0.05786551132776383,0.499787129192803,8.5,,,,
SCHO,spring,Tension/compression spring,3,4,1019,30,500,1e+30,1e-08,0.0126656,0.013963140434239487,0.013963140434239487,True,True,0.0,1e+30,0.013963140434239487,500,0.5057244999916293,PASS,,0.06009471066107664,0.5929650879072704,4.5205087920589655,,,,
SCHO,spring,Tension/compression spring,3,4,1020,30,500,1e+30,1e-08,0.0126656,0.014620665276202618,0.014620665276202618,True,True,0.0,1e+30,0.014620665276202618,500,0.4993010999751277,PASS,,0.06231274680187412,0.6686420424421528,3.631442610261912,,,,
SCHO,spring,Tension/compression spring,3,4,1021,30,500,1e+30,1e-08,0.0126656,0.01733150524335701,0.01733150524335701,True,True,0.0,1e+30,0.01733150524335701,500,0.4934773999848403,PASS,,0.05746416175085655,0.49986511860728255,8.5,,,,
SCHO,spring,Tension/compression spring,3,4,1022,30,500,1e+30,1e-08,0.0126656,0.014107267380537011,0.014107267380537011,True,True,0.0,1e+30,0.014107267380537011,500,0.5276482999906875,PASS,,0.060879529613299385,0.619851394888614,4.140627292521688,,,,
SCHO,spring,Tension/compression spring,3,4,1023,30,500,1e+30,1e-08,0.0126656,0.017825406485755372,0.017825406485755372,True,True,0.0,1e+30,0.017825406485755372,500,0.5257761999964714,PASS,,0.05827365961223459,0.49983549862912013,8.501897126390906,,,,
SCHO,spring,Tension/compression spring,3,4,1024,30,500,1e+30,1e-08,0.0126656,0.012822219578294007,0.012822219578294007,True,True,0.0,1e+30,0.012822219578294007,500,0.516637000022456,PASS,,0.054475629331740154,0.427174712077625,8.114703631755823,,,,
SCHO,spring,Tension/compression spring,3,4,1025,30,500,1e+30,1e-08,0.0126656,0.017496072651304602,0.017496072651304602,True,True,0.0,1e+30,0.017496072651304602,500,0.5170803000219166,PASS,,0.05726168249929007,0.5002087774477042,8.667460808286938,,,,
SCHO,spring,Tension/compression spring,3,4,1026,30,500,1e+30,1e-08,0.0126656,0.012982346768404715,0.012982346768404715,True,True,0.0,1e+30,0.012982346768404715,500,0.5107785000000149,PASS,,0.05558209598654749,0.45660745078128107,7.2032320324506784,,,,
SCHO,spring,Tension/compression spring,3,4,1027,30,500,1e+30,1e-08,0.0126656,0.013758445509178313,0.013758445509178313,True,True,0.0,1e+30,0.013758445509178313,500,0.5424394000438042,PASS,,0.059490007418167394,0.572951401381584,4.785213788658998,,,,
SCHO,spring,Tension/compression spring,3,4,1028,30,500,1e+30,1e-08,0.0126656,0.014752582507309386,0.014752582507309386,True,True,0.0,1e+30,0.014752582507309386,500,0.5014757000026293,PASS,,0.054432276808870736,0.407434158174812,10.220743109945744,,,,
SCHO,spring,Tension/compression spring,3,4,1029,30,500,1e+30,1e-08,0.0126656,0.012737509903694882,0.012737509903694882,True,True,0.0,0.03520584573204708,0.012737509903694882,500,0.5067034999956377,PASS,,0.05250317136416347,0.37566247713502426,10.300298268611149,,,,
GWO,pressure_vessel,Pressure vessel,4,4,1000,30,500,1e+30,1e-08,5889.0061,5928.172671705204,5928.172671705204,True,True,0.0,360040.0749641333,5928.172671705204,500,0.5797869999660179,PASS,,0.7936765725696665,0.39626285586005433,41.09979228815041,189.45665612259214,,,
GWO,pressure_vessel,Pressure vessel,4,4,1001,30,500,1e+30,1e-08,5889.0061,5900.7755218766615,5900.7755218766615,True,True,0.0,87296.81293672194,5900.7755218766615,500,0.5850027999840677,PASS,,0.781992997941395,0.38732839675891323,40.51295041265134,197.5997740207039,,,
GWO,pressure_vessel,Pressure vessel,4,4,1002,30,500,1e+30,1e-08,5889.0061,5901.214590007514,5901.214590007514,True,True,0.0,1628193.270385516,5901.214590007514,500,0.5938376999692991,PASS,,0.7788379311380723,0.3883991874469305,40.320768452105035,200.0,,,
GWO,pressure_vessel,Pressure vessel,4,4,1003,30,500,1e+30,1e-08,5889.0061,5916.123062149843,5916.123062149843,True,True,0.0,651525.8025795313,5916.123062149843,500,0.6070833000121638,PASS,,0.7882758305521284,0.39211246210035733,40.81626323684119,193.30907203530123,,,
GWO,pressure_vessel,Pressure vessel,4,4,1004,30,500,1e+30,1e-08,5889.0061,7294.9130426967795,7294.9130426967795,True,True,0.0,512042.74733181106,7294.9130426967795,500,0.6330467000370845,PASS,,1.2492412875605805,0.6180863737006081,64.66051004983409,12.639187170924393,,,
GWO,pressure_vessel,Pressure vessel,4,4,1005,30,500,1e+30,1e-08,5889.0061,5904.773165528958,5904.773165528958,True,True,0.0,552437.3070443195,5904.773165528958,500,0.5963319999864325,PASS,,0.7804169172211814,0.3908889560204176,40.43554243306491,198.42036534567737,,,
GWO,pressure_vessel,Pressure vessel,4,4,1006,30,500,1e+30,1e-08,5889.0061,6768.288927359684,6768.288927359684,True,True,0.0,499905.09889155277,6768.288927359684,500,0.593087800021749,PASS,,1.1178501817539646,0.5532649580405903,57.89879867350307,46.000599277742985,,,
GWO,pressure_vessel,Pressure vessel,4,4,1007,30,500,1e+30,1e-08,5889.0061,5912.983784810396,5912.983784810396,True,True,0.0,2120545.4517217586,5912.983784810396,500,0.6049699999857694,PASS,,0.7818691221142489,0.3904633084844918,40.48353242712395,198.00619388823134,,,
GWO,pressure_vessel,Pressure vessel,4,4,1008,30,500,1e+30,1e-08,5889.0061,7173.921379312575,7173.921379312575,True,True,0.0,398034.1415840861,7173.921379312575,500,0.5933625999605283,PASS,,1.2245740024315948,0.6035115139443853,63.2326134000038,18.926037471522136,,,
GWO,pressure_vessel,Pressure vessel,4,4,1009,30,500,1e+30,1e-08,5889.0061,6025.121006399914,6025.121006399914,True,True,0.0,479706.5049993256,6025.121006399914,500,0.591835799976252,PASS,,0.8492216542537795,0.4203458084667908,43.97268439576471,154.7776392271974,,,
GWO,pressure_vessel,Pressure vessel,4,4,1010,30,500,1e+30,1e-08,5889.0061,5920.919657921404,5920.919657921404,True,True,0.0,401618.1949076647,5920.919657921404,500,0.5724302999442443,PASS,,0.7852934314799747,0.3948007085746376,40.68700673150314,195.11050790820067,,,
GWO,pressure_vessel,Pressure vessel,4,4,1011,30,500,1e+30,1e-08,5889.0061,5964.419145672319,5964.419145672319,True,True,0.0,922677.430975352,5964.419145672319,500,0.5719188000075519,PASS,,0.8148762139672153,0.4064968882037861,42.21461458709089,175.23299053397866,,,
GWO,pressure_vessel,Pressure vessel,4,4,1012,30,500,1e+30,1e-08,5889.0061,5905.805705091165,5905.805705091165,True,True,0.0,691776.3410585837,5905.805705091165,500,0.574135800008662,PASS,,0.7808523846066148,0.38901034040418775,40.43283555317078,198.5960862290855,,,
GWO,pressure_vessel,Pressure vessel,4,4,1013,30,500,1e+30,1e-08,5889.0061,7335.187958062274,7335.187958062274,True,True,0.0,867857.4071918395,7335.187958062274,500,0.5722121000289917,PASS,,1.2594248547072138,0.622629616737144,65.1025168346344,10.600709339863373,,,
GWO,pressure_vessel,Pressure vessel,4,4,1014,30,500,1e+30,1e-08,5889.0061,7133.351516419357,7133.351516419357,True,True,0.0,406932.2070049889,7133.351516419357,500,0.6004575999686494,PASS,,1.2132378174994223,0.6000139922079967,62.79894480406211,20.96591877348749,,,
GWO,pressure_vessel,Pressure vessel,4,4,1015,30,500,1e+30,1e-08,5889.0061,5922.780470599564,5922.780470599564,True,True,0.0,190533.52989856366,5922.780470599564,500,0.6028922999976203,PASS,,0.7813696391654114,0.39607402245254403,40.48006064077839,197.89653105239987,,,
GWO,pressure_vessel,Pressure vessel,4,4,1016,30,500,1e+30,1e-08,5889.0061,5969.7425524181335,5969.7425524181335,True,True,0.0,610455.0389893202,5969.7425524181335,500,0.5784167000092566,PASS,,0.8178717383174569,0.4067693524278599,42.37569439978234,173.43877254996755,,,
GWO,pressure_vessel,Pressure vessel,4,4,1017,30,500,1e+30,1e-08,5889.0061,5937.318384186392,5937.318384186392,True,True,0.0,489649.76565592503,5937.318384186392,500,0.5855103000067174,PASS,,0.8007791509737426,0.39652224272936626,41.41961885593584,185.26862320865646,,,
GWO,pressure_vessel,Pressure vessel,4,4,1018,30,500,1e+30,1e-08,5889.0061,5920.078593709971,5920.078593709971,True,True,0.0,728254.9349264576,5920.078593709971,500,0.6071771000279114,PASS,,0.7793006534491863,0.3916199635125954,40.35827658495819,200.0,,,
GWO,pressure_vessel,Pressure vessel,4,4,1019,30,500,1e+30,1e-08,5889.0061,7148.01884509559,7148.01884509559,True,True,0.0,1697696.3547695014,7148.01884509559,500,0.567148600006476,PASS,,1.2161224054474602,0.601586636341228,62.9630244770082,20.25113536300086,,,
GWO,pressure_vessel,Pressure vessel,4,4,1020,30,500,1e+30,1e-08,5889.0061,5922.401319040053,5922.401319040053,True,True,0.0,1060016.9142327798,5922.401319040053,500,0.5647810000227764,PASS,,0.7918809767430711,0.3929844473476585,40.981701134802705,191.08289616952314,,,
GWO,pressure_vessel,Pressure vessel,4,4,1021,30,500,1e+30,1e-08,5889.0061,5901.864410615423,5901.864410615423,True,True,0.0,236800.88430299575,5901.864410615423,500,0.5630923000280745,PASS,,0.7807464179265509,0.38752508438669087,40.44111966025478,198.585949722063,,,
GWO,pressure_vessel,Pressure vessel,4,4,1022,30,500,1e+30,1e-08,5889.0061,5962.739209650361,5962.739209650361,True,True,0.0,1486046.059607426,5962.739209650361,500,0.5622006999910809,PASS,,0.8068608848440909,0.40542546140318625,41.79700585944457,180.61893380927722,,,
GWO,pressure_vessel,Pressure vessel,4,4,1023,30,500,1e+30,1e-08,5889.0061,6065.516613045081,6065.516613045081,True,True,0.0,252718.09809178684,6065.516613045081,500,0.5707587999640964,PASS,,0.867989844698184,0.42888171839858097,44.942838467025645,144.51064917913652,,,
GWO,pressure_vessel,Pressure vessel,4,4,1024,30,500,1e+30,1e-08,5889.0061,5901.727045137565,5901.727045137565,True,True,0.0,1128222.481095697,5901.727045137565,500,0.5749514999915846,PASS,,0.7803010182452707,0.38696184622354773,40.371229507194464,199.3379043922529,,,
GWO,pressure_vessel,Pressure vessel,4,4,1025,30,500,1e+30,1e-08,5889.0061,5943.470485790478,5943.470485790478,True,True,0.0,352472.18207194994,5943.470485790478,500,0.5745648000156507,PASS,,0.787212103487057,0.4003801432190395,40.73219180363851,194.41952439552423,,,
GWO,pressure_vessel,Pressure vessel,4,4,1026,30,500,1e+30,1e-08,5889.0061,6243.551588947404,6243.551588947404,True,True,0.0,1389706.780046496,6243.551588947404,500,0.5684340999578126,PASS,,0.9416663760324601,0.4676457296619363,48.73444492683521,108.74175138031337,,,
GWO,pressure_vessel,Pressure vessel,4,4,1027,30,500,1e+30,1e-08,5889.0061,5898.4678701803205,5898.4678701803205,True,True,0.0,221834.57692703692,5898.4678701803205,500,0.5820453999913298,PASS,,0.7821190404894857,0.3886720298325031,40.52368469681343,197.1888171789452,,,
GWO,pressure_vessel,Pressure vessel,4,4,1028,30,500,1e+30,1e-08,5889.0061,6169.04389919257,6169.04389919257,True,True,0.0,605068.1702506575,6169.04389919257,500,0.5806319999974221,PASS,,0.9066594139641913,0.45182463389225797,46.893295203034086,125.15569052941204,,,
GWO,pressure_vessel,Pressure vessel,4,4,1029,30,500,1e+30,1e-08,5889.0061,7053.804882307046,7053.804882307046,True,True,0.0,380921.2575358011,7053.804882307046,500,0.5733526000403799,PASS,,1.1946253947092913,0.5892779223232146,61.6740633792238,26.244274760116507,,,
SCHO,pressure_vessel,Pressure vessel,4,4,1000,30,500,1e+30,1e-08,5889.0061,6149.3640825710845,6149.3640825710845,True,True,0.0,2183467.268260414,6149.3640825710845,500,0.5213678000145592,PASS,,0.8925943290444174,0.4442162313198946,46.11375493148403,132.93116372886658,,,
SCHO,pressure_vessel,Pressure vessel,4,4,1001,30,500,1e+30,1e-08,5889.0061,6401.818659287066,6401.818659287066,True,True,0.0,441105.1743514994,6401.818659287066,500,0.5199052999960259,PASS,,0.984807679991754,0.48762666308747055,50.81709912589244,93.07667417690736,,,
SCHO,pressure_vessel,Pressure vessel,4,4,1002,30,500,1e+30,1e-08,5889.0061,6296.585072339265,6296.585072339265,True,True,0.0,853373.3828037458,6296.585072339265,500,0.5173419000348076,PASS,,0.959544646964393,0.47259209028141663,49.52230403133813,102.52458586728287,,,
SCHO,pressure_vessel,Pressure vessel,4,4,1003,30,500,1e+30,1e-08,5889.0061,6459.177437149102,6459.177437149102,True,True,0.0,686180.354219527,6459.177437149102,500,0.5217228999827057,PASS,,1.0090370357619354,0.5005143105985227,52.07668872777951,83.32121342423976,,,
SCHO,pressure_vessel,Pressure vessel,4,4,1004,30,500,1e+30,1e-08,5889.0061,6384.064509191489,6384.064509191489,True,True,0.0,1479236.983209421,6384.064509191489,500,0.5298210000037216,PASS,,0.9886685783616188,0.4923928414812265,51.09053438671898,89.99868817490568,,,
SCHO,pressure_vessel,Pressure vessel,4,4,1005,30,500,1e+30,1e-08,5889.0061,6300.02325445377,6300.02325445377,True,True,0.0,79067.685771217,6300.02325445377,500,0.5215482999919914,PASS,,0.9540957748059358,0.4754479367176369,49.381833344693646,103.91149451927943,,,
SCHO,pressure_vessel,Pressure vessel,4,4,1006,30,500,1e+30,1e-08,5889.0061,6815.195877153341,6815.195877153341,True,True,0.0,248868.48617673182,6815.195877153341,500,0.5137264000368305,PASS,,1.1261016122899385,0.557732826725602,58.12249742191042,44.75043002931673,,,
SCHO,pressure_vessel,Pressure vessel,4,4,1007,30,500,1e+30,1e-08,5889.0061,6711.259656788991,6711.259656788991,True,True,0.0,1699467.6939324555,6711.259656788991,500,0.517581699998118,PASS,,1.088218094199545,0.5427545035402433,56.25655293243797,55.79760998705105,,,
SCHO,pressure_vessel,Pressure vessel,4,4,1008,30,500,1e+30,1e-08,5889.0061,6565.964656333514,6565.964656333514,True,True,0.0,381138.4195302282,6565.964656333514,500,0.5152762000216171,PASS,,1.0474352464354366,0.5216390028194193,54.09471508125195,69.03414547991387,,,
SCHO,pressure_vessel,Pressure vessel,4,4,1009,30,500,1e+30,1e-08,5889.0061,6509.430685322761,6509.430685322761,True,True,0.0,116933.34858038672,6509.430685322761,500,0.5079269999987446,PASS,,1.0359027553242106,0.5117082487559587,53.553670480881735,72.767007120964,,,
SCHO,pressure_vessel,Pressure vessel,4,4,1010,30,500,1e+30,1e-08,5889.0061,6178.078967926537,6178.078967926537,True,True,0.0,254691.6663109618,6178.078967926537,500,0.5242652000160888,PASS,,0.9097754466798904,0.4485849472696569,47.01158850259949,124.59568113816913,,,
SCHO,pressure_vessel,Pressure vessel,4,4,1011,30,500,1e+30,1e-08,5889.0061,6441.989548837947,6441.989548837947,True,True,0.0,357541.065819876,6441.989548837947,500,0.5157624999992549,PASS,,0.9983495870119792,0.5044577546434105,51.71503716665762,85.58898855350002,,,
SCHO,pressure_vessel,Pressure vessel,4,4,1012,30,500,1e+30,1e-08,5889.0061,6441.1743704731325,6441.1743704731325,True,True,0.0,1240981.3542115353,6441.1743704731325,500,0.5146371999871917,PASS,,1.0098334139905933,0.4978898325545312,51.98687821062022,83.46635049774028,,,
SCHO,pressure_vessel,Pressure vessel,4,4,1013,30,500,1e+30,1e-08,5889.0061,6771.79063003529,6771.79063003529,True,True,0.0,287653.5001786168,6771.79063003529,500,0.5132214000332169,PASS,,1.1111039049453149,0.5501108445899678,57.38040972019628,49.22588473550569,,,
SCHO,pressure_vessel,Pressure vessel,4,4,1014,30,500,1e+30,1e-08,5889.0061,6749.566136532886,6749.566136532886,True,True,0.0,1283254.7343631138,6749.566136532886,500,0.510388900001999,PASS,,1.1034938005348869,0.5475423295019953,57.11601382921041,50.9157139116975,,,
SCHO,pressure_vessel,Pressure vessel,4,4,1015,30,500,1e+30,1e-08,5889.0061,6382.244029114074,6382.244029114074,True,True,0.0,568530.1074857713,6382.244029114074,500,0.5143441000254825,PASS,,0.9919159041369018,0.4884896842242343,51.08930526349217,89.9655397411559,,,
SCHO,pressure_vessel,Pressure vessel,4,4,1016,30,500,1e+30,1e-08,5889.0061,6231.531487955334,6231.531487955334,True,True,0.0,2589425.239863457,6231.531487955334,500,0.5161506999866106,PASS,,0.9176093523581336,0.4636770472320486,47.390392720759976,120.68799385893807,,,
SCHO,pressure_vessel,Pressure vessel,4,4,1017,30,500,1e+30,1e-08,5889.0061,6416.075206021528,6416.075206021528,True,True,0.0,787898.5926573814,6416.075206021528,500,0.5210566999739967,PASS,,0.9840186111569887,0.48284767389852623,50.31358841052126,96.69648509543627,,,
SCHO,pressure_vessel,Pressure vessel,4,4,1018,30,500,1e+30,1e-08,5889.0061,6013.651106649038,6013.651106649038,True,True,0.0,761981.1580823307,6013.651106649038,500,0.5330421000253409,PASS,,0.8316472636925331,0.4117009889157939,43.03268244041813,166.26474824812942,,,
SCHO,pressure_vessel,Pressure vessel,4,4,1019,30,500,1e+30,1e-08,5889.0061,6298.7512098781535,6298.7512098781535,True,True,0.0,565503.715728278,6298.7512098781535,500,0.5181040000170469,PASS,,0.9475702048122757,0.4672687376582896,48.91805286168849,108.51302765518196,,,
SCHO,pressure_vessel,Pressure vessel,4,4,1020,30,500,1e+30,1e-08,5889.0061,6401.752247826594,6401.752247826594,True,True,0.0,470154.9325835233,6401.752247826594,500,0.5143073999788612,PASS,,0.9817691866028992,0.49655629474565804,50.77672843388475,92.55878531349447,,,
SCHO,pressure_vessel,Pressure vessel,4,4,1021,30,500,1e+30,1e-08,5889.0061,6344.835201136437,6344.835201136437,True,True,0.0,100206.8482001739,6344.835201136437,500,0.5124895000481047,PASS,,0.9749222783853284,0.4828056268642488,50.40550860799124,95.64459356149419,,,
SCHO,pressure_vessel,Pressure vessel,4,4,1022,30,500,1e+30,1e-08,5889.0061,6631.996503003601,6631.996503003601,True,True,0.0,407921.5551788353,6631.996503003601,500,0.5176545999711379,PASS,,1.0663155489029776,0.5299845754259455,55.24202532317202,62.3408814941081,,,
SCHO,pressure_vessel,Pressure vessel,4,4,1023,30,500,1e+30,1e-08,5889.0061,6382.670353151468,6382.670353151468,True,True,0.0,278347.61355228315,6382.670353151468,500,0.5613238000078127,PASS,,0.9928305924546926,0.48936207273364707,51.255876643404505,88.93236655802934,,,
SCHO,pressure_vessel,Pressure vessel,4,4,1024,30,500,1e+30,1e-08,5889.0061,6213.989483182801,6213.989483182801,True,True,0.0,372795.5251547459,6213.989483182801,500,0.5845608999952674,PASS,,0.9272480607282558,0.46020611902116726,48.0125638809972,115.29790765507887,,,
SCHO,pressure_vessel,Pressure vessel,4,4,1025,30,500,1e+30,1e-08,5889.0061,7265.711677642845,7265.711677642845,True,True,0.0,867713.7561715862,7265.711677642845,500,0.5285172000294551,PASS,,1.2388699592233525,0.6120181711116014,64.06437086901097,15.63958354078551,,,
SCHO,pressure_vessel,Pressure vessel,4,4,1026,30,500,1e+30,1e-08,5889.0061,6015.998932284717,6015.998932284717,True,True,0.0,180505.10603524497,6015.998932284717,500,0.5119422000134364,PASS,,0.8272336060038747,0.40756178115089065,42.51647424873622,171.62443341905146,,,
SCHO,pressure_vessel,Pressure vessel,4,4,1027,30,500,1e+30,1e-08,5889.0061,7333.829582605371,7333.829582605371,True,True,0.0,180771.92314362607,7333.829582605371,500,0.5267302000429481,PASS,,1.2607660041322284,0.621606115850761,65.07132112588887,10.726059732373209,,,
SCHO,pressure_vessel,Pressure vessel,4,4,1028,30,500,1e+30,1e-08,5889.0061,6383.246155549527,6383.246155549527,True,True,0.0,891508.5219224709,6383.246155549527,500,0.5143119000131264,PASS,,0.9832712419063878,0.4943293674941254,50.92238140924929,91.37270811292568,,,
SCHO,pressure_vessel,Pressure vessel,4,4,1029,30,500,1e+30,1e-08,5889.0061,6566.442865685258,6566.442865685258,True,True,0.0,1380816.619781556,6566.442865685258,500,0.5156190000125207,PASS,,1.046030483672631,0.5200923135160076,54.07837065712547,69.50772705956281,,,
GWO,welded_beam,Welded beam,4,7,1000,30,500,1e+30,1e-08,1.72516,1.7309175854623886,1.7309175854623886,True,True,0.0,1e+30,1.7309175854623886,500,0.6416449000244029,PASS,,0.20270458373013756,3.5413326407156673,9.041184064667625,0.2057897122755337,,,
GWO,welded_beam,Welded beam,4,7,1001,30,500,1e+30,1e-08,1.72516,1.7283775159024908,1.7283775159024908,True,True,0.0,3.9287468662326224,1.7283775159024908,500,0.6273345000226982,PASS,,0.2045428259711374,3.505360536416845,9.041068268233305,0.2057153554005762,,,
GWO,welded_beam,Welded beam,4,7,1002,30,500,1e+30,1e-08,1.72516,1.7276941986437584,1.7276941986437584,True,True,0.0,1e+30,1.7276941986437584,500,0.6387057999963872,PASS,,0.20540450409391134,3.479113035937569,9.04761884801782,0.205766295217207,,,
GWO,welded_beam,Welded beam,4,7,1003,30,500,1e+30,1e-08,1.72516,1e+30,6.032014598522798,False,True,1.0320145985227978,1e+30,1e+30,500,0.6166226000059396,NO_FEASIBLE_FOUND,Best fitness stayed at the death penalty.,0.45673899971040355,2.641387521166339,4.9973253391696275,1.355503959219952,,,
GWO,welded_beam,Welded beam,4,7,1004,30,500,1e+30,1e-08,1.72516,1e+30,0.9123575393729509,False,True,304428.8452042268,1e+30,1e+30,500,0.6213797999662347,NO_FEASIBLE_FOUND,Best fitness stayed at the death penalty.,0.10167286020735855,1.3884979900635512,1.4709259164560544,0.8232438101997511,,,
GWO,welded_beam,Welded beam,4,7,1005,30,500,1e+30,1e-08,1.72516,1.7305972342048737,1.7305972342048737,True,True,0.0,4.802372104261444,1.7305972342048737,500,0.6315319000277668,PASS,,0.20290352681437981,3.5346054336829735,9.046193217998903,0.20571141541462643,,,
GWO,welded_beam,Welded beam,4,7,1006,30,500,1e+30,1e-08,1.72516,1e+30,5.281759267156913,False,True,68354.12934117443,1e+30,1e+30,500,0.6195840000291355,NO_FEASIBLE_FOUND,Best fitness stayed at the death penalty.,0.7401507237883664,6.048483743616583,3.048529864150838,0.551387644921589,,,
GWO,welded_beam,Welded beam,4,7,1007,30,500,1e+30,1e-08,1.72516,1.7309995198021857,1.7309995198021857,True,True,0.0,3.7667899507463027,1.7309995198021857,500,0.6441821999615058,PASS,,0.20410943734775375,3.5190705477259416,9.044340933658225,0.20583114501885127,,,
GWO,welded_beam,Welded beam,4,7,1008,30,500,1e+30,1e-08,1.72516,1e+30,6.297978769161422,False,True,20441.352033913405,1e+30,1e+30,500,0.6211334000108764,NO_FEASIBLE_FOUND,Best fitness stayed at the death penalty.,0.4177802232037756,8.149202402514915,2.252585009220994,1.9691619636428352,,,
GWO,welded_beam,Welded beam,4,7,1009,30,500,1e+30,1e-08,1.72516,1e+30,0.47258115436927983,False,True,2224760.955932747,1e+30,1e+30,500,0.6202457000035793,NO_FEASIBLE_FOUND,Best fitness stayed at the death penalty.,0.20735087790153464,3.336464317961332,0.5935294745246625,0.6345201950100189,,,
GWO,welded_beam,Welded beam,4,7,1010,30,500,1e+30,1e-08,1.72516,1.7371338865220896,1.7371338865220896,True,True,0.0,1e+30,1.7371338865220896,500,0.6384545000037178,PASS,,0.19819724365980226,3.648534193340552,9.03508233219686,0.2058032380945197,,,
GWO,welded_beam,Welded beam,4,7,1011,30,500,1e+30,1e-08,1.72516,1e+30,3.1014734184765067,False,True,375218.23641482485,1e+30,1e+30,500,0.6183975999592803,NO_FEASIBLE_FOUND,Best fitness stayed at the death penalty.,0.6398371966658295,5.676903001543016,2.2047413330744985,0.2558740635611678,,,
GWO,welded_beam,Welded beam,4,7,1012,30,500,1e+30,1e-08,1.72516,1e+30,8.50508910165637,False,True,17988.460716522044,1e+30,1e+30,500,0.6178426999831572,NO_FEASIBLE_FOUND,Best fitness stayed at the death penalty.,0.682008918214214,7.8284021753421245,2.4605205535813894,1.7347612890873738,,,
GWO,welded_beam,Welded beam,4,7,1013,30,500,1e+30,1e-08,1.72516,1e+30,7.123205161185003,False,True,2.1232051611850027,1e+30,1e+30,500,0.6143752000061795,NO_FEASIBLE_FOUND,Best fitness stayed at the death penalty.,1.6095365390817569,0.8818967685851355,6.759329953838015,0.9503801640282817,,,
GWO,welded_beam,Welded beam,4,7,1014,30,500,1e+30,1e-08,1.72516,2.025805911803849,2.025805911803849,True,True,0.0,4.016554137720022,2.025805911803849,500,0.6161716000060551,PASS,,0.20058027886486599,4.20371628303929,10.0,0.20998073625448135,,,
GWO,welded_beam,Welded beam,4,7,1015,30,500,1e+30,1e-08,1.72516,1.7281915914825154,1.7281915914825154,True,True,0.0,1e+30,1.7281915914825154,500,0.6252972000511363,PASS,,0.20400778290751032,3.510794055481337,9.036043284517627,0.20581984300913714,,,
GWO,welded_beam,Welded beam,4,7,1016,30,500,1e+30,1e-08,1.72516,1.7318106436456981,1.7318106436456981,True,True,0.0,1e+30,1.7318106436456981,500,0.6307349999551661,PASS,,0.20155942427974935,3.5622282242033934,9.040255455755304,0.2057972296274293,,,
GWO,welded_beam,Welded beam,4,7,1017,30,500,1e+30,1e-08,1.72516,1.7274722284009805,1.7274722284009805,True,True,0.0,2.5826343247009262,1.7274722284009805,500,0.6178287999937311,PASS,,0.20535567494583576,3.480482560229492,9.036896326723541,0.20596684359790254,,,
GWO,welded_beam,Welded beam,4,7,1018,30,500,1e+30,1e-08,1.72516,1.7280311690665007,1.7280311690665007,True,True,0.0,3.195334657964364,1.7280311690665007,500,0.6392699999851175,PASS,,0.20456659253174905,3.4974385490884057,9.043437295391229,0.20575224521048088,,,
GWO,welded_beam,Welded beam,4,7,1019,30,500,1e+30,1e-08,1.72516,1.737589468634241,1.737589468634241,True,True,0.0,4.443309657541095,1.737589468634241,500,0.6296567000099458,PASS,,0.19876343951284905,3.6324708276847915,9.032745527712933,0.20607674138874402,,,
GWO,welded_beam,Welded beam,4,7,1020,30,500,1e+30,1e-08,1.72516,1e+30,5.620151531509076,False,True,454072.81689869164,1e+30,1e+30,500,0.6283344000112265,NO_FEASIBLE_FOUND,Best fitness stayed at the death penalty.,1.1995304616921356,2.9083852847531952,0.8493585052226411,1.443237354160841,,,
GWO,welded_beam,Welded beam,4,7,1021,30,500,1e+30,1e-08,1.72516,1.730855101513896,1.730855101513896,True,True,0.0,4.404719689643776,1.730855101513896,500,0.6420605999883264,PASS,,0.20252334752098033,3.539734807846525,9.0428847165566,0.20580870569053697,,,
GWO,welded_beam,Welded beam,4,7,1022,30,500,1e+30,1e-08,1.72516,1.7308918835173883,1.7308918835173883,True,True,0.0,1e+30,1.7308918835173883,500,0.6385766000021249,PASS,,0.20332106990067297,3.5325663220031855,9.035944944116062,0.2059326593477623,,,
GWO,welded_beam,Welded beam,4,7,1023,30,500,1e+30,1e-08,1.72516,1.7300180365078293,1.7300180365078293,True,True,0.0,1e+30,1.7300180365078293,500,0.6326865999726579,PASS,,0.20339964407482572,3.5311147705584127,9.039627713750882,0.2057435349259293,,,
GWO,welded_beam,Welded beam,4,7,1024,30,500,1e+30,1e-08,1.72516,3.0680024862958093,3.0680024862958093,True,True,0.0,1e+30,3.0680024862958093,500,0.6289651999832131,PASS,,0.4554771844003139,2.1857150765569933,5.972699758177608,0.5519510724918613,,,
GWO,welded_beam,Welded beam,4,7,1025,30,500,1e+30,1e-08,1.72516,1e+30,20.247019457815284,False,True,263929.0576387229,1e+30,1e+30,500,0.6484793999698013,NO_FEASIBLE_FOUND,Best fitness stayed at the death penalty.,1.6601229965451592,6.327174199759684,1.705234990868641,0.5896842698353508,,,
GWO,welded_beam,Welded beam,4,7,1026,30,500,1e+30,1e-08,1.72516,1e+30,1.5187365164372792,False,True,702631.8615350421,1e+30,1e+30,500,0.6222036999533884,NO_FEASIBLE_FOUND,Best fitness stayed at the death penalty.,0.4244006722183382,5.991660919216478,2.0262443477952576,0.16755643124287095,,,
GWO,welded_beam,Welded beam,4,7,1027,30,500,1e+30,1e-08,1.72516,1e+30,0.8034983031561905,False,True,97495.26133978443,1e+30,1e+30,500,0.6170839000260457,NO_FEASIBLE_FOUND,Best fitness stayed at the death penalty.,0.15315165661112734,5.665241869763006,5.695104404982991,0.12188018721250177,,,
GWO,welded_beam,Welded beam,4,7,1028,30,500,1e+30,1e-08,1.72516,3.641306279443997,3.641306279443997,True,True,0.0,1e+30,3.641306279443997,500,0.6232426999486051,PASS,,0.4679081767499648,1.438805866398585,8.984945373147168,0.49347869714279197,,,
GWO,welded_beam,Welded beam,4,7,1029,30,500,1e+30,1e-08,1.72516,1.7281268518572606,1.7281268518572606,True,True,0.0,4.781557008271079,1.7281268518572606,500,0.7376255000126548,PASS,,0.20574044079841333,3.4872506859048507,9.031613933756779,0.2059720079988012,,,
SCHO,welded_beam,Welded beam,4,7,1000,30,500,1e+30,1e-08,1.72516,1e+30,4.348547874447729,False,True,33216.31699222488,1e+30,1e+30,500,0.658629400015343,NO_FEASIBLE_FOUND,Best fitness stayed at the death penalty.,1.090632902152619,1.4508581546043349,2.4267785936455595,1.3537579982329253,,,
SCHO,welded_beam,Welded beam,4,7,1001,30,500,1e+30,1e-08,1.72516,1.9275560099426616,1.9275560099426616,True,True,0.0,4.952527216253941,1.9275560099426616,500,0.6685502000036649,PASS,,0.2609890647397016,2.89095745775909,8.028853002529914,0.2620943261104451,,,
SCHO,welded_beam,Welded beam,4,7,1002,30,500,1e+30,1e-08,1.72516,1e+30,15.724225994060896,False,True,10.724225994060896,1e+30,1e+30,500,0.6494508999749087,NO_FEASIBLE_FOUND,Best fitness stayed at the death penalty.,0.8235602030179201,7.184957529029902,6.547021259957654,1.5496910235629637,,,
SCHO,welded_beam,Welded beam,4,7,1003,30,500,1e+30,1e-08,1.72516,2.4213467420431782,2.4213467420431782,True,True,0.0,1e+30,2.4213467420431782,500,0.6511401000316255,PASS,,0.40838835482588265,2.0783884704228117,6.410873524309533,0.41105265611345304,,,
SCHO,welded_beam,Welded beam,4,7,1004,30,500,1e+30,1e-08,1.72516,1e+30,3.9592447980415786,False,True,135003.48585156733,1e+30,1e+30,500,0.6600157999782823,NO_FEASIBLE_FOUND,Best fitness stayed at the death penalty.,0.10167286020735855,1.5319713763299903,2.9840300024359627,1.7677626435671914,,,
SCHO,welded_beam,Welded beam,4,7,1005,30,500,1e+30,1e-08,1.72516,2.717158515844118,2.717158515844118,True,True,0.0,1e+30,2.717158515844118,500,0.6527651000069454,PASS,,0.5059345539728275,1.7652176710399723,5.7523307168324065,0.5083737271087736,,,
SCHO,welded_beam,Welded beam,4,7,1006,30,500,1e+30,1e-08,1.72516,2.5218112731011493,2.5218112731011493,True,True,0.0,1e+30,2.5218112731011493,500,0.6565658999606967,PASS,,0.440267059081539,1.9865803889245746,6.185026646842547,0.44070313902441155,,,
SCHO,welded_beam,Welded beam,4,7,1007,30,500,1e+30,1e-08,1.72516,1.7410126129768104,1.7410126129768104,True,True,0.0,3.362552904880306,1.7410126129768104,500,0.6380505999550223,PASS,,0.19653580709577181,3.675829501405453,9.049472804422232,0.2058548353445349,,,
SCHO,welded_beam,Welded beam,4,7,1008,30,500,1e+30,1e-08,1.72516,1e+30,2.950252624090737,False,True,38266.64788241546,1e+30,1e+30,500,0.6351426999899559,NO_FEASIBLE_FOUND,Best fitness stayed at the death penalty.,0.4177802232037756,9.24452672713223,7.070106022550318,0.14769646651944704,,,
SCHO,welded_beam,Welded beam,4,7,1009,30,500,1e+30,1e-08,1.72516,1.9031731870596282,1.9031731870596282,True,True,0.0,1e+30,1.9031731870596282,500,0.6334148999885656,PASS,,0.25246626967538693,2.974829793173969,8.177133124281122,0.2536273199033553,,,
SCHO,welded_beam,Welded beam,4,7,1010,30,500,1e+30,1e-08,1.72516,1.8622183028891808,1.8622183028891808,True,True,0.0,1e+30,1.8622183028891808,500,0.6508923000073992,PASS,,0.2397761138499059,3.1002077869210236,8.418642950920507,0.2404461371901119,,,
SCHO,welded_beam,Welded beam,4,7,1011,30,500,1e+30,1e-08,1.72516,1.94917099058179,1.94917099058179,True,True,0.0,4.7259437203103225,1.94917099058179,500,0.652954299992416,PASS,,0.2677321291666549,2.854680093375115,7.929930498207276,0.26797250250547244,,,
SCHO,welded_beam,Welded beam,4,7,1012,30,500,1e+30,1e-08,1.72516,1.7350805622606855,1.7350805622606855,True,True,0.0,1e+30,1.7350805622606855,500,0.6403312000329606,PASS,,0.20321452647718508,3.520717507148396,9.075354539455867,0.20581737237054035,,,
SCHO,welded_beam,Welded beam,4,7,1013,30,500,1e+30,1e-08,1.72516,2.4676616092617514,2.4676616092617514,True,True,0.0,1e+30,2.4676616092617514,500,0.6320823999703862,PASS,,0.4159968745672715,1.9977527088206424,6.5053680204394135,0.4165764465416384,,,
SCHO,welded_beam,Welded beam,4,7,1014,30,500,1e+30,1e-08,1.72516,1e+30,15.016496041371061,False,True,10.016496041371061,1e+30,1e+30,500,0.6437410000362433,NO_FEASIBLE_FOUND,Best fitness stayed at the death penalty.,0.9274956030833198,4.482552901089401,9.105345318570894,1.328562243775022,,,
SCHO,welded_beam,Welded beam,4,7,1015,30,500,1e+30,1e-08,1.72516,1.7346323170831335,1.7346323170831335,True,True,0.0,4.809538615932736,1.7346323170831335,500,0.6443722000112757,PASS,,0.20463029779778044,3.5232210092616216,9.058877429106706,0.2057943505299449,,,
SCHO,welded_beam,Welded beam,4,7,1016,30,500,1e+30,1e-08,1.72516,1e+30,1.1412839482639519,False,True,165249.45471589526,1e+30,1e+30,500,0.6416252999915741,NO_FEASIBLE_FOUND,Best fitness stayed at the death penalty.,0.5331840337531523,0.9749874130008822,2.2269530775292488,0.5204974113245932,,,
SCHO,welded_beam,Welded beam,4,7,1017,30,500,1e+30,1e-08,1.72516,1.7386345399968688,1.7386345399968688,True,True,0.0,1e+30,1.7386345399968688,500,0.636865200009197,PASS,,0.2066216633914937,3.4697879101796176,9.000115682031645,0.2082123922293425,,,
SCHO,welded_beam,Welded beam,4,7,1018,30,500,1e+30,1e-08,1.72516,1e+30,14.444960035410023,False,True,360343.09740865725,1e+30,1e+30,500,0.6427013000356965,NO_FEASIBLE_FOUND,Best fitness stayed at the death penalty.,1.2285533534585096,7.661047696222678,0.8052195471868837,1.9913858380456868,,,
SCHO,welded_beam,Welded beam,4,7,1019,30,500,1e+30,1e-08,1.72516,1.8154560668290511,1.8154560668290511,True,True,0.0,3.025941744130792,1.8154560668290511,500,0.6311274000327103,PASS,,0.23009017697753562,3.180313439950955,8.559273618748653,0.23032397310457364,,,
SCHO,welded_beam,Welded beam,4,7,1020,30,500,1e+30,1e-08,1.72516,1e+30,21.282587905461504,False,True,16.282587905461504,1e+30,1e+30,500,0.6337727999780327,NO_FEASIBLE_FOUND,Best fitness stayed at the death penalty.,1.1995304616921356,7.995543348213292,6.431700366286527,1.2596668654660743,,,
SCHO,welded_beam,Welded beam,4,7,1021,30,500,1e+30,1e-08,1.72516,1e+30,1.3935335354670144,False,True,14136819.494442549,1e+30,1e+30,500,0.6241481999750249,NO_FEASIBLE_FOUND,Best fitness stayed at the death penalty.,0.8113374708053337,1.749694198917936,0.22248186005304862,0.7187352787236841,,,
SCHO,welded_beam,Welded beam,4,7,1022,30,500,1e+30,1e-08,1.72516,1.7330028379242222,1.7330028379242222,True,True,0.0,1e+30,1.7330028379242222,500,0.6243588000070304,PASS,,0.20504698378177166,3.4752455999225313,9.091706127851909,0.20560561316375917,,,
SCHO,welded_beam,Welded beam,4,7,1023,30,500,1e+30,1e-08,1.72516,1e+30,1.3738709432989324,False,True,783944.4514669973,1e+30,1e+30,500,0.6215498000383377,NO_FEASIBLE_FOUND,Best fitness stayed at the death penalty.,0.7438512520161997,1.1033141366945416,0.6432439814877294,1.4965261382180215,,,
SCHO,welded_beam,Welded beam,4,7,1024,30,500,1e+30,1e-08,1.72516,1.7371912995431897,1.7371912995431897,True,True,0.0,4.965590933556383,1.7371912995431897,500,0.6198977999738418,PASS,,0.20622941344700615,3.4791245775585553,9.013406555655271,0.20762792225724985,,,
SCHO,welded_beam,Welded beam,4,7,1025,30,500,1e+30,1e-08,1.72516,2.0570958513841053,2.0570958513841053,True,True,0.0,1e+30,2.0570958513841053,500,0.6297984999837354,PASS,,0.2938952017254466,2.7189692479495897,7.531074390042345,0.2967595251684407,,,
SCHO,welded_beam,Welded beam,4,7,1026,30,500,1e+30,1e-08,1.72516,1.7673562873135762,1.7673562873135762,True,True,0.0,1e+30,1.7673562873135762,500,0.6357751000323333,PASS,,0.2137860978651393,3.4161428883217644,8.874516276971793,0.21448379683520322,,,
SCHO,welded_beam,Welded beam,4,7,1027,30,500,1e+30,1e-08,1.72516,2.053237254589916,2.053237254589916,True,True,0.0,1e+30,2.053237254589916,500,0.6446335000218824,PASS,,0.2949448035082914,2.6542739107154487,7.5127818823363866,0.29872113795172733,,,
SCHO,welded_beam,Welded beam,4,7,1028,30,500,1e+30,1e-08,1.72516,1e+30,26.868812386463826,False,True,69596.46479103208,1e+30,1e+30,500,0.6194558999850415,NO_FEASIBLE_FOUND,Best fitness stayed at the death penalty.,1.650725049364109,8.085347467288294,2.1250910317501743,1.12055076434782,,,
SCHO,welded_beam,Welded beam,4,7,1029,30,500,1e+30,1e-08,1.72516,3.46407168912587,3.46407168912587,True,True,0.0,1e+30,3.46407168912587,500,0.6180378000135534,PASS,,0.33045577574861634,2.5967772370072826,9.811203014574827,0.4021986360924105,,,
GWO,speed_reducer,Speed reducer,7,11,1000,30,500,1e+30,1e-08,2995.2477,1e+30,4019.0192547558136,False,True,0.2695367417474437,1e+30,1e+30,500,0.6980077000334859,NO_FEASIBLE_FOUND,Best fitness stayed at the death penalty.,3.121385737975063,0.760384184700633,22.180359770544793,7.503247942544679,7.8287590256200525,3.0910362800807887,5.140772799320926
GWO,speed_reducer,Speed reducer,7,11,1001,30,500,1e+30,1e-08,2995.2477,1e+30,3192.2402216252017,False,True,0.26079473904605344,1e+30,1e+30,500,0.7064830000163056,NO_FEASIBLE_FOUND,Best fitness stayed at the death penalty.,3.212594928569951,0.7015700467820332,19.064585345701225,8.157890064541126,7.376198634267814,3.101090244445424,5.315050499686533
GWO,speed_reducer,Speed reducer,7,11,1002,30,500,1e+30,1e-08,2995.2477,1e+30,4464.194349456436,False,True,0.23408767987722978,1e+30,1e+30,500,0.6990263000479899,NO_FEASIBLE_FOUND,Best fitness stayed at the death penalty.,2.980821159483116,0.7357189337670946,25.2237354877501,7.689491919104912,7.637131186799537,3.454894529529624,5.09360920083229
GWO,speed_reducer,Speed reducer,7,11,1003,30,500,1e+30,1e-08,2995.2477,1e+30,3744.9169697436087,False,True,0.3015310967908367,1e+30,1e+30,500,0.7013816000544466,NO_FEASIBLE_FOUND,Best fitness stayed at the death penalty.,2.7877573682686334,0.7256705810218822,22.441472599077365,7.960791557484185,8.052112861676077,3.6230978681396766,5.17021859975204
GWO,speed_reducer,Speed reducer,7,11,1004,30,500,1e+30,1e-08,2995.2477,3003.9357065388617,3003.9357065388617,True,True,0.0,5363.112948639776,3003.9357065388617,500,0.7114720999961719,PASS,,3.5090121215958043,0.7,17.0,7.431677130207649,7.834637935346713,3.3551838669348464,5.288027801863109
GWO,speed_reducer,Speed reducer,7,11,1005,30,500,1e+30,1e-08,2995.2477,1e+30,3646.8047730444105,False,True,0.4783583165050811,1e+30,1e+30,500,0.6976748000015505,NO_FEASIBLE_FOUND,Best fitness stayed at the death penalty.,2.6822191730678937,0.7930562042388604,20.160124312045475,7.938558048620499,8.134792724544088,3.87672200345304,5.081117352045079
GWO,speed_reducer,Speed reducer,7,11,1006,30,500,1e+30,1e-08,2995.2477,1e+30,3546.5703540975414,False,True,0.2940177522135923,1e+30,1e+30,500,0.6958998999907635,NO_FEASIBLE_FOUND,Best fitness stayed at the death penalty.,2.9369214335728246,0.7600856943799655,20.27614429350093,7.537572444695574,8.09976985616574,3.235045155195315,5.20288669463141
GWO,speed_reducer,Speed reducer,7,11,1007,30,500,1e+30,1e-08,2995.2477,1e+30,4442.873897384784,False,True,0.4629955410283362,1e+30,1e+30,500,0.7029569000005722,NO_FEASIBLE_FOUND,Best fitness stayed at the death penalty.,2.671224937460886,0.7815980345177944,24.07221364210523,7.496595244827648,7.888818793516671,3.7953371516183263,5.2255904298344245
GWO,speed_reducer,Speed reducer,7,11,1008,30,500,1e+30,1e-08,2995.2477,1e+30,3529.3975697447017,False,True,0.4116980731879234,1e+30,1e+30,500,0.7002761000185274,NO_FEASIBLE_FOUND,Best fitness stayed at the death penalty.,2.767252749054619,0.7813050747728779,19.39176112135666,8.283769454548862,8.283188274143209,3.744275688334918,5.199436801992343
GWO,speed_reducer,Speed reducer,7,11,1009,30,500,1e+30,1e-08,2995.2477,1e+30,2909.738263455694,False,True,0.3790540774100326,1e+30,1e+30,500,0.696501599973999,NO_FEASIBLE_FOUND,Best fitness stayed at the death penalty.,2.6565004620534394,0.7326915587672862,17.54836608280518,7.581326418426326,8.12584587247742,3.5089774830291267,5.281161895582584
GWO,speed_reducer,Speed reducer,7,11,1010,30,500,1e+30,1e-08,2995.2477,1e+30,4888.346468860514,False,True,0.39811267343512013,1e+30,1e+30,500,0.7126630000420846,NO_FEASIBLE_FOUND,Best fitness stayed at the death penalty.,2.6949922829615724,0.7535805731236843,27.09444406424807,8.281465848888804,8.148819539145695,3.6461448559623957,5.204710824168645
GWO,speed_reducer,Speed reducer,7,11,1011,30,500,1e+30,1e-08,2995.2477,1e+30,3314.5645428110156,False,True,0.311199055896348,1e+30,1e+30,500,0.779914100014139,NO_FEASIBLE_FOUND,Best fitness stayed at the death penalty.,2.8841248403504367,0.7563323535509395,19.338601481193887,7.382038980821667,7.402808330272208,3.2976635452008813,5.209543152425968
GWO,speed_reducer,Speed reducer,7,11,1012,30,500,1e+30,1e-08,2995.2477,1e+30,3638.497001383401,False,True,0.3385734176882673,1e+30,1e+30,500,0.730906100012362,NO_FEASIBLE_FOUND,Best fitness stayed at the death penalty.,2.906320483270639,0.7780646684377992,19.622800615090433,8.16040067846704,7.793726413450886,3.5651875362293217,5.2888453808142035
GWO,speed_reducer,Speed reducer,7,11,1013,30,500,1e+30,1e-08,2995.2477,1e+30,4443.251507557993,False,True,0.2116880734511284,1e+30,1e+30,500,0.725304200022947,NO_FEASIBLE_FOUND,Best fitness stayed at the death penalty.,3.394492915306188,0.7078979471574256,24.39925550426446,7.747568507383306,8.012113493737592,3.1395205664620174,5.26196456375744
GWO,speed_reducer,Speed reducer,7,11,1014,30,500,1e+30,1e-08,2995.2477,1e+30,5281.426222345247,False,True,0.24948811164811668,1e+30,1e+30,500,0.7193903000443242,NO_FEASIBLE_FOUND,Best fitness stayed at the death penalty.,3.0355240016228002,0.7585702305300415,26.877612876835443,8.29258064041719,7.8113937240497195,3.132963408310091,5.421663731238413
GWO,speed_reducer,Speed reducer,7,11,1015,30,500,1e+30,1e-08,2995.2477,1e+30,4315.167435513546,False,True,0.32514062292682144,1e+30,1e+30,500,0.711448099988047,NO_FEASIBLE_FOUND,Best fitness stayed at the death penalty.,2.9599029352340582,0.7607067828607366,24.05435631799557,7.392935304478932,7.330489484977612,3.0466079067059284,5.175715020643963
GWO,speed_reducer,Speed reducer,7,11,1016,30,500,1e+30,1e-08,2995.2477,1e+30,3708.9367936546964,False,True,0.3158974729180888,1e+30,1e+30,500,0.7140874999458902,NO_FEASIBLE_FOUND,Best fitness stayed at the death penalty.,2.8279915967121854,0.7442693991094311,20.889863492732005,7.87970766962119,7.714961366972192,3.384047832504216,5.468677875424119
GWO,speed_reducer,Speed reducer,7,11,1017,30,500,1e+30,1e-08,2995.2477,1e+30,6362.682091558757,False,True,0.1115051052033138,1e+30,1e+30,500,0.712061999947764,NO_FEASIBLE_FOUND,Best fitness stayed at the death penalty.,3.5183517543102765,0.7821331873633814,27.698373312848112,7.899621732738353,7.3686161204761,3.3167277006677116,5.306168281882011
GWO,speed_reducer,Speed reducer,7,11,1018,30,500,1e+30,1e-08,2995.2477,1e+30,5193.685156599559,False,True,0.16703449890148092,1e+30,1e+30,500,0.7127992000314407,NO_FEASIBLE_FOUND,Best fitness stayed at the death penalty.,3.1939754491886894,0.7454959075695109,26.58665276528329,8.11438838754865,7.828241850198594,3.576487451348183,5.144559464518235
GWO,speed_reducer,Speed reducer,7,11,1019,30,500,1e+30,1e-08,2995.2477,1e+30,3758.2431099499595,False,True,0.3127772603141341,1e+30,1e+30,500,0.7181463000015356,NO_FEASIBLE_FOUND,Best fitness stayed at the death penalty.,2.8169268586065916,0.7395995047893723,22.135725806759687,8.12875194786643,7.512265004495322,3.604865122477121,5.134380328548468
GWO,speed_reducer,Speed reducer,7,11,1020,30,500,1e+30,1e-08,2995.2477,1e+30,3099.900912612559,False,True,0.14570024294324213,1e+30,1e+30,500,0.7196848000166938,NO_FEASIBLE_FOUND,Best fitness stayed at the death penalty.,3.178700242995861,0.7283675281288201,17.83262056135849,8.006967028505706,7.388770122191861,3.334118117299939,5.244734557872036
GWO,speed_reducer,Speed reducer,7,11,1021,30,500,1e+30,1e-08,2995.2477,1e+30,5111.4100442826375,False,True,0.19030386644519948,1e+30,1e+30,500,0.7103424000088125,NO_FEASIBLE_FOUND,Best fitness stayed at the death penalty.,2.974388142529123,0.7080851412722341,27.90609713205913,7.412897066671897,7.474652316065905,3.852793642104135,5.351757545350421
GWO,speed_reducer,Speed reducer,7,11,1022,30,500,1e+30,1e-08,2995.2477,1e+30,4379.353869965231,False,True,0.5224640689586619,1e+30,1e+30,500,0.707116799952928,NO_FEASIBLE_FOUND,Best fitness stayed at the death penalty.,2.600526645424316,0.7918416756056248,23.48795883757459,7.946066986276673,7.814107992320546,3.6425920144210395,5.3942043108190365
GWO,speed_reducer,Speed reducer,7,11,1023,30,500,1e+30,1e-08,2995.2477,1e+30,5292.512851224568,False,True,0.3450580001780379,1e+30,1e+30,500,0.7044748000334948,NO_FEASIBLE_FOUND,Best fitness stayed at the death penalty.,2.9388690800085264,0.7905898735082677,27.00562146287399,8.047223382209367,8.123102321728854,3.1676365569973717,5.0438504281987235
GWO,speed_reducer,Speed reducer,7,11,1024,30,500,1e+30,1e-08,2995.2477,1e+30,3586.148912421822,False,True,0.47450656564950267,1e+30,1e+30,500,0.7017245999886654,NO_FEASIBLE_FOUND,Best fitness stayed at the death penalty.,2.92246196911657,0.7258352810022951,21.07342995563119,8.185049656673705,7.923728520791501,2.9420192050796508,5.443199665724279
GWO,speed_reducer,Speed reducer,7,11,1025,30,500,1e+30,1e-08,2995.2477,1e+30,3704.7253912930996,False,True,0.11498768931465819,1e+30,1e+30,500,0.7036439000512473,NO_FEASIBLE_FOUND,Best fitness stayed at the death penalty.,3.4211173666027155,0.7629007494925221,18.78359443429849,7.557728563071238,7.568632791584439,3.5434848587121444,5.325694981174125
GWO,speed_reducer,Speed reducer,7,11,1026,30,500,1e+30,1e-08,2995.2477,1e+30,3263.67999119889,False,True,0.3705950307727073,1e+30,1e+30,500,0.7245154000120237,NO_FEASIBLE_FOUND,Best fitness stayed at the death penalty.,2.7707371959043887,0.7595117264567322,19.140271497550287,7.335556016443616,7.870092454774093,3.3912674676044623,5.216828081201738
GWO,speed_reducer,Speed reducer,7,11,1027,30,500,1e+30,1e-08,2995.2477,1e+30,4052.5396975828503,False,True,0.43877832184967547,1e+30,1e+30,500,0.7269444999983534,NO_FEASIBLE_FOUND,Best fitness stayed at the death penalty.,2.62797455611112,0.7562145643410405,23.216782672203323,7.311515888006579,8.205821347806612,3.8918859175632674,5.179645892300189
GWO,speed_reducer,Speed reducer,7,11,1028,30,500,1e+30,1e-08,2995.2477,1e+30,4954.619005819853,False,True,0.08103725978829401,1e+30,1e+30,500,0.7283377000130713,NO_FEASIBLE_FOUND,Best fitness stayed at the death penalty.,3.416171078612689,0.7386016443582964,24.42843378599263,7.481378610044826,8.138024244909671,3.374508565520686,5.492820533562705
GWO,speed_reducer,Speed reducer,7,11,1029,30,500,1e+30,1e-08,2995.2477,1e+30,3472.0667603802917,False,True,0.13812088430145297,1e+30,1e+30,500,0.7075013999710791,NO_FEASIBLE_FOUND,Best fitness stayed at the death penalty.,3.4367773363264837,0.782293612233418,17.541161897830975,7.484015889853941,7.6685349756358105,3.390368306732074,5.268588385439005
SCHO,speed_reducer,Speed reducer,7,11,1000,30,500,1e+30,1e-08,2995.2477,1e+30,3206.247617454076,False,True,0.14315418178282124,1e+30,1e+30,500,0.6521175000234507,NO_FEASIBLE_FOUND,Best fitness stayed at the death penalty.,3.121385737975063,0.7136450318646902,19.585309548495065,7.959872630648908,7.369134329639713,3.283191987172398,5.095241763436859
SCHO,speed_reducer,Speed reducer,7,11,1001,30,500,1e+30,1e-08,2995.2477,1e+30,2959.837564193932,False,True,0.4422410942726154,1e+30,1e+30,500,0.6513336999923922,NO_FEASIBLE_FOUND,Best fitness stayed at the death penalty.,3.212594928569951,0.7389553665981587,17.267970883864177,7.4008788297585735,7.750570203788059,2.964600727087901,5.20985920933838
SCHO,speed_reducer,Speed reducer,7,11,1002,30,500,1e+30,1e-08,2995.2477,3012.805614037415,3012.805614037415,True,True,0.0,1e+30,3012.805614037415,500,0.6585215000086464,PASS,,3.5338261585278214,0.7,17.0,7.3,7.7592536529356515,3.3629517765897248,5.2879615197219
SCHO,speed_reducer,Speed reducer,7,11,1003,30,500,1e+30,1e-08,2995.2477,3934.6771775778725,3934.6771775778725,True,True,0.0,1e+30,3934.6771775778725,500,0.6569485000218265,PASS,,3.555772713433764,0.7,20.993669010080666,8.197225685784455,7.800000000000001,3.797335166533144,5.291520842006915
SCHO,speed_reducer,Speed reducer,7,11,1004,30,500,1e+30,1e-08,2995.2477,1e+30,3191.7696442718407,False,True,0.3735048002375301,1e+30,1e+30,500,0.6536845999653451,NO_FEASIBLE_FOUND,Best fitness stayed at the death penalty.,2.600880452740715,0.7144643573366666,20.204477780484403,8.177769812403785,7.736066847871623,3.0170826121006744,5.450926870742822
SCHO,speed_reducer,Speed reducer,7,11,1005,30,500,1e+30,1e-08,2995.2477,1e+30,5233.033644463576,False,True,0.48038044851376327,1e+30,1e+30,500,0.6505790000082925,NO_FEASIBLE_FOUND,Best fitness stayed at the death penalty.,2.6822191730678937,0.7941409644876927,27.752428264088813,7.828483538463883,7.951957926619545,3.2641987453332826,5.095413688498342
SCHO,speed_reducer,Speed reducer,7,11,1006,30,500,1e+30,1e-08,2995.2477,3014.569277819805,3014.569277819805,True,True,0.0,1e+30,3014.569277819805,500,0.6525452000205405,PASS,,3.506831769594255,0.7,17.0,7.473526413610565,7.800000000000001,3.3841138157926145,5.2949324216395155
SCHO,speed_reducer,Speed reducer,7,11,1007,30,500,1e+30,1e-08,2995.2477,1e+30,2975.570361847308,False,True,0.34518875965345486,1e+30,1e+30,500,0.6581496999715455,NO_FEASIBLE_FOUND,Best fitness stayed at the death penalty.,2.671224937460886,0.7186603520756774,18.076156937997045,8.119189122424187,7.358467449578223,3.3195040920609267,5.432048938331941
SCHO,speed_reducer,Speed reducer,7,11,1008,30,500,1e+30,1e-08,2995.2477,1e+30,4652.87867332999,False,True,0.5129644886410862,1e+30,1e+30,500,0.6645635000313632,NO_FEASIBLE_FOUND,Best fitness stayed at the death penalty.,2.767252749054619,0.7923689568397195,24.744562247278132,7.325103403431288,7.770272831493072,2.9145511574117093,5.385338805669104
SCHO,speed_reducer,Speed reducer,7,11,1009,30,500,1e+30,1e-08,2995.2477,3022.9610915602793,3022.9610915602793,True,True,0.0,1e+30,3022.9610915602793,500,0.6644433999899775,PASS,,3.511983709191772,0.7,17.0,7.800000000000001,7.734665226575768,3.3967448024621945,5.297355478332095
SCHO,speed_reducer,Speed reducer,7,11,1010,30,500,1e+30,1e-08,2995.2477,1e+30,4357.973845852936,False,True,0.4438898892895615,1e+30,1e+30,500,0.6631248000194319,NO_FEASIBLE_FOUND,Best fitness stayed at the death penalty.,2.6949922829615724,0.7782544218163215,24.36365878697913,7.33601632875741,7.330015528693721,3.3276722827131033,5.229702815676906
SCHO,speed_reducer,Speed reducer,7,11,1011,30,500,1e+30,1e-08,2995.2477,1e+30,5001.419823777191,False,True,0.2841917753401888,1e+30,1e+30,500,0.6618015000130981,NO_FEASIBLE_FOUND,Best fitness stayed at the death penalty.,2.8841248403504367,0.7338281377336382,27.812253780599306,7.351876811021421,8.187735174817302,3.078090579151037,5.298332583120071
SCHO,speed_reducer,Speed reducer,7,11,1012,30,500,1e+30,1e-08,2995.2477,3010.8661372515126,3010.8661372515126,True,True,0.0,1e+30,3010.8661372515126,500,0.659214899991639,PASS,,3.5210997414091816,0.7,17.0,7.7175839316598145,7.800000000000001,3.354842948529014,5.288820682493987
SCHO,speed_reducer,Speed reducer,7,11,1013,30,500,1e+30,1e-08,2995.2477,1e+30,3777.0408924056205,False,True,0.3969887214252805,1e+30,1e+30,500,0.668090499995742,NO_FEASIBLE_FOUND,Best fitness stayed at the death penalty.,3.394492915306188,0.7139038145717796,22.037072827114418,8.050688157749228,7.89111304875262,2.9950615964357215,5.027035083707788
SCHO,speed_reducer,Speed reducer,7,11,1014,30,500,1e+30,1e-08,2995.2477,1e+30,5317.293870504934,False,True,0.22593036774577824,1e+30,1e+30,500,0.6637748000212014,NO_FEASIBLE_FOUND,Best fitness stayed at the death penalty.,3.0355240016228002,0.7442682111221152,27.00593924285655,7.946611707250012,7.598876371569058,3.835445300984802,5.349743001105912
SCHO,speed_reducer,Speed reducer,7,11,1015,30,500,1e+30,1e-08,2995.2477,3026.0746759853796,3026.0746759853796,True,True,0.0,1e+30,3026.0746759853796,500,0.6665349000249989,PASS,,3.511554323572846,0.7,17.0,7.7384656483158905,7.886232304647336,3.366932147720077,5.310321203306515
SCHO,speed_reducer,Speed reducer,7,11,1016,30,500,1e+30,1e-08,2995.2477,1e+30,2955.2644771654077,False,True,0.25325382423531906,1e+30,1e+30,500,0.6618381000007503,NO_FEASIBLE_FOUND,Best fitness stayed at the death penalty.,2.8279915967121854,0.7088382566969785,19.36328119725472,7.5213144270129435,7.642496435086762,3.1636628979186883,5.092613751326351
SCHO,speed_reducer,Speed reducer,7,11,1017,30,500,1e+30,1e-08,2995.2477,3008.618944818137,3008.618944818137,True,True,0.0,1e+30,3008.618944818137,500,0.670351299981121,PASS,,3.5100587494192284,0.7,17.0,7.672590750299708,7.800000000000001,3.354038530489388,5.293050011998357
SCHO,speed_reducer,Speed reducer,7,11,1018,30,500,1e+30,1e-08,2995.2477,1e+30,3401.897393392777,False,True,0.21537286604844352,1e+30,1e+30,500,0.6592811999726109,NO_FEASIBLE_FOUND,Best fitness stayed at the death penalty.,3.1939754491886894,0.7763742191537645,17.783577274652092,8.295466230550362,7.7745576726790055,3.822200553924958,5.106209740014284
SCHO,speed_reducer,Speed reducer,7,11,1019,30,500,1e+30,1e-08,2995.2477,1e+30,3245.367767556738,False,True,0.3906851614217368,1e+30,1e+30,500,0.6521377000026405,NO_FEASIBLE_FOUND,Best fitness stayed at the death penalty.,2.8169268586065916,0.7834916766149067,17.669579950069394,7.542143949672191,7.672308211655874,3.490874343815394,5.3464676863819065
SCHO,speed_reducer,Speed reducer,7,11,1020,30,500,1e+30,1e-08,2995.2477,3022.4998706403994,3022.4998706403994,True,True,0.0,1e+30,3022.4998706403994,500,0.6729808999807574,PASS,,3.521554501227835,0.7,17.0,7.73835848901499,7.877261735393097,3.3793133919349163,5.29387926962402
SCHO,speed_reducer,Speed reducer,7,11,1021,30,500,1e+30,1e-08,2995.2477,3014.6867902162053,3014.6867902162053,True,True,0.0,1e+30,3014.6867902162053,500,0.6572256000363268,PASS,,3.525587696972483,0.7,17.0,7.3,7.930675790405204,3.356145077933805,5.292814022166974
SCHO,speed_reducer,Speed reducer,7,11,1022,30,500,1e+30,1e-08,2995.2477,3014.160117570545,3014.160117570545,True,True,0.0,1e+30,3014.160117570545,500,0.6613078000373207,PASS,,3.502379612042834,0.7,17.0,7.465226939842206,7.778502108682049,3.380641327843103,5.299304364945176
SCHO,speed_reducer,Speed reducer,7,11,1023,30,500,1e+30,1e-08,2995.2477,3016.153056966868,3016.153056966868,True,True,0.0,1e+30,3016.153056966868,500,0.6548659999971278,PASS,,3.5041184229468763,0.7,17.0,7.585666264166084,7.82164720786408,3.4025414838893,5.289156294413085
SCHO,speed_reducer,Speed reducer,7,11,1024,30,500,1e+30,1e-08,2995.2477,1e+30,5352.144324629068,False,True,0.32047736594498977,1e+30,1e+30,500,0.6652894000289962,NO_FEASIBLE_FOUND,Best fitness stayed at the death penalty.,2.92246196911657,0.7718089766106913,27.33245166502636,7.579895410190794,7.521318408588613,3.253976164028316,5.328916457669232
SCHO,speed_reducer,Speed reducer,7,11,1025,30,500,1e+30,1e-08,2995.2477,3025.666139070112,3025.666139070112,True,True,0.0,1e+30,3025.666139070112,500,0.6537547999760136,PASS,,3.5047255440145837,0.7,17.0,7.454057704945858,7.87904407172988,3.385118776419635,5.310697077201713
SCHO,speed_reducer,Speed reducer,7,11,1026,30,500,1e+30,1e-08,2995.2477,1e+30,4548.325144048,False,True,0.33329302626564394,1e+30,1e+30,500,0.7206941000185907,NO_FEASIBLE_FOUND,Best fitness stayed at the death penalty.,2.7707371959043887,0.7388409161828294,25.767743537892002,7.613917775273986,8.154505678220055,3.2334959335418234,5.398857830707343
SCHO,speed_reducer,Speed reducer,7,11,1027,30,500,1e+30,1e-08,2995.2477,1e+30,4043.6482174421335,False,True,0.38685957048913866,1e+30,1e+30,500,0.7219435999868438,NO_FEASIBLE_FOUND,Best fitness stayed at the death penalty.,2.62797455611112,0.7289263328289305,24.49069376542465,7.77141054353718,8.063760313173407,3.2461551935969153,5.358957258551198
SCHO,speed_reducer,Speed reducer,7,11,1028,30,500,1e+30,1e-08,2995.2477,3013.111533446992,3013.111533446992,True,True,0.0,1e+30,3013.111533446992,500,0.7077116000000387,PASS,,3.5115503894055573,0.7,17.0,7.3,7.895427193149406,3.3883173161608546,5.287179872229274
SCHO,speed_reducer,Speed reducer,7,11,1029,30,500,1e+30,1e-08,2995.2477,3019.8446001875864,3019.8446001875864,True,True,0.0,1e+30,3019.8446001875864,500,0.6875788000179455,PASS,,3.502990530839235,0.7,17.0,7.870343800769132,7.799784096659126,3.4086648365031573,5.289776939456015
GWO,cantilever_printed,Cantilever beam (paper-printed objective),5,1,1000,30,500,1e+30,1e-08,1.3033,13.013139436252017,13.013139436252017,True,True,0.0,80.96462799550298,13.013139436252017,500,0.6463756000157446,PASS,,5.9090372548853844,4.887747850964035,4.492770694754806,3.47985245814667,2.1385921208313943,,
GWO,cantilever_printed,Cantilever beam (paper-printed objective),5,1,1001,30,500,1e+30,1e-08,1.3033,13.013757856527107,13.013757856527107,True,True,0.0,71.79359457512265,13.013757856527107,500,0.6331309999804944,PASS,,5.941087639289851,4.921175071854442,4.421323129579872,3.503708733172046,2.121699411526522,,
GWO,cantilever_printed,Cantilever beam (paper-printed objective),5,1,1002,30,500,1e+30,1e-08,1.3033,13.012908649488468,13.012908649488468,True,True,0.0,47.94598924907181,13.012908649488468,500,0.6315564999822527,PASS,,5.959489202142247,4.898744649386413,4.456456142783264,3.4871052981199657,2.105834285795083,,
GWO,cantilever_printed,Cantilever beam (paper-printed objective),5,1,1003,30,500,1e+30,1e-08,1.3033,13.014509092779173,13.014509092779173,True,True,0.0,93.28730738730863,13.014509092779173,500,0.6315348000498489,PASS,,5.908632945760285,4.92147068903007,4.481338240891787,3.4880422136007616,2.1107168952594733,,
GWO,cantilever_printed,Cantilever beam (paper-printed objective),5,1,1004,30,500,1e+30,1e-08,1.3033,13.01247099241513,13.01247099241513,True,True,0.0,93.21354377845527,13.01247099241513,500,0.6291889999993145,PASS,,5.978589747205807,4.864736034593544,4.472051872528822,3.465351178984046,2.12619756838304,,
GWO,cantilever_printed,Cantilever beam (paper-printed objective),5,1,1005,30,500,1e+30,1e-08,1.3033,13.013170972389402,13.013170972389402,True,True,0.0,71.18872520313481,13.013170972389402,500,0.6108419999945909,PASS,,5.957052518711453,4.8457916935479375,4.499330677337744,3.469491770830419,2.136384387755937,,
GWO,cantilever_printed,Cantilever beam (paper-printed objective),5,1,1006,30,500,1e+30,1e-08,1.3033,13.014116457898503,13.014116457898503,True,True,0.0,74.79701136720793,13.014116457898503,500,0.6044006000156514,PASS,,5.89187933680175,4.893819523717124,4.502039986057491,3.4897535535653965,2.1320777442967067,,
GWO,cantilever_printed,Cantilever beam (paper-printed objective),5,1,1007,30,500,1e+30,1e-08,1.3033,13.015400568618212,13.015400568618212,True,True,0.0,107.84949199753872,13.015400568618212,500,0.6046600000117905,PASS,,5.982119537358552,4.8085760349058795,4.441559334918871,3.5433207222314764,2.136057674920393,,
GWO,cantilever_printed,Cantilever beam (paper-printed objective),5,1,1008,30,500,1e+30,1e-08,1.3033,13.01372039712222,13.01372039712222,True,True,0.0,75.5847187182796,13.01372039712222,500,0.6001487000030465,PASS,,5.971104713891758,4.825303989989131,4.507006912760164,3.484989881559508,2.120528301803008,,
GWO,cantilever_printed,Cantilever beam (paper-printed objective),5,1,1009,30,500,1e+30,1e-08,1.3033,13.013508457956478,13.013508457956478,True,True,0.0,88.20803517086728,13.013508457956478,500,0.6006290999939665,PASS,,5.9835633574219536,4.877608847085737,4.476398674668291,3.4612645044910373,2.1097578971113857,,
GWO,cantilever_printed,Cantilever beam (paper-printed objective),5,1,1010,30,500,1e+30,1e-08,1.3033,13.012906199005117,13.012906199005117,True,True,0.0,80.54682485261885,13.012906199005117,500,0.5978136000339873,PASS,,5.9494303784812885,4.892655309180785,4.457462215398693,3.4914380882082114,2.1166396498060815,,
GWO,cantilever_printed,Cantilever beam (paper-printed objective),5,1,1011,30,500,1e+30,1e-08,1.3033,13.013820926435429,13.013820926435429,True,True,0.0,77.50568770526938,13.013820926435429,500,0.6005965000367723,PASS,,5.92328743595743,4.833248026882397,4.4660939356624985,3.53163722361994,2.154828696700727,,
GWO,cantilever_printed,Cantilever beam (paper-printed objective),5,1,1012,30,500,1e+30,1e-08,1.3033,13.013617510477008,13.013617510477008,True,True,0.0,96.47091026531898,13.013617510477008,500,0.6140402999590151,PASS,,5.94172518287236,4.875098272002343,4.44198981355278,3.5230007280223448,2.126954497247167,,
GWO,cantilever_printed,Cantilever beam (paper-printed objective),5,1,1013,30,500,1e+30,1e-08,1.3033,13.012872941452356,13.012872941452356,True,True,0.0,85.08637725241809,13.012872941452356,500,0.6053621000028215,PASS,,5.942591802805222,4.9027947637104665,4.451023533897629,3.4912276396881197,2.1199344666022193,,
GWO,cantilever_printed,Cantilever beam (paper-printed objective),5,1,1014,30,500,1e+30,1e-08,1.3033,13.014694228079197,13.014694228079197,True,True,0.0,71.32135756869587,13.014694228079197,500,0.6164895999827422,PASS,,5.889602690998665,4.9175863528803045,4.500462182736069,3.4834208134295683,2.11942639838598,,
GWO,cantilever_printed,Cantilever beam (paper-printed objective),5,1,1015,30,500,1e+30,1e-08,1.3033,13.013134063495016,13.013134063495016,True,True,0.0,107.80139178973461,13.013134063495016,500,0.6059289000113495,PASS,,5.958222048082498,4.839773692130364,4.467251933643358,3.5015440779903155,2.1411999954140994,,
GWO,cantilever_printed,Cantilever beam (paper-printed objective),5,1,1016,30,500,1e+30,1e-08,1.3033,13.015316536240222,13.015316536240222,True,True,0.0,74.06106255359762,13.015316536240222,500,0.6048171000438742,PASS,,5.943894058311944,4.904002010233999,4.433062147759451,3.4520540878295836,2.178485986739416,,
GWO,cantilever_printed,Cantilever beam (paper-printed objective),5,1,1017,30,500,1e+30,1e-08,1.3033,13.013196121607207,13.013196121607207,True,True,0.0,64.81037714906553,13.013196121607207,500,0.6120001000235789,PASS,,5.9393224348834,4.844069098044698,4.4688991866094385,3.484358795310817,2.171441940176076,,
GWO,cantilever_printed,Cantilever beam (paper-printed objective),5,1,1018,30,500,1e+30,1e-08,1.3033,13.013747878015147,13.013747878015147,True,True,0.0,81.94639282373119,13.013747878015147,500,0.6176760999951512,PASS,,5.916368699000707,4.875813294898198,4.436600576029583,3.499618700600917,2.1805766825797677,,
GWO,cantilever_printed,Cantilever beam (paper-printed objective),5,1,1019,30,500,1e+30,1e-08,1.3033,13.015125770707913,13.015125770707913,True,True,0.0,64.04788268660027,13.015125770707913,500,0.6196495000040159,PASS,,5.888222196581526,4.892350985423287,4.504371098920559,3.5252920892886603,2.100955420769117,,
GWO,cantilever_printed,Cantilever beam (paper-printed objective),5,1,1020,30,500,1e+30,1e-08,1.3033,13.01492806128252,13.01492806128252,True,True,0.0,92.7358048598659,13.01492806128252,500,0.6137573999585584,PASS,,5.972247522656558,4.91429421566956,4.487410811463442,3.4273164193968886,2.1096051652649037,,
GWO,cantilever_printed,Cantilever beam (paper-printed objective),5,1,1021,30,500,1e+30,1e-08,1.3033,13.012962804123296,13.012962804123296,True,True,0.0,68.68523226575928,13.012962804123296,500,0.6074617999838665,PASS,,5.9548774206946895,4.897345049604114,4.468213595717071,3.447235268390107,2.140045253195714,,
GWO,cantilever_printed,Cantilever beam (paper-printed objective),5,1,1022,30,500,1e+30,1e-08,1.3033,13.01399127571494,13.01399127571494,True,True,0.0,104.56949731629784,13.01399127571494,500,0.6113023999496363,PASS,,5.941418276537619,4.82328295887832,4.524248965649737,3.4668368802301903,2.1535819349556475,,
GWO,cantilever_printed,Cantilever beam (paper-printed objective),5,1,1023,30,500,1e+30,1e-08,1.3033,13.015693389377772,13.015693389377772,True,True,0.0,77.97180601166498,13.015693389377772,500,0.6089255000115372,PASS,,5.980491227485476,4.871014477996713,4.5242707869290895,3.3979558829400545,2.138371399355888,,
GWO,cantilever_printed,Cantilever beam (paper-printed objective),5,1,1024,30,500,1e+30,1e-08,1.3033,13.014999551805198,13.014999551805198,True,True,0.0,86.48020376538766,13.014999551805198,500,0.6178077000076883,PASS,,5.964654249235063,4.842762138418102,4.484346186816201,3.5213481177830874,2.0978783048638685,,
GWO,cantilever_printed,Cantilever beam (paper-printed objective),5,1,1025,30,500,1e+30,1e-08,1.3033,13.015043183822153,13.015043183822153,True,True,0.0,74.26162185896749,13.015043183822153,500,0.6118002999573946,PASS,,6.009609638506635,4.8415947794043666,4.503188369769345,3.4344752009978516,2.122191111293126,,
GWO,cantilever_printed,Cantilever beam (paper-printed objective),5,1,1026,30,500,1e+30,1e-08,1.3033,13.015678706627227,13.015678706627227,True,True,0.0,66.3398369492597,13.015678706627227,500,0.6097500000032596,PASS,,5.869554689961551,4.870224099083697,4.532119895854545,3.492666636282308,2.1475148629876086,,
GWO,cantilever_printed,Cantilever beam (paper-printed objective),5,1,1027,30,500,1e+30,1e-08,1.3033,13.013066478619876,13.013066478619876,True,True,0.0,52.96727043402459,13.013066478619876,500,0.6051025000051595,PASS,,5.963496744174165,4.897427379006732,4.45582945602062,3.4823140529948104,2.1088155275399796,,
GWO,cantilever_printed,Cantilever beam (paper-printed objective),5,1,1028,30,500,1e+30,1e-08,1.3033,13.01517950836183,13.01517950836183,True,True,0.0,61.00386745888306,13.01517950836183,500,0.6118199999909848,PASS,,6.016684809206704,4.804064837475327,4.477440286765895,3.4467056509532505,2.1663825460002233,,
GWO,cantilever_printed,Cantilever beam (paper-printed objective),5,1,1029,30,500,1e+30,1e-08,1.3033,13.013967139187216,13.013967139187216,True,True,0.0,50.70047840630026,13.013967139187216,500,0.6059589000069536,PASS,,5.985654381788138,4.8560369864644874,4.410411887753553,3.4864891986882642,2.1707377817888713,,
SCHO,cantilever_printed,Cantilever beam (paper-printed objective),5,1,1000,30,500,1e+30,1e-08,1.3033,13.025095652781282,13.025095652781282,True,True,0.0,91.29149650716661,13.025095652781282,500,0.6374083999544382,PASS,,5.844206816417873,4.899747078182278,4.530804839725054,3.478719126231529,2.173732378487744,,
SCHO,cantilever_printed,Cantilever beam (paper-printed objective),5,1,1001,30,500,1e+30,1e-08,1.3033,13.026734736609363,13.026734736609363,True,True,0.0,66.01748331516451,13.026734736609363,500,0.6261457999935374,PASS,,5.7566367024574845,4.9554989559994995,4.495113093398155,3.5750843552738565,2.14751062135649,,
SCHO,cantilever_printed,Cantilever beam (paper-printed objective),5,1,1002,30,500,1e+30,1e-08,1.3033,13.01728694630165,13.01728694630165,True,True,0.0,70.88712205351749,13.01728694630165,500,0.634625100006815,PASS,,5.9077931550875915,4.837184957834782,4.577022475359438,3.4590577599070165,2.133605768619739,,
SCHO,cantilever_printed,Cantilever beam (paper-printed objective),5,1,1003,30,500,1e+30,1e-08,1.3033,13.022643433381207,13.022643433381207,True,True,0.0,74.66682306289589,13.022643433381207,500,0.6324446000508033,PASS,,5.939435570061525,4.9372535517047496,4.49907131310417,3.502044941032793,2.0454649219457464,,
SCHO,cantilever_printed,Cantilever beam (paper-printed objective),5,1,1004,30,500,1e+30,1e-08,1.3033,13.021303099274059,13.021303099274059,True,True,0.0,62.5657781283715,13.021303099274059,500,0.6347759999916889,PASS,,5.818078249390491,4.938043886590731,4.493414696705029,3.4961318700119324,2.175448102048057,,
SCHO,cantilever_printed,Cantilever beam (paper-printed objective),5,1,1005,30,500,1e+30,1e-08,1.3033,13.016610277823133,13.016610277823133,True,True,0.0,92.7096425586245,13.016610277823133,500,0.6418988999794237,PASS,,6.000415892962886,4.775890314242422,4.489773304857559,3.49202166937927,2.1554757430808933,,
SCHO,cantilever_printed,Cantilever beam (paper-printed objective),5,1,1006,30,500,1e+30,1e-08,1.3033,13.024074234945948,13.024074234945948,True,True,0.0,99.63174751604569,13.024074234945948,500,0.6450523000094108,PASS,,5.942919172482442,4.854047496079347,4.59159852679638,3.380320264373014,2.156683683819507,,
SCHO,cantilever_printed,Cantilever beam (paper-printed objective),5,1,1007,30,500,1e+30,1e-08,1.3033,13.024620329209533,13.024620329209533,True,True,0.0,76.78512373299213,13.024620329209533,500,0.6338226000079885,PASS,,6.013856690222025,4.997834000677514,4.423075001370178,3.352664359163949,2.139016492926124,,
SCHO,cantilever_printed,Cantilever beam (paper-printed objective),5,1,1008,30,500,1e+30,1e-08,1.3033,13.014853185106109,13.014853185106109,True,True,0.0,92.96350117216569,13.014853185106109,500,0.6329019999830052,PASS,,5.991452573060265,4.856669022933865,4.4321823568755425,3.5093468690407588,2.1211030102009247,,
SCHO,cantilever_printed,Cantilever beam (paper-printed objective),5,1,1009,30,500,1e+30,1e-08,1.3033,13.01716392041336,13.01716392041336,True,True,0.0,112.20782436464074,13.01716392041336,500,0.6315649999887682,PASS,,5.935279366682971,4.86923743918942,4.474265283532268,3.521990509813462,2.1136938538881793,,
SCHO,cantilever_printed,Cantilever beam (paper-printed objective),5,1,1010,30,500,1e+30,1e-08,1.3033,13.041928224515857,13.041928224515857,True,True,0.0,80.91544770946388,13.041928224515857,500,0.6271473999950103,PASS,,6.015407902554982,5.07343660181353,4.276606232130499,3.38665521014245,2.2021489127991867,,
SCHO,cantilever_printed,Cantilever beam (paper-printed objective),5,1,1011,30,500,1e+30,1e-08,1.3033,13.026588975766193,13.026588975766193,True,True,0.0,98.33824170146183,13.026588975766193,500,0.6363065000041388,PASS,,5.857268274944324,4.866465218798826,4.410268059240981,3.5606196204110714,2.2349883635042116,,
SCHO,cantilever_printed,Cantilever beam (paper-printed objective),5,1,1012,30,500,1e+30,1e-08,1.3033,13.017530209941254,13.017530209941254,True,True,0.0,72.07772355622393,13.017530209941254,500,0.6338086000178009,PASS,,5.893735121914073,4.862397296079257,4.532748046015144,3.43296456331218,2.193209937237917,,
SCHO,cantilever_printed,Cantilever beam (paper-printed objective),5,1,1013,30,500,1e+30,1e-08,1.3033,13.030458960169012,13.030458960169012,True,True,0.0,63.62087083596201,13.030458960169012,500,0.6343804000061937,PASS,,5.842978255678755,4.822844061596179,4.685391539216969,3.41027705964264,2.17433646202904,,
SCHO,cantilever_printed,Cantilever beam (paper-printed objective),5,1,1014,30,500,1e+30,1e-08,1.3033,13.016406405645972,13.016406405645972,True,True,0.0,108.54726449044065,13.016406405645972,500,0.6285746999783441,PASS,,6.006027047265304,4.885703977051,4.470488098802895,3.4579726433332105,2.093057599945362,,
SCHO,cantilever_printed,Cantilever beam (paper-printed objective),5,1,1015,30,500,1e+30,1e-08,1.3033,13.023445922752122,13.023445922752122,True,True,0.0,78.24292042110577,13.023445922752122,500,0.6262178000179119,PASS,,6.068021153088588,4.859558397874594,4.458041754408285,3.345715831721807,2.193222507431346,,
SCHO,cantilever_printed,Cantilever beam (paper-printed objective),5,1,1016,30,500,1e+30,1e-08,1.3033,13.019143806647199,13.019143806647199,True,True,0.0,68.17889524713857,13.019143806647199,500,0.6275377999991179,PASS,,6.093949431736486,4.830965581107481,4.41051214568706,3.4595509310543076,2.122669414667878,,
SCHO,cantilever_printed,Cantilever beam (paper-printed objective),5,1,1017,30,500,1e+30,1e-08,1.3033,13.014936521778202,13.014936521778202,True,True,0.0,68.73108141142711,13.014936521778202,500,0.620649200049229,PASS,,5.9200501436324275,4.826715898752975,4.537662225411175,3.4881783447075287,2.1382811152886334,,
SCHO,cantilever_printed,Cantilever beam (paper-printed objective),5,1,1018,30,500,1e+30,1e-08,1.3033,13.022600426390447,13.022600426390447,True,True,0.0,77.36533415404706,13.022600426390447,500,0.6375441999989562,PASS,,5.948497433881614,4.915568165670374,4.459304398326026,3.38376625666732,2.216064944668112,,
SCHO,cantilever_printed,Cantilever beam (paper-printed objective),5,1,1019,30,500,1e+30,1e-08,1.3033,13.021283693579939,13.021283693579939,True,True,0.0,84.65211149548038,13.021283693579939,500,0.6284575000172481,PASS,,6.001629908156054,4.801470925387267,4.474899152502435,3.4479672584672265,2.1951183814187987,,
SCHO,cantilever_printed,Cantilever beam (paper-printed objective),5,1,1020,30,500,1e+30,1e-08,1.3033,13.016492553736871,13.016492553736871,True,True,0.0,87.96117866755853,13.016492553736871,500,0.6335149999940768,PASS,,6.004562238687572,4.825119066443345,4.460034789290713,3.434810732471096,2.1888609522474924,,
SCHO,cantilever_printed,Cantilever beam (paper-printed objective),5,1,1021,30,500,1e+30,1e-08,1.3033,13.01554694727029,13.01554694727029,True,True,0.0,82.29069331458258,13.01554694727029,500,0.6364787999773398,PASS,,5.88921069182768,4.937593597254086,4.492440437008889,3.4747203807632254,2.1179033816909287,,
SCHO,cantilever_printed,Cantilever beam (paper-printed objective),5,1,1022,30,500,1e+30,1e-08,1.3033,13.02098483486265,13.02098483486265,True,True,0.0,101.91621936335085,13.02098483486265,500,0.6305700000375509,PASS,,5.96160179232812,4.939104851193425,4.347100614429533,3.4841179495399954,2.1886802469797684,,
SCHO,cantilever_printed,Cantilever beam (paper-printed objective),5,1,1023,30,500,1e+30,1e-08,1.3033,13.019583096476198,13.019583096476198,True,True,0.0,74.73264393875215,13.019583096476198,500,0.6473096000263467,PASS,,5.830604006046866,4.91899998400825,4.45067428778918,3.517810486366259,2.2002645398964478,,
SCHO,cantilever_printed,Cantilever beam (paper-printed objective),5,1,1024,30,500,1e+30,1e-08,1.3033,13.015578111270305,13.015578111270305,True,True,0.0,86.28210604049349,13.015578111270305,500,0.63916479999898,PASS,,5.906065643726544,4.8610677126901,4.524966187972623,3.4748952861894393,2.144923728660216,,
SCHO,cantilever_printed,Cantilever beam (paper-printed objective),5,1,1025,30,500,1e+30,1e-08,1.3033,13.035504252282605,13.035504252282605,True,True,0.0,59.209181020952855,13.035504252282605,500,0.6309938000049442,PASS,,5.86013434878891,4.938313941009047,4.645240707115926,3.472308676089725,2.027935894288498,,
SCHO,cantilever_printed,Cantilever beam (paper-printed objective),5,1,1026,30,500,1e+30,1e-08,1.3033,13.018060974019555,13.018060974019555,True,True,0.0,93.40165621796685,13.018060974019555,500,0.6321357999695465,PASS,,5.978186424726576,4.911139705180479,4.5216796206889045,3.394514472936857,2.110387511074438,,
SCHO,cantilever_printed,Cantilever beam (paper-printed objective),5,1,1027,30,500,1e+30,1e-08,1.3033,13.022966221134485,13.022966221134485,True,True,0.0,93.4546830929211,13.022966221134485,500,0.6319572000065818,PASS,,5.861751141199894,4.952388230631225,4.503970667494912,3.433214111480218,2.172464764898261,,
SCHO,cantilever_printed,Cantilever beam (paper-printed objective),5,1,1028,30,500,1e+30,1e-08,1.3033,13.03168950410341,13.03168950410341,True,True,0.0,93.3876910842074,13.03168950410341,500,0.628247500048019,PASS,,5.827813495042933,4.8744533442288445,4.634065866140001,3.539507500223197,2.061964267538882,,
SCHO,cantilever_printed,Cantilever beam (paper-printed objective),5,1,1029,30,500,1e+30,1e-08,1.3033,13.030060559260695,13.030060559260695,True,True,0.0,100.00660698280478,13.030060559260695,500,0.6312050999840721,PASS,,5.991108365878947,4.778314446280098,4.655704262312962,3.3590895762245565,2.150970623179878,,
GWO,three_bar_truss,Three-bar truss,2,3,1000,30,500,1e+30,1e-08,263.8958476,263.903843426608,263.903843426608,True,True,0.0,290.49335162223025,263.903843426608,500,0.5112725000362843,PASS,,0.7881671447909793,0.40976510310551567,,,,,
GWO,three_bar_truss,Three-bar truss,2,3,1001,30,500,1e+30,1e-08,263.8958476,263.8998664247025,263.8998664247025,True,True,0.0,289.5189128556489,263.8998664247025,500,0.5089380999561399,PASS,,0.789330985221976,0.4064334952425539,,,,,
GWO,three_bar_truss,Three-bar truss,2,3,1002,30,500,1e+30,1e-08,263.8958476,263.9049274198869,263.9049274198869,True,True,0.0,277.95682955972217,263.9049274198869,500,0.5170039999647997,PASS,,0.7874845344057301,0.4117066567675776,,,,,
GWO,three_bar_truss,Three-bar truss,2,3,1003,30,500,1e+30,1e-08,263.8958476,263.90673286192794,263.90673286192794,True,True,0.0,277.9794567869997,263.90673286192794,500,0.5112363999942318,PASS,,0.7881104806459253,0.4099542678635871,,,,,
GWO,three_bar_truss,Three-bar truss,2,3,1004,30,500,1e+30,1e-08,263.8958476,263.92334171278765,263.92334171278765,True,True,0.0,288.8397067874959,263.92334171278765,500,0.5164998000254855,PASS,,0.7916789677049909,0.4000271507800166,,,,,
GWO,three_bar_truss,Three-bar truss,2,3,1005,30,500,1e+30,1e-08,263.8958476,263.89887746171445,263.89887746171445,True,True,0.0,274.44342375403295,263.89887746171445,500,0.5064758000080474,PASS,,0.788635196774027,0.4083915925319374,,,,,
GWO,three_bar_truss,Three-bar truss,2,3,1006,30,500,1e+30,1e-08,263.8958476,263.898560723085,263.898560723085,True,True,0.0,269.80897589655046,263.898560723085,500,0.5074743000441231,PASS,,0.7872180984443471,0.412396584499742,,,,,
GWO,three_bar_truss,Three-bar truss,2,3,1007,30,500,1e+30,1e-08,263.8958476,263.9055076611045,263.9055076611045,True,True,0.0,269.90641980052345,263.9055076611045,500,0.5088048999896273,PASS,,0.7910758502691472,0.40155468397813276,,,,,
GWO,three_bar_truss,Three-bar truss,2,3,1008,30,500,1e+30,1e-08,263.8958476,263.9168960412885,263.9168960412885,True,True,0.0,275.7051854725746,263.9168960412885,500,0.5026904999976978,PASS,,0.7837242292868577,0.42246209197713425,,,,,
GWO,three_bar_truss,Three-bar truss,2,3,1009,30,500,1e+30,1e-08,263.8958476,263.8993664626957,263.8993664626957,True,True,0.0,267.6184933237189,263.8993664626957,500,0.5045157999848016,PASS,,0.7904607970787598,0.4032329051208987,,,,,
GWO,three_bar_truss,Three-bar truss,2,3,1010,30,500,1e+30,1e-08,263.8958476,263.9039463575159,263.9039463575159,True,True,0.0,280.8335874752684,263.9039463575159,500,0.5136378000024706,PASS,,0.7900314882054079,0.40449297293138314,,,,,
GWO,three_bar_truss,Three-bar truss,2,3,1011,30,500,1e+30,1e-08,263.8958476,263.90432914068253,263.90432914068253,True,True,0.0,269.37549083562817,263.90432914068253,500,0.5112283000489697,PASS,,0.7881706140463202,0.40976014771035274,,,,,
GWO,three_bar_truss,Three-bar truss,2,3,1012,30,500,1e+30,1e-08,263.8958476,263.8983077269484,263.8983077269484,True,True,0.0,285.70286694649195,263.8983077269484,500,0.5219342000200413,PASS,,0.7895029448365056,0.4059315330269168,,,,,
GWO,three_bar_truss,Three-bar truss,2,3,1013,30,500,1e+30,1e-08,263.8958476,263.9060849903075,263.9060849903075,True,True,0.0,270.91203783897,263.9060849903075,500,0.5312142999609932,PASS,,0.7900182671317594,0.4045517541026249,,,,,
GWO,three_bar_truss,Three-bar truss,2,3,1014,30,500,1e+30,1e-08,263.8958476,263.9030086131857,263.9030086131857,True,True,0.0,285.365379763582,263.9030086131857,500,0.5098217000486329,PASS,,0.7856369317075522,0.41691327828784597,,,,,
GWO,three_bar_truss,Three-bar truss,2,3,1015,30,500,1e+30,1e-08,263.8958476,263.951367670712,263.951367670712,True,True,0.0,287.55077869702626,263.951367670712,500,0.509692499996163,PASS,,0.797298384626098,0.384413299114343,,,,,
GWO,three_bar_truss,Three-bar truss,2,3,1016,30,500,1e+30,1e-08,263.8958476,263.90814036583885,263.90814036583885,True,True,0.0,281.9060445896059,263.90814036583885,500,0.5207731999689713,PASS,,0.7922415584557602,0.3982838903709222,,,,,
GWO,three_bar_truss,Three-bar truss,2,3,1017,30,500,1e+30,1e-08,263.8958476,263.94788032806554,263.94788032806554,True,True,0.0,279.9329589958382,263.94788032806554,500,0.5060633000102825,PASS,,0.7967870454886831,0.3858247111740875,,,,,
GWO,three_bar_truss,Three-bar truss,2,3,1018,30,500,1e+30,1e-08,263.8958476,263.90371405418904,263.90371405418904,True,True,0.0,293.6748940065258,263.90371405418904,500,0.5323683000169694,PASS,,0.7889454714285492,0.40756236920771166,,,,,
GWO,three_bar_truss,Three-bar truss,2,3,1019,30,500,1e+30,1e-08,263.8958476,263.90030160344025,263.90030160344025,True,True,0.0,278.988343032372,263.90030160344025,500,0.559046300011687,PASS,,0.786493259225805,0.41446414821009875,,,,,
GWO,three_bar_truss,Three-bar truss,2,3,1020,30,500,1e+30,1e-08,263.8958476,263.9105364245711,263.9105364245711,True,True,0.0,279.88371463542165,263.9105364245711,500,0.5215983000234701,PASS,,0.7930487625449808,0.3960247330170863,,,,,
GWO,three_bar_truss,Three-bar truss,2,3,1021,30,500,1e+30,1e-08,263.8958476,263.9047787791689,263.9047787791689,True,True,0.0,291.71789715294136,263.9047787791689,500,0.5103229000233114,PASS,,0.790437147754847,0.4033539186748672,,,,,
GWO,three_bar_truss,Three-bar truss,2,3,1022,30,500,1e+30,1e-08,263.8958476,263.90581515501157,263.90581515501157,True,True,0.0,281.09458381066895,263.90581515501157,500,0.5118661999586038,PASS,,0.7917466791333712,0.39966036836157065,,,,,
GWO,three_bar_truss,Three-bar truss,2,3,1023,30,500,1e+30,1e-08,263.8958476,263.90650847457033,263.90650847457033,True,True,0.0,276.12251629601826,263.90650847457033,500,0.5242502000182867,PASS,,0.7870044689173122,0.41308029756350767,,,,,
GWO,three_bar_truss,Three-bar truss,2,3,1024,30,500,1e+30,1e-08,263.8958476,263.90246304611634,263.90246304611634,True,True,0.0,273.4884255751109,263.90246304611634,500,0.5273354999953881,PASS,,0.7896209386032184,0.40563934944827434,,,,,
GWO,three_bar_truss,Three-bar truss,2,3,1025,30,500,1e+30,1e-08,263.8958476,263.90711475867863,263.90711475867863,True,True,0.0,283.3064130697967,263.90711475867863,500,0.5333412000327371,PASS,,0.785523902457751,0.41727403473880237,,,,,
GWO,three_bar_truss,Three-bar truss,2,3,1026,30,500,1e+30,1e-08,263.8958476,263.9000145236649,263.9000145236649,True,True,0.0,274.7712403682207,263.9000145236649,500,0.5179873999441043,PASS,,0.789633720392677,0.40557871186375233,,,,,
GWO,three_bar_truss,Three-bar truss,2,3,1027,30,500,1e+30,1e-08,263.8958476,263.89919198494124,263.89919198494124,True,True,0.0,301.1544097336851,263.89919198494124,500,0.6096712999860756,PASS,,0.7900470742903347,0.40440134510026127,,,,,
GWO,three_bar_truss,Three-bar truss,2,3,1028,30,500,1e+30,1e-08,263.8958476,263.8977230964168,263.8977230964168,True,True,0.0,268.96934266376513,263.8977230964168,500,0.6693609000067227,PASS,,0.787545521546465,0.4114621158497615,,,,,
GWO,three_bar_truss,Three-bar truss,2,3,1029,30,500,1e+30,1e-08,263.8958476,263.9194469402104,263.9194469402104,True,True,0.0,273.44377642839265,263.9194469402104,500,0.5478009999496862,PASS,,0.7943929506687546,0.3923119000234359,,,,,
SCHO,three_bar_truss,Three-bar truss,2,3,1000,30,500,1e+30,1e-08,263.8958476,263.9072609378958,263.9072609378958,True,True,0.0,283.66236206601155,263.9072609378958,500,0.5830967000219971,PASS,,0.785971005961302,0.4160108968539614,,,,,
SCHO,three_bar_truss,Three-bar truss,2,3,1001,30,500,1e+30,1e-08,263.8958476,263.90642014937663,263.90642014937663,True,True,0.0,265.16434607075246,263.90642014937663,500,0.577300600009039,PASS,,0.7923327850245221,0.39800866050471606,,,,,
SCHO,three_bar_truss,Three-bar truss,2,3,1002,30,500,1e+30,1e-08,263.8958476,263.9049037018017,263.9049037018017,True,True,0.0,277.8655882844669,263.9049037018017,500,0.6584152999566868,PASS,,0.7879346412927757,0.4104333250583701,,,,,
SCHO,three_bar_truss,Three-bar truss,2,3,1003,30,500,1e+30,1e-08,263.8958476,263.89786691094696,263.89786691094696,True,True,0.0,302.8526283522023,263.89786691094696,500,0.6555683999904431,PASS,,0.7872455788444992,0.4123119200691729,,,,,
SCHO,three_bar_truss,Three-bar truss,2,3,1004,30,500,1e+30,1e-08,263.8958476,263.90854147418435,263.90854147418435,True,True,0.0,271.4350896167962,263.90854147418435,500,0.5411917999736033,PASS,,0.7847137350254378,0.4195798014350003,,,,,
SCHO,three_bar_truss,Three-bar truss,2,3,1005,30,500,1e+30,1e-08,263.8958476,263.9321689816474,263.9321689816474,True,True,0.0,274.76422320901713,263.9321689816474,500,0.5284268999821506,PASS,,0.794101436034689,0.3932636483360577,,,,,
SCHO,three_bar_truss,Three-bar truss,2,3,1006,30,500,1e+30,1e-08,263.8958476,263.8970589761454,263.8970589761454,True,True,0.0,264.6626028958506,263.8970589761454,500,0.5289384000352584,PASS,,0.7878965594301905,0.41046258957490445,,,,,
SCHO,three_bar_truss,Three-bar truss,2,3,1007,30,500,1e+30,1e-08,263.8958476,263.9620500096888,263.9620500096888,True,True,0.0,266.43659241689176,263.9620500096888,500,0.6243201000033878,PASS,,0.7978868077079934,0.3828558106984519,,,,,
SCHO,three_bar_truss,Three-bar truss,2,3,1008,30,500,1e+30,1e-08,263.8958476,263.89842382035584,263.89842382035584,True,True,0.0,269.3196435612255,263.89842382035584,500,0.5728781999787316,PASS,,0.7894032184527299,0.40621476276991525,,,,,
SCHO,three_bar_truss,Three-bar truss,2,3,1009,30,500,1e+30,1e-08,263.8958476,263.8992860147343,263.8992860147343,True,True,0.0,295.1592112923302,263.8992860147343,500,0.5379330000141636,PASS,,0.78691400272613,0.41326394999415966,,,,,
SCHO,three_bar_truss,Three-bar truss,2,3,1010,30,500,1e+30,1e-08,263.8958476,263.93931983593035,263.93931983593035,True,True,0.0,275.9895187420714,263.93931983593035,500,0.5622022000025027,PASS,,0.7914857479319257,0.40073344005861894,,,,,
SCHO,three_bar_truss,Three-bar truss,2,3,1011,30,500,1e+30,1e-08,263.8958476,263.89860645789884,263.89860645789884,True,True,0.0,324.0264310790251,263.89860645789884,500,0.5306693000020459,PASS,,0.7878075215590981,0.4107299015221667,,,,,
SCHO,three_bar_truss,Three-bar truss,2,3,1012,30,500,1e+30,1e-08,263.8958476,263.8968799870654,263.8968799870654,True,True,0.0,291.9345903755149,263.8968799870654,500,0.5295816999860108,PASS,,0.7877597877428457,0.41084764843448784,,,,,
SCHO,three_bar_truss,Three-bar truss,2,3,1013,30,500,1e+30,1e-08,263.8958476,263.89961327141486,263.89961327141486,True,True,0.0,280.19576079824276,263.89961327141486,500,0.5399525000248104,PASS,,0.7870426496867491,0.412903354008034,,,,,
SCHO,three_bar_truss,Three-bar truss,2,3,1014,30,500,1e+30,1e-08,263.8958476,263.903885910631,263.903885910631,True,True,0.0,272.2408505852547,263.903885910631,500,0.5529121999861673,PASS,,0.7862590478523884,0.41516244108350153,,,,,
SCHO,three_bar_truss,Three-bar truss,2,3,1015,30,500,1e+30,1e-08,263.8958476,263.8993930728803,263.8993930728803,True,True,0.0,283.03928826311153,263.8993930728803,500,0.5522194000077434,PASS,,0.7867391527129767,0.4137595710955842,,,,,
SCHO,three_bar_truss,Three-bar truss,2,3,1016,30,500,1e+30,1e-08,263.8958476,263.943747898591,263.943747898591,True,True,0.0,264.8564439728589,263.943747898591,500,0.5258804999757558,PASS,,0.7878853890075497,0.410961073525753,,,,,
SCHO,three_bar_truss,Three-bar truss,2,3,1017,30,500,1e+30,1e-08,263.8958476,263.95446264184125,263.95446264184125,True,True,0.0,285.50436498517524,263.95446264184125,500,0.5185452000005171,PASS,,0.7968151663270628,0.38581099656980067,,,,,
SCHO,three_bar_truss,Three-bar truss,2,3,1018,30,500,1e+30,1e-08,263.8958476,263.89931854274414,263.89931854274414,True,True,0.0,268.1668232415496,263.89931854274414,500,0.5267609999864362,PASS,,0.7890541005449971,0.4072111645537642,,,,,
SCHO,three_bar_truss,Three-bar truss,2,3,1019,30,500,1e+30,1e-08,263.8958476,263.9103338229741,263.9103338229741,True,True,0.0,270.80618711401405,263.9103338229741,500,0.5186894999933429,PASS,,0.790880624835212,0.40215512650961166,,,,,
SCHO,three_bar_truss,Three-bar truss,2,3,1020,30,500,1e+30,1e-08,263.8958476,263.90491333946807,263.90491333946807,True,True,0.0,269.3959870303891,263.90491333946807,500,0.522927800018806,PASS,,0.792172789181638,0.3984461289874904,,,,,
SCHO,three_bar_truss,Three-bar truss,2,3,1021,30,500,1e+30,1e-08,263.8958476,263.8993222490543,263.8993222490543,True,True,0.0,284.96740708709126,263.8993222490543,500,0.5241587000200525,PASS,,0.7868102124747328,0.41355787549969536,,,,,
SCHO,three_bar_truss,Three-bar truss,2,3,1022,30,500,1e+30,1e-08,263.8958476,263.9169906471968,263.9169906471968,True,True,0.0,270.1571946994703,263.9169906471968,500,0.523322900000494,PASS,,0.7840329943630296,0.421589718519598,,,,,
SCHO,three_bar_truss,Three-bar truss,2,3,1023,30,500,1e+30,1e-08,263.8958476,263.9210126850619,263.9210126850619,True,True,0.0,287.4882741869114,263.9210126850619,500,0.5160288999904878,PASS,,0.7859013659451319,0.4163453860363258,,,,,
SCHO,three_bar_truss,Three-bar truss,2,3,1024,30,500,1e+30,1e-08,263.8958476,263.91270615916244,263.91270615916244,True,True,0.0,291.37159302203906,263.91270615916244,500,0.5147018000134267,PASS,,0.7846776617845108,0.4197234788178973,,,,,
SCHO,three_bar_truss,Three-bar truss,2,3,1025,30,500,1e+30,1e-08,263.8958476,263.903047637086,263.903047637086,True,True,0.0,266.0199749863068,263.903047637086,500,0.5890913999755867,PASS,,0.7914201901760668,0.4005561434050836,,,,,
SCHO,three_bar_truss,Three-bar truss,2,3,1026,30,500,1e+30,1e-08,263.8958476,263.89770158817566,263.89770158817566,True,True,0.0,280.671957906915,263.89770158817566,500,0.5136171999620274,PASS,,0.789981415686386,0.4045721517089866,,,,,
SCHO,three_bar_truss,Three-bar truss,2,3,1027,30,500,1e+30,1e-08,263.8958476,263.9524493156866,263.9524493156866,True,True,0.0,267.1986888610325,263.9524493156866,500,0.5341649000183679,PASS,,0.7969630510972561,0.3853725820129025,,,,,
SCHO,three_bar_truss,Three-bar truss,2,3,1028,30,500,1e+30,1e-08,263.8958476,264.01367868585953,264.01367868585953,True,True,0.0,275.3649671110815,264.01367868585953,500,0.5130007999832742,PASS,,0.7766933212956075,0.4433163292968908,,,,,
SCHO,three_bar_truss,Three-bar truss,2,3,1029,30,500,1e+30,1e-08,263.8958476,263.9223241993111,263.9223241993111,True,True,0.0,274.2460690319628,263.9223241993111,500,0.5182789000100456,PASS,,0.7939566319039587,0.3935747684438278,,,,,
