Variant,Function,Run,OptimizerSeed,ObjectiveSeed,Population,MaxIter,Dimension,LowerBound,UpperBound,Optimum,BestScore,Curve0,CurveLast,ElapsedSeconds,Status
SCHO,F1,1,1000,4024101,30,500,30,-100,100,0.0,0.0,67810.20717660758,0.0,1.8186966000066604,PASS
SCHO,F1,2,1001,4024102,30,500,30,-100,100,0.0,0.0,70905.34012781148,0.0,1.841108400010853,PASS
SCHO,F1,4,1003,4024104,30,500,30,-100,100,0.0,0.0,71067.53341075269,0.0,1.865507800001069,PASS
SCHO,F1,3,1002,4024103,30,500,30,-100,100,0.0,0.0,71382.05725267014,0.0,1.8699427000101423,PASS
SCHO,F1,5,1004,4024105,30,500,30,-100,100,0.0,0.0,71494.67494006979,0.0,1.796036500003538,PASS
SCHO,F1,6,1005,4024106,30,500,30,-100,100,0.0,0.0,68827.91056515143,0.0,1.7886832000076538,PASS
SCHO,F1,8,1007,4024108,30,500,30,-100,100,0.0,0.0,54060.05645133964,0.0,1.7967143999994732,PASS
SCHO,F1,7,1006,4024107,30,500,30,-100,100,0.0,0.0,70203.2929860324,0.0,1.8170469000033336,PASS
SCHO,F1,9,1008,4024109,30,500,30,-100,100,0.0,0.0,70963.15903282672,0.0,1.9042993999901228,PASS
SCHO,F1,10,1009,4024110,30,500,30,-100,100,0.0,0.0,68415.51807348001,0.0,1.97741930000484,PASS
SCHO,F1,12,1011,4024112,30,500,30,-100,100,0.0,0.0,60211.88868860319,0.0,1.9689972999913152,PASS
SCHO,F1,11,1010,4024111,30,500,30,-100,100,0.0,0.0,79775.6397390009,0.0,1.9927196000062395,PASS
SCHO,F1,13,1012,4024113,30,500,30,-100,100,0.0,0.0,68582.22618939156,0.0,1.974151400005212,PASS
SCHO,F1,15,1014,4024115,30,500,30,-100,100,0.0,0.0,62548.52364809662,0.0,1.9348797999991802,PASS
SCHO,F1,16,1015,4024116,30,500,30,-100,100,0.0,0.0,60965.044173403294,0.0,1.913635200005956,PASS
SCHO,F1,14,1013,4024114,30,500,30,-100,100,0.0,0.0,65644.03203813086,0.0,1.948196299999836,PASS
SCHO,F1,18,1017,4024118,30,500,30,-100,100,0.0,0.0,70498.00209305885,0.0,1.9793784999928903,PASS
SCHO,F1,17,1016,4024117,30,500,30,-100,100,0.0,0.0,73040.90885855701,0.0,2.0661720999924,PASS
SCHO,F1,19,1018,4024119,30,500,30,-100,100,0.0,0.0,59692.16515890604,0.0,2.0735610999981873,PASS
SCHO,F1,20,1019,4024120,30,500,30,-100,100,0.0,0.0,78896.22221622002,0.0,2.096426899996004,PASS
SCHO,F1,21,1020,4024121,30,500,30,-100,100,0.0,0.0,81948.70656934404,0.0,1.8885296999942511,PASS
SCHO,F1,22,1021,4024122,30,500,30,-100,100,0.0,0.0,64283.25200493102,0.0,2.030762099995627,PASS
SCHO,F1,23,1022,4024123,30,500,30,-100,100,0.0,0.0,77870.80856837892,0.0,1.9868816999951378,PASS
SCHO,F1,24,1023,4024124,30,500,30,-100,100,0.0,0.0,72002.90593091116,0.0,1.9671473999915179,PASS
SCHO,F1,26,1025,4024126,30,500,30,-100,100,0.0,0.0,67654.2390610096,0.0,1.9276400999951875,PASS
SCHO,F1,25,1024,4024125,30,500,30,-100,100,0.0,0.0,56336.5278763339,0.0,1.9590748000046005,PASS
SCHO,F1,27,1026,4024127,30,500,30,-100,100,0.0,0.0,68127.13090112404,0.0,1.942192000002251,PASS
SCHO,F1,28,1027,4024128,30,500,30,-100,100,0.0,0.0,71281.47829858353,0.0,1.9645367000048282,PASS
SCHO,F1,29,1028,4024129,30,500,30,-100,100,0.0,0.0,66088.0070704646,0.0,1.8445770000107586,PASS
SCHO,F1,30,1029,4024130,30,500,30,-100,100,0.0,0.0,77096.69700709768,0.0,1.8799741999973776,PASS
SCHO,F2,2,1001,4024202,30,500,30,-10,10,0.0,0.0,1715602834860.7356,0.0,1.8909844000008889,PASS
SCHO,F2,1,1000,4024201,30,500,30,-10,10,0.0,0.0,360067002398.5346,0.0,1.9434752999950433,PASS
SCHO,F2,3,1002,4024203,30,500,30,-10,10,0.0,0.0,702308869043.374,0.0,1.9577372000057949,PASS
SCHO,F2,5,1004,4024205,30,500,30,-10,10,0.0,0.0,2899651184.9231544,0.0,1.983758200003649,PASS
SCHO,F2,4,1003,4024204,30,500,30,-10,10,0.0,0.0,2634424742592.452,0.0,2.0853458999918075,PASS
SCHO,F2,6,1005,4024206,30,500,30,-10,10,0.0,0.0,332841078922.353,0.0,2.0936008999997284,PASS
SCHO,F2,8,1007,4024208,30,500,30,-10,10,0.0,0.0,729704378291.7789,0.0,1.9455854999978328,PASS
SCHO,F2,7,1006,4024207,30,500,30,-10,10,0.0,0.0,76547012233.40517,0.0,2.0721034000016516,PASS
SCHO,F2,10,1009,4024210,30,500,30,-10,10,0.0,0.0,713724413990.0226,0.0,1.958510500000557,PASS
SCHO,F2,9,1008,4024209,30,500,30,-10,10,0.0,0.0,26401294709.697582,0.0,2.024284600003739,PASS
SCHO,F2,11,1010,4024211,30,500,30,-10,10,0.0,0.0,80213629036800.12,0.0,2.0954974999913247,PASS
SCHO,F2,13,1012,4024213,30,500,30,-10,10,0.0,0.0,9593437258663.51,0.0,2.0529882999981055,PASS
SCHO,F2,12,1011,4024212,30,500,30,-10,10,0.0,0.0,39939133237.937126,0.0,2.1071629999933066,PASS
SCHO,F2,14,1013,4024214,30,500,30,-10,10,0.0,0.0,4038700082325.6636,0.0,2.1223840000020573,PASS
SCHO,F2,18,1017,4024218,30,500,30,-10,10,0.0,0.0,2748969363192.687,0.0,2.0049138000031235,PASS
SCHO,F2,17,1016,4024217,30,500,30,-10,10,0.0,0.0,2021349198795.503,0.0,2.077680899994448,PASS
SCHO,F2,15,1014,4024215,30,500,30,-10,10,0.0,0.0,22135772844271.426,0.0,2.167616299993824,PASS
SCHO,F2,16,1015,4024216,30,500,30,-10,10,0.0,0.0,34707708682.06033,0.0,2.205026199997519,PASS
SCHO,F2,22,1021,4024222,30,500,30,-10,10,0.0,0.0,7683677948828.628,0.0,2.139159300000756,PASS
SCHO,F2,19,1018,4024219,30,500,30,-10,10,0.0,0.0,10392937112.024113,0.0,2.1842749000061303,PASS
SCHO,F2,20,1019,4024220,30,500,30,-10,10,0.0,0.0,47711548051367.61,0.0,2.215279299998656,PASS
SCHO,F2,21,1020,4024221,30,500,30,-10,10,0.0,0.0,102707326348.72324,0.0,2.221955400003935,PASS
SCHO,F2,24,1023,4024224,30,500,30,-10,10,0.0,0.0,1339473094382.0034,0.0,2.219995799998287,PASS
SCHO,F2,23,1022,4024223,30,500,30,-10,10,0.0,0.0,155737363148.78427,0.0,2.2931355000037,PASS
SCHO,F2,25,1024,4024225,30,500,30,-10,10,0.0,0.0,3865443685.5409384,0.0,2.2349889000033727,PASS
SCHO,F2,26,1025,4024226,30,500,30,-10,10,0.0,0.0,68338205734834.914,0.0,2.232871400003205,PASS
SCHO,F2,27,1026,4024227,30,500,30,-10,10,0.0,0.0,67722205355.99468,0.0,2.227320200006943,PASS
SCHO,F2,28,1027,4024228,30,500,30,-10,10,0.0,0.0,3236421004233.4863,0.0,2.234386900003301,PASS
SCHO,F2,30,1029,4024230,30,500,30,-10,10,0.0,0.0,811737307015.2843,0.0,2.2606044999993173,PASS
SCHO,F2,29,1028,4024229,30,500,30,-10,10,0.0,0.0,3305236700.5331717,0.0,2.297203099995386,PASS
SCHO,F3,1,1000,4024301,30,500,30,-100,100,0.0,0.0,106811.1871437447,0.0,2.0691084999998566,PASS
SCHO,F3,2,1001,4024302,30,500,30,-100,100,0.0,0.0,228881.45062340857,0.0,2.071279299998423,PASS
SCHO,F3,4,1003,4024304,30,500,30,-100,100,0.0,0.0,252004.5370062454,0.0,2.019471400009934,PASS
SCHO,F3,3,1002,4024303,30,500,30,-100,100,0.0,0.0,132408.1368091635,0.0,2.0806608999992022,PASS
SCHO,F3,8,1007,4024308,30,500,30,-100,100,0.0,0.0,192911.98136862018,0.0,1.9171088000002783,PASS
SCHO,F3,5,1004,4024305,30,500,30,-100,100,0.0,0.0,126006.68015739581,0.0,1.9544611000019358,PASS
SCHO,F3,6,1005,4024306,30,500,30,-100,100,0.0,0.0,121185.1674532735,0.0,2.031704599998193,PASS
SCHO,F3,7,1006,4024307,30,500,30,-100,100,0.0,0.0,133484.8315350889,0.0,2.08909959999437,PASS
SCHO,F3,9,1008,4024309,30,500,30,-100,100,0.0,0.0,135241.10379381198,0.0,1.9847644999972545,PASS
SCHO,F3,10,1009,4024310,30,500,30,-100,100,0.0,0.0,107976.19188391927,0.0,2.011560900005861,PASS
SCHO,F3,11,1010,4024311,30,500,30,-100,100,0.0,0.0,258402.473983956,0.0,1.9993929000047501,PASS
SCHO,F3,12,1011,4024312,30,500,30,-100,100,0.0,0.0,137478.41138112583,0.0,2.044753900001524,PASS
SCHO,F3,13,1012,4024313,30,500,30,-100,100,0.0,0.0,157787.82385873256,0.0,1.9787071000027936,PASS
SCHO,F3,14,1013,4024314,30,500,30,-100,100,0.0,0.0,166657.1711129854,0.0,1.961886399993091,PASS
SCHO,F3,16,1015,4024316,30,500,30,-100,100,0.0,0.0,294151.3375734341,0.0,2.066884800005937,PASS
SCHO,F3,15,1014,4024315,30,500,30,-100,100,0.0,0.0,221992.0552764344,0.0,2.096289599998272,PASS
SCHO,F3,17,1016,4024317,30,500,30,-100,100,0.0,0.0,119365.44128648656,0.0,2.05913330000476,PASS
SCHO,F3,18,1017,4024318,30,500,30,-100,100,0.0,0.0,245433.61431170706,0.0,2.1196725999907358,PASS
SCHO,F3,20,1019,4024320,30,500,30,-100,100,0.0,0.0,161467.97997834763,0.0,2.030098499992164,PASS
SCHO,F3,19,1018,4024319,30,500,30,-100,100,0.0,0.0,244606.59772993292,0.0,2.077636400004849,PASS
SCHO,F3,21,1020,4024321,30,500,30,-100,100,0.0,0.0,126211.38335020539,0.0,2.0408170000009704,PASS
SCHO,F3,22,1021,4024322,30,500,30,-100,100,0.0,0.0,135794.76099693272,0.0,2.105095600010827,PASS
SCHO,F3,24,1023,4024324,30,500,30,-100,100,0.0,0.0,113871.83421879425,0.0,2.111573900008807,PASS
SCHO,F3,23,1022,4024323,30,500,30,-100,100,0.0,0.0,163245.37719853327,0.0,2.184371800001827,PASS
SCHO,F3,25,1024,4024325,30,500,30,-100,100,0.0,0.0,79356.08665120536,0.0,2.086971100012306,PASS
SCHO,F3,27,1026,4024327,30,500,30,-100,100,0.0,0.0,183635.15749931926,0.0,2.0029778000025544,PASS
SCHO,F3,26,1025,4024326,30,500,30,-100,100,0.0,0.0,123007.79353130393,0.0,2.053848099996685,PASS
SCHO,F3,28,1027,4024328,30,500,30,-100,100,0.0,0.0,131384.1741233503,0.0,2.0931326000136323,PASS
SCHO,F4,1,1000,4024401,30,500,30,-100,100,0.0,0.0,89.41203274460929,0.0,2.0133208999905037,PASS
SCHO,F4,2,1001,4024402,30,500,30,-100,100,0.0,0.0,88.23531594133786,0.0,2.017666600004304,PASS
SCHO,F3,29,1028,4024329,30,500,30,-100,100,0.0,0.0,171958.72311027217,0.0,2.050673599995207,PASS
SCHO,F3,30,1029,4024330,30,500,30,-100,100,0.0,0.0,90997.76111955676,0.0,2.1793381000024965,PASS
SCHO,F4,5,1004,4024405,30,500,30,-100,100,0.0,0.0,83.47974018645405,0.0,2.018613699998241,PASS
SCHO,F4,3,1002,4024403,30,500,30,-100,100,0.0,0.0,90.93773968107635,0.0,2.0552715999947395,PASS
SCHO,F4,4,1003,4024404,30,500,30,-100,100,0.0,0.0,90.05593850015435,0.0,2.1440726000000723,PASS
SCHO,F4,6,1005,4024406,30,500,30,-100,100,0.0,0.0,87.42803920060479,0.0,2.0721712999948068,PASS
SCHO,F4,9,1008,4024409,30,500,30,-100,100,0.0,0.0,90.98182394999645,0.0,1.9589023000007728,PASS
SCHO,F4,7,1006,4024407,30,500,30,-100,100,0.0,0.0,89.67489840896681,0.0,2.012214300004416,PASS
SCHO,F4,8,1007,4024408,30,500,30,-100,100,0.0,0.0,88.56020743697258,0.0,2.0533709000010276,PASS
SCHO,F4,10,1009,4024410,30,500,30,-100,100,0.0,0.0,88.62436437004385,0.0,2.0695818999956828,PASS
SCHO,F4,11,1010,4024411,30,500,30,-100,100,0.0,0.0,82.14021784717164,0.0,1.9870399000064936,PASS
SCHO,F4,12,1011,4024412,30,500,30,-100,100,0.0,0.0,87.6380567694806,0.0,2.087981500008027,PASS
SCHO,F4,13,1012,4024413,30,500,30,-100,100,0.0,0.0,81.54232198828862,0.0,2.0280187999887858,PASS
SCHO,F4,14,1013,4024414,30,500,30,-100,100,0.0,0.0,77.8379255985727,0.0,2.024909400002798,PASS
SCHO,F4,15,1014,4024415,30,500,30,-100,100,0.0,0.0,77.5649543326395,0.0,2.0095290999888675,PASS
SCHO,F4,17,1016,4024417,30,500,30,-100,100,0.0,0.0,89.68075670875115,0.0,2.009005200001411,PASS
SCHO,F4,18,1017,4024418,30,500,30,-100,100,0.0,0.0,91.69265780583274,0.0,2.0209697999962373,PASS
SCHO,F4,16,1015,4024416,30,500,30,-100,100,0.0,0.0,89.52145242027729,0.0,2.0294914999976754,PASS
SCHO,F4,22,1021,4024422,30,500,30,-100,100,0.0,0.0,90.86947090420732,0.0,1.9926586000074167,PASS
SCHO,F4,19,1018,4024419,30,500,30,-100,100,0.0,0.0,87.81454527863241,0.0,2.078569300007075,PASS
SCHO,F4,20,1019,4024420,30,500,30,-100,100,0.0,0.0,89.14712458834947,0.0,2.0572743999946397,PASS
SCHO,F4,21,1020,4024421,30,500,30,-100,100,0.0,0.0,93.48016114980666,0.0,2.0870108000090113,PASS
SCHO,F4,24,1023,4024424,30,500,30,-100,100,0.0,0.0,86.34666057993036,0.0,2.033519000004162,PASS
SCHO,F4,26,1025,4024426,30,500,30,-100,100,0.0,0.0,92.17294370207554,0.0,2.0571893000014825,PASS
SCHO,F4,23,1022,4024423,30,500,30,-100,100,0.0,0.0,86.36772034124569,0.0,2.095716000010725,PASS
SCHO,F4,25,1024,4024425,30,500,30,-100,100,0.0,0.0,83.43944699892515,0.0,2.0832510000036564,PASS
SCHO,F4,28,1027,4024428,30,500,30,-100,100,0.0,0.0,88.89385763229512,0.0,1.9248509000026388,PASS
SCHO,F4,27,1026,4024427,30,500,30,-100,100,0.0,0.0,90.2554612114578,0.0,1.9624079999921378,PASS
SCHO,F4,29,1028,4024429,30,500,30,-100,100,0.0,0.0,88.97595126021793,0.0,1.962295899997116,PASS
SCHO,F4,30,1029,4024430,30,500,30,-100,100,0.0,0.0,90.25056319313495,0.0,2.0083653000037884,PASS
SCHO,F5,2,1001,4024502,30,500,30,-30,30,0.0,28.64230324415114,265509719.66763252,28.64230324415114,1.9994516000006115,PASS
SCHO,F5,3,1002,4024503,30,500,30,-30,30,0.0,26.711592204135197,290152790.99322855,26.711592204135197,1.9787880000076257,PASS
SCHO,F5,1,1000,4024501,30,500,30,-30,30,0.0,28.02289834298946,262803966.06144178,28.02289834298946,2.0666257000120822,PASS
SCHO,F5,4,1003,4024504,30,500,30,-30,30,0.0,28.826214399504863,314425104.8265708,28.826214399504863,2.043865999992704,PASS
SCHO,F5,5,1004,4024505,30,500,30,-30,30,0.0,28.804681130685424,264814459.6730534,28.804681130685424,1.9967288999905577,PASS
SCHO,F5,6,1005,4024506,30,500,30,-30,30,0.0,27.98605481071288,275607877.05815667,27.98605481071288,2.0669886999967275,PASS
SCHO,F5,7,1006,4024507,30,500,30,-30,30,0.0,28.824510933652114,275703968.057919,28.824510933652114,2.031145800006925,PASS
SCHO,F5,8,1007,4024508,30,500,30,-30,30,0.0,27.999375551779824,196990313.2842615,27.999375551779824,2.054395300001488,PASS
SCHO,F5,11,1010,4024511,30,500,30,-30,30,0.0,26.056079496446586,311741780.6244718,26.056079496446586,2.054941099995631,PASS
SCHO,F5,9,1008,4024509,30,500,30,-30,30,0.0,27.984903150885547,264277025.01725703,27.984903150885547,2.08687299999292,PASS
SCHO,F5,10,1009,4024510,30,500,30,-30,30,0.0,28.04127944557301,275312500.08404154,28.04127944557301,2.1354449999926146,PASS
SCHO,F5,12,1011,4024512,30,500,30,-30,30,0.0,28.657622386729578,135783553.73670316,28.657622386729578,2.13862070000323,PASS
SCHO,F5,16,1015,4024516,30,500,30,-30,30,0.0,27.14249923293043,230963403.05164534,27.14249923293043,2.006998400000157,PASS
SCHO,F5,13,1012,4024513,30,500,30,-30,30,0.0,28.98419468962295,223922765.9861003,28.98419468962295,2.0993943000066793,PASS
SCHO,F5,14,1013,4024514,30,500,30,-30,30,0.0,28.771111277971574,198137301.02750832,28.771111277971574,2.098518200000399,PASS
SCHO,F5,15,1014,4024515,30,500,30,-30,30,0.0,27.97953504492064,199986599.631898,27.97953504492064,2.0897181000036653,PASS
SCHO,F5,17,1016,4024517,30,500,30,-30,30,0.0,27.233797922112245,267563143.6435758,27.233797922112245,2.101716300006956,PASS
SCHO,F5,20,1019,4024520,30,500,30,-30,30,0.0,28.595332426036578,318067279.8984649,28.595332426036578,2.0979398999916157,PASS
SCHO,F5,19,1018,4024519,30,500,30,-30,30,0.0,28.866596212968567,235011607.0552513,28.866596212968567,2.1023381000122754,PASS
SCHO,F5,18,1017,4024518,30,500,30,-30,30,0.0,28.859025130353995,261605126.34257632,28.859025130353995,2.175837300004787,PASS
SCHO,F5,21,1020,4024521,30,500,30,-30,30,0.0,28.809137028708275,320276562.2341088,28.809137028708275,2.004466999991564,PASS
SCHO,F5,22,1021,4024522,30,500,30,-30,30,0.0,28.77121654341793,250438783.368967,28.77121654341793,2.015248800002155,PASS
SCHO,F5,24,1023,4024524,30,500,30,-30,30,0.0,28.856542727366655,272530389.63664186,28.856542727366655,1.9683058999944478,PASS
SCHO,F5,23,1022,4024523,30,500,30,-30,30,0.0,28.00551703205017,224106822.12627918,28.00551703205017,2.0879161000048043,PASS
SCHO,F5,25,1024,4024525,30,500,30,-30,30,0.0,28.919085956738325,197086662.74910796,28.919085956738325,1.9973220999963814,PASS
SCHO,F5,28,1027,4024528,30,500,30,-30,30,0.0,28.66345701966568,306443111.17072505,28.66345701966568,2.007839799989597,PASS
SCHO,F5,27,1026,4024527,30,500,30,-30,30,0.0,28.09403720117838,289149958.1576517,28.09403720117838,2.0211770000023535,PASS
SCHO,F5,26,1025,4024526,30,500,30,-30,30,0.0,28.771134544765356,272825950.8696747,28.771134544765356,2.045741800000542,PASS
SCHO,F6,1,1000,4024601,30,500,30,-100,100,0.0,0.0074982424578407085,67909.83159949695,0.0074982424578407085,1.929670299999998,PASS
SCHO,F5,30,1029,4024530,30,500,30,-30,30,0.0,28.65815052394188,297997041.8303026,28.65815052394188,2.014841600001091,PASS
SCHO,F6,2,1001,4024602,30,500,30,-100,100,0.0,0.08456744454184119,70582.57089954114,0.08456744454184119,2.0597677000041585,PASS
SCHO,F5,29,1028,4024529,30,500,30,-30,30,0.0,27.98136697764828,254911291.89617184,27.98136697764828,2.1275966000102926,PASS
SCHO,F6,3,1002,4024603,30,500,30,-100,100,0.0,0.04027379153814443,71353.455751133,0.04027379153814443,2.3095163000107277,PASS
SCHO,F6,6,1005,4024606,30,500,30,-100,100,0.0,0.0015475686600199517,68955.29999951718,0.0015475686600199517,2.2804923999938183,PASS
SCHO,F6,4,1003,4024604,30,500,30,-100,100,0.0,9.254089880824617e-06,71219.00386103941,9.254089880824617e-06,2.3023240999900736,PASS
SCHO,F6,5,1004,4024605,30,500,30,-100,100,0.0,0.00018198416279354167,71208.03386246378,0.00018198416279354167,2.29757320000499,PASS
SCHO,F6,7,1006,4024607,30,500,30,-100,100,0.0,0.016405333041355066,70011.4366295226,0.016405333041355066,2.2318035999924177,PASS
SCHO,F6,9,1008,4024609,30,500,30,-100,100,0.0,0.0022974956375061578,70501.21762803209,0.0022974956375061578,2.225985299999593,PASS
SCHO,F6,8,1007,4024608,30,500,30,-100,100,0.0,0.20546921029196888,54162.957873925516,0.20546921029196888,2.254553599996143,PASS
SCHO,F6,10,1009,4024610,30,500,30,-100,100,0.0,0.010976554063976532,68295.92181788973,0.010976554063976532,2.2487820999958785,PASS
SCHO,F6,12,1011,4024612,30,500,30,-100,100,0.0,1.6687165379949482e-05,60343.443806650605,1.6687165379949482e-05,2.000499099987792,PASS
SCHO,F6,11,1010,4024611,30,500,30,-100,100,0.0,0.03504463565085693,79935.06488261481,0.03504463565085693,2.0385761999932583,PASS
SCHO,F6,14,1013,4024614,30,500,30,-100,100,0.0,2.7956258237024305,66078.30058116298,2.7956258237024305,2.0388478999957442,PASS
SCHO,F6,13,1012,4024613,30,500,30,-100,100,0.0,0.08513224010176054,68881.92519101789,0.08513224010176054,2.0705099000042537,PASS
SCHO,F6,15,1014,4024615,30,500,30,-100,100,0.0,0.18561222657254603,62157.94499673396,0.18561222657254603,1.9824998000112828,PASS
SCHO,F6,16,1015,4024616,30,500,30,-100,100,0.0,0.005377956466438263,61089.234661411996,0.005377956466438263,2.020238500001142,PASS
SCHO,F6,17,1016,4024617,30,500,30,-100,100,0.0,0.10121694809792026,73031.55585073962,0.10121694809792026,2.011720800001058,PASS
SCHO,F6,18,1017,4024618,30,500,30,-100,100,0.0,0.05686270462951404,70606.59378046433,0.05686270462951404,1.9955368999944767,PASS
SCHO,F6,20,1019,4024620,30,500,30,-100,100,0.0,0.07570082879838462,79344.06586895653,0.07570082879838462,1.9743835999979638,PASS
SCHO,F6,19,1018,4024619,30,500,30,-100,100,0.0,2.5154857621927746,59960.68287322056,2.5154857621927746,1.992055700000492,PASS
SCHO,F6,22,1021,4024622,30,500,30,-100,100,0.0,1.0279552726750343,64215.54876603678,1.0279552726750343,2.0163195000059204,PASS
SCHO,F6,21,1020,4024621,30,500,30,-100,100,0.0,0.239810138498245,81635.30658606326,0.239810138498245,2.0501024999975925,PASS
SCHO,F6,23,1022,4024623,30,500,30,-100,100,0.0,0.010255159892258992,78086.57507584567,0.010255159892258992,1.9320350000052713,PASS
SCHO,F6,25,1024,4024625,30,500,30,-100,100,0.0,0.12339402054556625,56465.69237297281,0.12339402054556625,1.9245436000055633,PASS
SCHO,F6,24,1023,4024624,30,500,30,-100,100,0.0,0.0126101411100778,72276.33926858637,0.0126101411100778,2.000899799997569,PASS
SCHO,F6,26,1025,4024626,30,500,30,-100,100,0.0,0.0001381972249544667,67862.6591007802,0.0001381972249544667,1.9283130999974674,PASS
SCHO,F6,27,1026,4024627,30,500,30,-100,100,0.0,1.460568077678792,68320.91352360474,1.460568077678792,2.058352300009574,PASS
SCHO,F6,29,1028,4024629,30,500,30,-100,100,0.0,0.04069882332065303,66095.4100418736,0.04069882332065303,2.068960700009484,PASS
SCHO,F6,28,1027,4024628,30,500,30,-100,100,0.0,0.00016389198797782617,71067.99746945646,0.00016389198797782617,2.108298000006471,PASS
SCHO,F6,30,1029,4024630,30,500,30,-100,100,0.0,0.0333922067280193,77102.38991476683,0.0333922067280193,2.1585095999907935,PASS
SCHO,F7,1,1000,4024701,30,500,30,-1.28,1.28,0.0,9.45915362848826e-06,132.24256505296452,9.45915362848826e-06,2.053593100004946,PASS
SCHO,F7,3,1002,4024703,30,500,30,-1.28,1.28,0.0,1.6784381334677967e-05,106.8866083511403,1.6784381334677967e-05,2.007674799999222,PASS
SCHO,F7,2,1001,4024702,30,500,30,-1.28,1.28,0.0,6.837286203809079e-05,129.07738590868695,6.837286203809079e-05,2.0496007000037935,PASS
SCHO,F7,4,1003,4024704,30,500,30,-1.28,1.28,0.0,7.080694142436172e-05,120.0123686763614,7.080694142436172e-05,2.072155499990913,PASS
SCHO,F7,8,1007,4024708,30,500,30,-1.28,1.28,0.0,9.530159643600378e-05,89.84776718932376,9.530159643600378e-05,2.0471375999914017,PASS
SCHO,F7,5,1004,4024705,30,500,30,-1.28,1.28,0.0,0.0002432252979321925,128.77654886785405,0.0002432252979321925,2.1211941999936244,PASS
SCHO,F7,7,1006,4024707,30,500,30,-1.28,1.28,0.0,8.514306014872908e-05,109.43532753152996,8.514306014872908e-05,2.068069499990088,PASS
SCHO,F7,6,1005,4024706,30,500,30,-1.28,1.28,0.0,0.0002044215615785161,95.90377798740067,0.0002044215615785161,2.099028199998429,PASS
SCHO,F7,11,1010,4024711,30,500,30,-1.28,1.28,0.0,0.00021914311776938256,145.50908467686799,0.00021914311776938256,2.0592587999999523,PASS
SCHO,F7,9,1008,4024709,30,500,30,-1.28,1.28,0.0,1.5447923321199042e-05,112.92200132609992,1.5447923321199042e-05,2.106760900001973,PASS
SCHO,F7,12,1011,4024712,30,500,30,-1.28,1.28,0.0,0.00014672705711848977,88.02744560759177,0.00014672705711848977,2.0598033999995096,PASS
SCHO,F7,10,1009,4024710,30,500,30,-1.28,1.28,0.0,8.368433869609948e-05,124.61338032043707,8.368433869609948e-05,2.1173262000083923,PASS
SCHO,F7,14,1013,4024714,30,500,30,-1.28,1.28,0.0,2.820717814733256e-05,125.18640614897903,2.820717814733256e-05,2.0447599999897648,PASS
SCHO,F7,13,1012,4024713,30,500,30,-1.28,1.28,0.0,4.457786551659293e-05,109.2388515683827,4.457786551659293e-05,2.083976599999005,PASS
SCHO,F7,15,1014,4024715,30,500,30,-1.28,1.28,0.0,4.9591094465339935e-06,99.80960290906447,4.9591094465339935e-06,2.0630182000022614,PASS
SCHO,F7,16,1015,4024716,30,500,30,-1.28,1.28,0.0,0.00014586593514698265,118.50476153098273,0.00014586593514698265,2.1029969999945024,PASS
SCHO,F7,19,1018,4024719,30,500,30,-1.28,1.28,0.0,0.00021026431482795704,129.37924729813335,0.00021026431482795704,2.003579800002626,PASS
SCHO,F7,18,1017,4024718,30,500,30,-1.28,1.28,0.0,0.00021633445300472953,146.54341813360404,0.00021633445300472953,2.031292699990445,PASS
SCHO,F7,20,1019,4024720,30,500,30,-1.28,1.28,0.0,2.5783503506016147e-05,134.11199381657298,2.5783503506016147e-05,2.0328296000079717,PASS
SCHO,F7,17,1016,4024717,30,500,30,-1.28,1.28,0.0,0.00057313278933524,142.86321654785507,0.00057313278933524,2.116000599999097,PASS
SCHO,F7,22,1021,4024722,30,500,30,-1.28,1.28,0.0,7.447946452421306e-05,97.89929812706661,7.447946452421306e-05,2.040717299998505,PASS
SCHO,F7,23,1022,4024723,30,500,30,-1.28,1.28,0.0,5.6976333538738544e-05,133.0436737145348,5.6976333538738544e-05,2.0545141999900807,PASS
SCHO,F7,21,1020,4024721,30,500,30,-1.28,1.28,0.0,7.261338490871516e-05,134.48686620550905,7.261338490871516e-05,2.11518100000103,PASS
SCHO,F7,24,1023,4024724,30,500,30,-1.28,1.28,0.0,0.00013413908657777807,134.83866130923477,0.00013413908657777807,2.115127000011853,PASS
SCHO,F7,27,1026,4024727,30,500,30,-1.28,1.28,0.0,0.00019470491795281486,135.53438780914385,0.00019470491795281486,2.0390424000070198,PASS
SCHO,F7,25,1024,4024725,30,500,30,-1.28,1.28,0.0,0.00018987324554264884,105.12427574420931,0.00018987324554264884,2.1094872999965446,PASS
SCHO,F7,28,1027,4024728,30,500,30,-1.28,1.28,0.0,3.238470623567746e-05,93.82607923366973,3.238470623567746e-05,2.1043789999966975,PASS
SCHO,F7,26,1025,4024726,30,500,30,-1.28,1.28,0.0,6.071988832667685e-05,144.99096006092753,6.071988832667685e-05,2.1684609999938402,PASS
SCHO,F8,2,1001,4024802,30,500,30,-500,500,-12569.487,-5299.129330283743,-2690.889994276502,-5299.129330283743,1.971717099993839,PASS
SCHO,F7,30,1029,4024730,30,500,30,-1.28,1.28,0.0,0.000128178818000646,130.6949254804745,0.000128178818000646,1.9543613999994704,PASS
SCHO,F8,1,1000,4024801,30,500,30,-500,500,-12569.487,-5916.111608252059,-2451.876014434408,-5916.111608252059,2.0520249999972293,PASS
SCHO,F7,29,1028,4024729,30,500,30,-1.28,1.28,0.0,1.0751409406872803e-05,162.80296180734086,1.0751409406872803e-05,2.139259800009313,PASS
SCHO,F8,4,1003,4024804,30,500,30,-500,500,-12569.487,-5224.854867688941,-2110.3517025625324,-5224.854867688941,1.9900679999991553,PASS
SCHO,F8,5,1004,4024805,30,500,30,-500,500,-12569.487,-9011.82418254059,-1605.4114947545195,-9011.82418254059,1.9711815000046045,PASS
SCHO,F8,3,1002,4024803,30,500,30,-500,500,-12569.487,-5143.470475311304,-1692.1826887752877,-5143.470475311304,2.0502936000120826,PASS
SCHO,F8,6,1005,4024806,30,500,30,-500,500,-12569.487,-12566.523058977185,-3595.6367869269293,-12566.523058977185,1.9301972999965074,PASS
SCHO,F8,7,1006,4024807,30,500,30,-500,500,-12569.487,-8198.825807991818,-1885.772866590057,-8198.825807991818,1.9733222000068054,PASS
SCHO,F8,8,1007,4024808,30,500,30,-500,500,-12569.487,-8324.734630918814,-1726.090940377079,-8324.734630918814,1.9805083999963244,PASS
SCHO,F8,10,1009,4024810,30,500,30,-500,500,-12569.487,-6026.841758672336,-2623.8232741546635,-6026.841758672336,1.999817100004293,PASS
SCHO,F8,9,1008,4024809,30,500,30,-500,500,-12569.487,-5828.450528089993,-2337.3316623373657,-5828.450528089993,2.016683000008925,PASS
SCHO,F8,11,1010,4024811,30,500,30,-500,500,-12569.487,-5036.739629222879,-1813.4049915384448,-5036.739629222879,1.993611999991117,PASS
SCHO,F8,14,1013,4024814,30,500,30,-500,500,-12569.487,-12169.502671241851,-1526.011739420307,-12169.502671241851,1.958461800008081,PASS
SCHO,F8,12,1011,4024812,30,500,30,-500,500,-12569.487,-5465.931590285008,-2334.5511967809016,-5465.931590285008,2.005090000006021,PASS
SCHO,F8,13,1012,4024813,30,500,30,-500,500,-12569.487,-5758.444035915574,-2026.2048410858288,-5758.444035915574,1.99108759999217,PASS
SCHO,F8,16,1015,4024816,30,500,30,-500,500,-12569.487,-6053.85871163641,-1774.4957618865303,-6053.85871163641,1.9338979000021936,PASS
SCHO,F8,18,1017,4024818,30,500,30,-500,500,-12569.487,-12539.92340874144,-1613.727286315913,-12539.92340874144,2.064138900008402,PASS
SCHO,F8,15,1014,4024815,30,500,30,-500,500,-12569.487,-4597.617752086166,-1577.9245638457974,-4597.617752086166,2.1012329000077443,PASS
SCHO,F8,17,1016,4024817,30,500,30,-500,500,-12569.487,-8519.109230328602,-3022.774183385613,-8519.109230328602,2.107505400010268,PASS
SCHO,F8,19,1018,4024819,30,500,30,-500,500,-12569.487,-4773.656853662034,-2231.4411955724777,-4773.656853662034,2.026431699996465,PASS
SCHO,F8,20,1019,4024820,30,500,30,-500,500,-12569.487,-4797.520034485214,-1937.2091609434265,-4797.520034485214,2.0412017999915406,PASS
SCHO,F8,21,1020,4024821,30,500,30,-500,500,-12569.487,-5336.334182380505,-2248.510909834675,-5336.334182380505,2.0905053000024054,PASS
SCHO,F8,22,1021,4024822,30,500,30,-500,500,-12569.487,-5615.930040884717,-1439.3070195018026,-5615.930040884717,2.1194393999903696,PASS
SCHO,F8,23,1022,4024823,30,500,30,-500,500,-12569.487,-5435.609070757398,-2698.531601043908,-5435.609070757398,1.9829802000022028,PASS
SCHO,F8,24,1023,4024824,30,500,30,-500,500,-12569.487,-12569.042163397447,-1788.751013337049,-12569.042163397447,2.0346316999930423,PASS
SCHO,F8,25,1024,4024825,30,500,30,-500,500,-12569.487,-7821.683384483051,-2207.6192588415524,-7821.683384483051,2.052247300001909,PASS
SCHO,F8,26,1025,4024826,30,500,30,-500,500,-12569.487,-9003.305327375001,-1895.6942306135086,-9003.305327375001,2.0931353000050876,PASS
SCHO,F8,27,1026,4024827,30,500,30,-500,500,-12569.487,-4098.901904184803,-1646.4051333176737,-4098.901904184803,2.023564000002807,PASS
SCHO,F8,28,1027,4024828,30,500,30,-500,500,-12569.487,-12566.000560701854,-1823.0140943969723,-12566.000560701854,2.0099660999985645,PASS
SCHO,F8,29,1028,4024829,30,500,30,-500,500,-12569.487,-8572.93569680741,-1854.1744144476797,-8572.93569680741,2.0050792999973055,PASS
SCHO,F8,30,1029,4024830,30,500,30,-500,500,-12569.487,-7647.826709347266,-1702.2535651780167,-7647.826709347266,2.0447979000018677,PASS
SCHO,F9,1,1000,4024901,30,500,30,-5.1200000000000001,5.1200000000000001,0.0,0.0,464.87493101018356,0.0,2.0106513000064297,PASS
SCHO,F9,3,1002,4024903,30,500,30,-5.1200000000000001,5.1200000000000001,0.0,0.0,424.39485150190137,0.0,2.0813747999927728,PASS
SCHO,F9,2,1001,4024902,30,500,30,-5.1200000000000001,5.1200000000000001,0.0,0.0,384.5497490364953,0.0,2.082401399995433,PASS
SCHO,F9,4,1003,4024904,30,500,30,-5.1200000000000001,5.1200000000000001,0.0,0.0,439.61790434394305,0.0,2.0884787999966647,PASS
SCHO,F9,5,1004,4024905,30,500,30,-5.1200000000000001,5.1200000000000001,0.0,0.0,448.7388944016657,0.0,1.9886338999931468,PASS
SCHO,F9,6,1005,4024906,30,500,30,-5.1200000000000001,5.1200000000000001,0.0,0.0,439.91283939992803,0.0,2.032509199998458,PASS
SCHO,F9,8,1007,4024908,30,500,30,-5.1200000000000001,5.1200000000000001,0.0,0.0,365.8391088248434,0.0,2.042452299996512,PASS
SCHO,F9,7,1006,4024907,30,500,30,-5.1200000000000001,5.1200000000000001,0.0,0.0,431.59183701137,0.0,2.058354100008728,PASS
SCHO,F9,12,1011,4024912,30,500,30,-5.1200000000000001,5.1200000000000001,0.0,0.0,441.073286920272,0.0,1.9254881999950157,PASS
SCHO,F9,9,1008,4024909,30,500,30,-5.1200000000000001,5.1200000000000001,0.0,0.0,448.1773913088544,0.0,1.976703100008308,PASS
SCHO,F9,11,1010,4024911,30,500,30,-5.1200000000000001,5.1200000000000001,0.0,0.0,447.2888938374598,0.0,2.0707640999899013,PASS
SCHO,F9,10,1009,4024910,30,500,30,-5.1200000000000001,5.1200000000000001,0.0,0.0,467.3571333335915,0.0,2.1256294999911916,PASS
SCHO,F9,14,1013,4024914,30,500,30,-5.1200000000000001,5.1200000000000001,0.0,0.0,440.91474681676505,0.0,2.1582723000028636,PASS
SCHO,F9,15,1014,4024915,30,500,30,-5.1200000000000001,5.1200000000000001,0.0,0.0,466.36406583587524,0.0,2.1188099999999395,PASS
SCHO,F9,13,1012,4024913,30,500,30,-5.1200000000000001,5.1200000000000001,0.0,0.0,434.02220260833974,0.0,2.2800912000093376,PASS
SCHO,F9,16,1015,4024916,30,500,30,-5.1200000000000001,5.1200000000000001,0.0,0.0,433.86281469045554,0.0,2.1473268999980064,PASS
SCHO,F9,20,1019,4024920,30,500,30,-5.1200000000000001,5.1200000000000001,0.0,0.0,458.030531975015,0.0,2.469286599996849,PASS
SCHO,F9,19,1018,4024919,30,500,30,-5.1200000000000001,5.1200000000000001,0.0,0.0,414.6138424388559,0.0,2.491418000005069,PASS
SCHO,F9,17,1016,4024917,30,500,30,-5.1200000000000001,5.1200000000000001,0.0,0.0,422.02779107708176,0.0,2.5146506000019144,PASS
SCHO,F9,18,1017,4024918,30,500,30,-5.1200000000000001,5.1200000000000001,0.0,0.0,469.76371664050794,0.0,2.532777400003397,PASS
SCHO,F9,22,1021,4024922,30,500,30,-5.1200000000000001,5.1200000000000001,0.0,0.0,441.34049530442945,0.0,34.96974689999479,PASS
SCHO,F9,23,1022,4024923,30,500,30,-5.1200000000000001,5.1200000000000001,0.0,0.0,446.64097601097,0.0,35.00778829999035,PASS
SCHO,F9,24,1023,4024924,30,500,30,-5.1200000000000001,5.1200000000000001,0.0,0.0,433.79837842386155,0.0,35.04445039998973,PASS
SCHO,F9,21,1020,4024921,30,500,30,-5.1200000000000001,5.1200000000000001,0.0,0.0,465.26417440798247,0.0,35.10019640000246,PASS
SCHO,F9,26,1025,4024926,30,500,30,-5.1200000000000001,5.1200000000000001,0.0,0.0,473.6616560879741,0.0,3.4324618999962695,PASS
SCHO,F9,25,1024,4024925,30,500,30,-5.1200000000000001,5.1200000000000001,0.0,0.0,408.9701533118642,0.0,3.472117500001332,PASS
SCHO,F9,27,1026,4024927,30,500,30,-5.1200000000000001,5.1200000000000001,0.0,0.0,446.03906557516507,0.0,3.5581084999867016,PASS
SCHO,F9,28,1027,4024928,30,500,30,-5.1200000000000001,5.1200000000000001,0.0,0.0,447.3494195224039,0.0,3.571752200004994,PASS
SCHO,F9,29,1028,4024929,30,500,30,-5.1200000000000001,5.1200000000000001,0.0,0.0,455.002187468864,0.0,2.407708200000343,PASS
SCHO,F9,30,1029,4024930,30,500,30,-5.1200000000000001,5.1200000000000001,0.0,0.0,479.83128968283097,0.0,2.408785200008424,PASS
SCHO,F10,2,1001,4025002,30,500,30,-32,32,0.0,4.440892098500626e-16,20.80923383013385,4.440892098500626e-16,2.37627490000159,PASS
SCHO,F10,1,1000,4025001,30,500,30,-32,32,0.0,4.440892098500626e-16,20.764880617738655,4.440892098500626e-16,2.4136713999905623,PASS
SCHO,F10,3,1002,4025003,30,500,30,-32,32,0.0,4.440892098500626e-16,20.70259726914545,4.440892098500626e-16,2.0536175000015646,PASS
SCHO,F10,4,1003,4025004,30,500,30,-32,32,0.0,4.440892098500626e-16,20.685941618453114,4.440892098500626e-16,2.097243199998047,PASS
SCHO,F10,6,1005,4025006,30,500,30,-32,32,0.0,4.440892098500626e-16,20.739339682394206,4.440892098500626e-16,2.124040700000478,PASS
SCHO,F10,5,1004,4025005,30,500,30,-32,32,0.0,4.440892098500626e-16,20.753180108678922,4.440892098500626e-16,2.1468101000064053,PASS
SCHO,F10,7,1006,4025007,30,500,30,-32,32,0.0,4.440892098500626e-16,20.677331650145728,4.440892098500626e-16,2.0503698000102304,PASS
SCHO,F10,8,1007,4025008,30,500,30,-32,32,0.0,4.440892098500626e-16,20.30938002246911,4.440892098500626e-16,2.029152000002796,PASS
SCHO,F10,9,1008,4025009,30,500,30,-32,32,0.0,4.440892098500626e-16,20.6623323028609,4.440892098500626e-16,2.0349330000026384,PASS
SCHO,F10,10,1009,4025010,30,500,30,-32,32,0.0,4.440892098500626e-16,20.764014980012245,4.440892098500626e-16,2.075787499998114,PASS
SCHO,F10,12,1011,4025012,30,500,30,-32,32,0.0,4.440892098500626e-16,20.569830881242734,4.440892098500626e-16,2.1142682999925455,PASS
SCHO,F10,14,1013,4025014,30,500,30,-32,32,0.0,4.440892098500626e-16,20.669354202190537,4.440892098500626e-16,2.1550025999895297,PASS
SCHO,F10,11,1010,4025011,30,500,30,-32,32,0.0,4.440892098500626e-16,20.873205110265417,4.440892098500626e-16,2.2453189000079874,PASS
SCHO,F10,13,1012,4025013,30,500,30,-32,32,0.0,4.440892098500626e-16,20.566750205953976,4.440892098500626e-16,2.2235870999866165,PASS
SCHO,F10,15,1014,4025015,30,500,30,-32,32,0.0,4.440892098500626e-16,20.49068213407767,4.440892098500626e-16,2.205300500005251,PASS
SCHO,F10,16,1015,4025016,30,500,30,-32,32,0.0,4.440892098500626e-16,20.64013873956227,4.440892098500626e-16,2.2337992999964627,PASS
SCHO,F10,17,1016,4025017,30,500,30,-32,32,0.0,4.440892098500626e-16,20.795292196710726,4.440892098500626e-16,2.30210650000663,PASS
SCHO,F10,18,1017,4025018,30,500,30,-32,32,0.0,4.440892098500626e-16,20.8269336510937,4.440892098500626e-16,2.3377045999950496,PASS
SCHO,F10,20,1019,4025020,30,500,30,-32,32,0.0,4.440892098500626e-16,20.753576885043977,4.440892098500626e-16,2.221976499989978,PASS
SCHO,F10,19,1018,4025019,30,500,30,-32,32,0.0,4.440892098500626e-16,20.287777247273507,4.440892098500626e-16,2.2485163000092143,PASS
SCHO,F10,22,1021,4025022,30,500,30,-32,32,0.0,4.440892098500626e-16,20.583645012836215,4.440892098500626e-16,2.237612700002501,PASS
SCHO,F10,21,1020,4025021,30,500,30,-32,32,0.0,4.440892098500626e-16,20.886822358893582,4.440892098500626e-16,2.301281399995787,PASS
SCHO,F10,24,1023,4025024,30,500,30,-32,32,0.0,4.440892098500626e-16,20.702337522964704,4.440892098500626e-16,2.1018004000070505,PASS
SCHO,F10,23,1022,4025023,30,500,30,-32,32,0.0,4.440892098500626e-16,20.933352404055416,4.440892098500626e-16,2.15875300001062,PASS
SCHO,F10,25,1024,4025025,30,500,30,-32,32,0.0,4.440892098500626e-16,20.640145513776236,4.440892098500626e-16,2.1796600999950897,PASS
SCHO,F10,26,1025,4025026,30,500,30,-32,32,0.0,4.440892098500626e-16,20.66064456706877,4.440892098500626e-16,2.1724802999960957,PASS
SCHO,F10,28,1027,4025028,30,500,30,-32,32,0.0,4.440892098500626e-16,20.792506436353648,4.440892098500626e-16,2.222358600003645,PASS
SCHO,F10,29,1028,4025029,30,500,30,-32,32,0.0,4.440892098500626e-16,20.542581961741753,4.440892098500626e-16,2.2485863999900175,PASS
SCHO,F10,27,1026,4025027,30,500,30,-32,32,0.0,4.440892098500626e-16,20.70523141613285,4.440892098500626e-16,2.286301000000094,PASS
SCHO,F10,30,1029,4025030,30,500,30,-32,32,0.0,4.440892098500626e-16,20.847870698067215,4.440892098500626e-16,2.2835733000101754,PASS
SCHO,F11,1,1000,4025101,30,500,30,-600,600,0.0,0.0,611.291864520307,0.0,2.1564959999959683,PASS
SCHO,F11,2,1001,4025102,30,500,30,-600,600,0.0,0.0,639.1480611503106,0.0,2.143214399999124,PASS
SCHO,F11,4,1003,4025104,30,500,30,-600,600,0.0,0.0,640.6078006974948,0.0,2.155901400008588,PASS
SCHO,F11,3,1002,4025103,30,500,30,-600,600,0.0,0.0,643.4385152741779,0.0,2.1835335999930976,PASS
SCHO,F11,7,1006,4025107,30,500,30,-600,600,0.0,0.0,632.8296368484805,0.0,2.129668200010201,PASS
SCHO,F11,6,1005,4025106,30,500,30,-600,600,0.0,0.0,620.4511952126913,0.0,2.1535658999928273,PASS
SCHO,F11,8,1007,4025108,30,500,30,-600,600,0.0,0.0,487.5405080335636,0.0,2.177461900006165,PASS
SCHO,F11,5,1004,4025105,30,500,30,-600,600,0.0,0.0,644.4520744510511,0.0,2.185677299989038,PASS
SCHO,F11,9,1008,4025109,30,500,30,-600,600,0.0,0.0,639.6684312970408,0.0,2.0865004999941448,PASS
SCHO,F11,10,1009,4025110,30,500,30,-600,600,0.0,0.0,616.7396630786404,0.0,2.102513599995291,PASS
SCHO,F11,11,1010,4025111,30,500,30,-600,600,0.0,0.0,718.9807578130838,0.0,2.0893382000067504,PASS
SCHO,F11,12,1011,4025112,30,500,30,-600,600,0.0,0.0,542.9069981974286,0.0,2.101362200002768,PASS
SCHO,F11,14,1013,4025114,30,500,30,-600,600,0.0,0.0,591.7962883432442,0.0,2.1448857999930624,PASS
SCHO,F11,16,1015,4025116,30,500,30,-600,600,0.0,0.0,549.6853975606296,0.0,2.1723338999872794,PASS
SCHO,F11,15,1014,4025115,30,500,30,-600,600,0.0,0.0,563.9367128903148,0.0,2.280220599990571,PASS
SCHO,F11,13,1012,4025113,30,500,30,-600,600,0.0,0.0,618.2400358748203,0.0,2.328651700008777,PASS
SCHO,F11,18,1017,4025118,30,500,30,-600,600,0.0,0.0,635.4820188150104,0.0,2.1081542000029003,PASS
SCHO,F11,17,1016,4025117,30,500,30,-600,600,0.0,0.0,658.3681797175631,0.0,2.2239329000003636,PASS
SCHO,F11,20,1019,4025120,30,500,30,-600,600,0.0,0.0,711.0659999459813,0.0,2.083345500010182,PASS
SCHO,F11,19,1018,4025119,30,500,30,-600,600,0.0,0.0,538.2294864301934,0.0,2.162433899997268,PASS
SCHO,F11,21,1020,4025121,30,500,30,-600,600,0.0,0.0,738.5383591240958,0.0,2.1005203999957303,PASS
SCHO,F11,22,1021,4025122,30,500,30,-600,600,0.0,0.0,579.5492680434852,0.0,2.1078278999921167,PASS
SCHO,F11,23,1022,4025123,30,500,30,-600,600,0.0,0.0,701.8372771154101,0.0,2.242554199998267,PASS
SCHO,F11,24,1023,4025124,30,500,30,-600,600,0.0,0.0,649.0261533705124,0.0,2.274066900004982,PASS
SCHO,F11,25,1024,4025125,30,500,30,-600,600,0.0,0.0,508.02875095473263,0.0,2.033884299991769,PASS
SCHO,F11,26,1025,4025126,30,500,30,-600,600,0.0,0.0,609.8881515490872,0.0,2.1993550000042887,PASS
SCHO,F11,27,1026,4025127,30,500,30,-600,600,0.0,0.0,614.144178110117,0.0,2.179681099994923,PASS
SCHO,F11,28,1027,4025128,30,500,30,-600,600,0.0,0.0,642.5333046872523,0.0,2.1779245999932755,PASS
SCHO,F11,29,1028,4025129,30,500,30,-600,600,0.0,0.0,595.7920700073693,0.0,2.1238455999991857,PASS
SCHO,F11,30,1029,4025130,30,500,30,-600,600,0.0,0.0,694.8702724214163,0.0,2.1189652000030037,PASS
SCHO,F12,1,1000,4025201,30,500,30,-50,50,0.0,0.9771383198629738,577094378.3389748,0.9771383198629738,2.334803399993689,PASS
SCHO,F12,2,1001,4025202,30,500,30,-50,50,0.0,6.799103033551841e-07,579099359.0880492,6.799103033551841e-07,2.4396947999921395,PASS
SCHO,F12,3,1002,4025203,30,500,30,-50,50,0.0,0.3577963134314382,677755348.7064486,0.3577963134314382,2.2434997000091244,PASS
SCHO,F12,4,1003,4025204,30,500,30,-50,50,0.0,6.57852281004802e-07,756082758.900649,6.57852281004802e-07,2.3564676999958465,PASS
SCHO,F12,5,1004,4025205,30,500,30,-50,50,0.0,1.099097792703884e-08,600899121.4082001,1.099097792703884e-08,2.314763700007461,PASS
SCHO,F12,6,1005,4025206,30,500,30,-50,50,0.0,3.7118586703262704e-07,613687382.5306401,3.7118586703262704e-07,2.225624400001834,PASS
SCHO,F12,9,1008,4025209,30,500,30,-50,50,0.0,4.5110129269927665e-08,673649374.2265142,4.5110129269927665e-08,2.485220999995363,PASS
SCHO,F12,7,1006,4025207,30,500,30,-50,50,0.0,1.602113482030724,669437325.0641034,1.602113482030724,2.507356800007983,PASS
SCHO,F12,10,1009,4025210,30,500,30,-50,50,0.0,8.319798285484114e-07,608345809.8432229,8.319798285484114e-07,2.517492899991339,PASS
SCHO,F12,8,1007,4025208,30,500,30,-50,50,0.0,1.2906985056190857e-07,465147296.24454856,1.2906985056190857e-07,2.5829744999937247,PASS
SCHO,F12,12,1011,4025212,30,500,30,-50,50,0.0,0.6280168253573238,354312759.8973637,0.6280168253573238,2.693316999997478,PASS
SCHO,F12,11,1010,4025211,30,500,30,-50,50,0.0,0.2419446626829097,673700231.5011019,0.2419446626829097,2.7694436000019778,PASS
SCHO,F12,13,1012,4025213,30,500,30,-50,50,0.0,1.664791221539994e-07,409264261.74945426,1.664791221539994e-07,2.7626080000045476,PASS
SCHO,F12,14,1013,4025214,30,500,30,-50,50,0.0,4.121896566803629e-07,375026164.7994268,4.121896566803629e-07,2.7496021000115434,PASS
SCHO,F12,15,1014,4025215,30,500,30,-50,50,0.0,0.3884077372590731,377991105.0550389,0.3884077372590731,2.637758400000166,PASS
SCHO,F12,16,1015,4025216,30,500,30,-50,50,0.0,1.7249658554023327e-06,518663474.82455194,1.7249658554023327e-06,2.6558786000096006,PASS
SCHO,F12,18,1017,4025218,30,500,30,-50,50,0.0,0.49024863865770846,678910232.0700809,0.49024863865770846,2.6479193999985,PASS
SCHO,F12,17,1016,4025217,30,500,30,-50,50,0.0,2.4508597262262492e-09,602516388.8524432,2.4508597262262492e-09,2.6732966999989003,PASS
SCHO,F12,19,1018,4025219,30,500,30,-50,50,0.0,1.485717242777568e-06,493317185.6586725,1.485717242777568e-06,2.4083534000092186,PASS
SCHO,F12,20,1019,4025220,30,500,30,-50,50,0.0,5.574349176236166e-07,746482921.424925,5.574349176236166e-07,2.3836979000043357,PASS
SCHO,F12,22,1021,4025222,30,500,30,-50,50,0.0,1.1730331775248527e-06,566705999.5069873,1.1730331775248527e-06,2.373866800000542,PASS
SCHO,F12,21,1020,4025221,30,500,30,-50,50,0.0,1.6398681756583835e-08,779891967.4951634,1.6398681756583835e-08,2.4058225999906426,PASS
SCHO,F12,24,1023,4025224,30,500,30,-50,50,0.0,1.4679549257424194,557034073.9341952,1.4679549257424194,2.303288100010832,PASS
SCHO,F12,25,1024,4025225,30,500,30,-50,50,0.0,0.16084187286338059,459268027.30294675,0.16084187286338059,2.294545199998538,PASS
SCHO,F12,23,1022,4025223,30,500,30,-50,50,0.0,1.1147370210949457,527674663.0350982,1.1147370210949457,2.336540699994657,PASS
SCHO,F12,26,1025,4025226,30,500,30,-50,50,0.0,0.28630822008342205,655610836.8316754,0.28630822008342205,2.3287684000097215,PASS
SCHO,F12,30,1029,4025230,30,500,30,-50,50,0.0,1.6326186534502125e-08,638200031.739138,1.6326186534502125e-08,2.207113800002844,PASS
SCHO,F12,28,1027,4025228,30,500,30,-50,50,0.0,1.927674063100537e-06,735612073.6667887,1.927674063100537e-06,2.242450900012045,PASS
SCHO,F12,27,1026,4025227,30,500,30,-50,50,0.0,0.623703644823954,688380987.7444726,0.623703644823954,2.306366100005107,PASS
SCHO,F12,29,1028,4025229,30,500,30,-50,50,0.0,3.545720779068501e-07,694579575.2440028,3.545720779068501e-07,2.3383061999920756,PASS
SCHO,F13,1,1000,4025301,30,500,30,-50,50,0.0,1.34175066917003,1121540604.907016,1.34175066917003,2.200233300012769,PASS
SCHO,F13,4,1003,4025304,30,500,30,-50,50,0.0,1.9297900706728752,1409943019.8603163,1.9297900706728752,2.285534099995857,PASS
SCHO,F13,2,1001,4025302,30,500,30,-50,50,0.0,4.371570325257722e-07,1134393402.9122756,4.371570325257722e-07,2.290990100009367,PASS
SCHO,F13,3,1002,4025303,30,500,30,-50,50,0.0,1.807149159373985,1279263460.7598147,1.807149159373985,2.3304473999887705,PASS
SCHO,F13,5,1004,4025305,30,500,30,-50,50,0.0,2.039577933391475,1170689608.5516968,2.039577933391475,2.4033582999982173,PASS
SCHO,F13,6,1005,4025306,30,500,30,-50,50,0.0,1.6120592261742028e-05,1181621324.1665757,1.6120592261742028e-05,2.3817664999951376,PASS
SCHO,F13,7,1006,4025307,30,500,30,-50,50,0.0,9.362740038197197e-06,1268983075.2778127,9.362740038197197e-06,2.3963851000007708,PASS
SCHO,F13,8,1007,4025308,30,500,30,-50,50,0.0,1.9595874285291601,878154019.7635087,1.9595874285291601,2.416941199990106,PASS
SCHO,F13,10,1009,4025310,30,500,30,-50,50,0.0,2.021472618815769,1170491781.6147819,2.021472618815769,2.280029099987587,PASS
SCHO,F13,11,1010,4025311,30,500,30,-50,50,0.0,2.047692633712449,1334005063.226532,2.047692633712449,2.2973125999997137,PASS
SCHO,F13,12,1011,4025312,30,500,30,-50,50,0.0,1.8266818659946982,746217004.1348709,1.8266818659946982,2.300667599993176,PASS
SCHO,F13,9,1008,4025309,30,500,30,-50,50,0.0,1.4590016124201266,1296042042.9580178,1.4590016124201266,2.3763155000051484,PASS
SCHO,F13,16,1015,4025316,30,500,30,-50,50,0.0,1.7053044544059865,992639751.8319389,1.7053044544059865,2.169237299996894,PASS
SCHO,F13,13,1012,4025313,30,500,30,-50,50,0.0,1.5908675725022805,902489281.0803057,1.5908675725022805,2.2837564000074053,PASS
SCHO,F13,15,1014,4025315,30,500,30,-50,50,0.0,2.224446254455955,781768070.7565104,2.224446254455955,2.260392600001069,PASS
SCHO,F13,14,1013,4025314,30,500,30,-50,50,0.0,1.262517796233036e-05,813623365.5838884,1.262517796233036e-05,2.273668900001212,PASS
SCHO,F13,18,1017,4025318,30,500,30,-50,50,0.0,1.427470895374975e-07,1270309810.4932654,1.427470895374975e-07,2.151297999997041,PASS
SCHO,F13,20,1019,4025320,30,500,30,-50,50,0.0,1.8036089506423167,1427951455.304063,1.8036089506423167,2.2987490000086837,PASS
SCHO,F13,19,1018,4025319,30,500,30,-50,50,0.0,5.505090673711545e-06,985279769.8708252,5.505090673711545e-06,2.34095850000449,PASS
SCHO,F13,17,1016,4025317,30,500,30,-50,50,0.0,2.122001616553716,1200343935.016167,2.122001616553716,2.3954165000031935,PASS
SCHO,F13,21,1020,4025321,30,500,30,-50,50,0.0,3.445888525876034e-06,1481567387.8877292,3.445888525876034e-06,2.2488198000064585,PASS
SCHO,F13,22,1021,4025322,30,500,30,-50,50,0.0,2.4498410927443603,1071852585.7528108,2.4498410927443603,2.2698946000018623,PASS
SCHO,F13,23,1022,4025323,30,500,30,-50,50,0.0,2.7099369146096586,1057814591.9376878,2.7099369146096586,2.259044199992786,PASS
SCHO,F13,24,1023,4025324,30,500,30,-50,50,0.0,1.4975507495198487e-06,1128834171.694078,1.4975507495198487e-06,2.2825007000064943,PASS
SCHO,F13,28,1027,4025328,30,500,30,-50,50,0.0,2.3707474990833037,1357932319.8784873,2.3707474990833037,2.2872932000027504,PASS
SCHO,F13,27,1026,4025327,30,500,30,-50,50,0.0,0.11244240431058634,1309554648.9066305,0.11244240431058634,2.309011699995608,PASS
SCHO,F13,26,1025,4025326,30,500,30,-50,50,0.0,0.32001957518387547,1213450885.258651,0.32001957518387547,2.383431499998551,PASS
SCHO,F13,25,1024,4025325,30,500,30,-50,50,0.0,1.3807891549551436,881544869.6646192,1.3807891549551436,2.4427107999945292,PASS
SCHO,F14,1,1000,4025401,30,500,2,-65.536000000000001,65.536000000000001,1.0,2.982105156817547,473.71847520737606,2.982105156817547,0.5673615999985486,PASS
SCHO,F14,2,1001,4025402,30,500,2,-65.536000000000001,65.536000000000001,1.0,0.9980038378331403,20.799965995968776,0.9980038378331403,0.5929860999895027,PASS
SCHO,F13,29,1028,4025329,30,500,30,-50,50,0.0,2.914760975937687,1284594344.47724,2.914760975937687,2.2296638999978313,PASS
SCHO,F13,30,1029,4025330,30,500,30,-50,50,0.0,2.3575857864726415,1261783528.6462915,2.3575857864726415,2.213090599994757,PASS
SCHO,F14,3,1002,4025403,30,500,2,-65.536000000000001,65.536000000000001,1.0,2.9821051568169095,7.856359089361977,2.9821051568169095,0.5212735999957658,PASS
SCHO,F14,6,1005,4025406,30,500,2,-65.536000000000001,65.536000000000001,1.0,2.982105156827029,90.7409532963287,2.982105156827029,0.5381210999912582,PASS
SCHO,F14,4,1003,4025404,30,500,2,-65.536000000000001,65.536000000000001,1.0,0.998003837821114,7.991839953168932,0.998003837821114,0.5696889999962877,PASS
SCHO,F14,5,1004,4025405,30,500,2,-65.536000000000001,65.536000000000001,1.0,0.9980038387736196,24.322820508421295,0.9980038387736196,0.5939431000006152,PASS
SCHO,F14,7,1006,4025407,30,500,2,-65.536000000000001,65.536000000000001,1.0,0.9980038379975842,16.2842641081014,0.9980038379975842,0.5327573999966262,PASS
SCHO,F14,8,1007,4025408,30,500,2,-65.536000000000001,65.536000000000001,1.0,12.670505811135556,21.481362099196957,12.670505811135556,0.5633626999915577,PASS
SCHO,F14,9,1008,4025409,30,500,2,-65.536000000000001,65.536000000000001,1.0,0.998003837844664,480.050865101365,0.998003837844664,0.5645856000046479,PASS
SCHO,F14,10,1009,4025410,30,500,2,-65.536000000000001,65.536000000000001,1.0,2.9821051568172185,15.108117071694181,2.9821051568172185,0.5401813999924343,PASS
SCHO,F14,11,1010,4025411,30,500,2,-65.536000000000001,65.536000000000001,1.0,2.982105156816826,115.8570972449099,2.982105156816826,0.5613661000097636,PASS
SCHO,F14,13,1012,4025413,30,500,2,-65.536000000000001,65.536000000000001,1.0,2.9821051568191552,16.402755922508554,2.9821051568191552,0.559294199993019,PASS
SCHO,F14,12,1011,4025412,30,500,2,-65.536000000000001,65.536000000000001,1.0,0.9980038378495686,16.441007314171465,0.9980038378495686,0.584084799993434,PASS
SCHO,F14,14,1013,4025414,30,500,2,-65.536000000000001,65.536000000000001,1.0,12.670505811135616,73.97889205821518,12.670505811135616,0.5933744999929331,PASS
SCHO,F14,15,1014,4025415,30,500,2,-65.536000000000001,65.536000000000001,1.0,0.9980038377956877,65.35361146386387,0.9980038377956877,0.5241554000094766,PASS
SCHO,F14,17,1016,4025417,30,500,2,-65.536000000000001,65.536000000000001,1.0,0.9980038378654076,438.10288921782666,0.9980038378654076,0.4923506000050111,PASS
SCHO,F14,16,1015,4025416,30,500,2,-65.536000000000001,65.536000000000001,1.0,0.9980038380974642,17.659718800789545,0.9980038380974642,0.5409802999929525,PASS
SCHO,F14,18,1017,4025418,30,500,2,-65.536000000000001,65.536000000000001,1.0,0.998003838110943,237.59430741100795,0.998003838110943,0.5365126999968197,PASS
SCHO,F14,20,1019,4025420,30,500,2,-65.536000000000001,65.536000000000001,1.0,2.982105156824213,179.17713904158902,2.982105156824213,0.5141834999958519,PASS
SCHO,F14,19,1018,4025419,30,500,2,-65.536000000000001,65.536000000000001,1.0,0.9980038378451731,2.286243956447089,0.9980038378451731,0.5292977999924915,PASS
SCHO,F14,22,1021,4025422,30,500,2,-65.536000000000001,65.536000000000001,1.0,2.9821051568240033,29.199725330593285,2.9821051568240033,0.5453543000039645,PASS
SCHO,F14,21,1020,4025421,30,500,2,-65.536000000000001,65.536000000000001,1.0,12.670505811135556,87.51907188492201,12.670505811135556,0.5853369999967981,PASS
SCHO,F14,23,1022,4025423,30,500,2,-65.536000000000001,65.536000000000001,1.0,2.9821051568195713,9.804625661988586,2.9821051568195713,0.4942088999960106,PASS
SCHO,F14,24,1023,4025424,30,500,2,-65.536000000000001,65.536000000000001,1.0,0.998003838006089,294.0509123316119,0.998003838006089,0.5277962999971351,PASS
SCHO,F14,25,1024,4025425,30,500,2,-65.536000000000001,65.536000000000001,1.0,12.670505811135914,320.00268640700443,12.670505811135914,0.4949410999979591,PASS
SCHO,F14,26,1025,4025426,30,500,2,-65.536000000000001,65.536000000000001,1.0,0.9980038378227115,421.40232505995556,0.9980038378227115,0.5137611999962246,PASS
SCHO,F14,27,1026,4025427,30,500,2,-65.536000000000001,65.536000000000001,1.0,12.670505811135556,337.8200873186404,12.670505811135556,0.539202199986903,PASS
SCHO,F14,30,1029,4025430,30,500,2,-65.536000000000001,65.536000000000001,1.0,0.9980038378245987,15.999537865751927,0.9980038378245987,0.5415966000000481,PASS
SCHO,F14,29,1028,4025429,30,500,2,-65.536000000000001,65.536000000000001,1.0,0.9980038379139219,2.3576554955050417,0.9980038379139219,0.5539269000000786,PASS
SCHO,F14,28,1027,4025428,30,500,2,-65.536000000000001,65.536000000000001,1.0,0.9980038382938468,160.2537413920019,0.9980038382938468,0.5654968000017107,PASS
SCHO,F15,1,1000,4025501,30,500,4,-5,5,0.0003,0.00031109030961344315,0.30191456608898665,0.00031109030961344315,0.5311718000011751,PASS
SCHO,F15,2,1001,4025502,30,500,4,-5,5,0.0003,0.0003771212160948164,1.2717309895536486,0.0003771212160948164,0.5089783000003081,PASS
SCHO,F15,3,1002,4025503,30,500,4,-5,5,0.0003,0.00032716696100604524,0.3644888722730511,0.00032716696100604524,0.5069595000095433,PASS
SCHO,F15,4,1003,4025504,30,500,4,-5,5,0.0003,0.0003077648582130732,0.1609090192272938,0.0003077648582130732,0.5257473999954527,PASS
SCHO,F15,5,1004,4025505,30,500,4,-5,5,0.0003,0.00034501573499012784,0.12948702495992004,0.00034501573499012784,0.5259181000001263,PASS
SCHO,F15,8,1007,4025508,30,500,4,-5,5,0.0003,0.0003200962070349822,0.09018764359449179,0.0003200962070349822,0.5300476999982493,PASS
SCHO,F15,7,1006,4025507,30,500,4,-5,5,0.0003,0.0003090816593850879,0.12363760498402297,0.0003090816593850879,0.5339340000064112,PASS
SCHO,F15,6,1005,4025506,30,500,4,-5,5,0.0003,0.0003156600932456953,0.12186464086944875,0.0003156600932456953,0.5577537000062875,PASS
SCHO,F15,9,1008,4025509,30,500,4,-5,5,0.0003,0.0003507883853272028,2.2394826617102606,0.0003507883853272028,0.4710572000039974,PASS
SCHO,F15,10,1009,4025510,30,500,4,-5,5,0.0003,0.0003714194062979634,0.13877679138861554,0.0003714194062979634,0.4949870000127703,PASS
SCHO,F15,11,1010,4025511,30,500,4,-5,5,0.0003,0.0003110745384443597,0.03239128528085753,0.0003110745384443597,0.513091999993776,PASS
SCHO,F15,12,1011,4025512,30,500,4,-5,5,0.0003,0.0003201108793848534,0.23498015533649527,0.0003201108793848534,0.49655719999282155,PASS
SCHO,F15,13,1012,4025513,30,500,4,-5,5,0.0003,0.00032898852095971764,0.1306304824855118,0.00032898852095971764,0.517352299997583,PASS
SCHO,F15,16,1015,4025516,30,500,4,-5,5,0.0003,0.00032283014938513227,2.092356457574675,0.00032283014938513227,0.5286110000015469,PASS
SCHO,F15,15,1014,4025515,30,500,4,-5,5,0.0003,0.0003092821591257364,0.10205617825736528,0.0003092821591257364,0.545104300006642,PASS
SCHO,F15,14,1013,4025514,30,500,4,-5,5,0.0003,0.0003199770115845414,0.1598298890496266,0.0003199770115845414,0.5677353000064613,PASS
SCHO,F15,17,1016,4025517,30,500,4,-5,5,0.0003,0.0003207559695708396,0.2605680364275185,0.0003207559695708396,0.5332121000101324,PASS
SCHO,F15,19,1018,4025519,30,500,4,-5,5,0.0003,0.00031627502984715,0.1985628632680977,0.00031627502984715,0.4580567999946652,PASS
SCHO,F15,18,1017,4025518,30,500,4,-5,5,0.0003,0.00034547670066366104,0.14977648977909336,0.00034547670066366104,0.49172099999850616,PASS
SCHO,F15,20,1019,4025520,30,500,4,-5,5,0.0003,0.0003090590555138007,0.1359115073620081,0.0003090590555138007,0.544671899988316,PASS
SCHO,F15,21,1020,4025521,30,500,4,-5,5,0.0003,0.0003351055250981562,0.4954470688391197,0.0003351055250981562,0.5440137999976287,PASS
SCHO,F15,23,1022,4025523,30,500,4,-5,5,0.0003,0.00032150996393089803,0.29407409982959576,0.00032150996393089803,0.55951809999533,PASS
SCHO,F15,24,1023,4025524,30,500,4,-5,5,0.0003,0.00034722720280442183,0.298411205199563,0.00034722720280442183,0.5590781999926548,PASS
SCHO,F15,22,1021,4025522,30,500,4,-5,5,0.0003,0.0003095693142993942,0.5524050984541609,0.0003095693142993942,0.5819795999996131,PASS
SCHO,F15,25,1024,4025525,30,500,4,-5,5,0.0003,0.00031209974122651076,0.054825133501047195,0.00031209974122651076,0.5202411999925971,PASS
SCHO,F15,28,1027,4025528,30,500,4,-5,5,0.0003,0.0003161531964757354,0.03968409975464774,0.0003161531964757354,0.49562990000413265,PASS
SCHO,F15,26,1025,4025526,30,500,4,-5,5,0.0003,0.0003418769104068499,0.2996859951874783,0.0003418769104068499,0.5326395000010962,PASS
SCHO,F15,27,1026,4025527,30,500,4,-5,5,0.0003,0.000331924287031793,0.08376195205332174,0.000331924287031793,0.5402985999971861,PASS
SCHO,F16,1,1000,4025601,30,500,2,-5,5,-1.0316,-1.0316284272897738,2.181179457071373,-1.0316284272897738,0.27768210000067484,PASS
SCHO,F16,2,1001,4025602,30,500,2,-5,5,-1.0316,-1.0316284487690994,-0.027012733357646004,-1.0316284487690994,0.2871813999954611,PASS
SCHO,F15,29,1028,4025529,30,500,4,-5,5,0.0003,0.0003239854218433025,0.08098779060507648,0.0003239854218433025,0.5411308000038844,PASS
SCHO,F16,3,1002,4025603,30,500,2,-5,5,-1.0316,-1.0316284482177687,0.7607607404739891,-1.0316284482177687,0.2544603999995161,PASS
SCHO,F15,30,1029,4025530,30,500,4,-5,5,0.0003,0.000334121436335362,0.14413165160408462,0.000334121436335362,0.5417505999939749,PASS
SCHO,F16,4,1003,4025604,30,500,2,-5,5,-1.0316,-1.0316284451046218,-0.39997849461446167,-1.0316284451046218,0.26474089999101125,PASS
SCHO,F16,5,1004,4025605,30,500,2,-5,5,-1.0316,-1.0316284063162042,-0.170143036311162,-1.0316284063162042,0.2060637999966275,PASS
SCHO,F16,6,1005,4025606,30,500,2,-5,5,-1.0316,-1.0316284140677152,-0.9735315253417971,-1.0316284140677152,0.20905320000019856,PASS
SCHO,F16,7,1006,4025607,30,500,2,-5,5,-1.0316,-1.0316284528078135,-0.20638118856745086,-1.0316284528078135,0.2660977999912575,PASS
SCHO,F16,8,1007,4025608,30,500,2,-5,5,-1.0316,-1.0316284121481158,-0.24021923047679472,-1.0316284121481158,0.2809778999944683,PASS
SCHO,F16,9,1008,4025609,30,500,2,-5,5,-1.0316,-1.0316284477123032,2.3278539991551703,-1.0316284477123032,0.27551460001268424,PASS
SCHO,F16,10,1009,4025610,30,500,2,-5,5,-1.0316,-1.0316284525647084,1.0848751489960493,-1.0316284525647084,0.2775963000021875,PASS
SCHO,F16,11,1010,4025611,30,500,2,-5,5,-1.0316,-1.0316284483250429,2.3611245635192675,-1.0316284483250429,0.2462142999866046,PASS
SCHO,F16,12,1011,4025612,30,500,2,-5,5,-1.0316,-1.031628434608291,-1.0303686554309606,-1.031628434608291,0.23410380000132136,PASS
SCHO,F16,13,1012,4025613,30,500,2,-5,5,-1.0316,-1.031628434657109,1.5398855373431712,-1.031628434657109,0.25528290000511333,PASS
SCHO,F16,14,1013,4025614,30,500,2,-5,5,-1.0316,-1.0316284384462922,-0.8050538505238225,-1.0316284384462922,0.25367710000136867,PASS
SCHO,F16,16,1015,4025616,30,500,2,-5,5,-1.0316,-1.031628362842282,0.7787012712336405,-1.031628362842282,0.2665001999994274,PASS
SCHO,F16,15,1014,4025615,30,500,2,-5,5,-1.0316,-1.0316284288414346,0.23957312171001172,-1.0316284288414346,0.27931969999917783,PASS
SCHO,F16,18,1017,4025618,30,500,2,-5,5,-1.0316,-1.0316284223912828,1.6470124840433833,-1.0316284223912828,0.2693384000012884,PASS
SCHO,F16,17,1016,4025617,30,500,2,-5,5,-1.0316,-1.0316284491950556,0.9570585820096484,-1.0316284491950556,0.2829048999992665,PASS
SCHO,F16,20,1019,4025620,30,500,2,-5,5,-1.0316,-1.0316284095113644,-0.9362291745164019,-1.0316284095113644,0.23165800000424497,PASS
SCHO,F16,19,1018,4025619,30,500,2,-5,5,-1.0316,-1.031628450496936,0.7878546115016152,-1.031628450496936,0.25192719999176916,PASS
SCHO,F16,22,1021,4025622,30,500,2,-5,5,-1.0316,-1.0316284466677093,1.5766615624712603,-1.0316284466677093,0.23901409999234602,PASS
SCHO,F16,21,1020,4025621,30,500,2,-5,5,-1.0316,-1.0316283570820304,0.6778025610508492,-1.0316283570820304,0.2702036999980919,PASS
SCHO,F16,25,1024,4025625,30,500,2,-5,5,-1.0316,-1.031628417116272,2.429026067201413,-1.031628417116272,0.25175599999784026,PASS
SCHO,F16,26,1025,4025626,30,500,2,-5,5,-1.0316,-1.0316284384408105,21.49073996804959,-1.0316284384408105,0.26017460000002757,PASS
SCHO,F16,23,1022,4025623,30,500,2,-5,5,-1.0316,-1.0316284418603903,1.3326463850849646,-1.0316284418603903,0.26796480000484735,PASS
SCHO,F16,24,1023,4025624,30,500,2,-5,5,-1.0316,-1.031628452350645,2.6557067430875065,-1.031628452350645,0.26724519999697804,PASS
SCHO,F16,29,1028,4025629,30,500,2,-5,5,-1.0316,-1.0316284405149527,-0.12993145689296656,-1.0316284405149527,0.23584520000440534,PASS
SCHO,F16,27,1026,4025627,30,500,2,-5,5,-1.0316,-1.031628420602362,-0.1512971369952485,-1.031628420602362,0.2463969999953406,PASS
SCHO,F16,28,1027,4025628,30,500,2,-5,5,-1.0316,-1.0316284427374032,0.6076326090253817,-1.0316284427374032,0.2533448000031058,PASS
SCHO,F16,30,1029,4025630,30,500,2,-5,5,-1.0316,-1.0316284102071556,2.6013826494536425,-1.0316284102071556,0.2540210000006482,PASS
SCHO,F17,1,1000,4025701,30,500,2,-5;0,10;15,0.397887,0.3978919219023709,1.0638829597342436,0.3978919219023709,0.2816214000049513,PASS
SCHO,F17,3,1002,4025703,30,500,2,-5;0,10;15,0.397887,0.39788752478497535,0.5710175662180976,0.39788752478497535,0.2726526000042213,PASS
SCHO,F17,2,1001,4025702,30,500,2,-5;0,10;15,0.397887,0.39789845819345615,1.2443773973881989,0.39789845819345615,0.29475089999323245,PASS
SCHO,F17,4,1003,4025704,30,500,2,-5;0,10;15,0.397887,0.3978894125287109,2.6652672686497105,0.3978894125287109,0.3018651000020327,PASS
SCHO,F17,7,1006,4025707,30,500,2,-5;0,10;15,0.397887,0.3978904827747094,1.0302901000661695,0.3978904827747094,0.24413690000073984,PASS
SCHO,F17,6,1005,4025706,30,500,2,-5;0,10;15,0.397887,0.39788885590573564,0.7328401017256851,0.39788885590573564,0.2623892999981763,PASS
SCHO,F17,8,1007,4025708,30,500,2,-5;0,10;15,0.397887,0.3978936892686029,0.8184767311208248,0.3978936892686029,0.24248110000917222,PASS
SCHO,F17,5,1004,4025705,30,500,2,-5;0,10;15,0.397887,0.3978894782609572,0.7300291394205143,0.3978894782609572,0.2800565999932587,PASS
SCHO,F17,9,1008,4025709,30,500,2,-5;0,10;15,0.397887,0.3978890527876242,1.6574038437894387,0.3978890527876242,0.2544676999968942,PASS
SCHO,F17,10,1009,4025710,30,500,2,-5;0,10;15,0.397887,0.3978895431317575,3.966514797561688,0.3978895431317575,0.27770269999746233,PASS
SCHO,F17,12,1011,4025712,30,500,2,-5;0,10;15,0.397887,0.39788801706879795,4.005505020167275,0.39788801706879795,0.27037480000581127,PASS
SCHO,F17,11,1010,4025711,30,500,2,-5;0,10;15,0.397887,0.39788842473253716,0.9236150306333499,0.39788842473253716,0.28595420000783633,PASS
SCHO,F17,13,1012,4025713,30,500,2,-5;0,10;15,0.397887,0.3978956232276971,0.653014811080423,0.3978956232276971,0.2677208000095561,PASS
SCHO,F17,14,1013,4025714,30,500,2,-5;0,10;15,0.397887,0.39788792517462745,1.2794390638585824,0.39788792517462745,0.25244860000384506,PASS
SCHO,F17,15,1014,4025715,30,500,2,-5;0,10;15,0.397887,0.39788743113709835,0.5699043454949582,0.39788743113709835,0.2653833999938797,PASS
SCHO,F17,16,1015,4025716,30,500,2,-5;0,10;15,0.397887,0.3978925805633988,0.5472008050952475,0.3978925805633988,0.25160020000475924,PASS
SCHO,F17,18,1017,4025718,30,500,2,-5;0,10;15,0.397887,0.3978923143602202,1.6377791627432448,0.3978923143602202,0.2588862999982666,PASS
SCHO,F17,17,1016,4025717,30,500,2,-5;0,10;15,0.397887,0.39788764344126015,1.9307324415435367,0.39788764344126015,0.32214160000148695,PASS
SCHO,F17,19,1018,4025719,30,500,2,-5;0,10;15,0.397887,0.39788761235926806,1.8190149992010163,0.39788761235926806,0.27442960000189487,PASS
SCHO,F17,20,1019,4025720,30,500,2,-5;0,10;15,0.397887,0.3978908012657083,0.4636423262601532,0.3978908012657083,0.3167408000008436,PASS
SCHO,F17,21,1020,4025721,30,500,2,-5;0,10;15,0.397887,0.39788785410452476,2.247938566819121,0.39788785410452476,0.2638689000013983,PASS
SCHO,F17,23,1022,4025723,30,500,2,-5;0,10;15,0.397887,0.39788859080958794,0.615174882056257,0.39788859080958794,0.2535516999923857,PASS
SCHO,F17,22,1021,4025722,30,500,2,-5;0,10;15,0.397887,0.3978976479987466,1.8216716190815827,0.3978976479987466,0.26371410000137985,PASS
SCHO,F17,24,1023,4025724,30,500,2,-5;0,10;15,0.397887,0.39788846714807136,14.151514125962425,0.39788846714807136,0.24206550000235438,PASS
SCHO,F17,25,1024,4025725,30,500,2,-5;0,10;15,0.397887,0.39789107067902485,1.6869208412063283,0.39789107067902485,0.27532960000098683,PASS
SCHO,F17,26,1025,4025726,30,500,2,-5;0,10;15,0.397887,0.3978874719719592,3.889306158017198,0.3978874719719592,0.25410310000006575,PASS
SCHO,F17,27,1026,4025727,30,500,2,-5;0,10;15,0.397887,0.3978874713519289,1.0566819945015116,0.3978874713519289,0.266797599993879,PASS
SCHO,F17,28,1027,4025728,30,500,2,-5;0,10;15,0.397887,0.39789243470912083,2.9510390763983754,0.39789243470912083,0.2882076999958372,PASS
SCHO,F17,29,1028,4025729,30,500,2,-5;0,10;15,0.397887,0.39789117142547425,2.4485590920128137,0.39789117142547425,0.23457960000087041,PASS
SCHO,F17,30,1029,4025730,30,500,2,-5;0,10;15,0.397887,0.39789097890801983,0.47798940625165187,0.39789097890801983,0.2302371999976458,PASS
SCHO,F18,1,1000,4025801,30,500,2,-2,2,3.0,3.0000012832542775,81.38562380070489,3.0000012832542775,0.25429570001142565,PASS
SCHO,F18,2,1001,4025802,30,500,2,-2,2,3.0,26.117364264666744,30.688673464406033,26.117364264666744,0.23993239999981597,PASS
SCHO,F18,3,1002,4025803,30,500,2,-2,2,3.0,3.0000038639196873,34.965342142586636,3.0000038639196873,0.2727130999992369,PASS
SCHO,F18,5,1004,4025805,30,500,2,-2,2,3.0,3.0000056855826154,50.082085355619114,3.0000056855826154,0.2597260000038659,PASS
SCHO,F18,4,1003,4025804,30,500,2,-2,2,3.0,3.0000006716492176,93.48619771902435,3.0000006716492176,0.291913699998986,PASS
SCHO,F18,6,1005,4025806,30,500,2,-2,2,3.0,3.0000013169552573,60.063618491605254,3.0000013169552573,0.3058141999936197,PASS
SCHO,F18,8,1007,4025808,30,500,2,-2,2,3.0,3.0000014190173667,64.59830186416433,3.0000014190173667,0.24858790000143927,PASS
SCHO,F18,7,1006,4025807,30,500,2,-2,2,3.0,3.0000010138812856,5.7914370508281126,3.0000010138812856,0.2556291999935638,PASS
SCHO,F18,9,1008,4025809,30,500,2,-2,2,3.0,3.0000025113901727,25.521419373542102,3.0000025113901727,0.25636270000541117,PASS
SCHO,F18,10,1009,4025810,30,500,2,-2,2,3.0,3.0000028460265447,3.5313798537296646,3.0000028460265447,0.2480247000057716,PASS
SCHO,F18,11,1010,4025811,30,500,2,-2,2,3.0,3.0000000248123007,88.7536597773862,3.0000000248123007,0.2703987999993842,PASS
SCHO,F18,12,1011,4025812,30,500,2,-2,2,3.0,3.0000060734678824,39.964935115530984,3.0000060734678824,0.2758394000120461,PASS
SCHO,F18,13,1012,4025813,30,500,2,-2,2,3.0,3.000003608925867,9.426190913628409,3.000003608925867,0.27455319999717176,PASS
SCHO,F18,14,1013,4025814,30,500,2,-2,2,3.0,3.000000183795193,13.07568843364808,3.000000183795193,0.2745702000102028,PASS
SCHO,F18,15,1014,4025815,30,500,2,-2,2,3.0,3.0000002877418437,21.8168014034403,3.0000002877418437,0.2616130999958841,PASS
SCHO,F18,16,1015,4025816,30,500,2,-2,2,3.0,3.146796482872686,329.91156437221537,3.146796482872686,0.2602316999982577,PASS
SCHO,F18,17,1016,4025817,30,500,2,-2,2,3.0,3.0000023743317272,91.84738429723461,3.0000023743317272,0.25089830000069924,PASS
SCHO,F18,18,1017,4025818,30,500,2,-2,2,3.0,3.000001436885652,195.47673454838912,3.000001436885652,0.2819675999926403,PASS
SCHO,F18,22,1021,4025822,30,500,2,-2,2,3.0,3.000000059526437,66.7727554338801,3.000000059526437,0.259323400008725,PASS
SCHO,F18,21,1020,4025821,30,500,2,-2,2,3.0,84.00012105996721,317.38163063086415,84.00012105996721,0.2744444999989355,PASS
SCHO,F18,19,1018,4025819,30,500,2,-2,2,3.0,3.0000005782451393,10.909611757157371,3.0000005782451393,0.29705429999739863,PASS
SCHO,F18,20,1019,4025820,30,500,2,-2,2,3.0,3.000007557405683,273.7028443942355,3.000007557405683,0.301086799998302,PASS
SCHO,F18,23,1022,4025823,30,500,2,-2,2,3.0,23.294935594494458,77.76899365473201,23.294935594494458,0.2466409000044223,PASS
SCHO,F18,26,1025,4025826,30,500,2,-2,2,3.0,3.0000023448934945,52.45697833328407,3.0000023448934945,0.25061180000193417,PASS
SCHO,F18,24,1023,4025824,30,500,2,-2,2,3.0,3.000009163157706,35.89485466192964,3.000009163157706,0.27552519999153446,PASS
SCHO,F18,25,1024,4025825,30,500,2,-2,2,3.0,3.0000001868331845,77.76507019353373,3.0000001868331845,0.2866669999930309,PASS
SCHO,F18,27,1026,4025827,30,500,2,-2,2,3.0,3.000002595706859,64.85636849106568,3.000002595706859,0.2951186999998754,PASS
SCHO,F18,29,1028,4025829,30,500,2,-2,2,3.0,15.899742196766251,45.603141869610994,15.899742196766251,0.27488549999543466,PASS
SCHO,F18,30,1029,4025830,30,500,2,-2,2,3.0,3.0000000138307645,9.657899738468323,3.0000000138307645,0.2820565000001807,PASS
SCHO,F18,28,1027,4025828,30,500,2,-2,2,3.0,3.0000001982914593,18.92539432381692,3.0000001982914593,0.2852012000075774,PASS
SCHO,F19,1,1000,4025901,30,500,3,0,1,-3.8628,-3.862756729066003,-2.8152364689429965,-3.862756729066003,0.6197998999996344,PASS
SCHO,F19,4,1003,4025904,30,500,3,0,1,-3.8628,-3.862776291681777,-3.1461542137665415,-3.862776291681777,0.6562298999924678,PASS
SCHO,F19,3,1002,4025903,30,500,3,0,1,-3.8628,-3.8627722618011524,-3.725083575446613,-3.8627722618011524,0.6624394999962533,PASS
SCHO,F19,2,1001,4025902,30,500,3,0,1,-3.8628,-3.862774006652789,-3.0010573399050178,-3.862774006652789,0.6895262000034563,PASS
SCHO,F19,6,1005,4025906,30,500,3,0,1,-3.8628,-3.862778690862135,-3.5964528439046646,-3.862778690862135,0.6655791000084719,PASS
SCHO,F19,7,1006,4025907,30,500,3,0,1,-3.8628,-3.862772384561466,-3.5365431240230087,-3.862772384561466,0.6997139000013703,PASS
SCHO,F19,5,1004,4025905,30,500,3,0,1,-3.8628,-3.8557704591791175,-3.639512885449389,-3.8557704591791175,0.7066188000026159,PASS
SCHO,F19,8,1007,4025908,30,500,3,0,1,-3.8628,-3.8627760090145493,-3.371709865860915,-3.8627760090145493,0.7122696000005817,PASS
SCHO,F19,10,1009,4025910,30,500,3,0,1,-3.8628,-3.862774107454193,-3.6842803474191888,-3.862774107454193,0.6288777000008849,PASS
SCHO,F19,9,1008,4025909,30,500,3,0,1,-3.8628,-3.862773397821849,-2.3770187007264147,-3.862773397821849,0.6762988999980735,PASS
SCHO,F19,11,1010,4025911,30,500,3,0,1,-3.8628,-3.858931993160069,-3.3317115223347478,-3.858931993160069,0.6761284999956843,PASS
SCHO,F19,12,1011,4025912,30,500,3,0,1,-3.8628,-3.8627702581322936,-3.4451524449101667,-3.8627702581322936,0.6918699999951059,PASS
SCHO,F19,14,1013,4025914,30,500,3,0,1,-3.8628,-3.8627775836575204,-2.7738840559770095,-3.8627775836575204,0.6970901000022423,PASS
SCHO,F19,16,1015,4025916,30,500,3,0,1,-3.8628,-3.862767128883806,-3.3706466472251426,-3.862767128883806,0.6989494000008563,PASS
SCHO,F19,13,1012,4025913,30,500,3,0,1,-3.8628,-3.8627633076193377,-3.635871471826206,-3.8627633076193377,0.740972999992664,PASS
SCHO,F19,15,1014,4025915,30,500,3,0,1,-3.8628,-3.862772828624433,-3.0661071327576335,-3.862772828624433,0.7386059999989811,PASS
SCHO,F19,17,1016,4025917,30,500,3,0,1,-3.8628,-3.862772928270297,-2.5942404342513865,-3.862772928270297,0.65631150000263,PASS
SCHO,F19,20,1019,4025920,30,500,3,0,1,-3.8628,-3.862767617376206,-2.937918383007861,-3.862767617376206,0.6354514999984531,PASS
SCHO,F19,18,1017,4025918,30,500,3,0,1,-3.8628,-3.855007994901402,-3.529350907698285,-3.855007994901402,0.6783367000025464,PASS
SCHO,F19,19,1018,4025919,30,500,3,0,1,-3.8628,-3.862775850850832,-3.399138298593093,-3.862775850850832,0.6526560999918729,PASS
SCHO,F19,21,1020,4025921,30,500,3,0,1,-3.8628,-3.8627797611179417,-2.5311476977977185,-3.8627797611179417,0.7823964999988675,PASS
SCHO,F19,22,1021,4025922,30,500,3,0,1,-3.8628,-3.8627663099560037,-3.757311537153646,-3.8627663099560037,0.7820491000020411,PASS
SCHO,F19,23,1022,4025923,30,500,3,0,1,-3.8628,-3.8627791298764005,-3.2132895898117337,-3.8627791298764005,0.8058976999891456,PASS
SCHO,F19,24,1023,4025924,30,500,3,0,1,-3.8628,-3.8549007510179267,-3.0648914677945323,-3.8549007510179267,0.8160557000082918,PASS
SCHO,F19,26,1025,4025926,30,500,3,0,1,-3.8628,-3.8627676502283643,-2.924795237972474,-3.8627676502283643,0.7713711999967927,PASS
SCHO,F19,25,1024,4025925,30,500,3,0,1,-3.8628,-3.862776810302285,-3.2314525429469114,-3.862776810302285,0.7855625999945914,PASS
SCHO,F19,27,1026,4025927,30,500,3,0,1,-3.8628,-3.8627775935349327,-2.8590384198361467,-3.8627775935349327,0.7373187999910442,PASS
SCHO,F19,28,1027,4025928,30,500,3,0,1,-3.8628,-3.8627758043906657,-3.0773264067719293,-3.8627758043906657,0.7581222000007983,PASS
SCHO,F19,29,1028,4025929,30,500,3,0,1,-3.8628,-3.862776870496603,-2.805569559471893,-3.862776870496603,0.8632280000019819,PASS
SCHO,F19,30,1029,4025930,30,500,3,0,1,-3.8628,-3.8627734954370285,-3.661052938270577,-3.8627734954370285,0.8441917000018293,PASS
SCHO,F20,2,1001,4026002,30,500,6,0,1,-3.322,-3.3220451621797573,-2.366607712192178,-3.3220451621797573,1.0900766999984626,PASS
SCHO,F20,1,1000,4026001,30,500,6,0,1,-3.322,-3.3221333126080093,-1.719657427599971,-3.3221333126080093,1.1100796999962768,PASS
SCHO,F20,3,1002,4026003,30,500,6,0,1,-3.322,-3.19726059634143,-2.639546222318051,-3.19726059634143,0.9566668999905232,PASS
SCHO,F20,4,1003,4026004,30,500,6,0,1,-3.322,-3.32207179831207,-1.4156844025488817,-3.32207179831207,0.9244216999941273,PASS
SCHO,F20,5,1004,4026005,30,500,6,0,1,-3.322,-3.09894955053293,-1.546975718287114,-3.09894955053293,0.8748713999957545,PASS
SCHO,F20,6,1005,4026006,30,500,6,0,1,-3.322,-3.137642264173468,-0.9891623935739681,-3.137642264173468,0.8794978000078117,PASS
SCHO,F20,8,1007,4026008,30,500,6,0,1,-3.322,-3.3219157323740816,-1.1897588416913751,-3.3219157323740816,0.8331028000102378,PASS
SCHO,F20,7,1006,4026007,30,500,6,0,1,-3.322,-3.322044679702829,-1.3524600207773423,-3.322044679702829,0.8765070999943418,PASS
SCHO,F20,9,1008,4026009,30,500,6,0,1,-3.322,-3.2028818308208926,-2.5573730477528325,-3.2028818308208926,0.8806945999967866,PASS
SCHO,F20,10,1009,4026010,30,500,6,0,1,-3.322,-3.2017096612353004,-1.5097145340696625,-3.2017096612353004,0.8960112999920966,PASS
SCHO,F20,11,1010,4026011,30,500,6,0,1,-3.322,-3.3215315965162935,-0.6291784544978798,-3.3215315965162935,0.9098839999933261,PASS
SCHO,F20,12,1011,4026012,30,500,6,0,1,-3.322,-3.2025958223585724,-1.3334487205410632,-3.2025958223585724,0.901395799999591,PASS
SCHO,F20,13,1012,4026013,30,500,6,0,1,-3.322,-3.3219847391109196,-1.0595512897021777,-3.3219847391109196,0.8878478000115138,PASS
SCHO,F20,14,1013,4026014,30,500,6,0,1,-3.322,-3.202368044937583,-1.8745849243144121,-3.202368044937583,0.884141800008365,PASS
SCHO,F20,15,1014,4026015,30,500,6,0,1,-3.322,-3.203032171199977,-2.443957038960648,-3.203032171199977,0.8454617999959737,PASS
SCHO,F20,18,1017,4026018,30,500,6,0,1,-3.322,-3.32148238497215,-1.2806836046999825,-3.32148238497215,0.8241469000058714,PASS
SCHO,F20,16,1015,4026016,30,500,6,0,1,-3.322,-3.3217037861301315,-1.42589448097107,-3.3217037861301315,0.8508850000071106,PASS
SCHO,F20,17,1016,4026017,30,500,6,0,1,-3.322,-3.3217892668861886,-0.7707250057888351,-3.3217892668861886,0.8840418000036152,PASS
SCHO,F20,20,1019,4026020,30,500,6,0,1,-3.322,-3.3217968580447113,-1.1694872668654595,-3.3217968580447113,0.8094603000063216,PASS
SCHO,F20,19,1018,4026019,30,500,6,0,1,-3.322,-3.3220755265925157,-1.6501266361374602,-3.3220755265925157,0.8949895999976434,PASS
SCHO,F20,22,1021,4026022,30,500,6,0,1,-3.322,-3.322020830135588,-1.9643777697330147,-3.322020830135588,0.8263059000018984,PASS
SCHO,F20,21,1020,4026021,30,500,6,0,1,-3.322,-3.321468960446603,-1.3182646272649436,-3.321468960446603,0.8844553999952041,PASS
SCHO,F20,26,1025,4026026,30,500,6,0,1,-3.322,-3.0768526050382383,-1.6523507833992392,-3.0768526050382383,0.8700587000057567,PASS
SCHO,F20,24,1023,4026024,30,500,6,0,1,-3.322,-3.3216905523207885,-1.66295644462256,-3.3216905523207885,0.8823801999969874,PASS
SCHO,F20,25,1024,4026025,30,500,6,0,1,-3.322,-3.3218030457735375,-0.9695628721775759,-3.3218030457735375,0.887436400007573,PASS
SCHO,F20,23,1022,4026023,30,500,6,0,1,-3.322,-3.2019460133036564,-0.8292420221596318,-3.2019460133036564,0.9187924000143539,PASS
SCHO,F20,29,1028,4026029,30,500,6,0,1,-3.322,-3.3219824295562024,-1.1782094607932692,-3.3219824295562024,0.8006278999964707,PASS
SCHO,F20,28,1027,4026028,30,500,6,0,1,-3.322,-3.321545331168344,-0.7602290577530897,-3.321545331168344,0.8195486000040546,PASS
SCHO,F20,27,1026,4026027,30,500,6,0,1,-3.322,-3.2030655784863313,-2.2223661928383214,-3.2030655784863313,0.8371522000088589,PASS
SCHO,F20,30,1029,4026030,30,500,6,0,1,-3.322,-3.322075692241015,-1.358077861654103,-3.322075692241015,0.8136170000070706,PASS
SCHO,F21,1,1000,4026101,30,500,4,0,10,-10.1532,-10.15181388097951,-0.7856612453746614,-10.15181388097951,0.731833199999528,PASS
SCHO,F21,2,1001,4026102,30,500,4,0,10,-10.1532,-5.100403777159541,-0.255284514021552,-5.100403777159541,0.7374354999919888,PASS
SCHO,F21,4,1003,4026104,30,500,4,0,10,-10.1532,-5.087930317317617,-0.3482705863990612,-5.087930317317617,0.7404629000084242,PASS
SCHO,F21,3,1002,4026103,30,500,4,0,10,-10.1532,-5.05514902826489,-0.7458813166548436,-5.05514902826489,0.7516936000029091,PASS
SCHO,F21,5,1004,4026105,30,500,4,0,10,-10.1532,-10.14886730620895,-0.42018439611118236,-10.14886730620895,0.6709993999975268,PASS
SCHO,F21,6,1005,4026106,30,500,4,0,10,-10.1532,-10.146829542319757,-0.5910831778647738,-10.146829542319757,0.7033109999902081,PASS
SCHO,F21,7,1006,4026107,30,500,4,0,10,-10.1532,-10.150912248727902,-0.42913328296464676,-10.150912248727902,0.6971191000047838,PASS
SCHO,F21,8,1007,4026108,30,500,4,0,10,-10.1532,-5.055195884766155,-0.5537203015819497,-5.055195884766155,0.6969873999914853,PASS
SCHO,F21,11,1010,4026111,30,500,4,0,10,-10.1532,-10.150964767743666,-0.3122489822002593,-10.150964767743666,0.7012490999914007,PASS
SCHO,F21,12,1011,4026112,30,500,4,0,10,-10.1532,-10.153080994377996,-0.42577067910792477,-10.153080994377996,0.7064651999971829,PASS
SCHO,F21,9,1008,4026109,30,500,4,0,10,-10.1532,-10.152961960400114,-0.3954824691564748,-10.152961960400114,0.72027390000585,PASS
SCHO,F21,10,1009,4026110,30,500,4,0,10,-10.1532,-10.14538870375721,-0.3873214329929367,-10.14538870375721,0.7290983999992022,PASS
SCHO,F21,14,1013,4026114,30,500,4,0,10,-10.1532,-10.148258813780792,-0.4533003470413142,-10.148258813780792,0.6791812000010395,PASS
SCHO,F21,15,1014,4026115,30,500,4,0,10,-10.1532,-10.153169470239364,-0.3593500916460118,-10.153169470239364,0.7153890000045067,PASS
SCHO,F21,13,1012,4026113,30,500,4,0,10,-10.1532,-10.132485564514207,-0.5398028645395757,-10.132485564514207,0.7428756000008434,PASS
SCHO,F21,16,1015,4026116,30,500,4,0,10,-10.1532,-10.145658026052999,-0.5643107717396479,-10.145658026052999,0.7484243000071729,PASS
SCHO,F21,18,1017,4026118,30,500,4,0,10,-10.1532,-5.100756947432291,-0.3187300785834754,-5.100756947432291,0.7199970000074245,PASS
SCHO,F21,17,1016,4026117,30,500,4,0,10,-10.1532,-10.15282921469298,-1.3126153292827127,-10.15282921469298,0.7394698999996763,PASS
SCHO,F21,20,1019,4026120,30,500,4,0,10,-10.1532,-5.0786434265422535,-0.556094779406882,-5.0786434265422535,0.7326369000074919,PASS
SCHO,F21,19,1018,4026119,30,500,4,0,10,-10.1532,-10.132235282943709,-0.4201398663247763,-10.132235282943709,0.7437664000026416,PASS
SCHO,F21,24,1023,4026124,30,500,4,0,10,-10.1532,-10.141800937745518,-0.36248300442977327,-10.141800937745518,0.6754043999972055,PASS
SCHO,F21,22,1021,4026122,30,500,4,0,10,-10.1532,-10.14425215272095,-0.8124729051033841,-10.14425215272095,0.718738099996699,PASS
SCHO,F21,21,1020,4026121,30,500,4,0,10,-10.1532,-10.151792638935408,-0.39892324222710235,-10.151792638935408,0.7235861000081059,PASS
SCHO,F21,23,1022,4026123,30,500,4,0,10,-10.1532,-5.098808617125165,-0.5751988255431095,-5.098808617125165,0.7043681000068318,PASS
SCHO,F21,27,1026,4026127,30,500,4,0,10,-10.1532,-10.152223449294778,-0.29612421486392365,-10.152223449294778,0.6828177999996115,PASS
SCHO,F21,25,1024,4026125,30,500,4,0,10,-10.1532,-10.151975624419359,-0.4078383896375593,-10.151975624419359,0.7253105999989202,PASS
SCHO,F21,26,1025,4026126,30,500,4,0,10,-10.1532,-10.135814096178464,-0.3234823818806821,-10.135814096178464,0.7527429000037955,PASS
SCHO,F21,28,1027,4026128,30,500,4,0,10,-10.1532,-10.153141793526629,-0.3986533020007952,-10.153141793526629,0.742280499995104,PASS
SCHO,F21,29,1028,4026129,30,500,4,0,10,-10.1532,-10.1531965737984,-0.3985356486821531,-10.1531965737984,0.7155347999942023,PASS
SCHO,F21,30,1029,4026130,30,500,4,0,10,-10.1532,-5.0551862616753445,-0.36908201859372297,-5.0551862616753445,0.711613599996781,PASS
SCHO,F22,1,1000,4026201,30,500,4,0,10,-10.4028,-10.402577818901236,-0.9317573703945224,-10.402577818901236,0.7791360999981407,PASS
SCHO,F22,2,1001,4026202,30,500,4,0,10,-10.4028,-10.39528037335725,-0.9222716528520395,-10.39528037335725,0.84350249999261,PASS
SCHO,F22,3,1002,4026203,30,500,4,0,10,-10.4028,-5.087670078838081,-0.7773340207644487,-5.087670078838081,0.820952699999907,PASS
SCHO,F22,4,1003,4026204,30,500,4,0,10,-10.4028,-5.11587161877121,-0.370970802781476,-5.11587161877121,0.8526796999940416,PASS
SCHO,F22,5,1004,4026205,30,500,4,0,10,-10.4028,-10.377638835798521,-0.5275828087880526,-10.377638835798521,0.8797913000016706,PASS
SCHO,F22,6,1005,4026206,30,500,4,0,10,-10.4028,-10.398779522651136,-0.6964166048173347,-10.398779522651136,0.8976418000092963,PASS
SCHO,F22,7,1006,4026207,30,500,4,0,10,-10.4028,-10.402597656689652,-0.4985747392352459,-10.402597656689652,0.8930213999992702,PASS
SCHO,F22,10,1009,4026210,30,500,4,0,10,-10.4028,-10.395519851034939,-0.5770862732792144,-10.395519851034939,0.8007995999942068,PASS
SCHO,F22,9,1008,4026209,30,500,4,0,10,-10.4028,-10.40017380217571,-0.49284895953941,-10.40017380217571,0.8413747999875341,PASS
SCHO,F22,8,1007,4026208,30,500,4,0,10,-10.4028,-5.087671352320769,-0.582643477675555,-5.087671352320769,0.8806602999975439,PASS
SCHO,F22,12,1011,4026212,30,500,4,0,10,-10.4028,-10.384317575527486,-0.5645985806520991,-10.384317575527486,0.8392826000053901,PASS
SCHO,F22,11,1010,4026211,30,500,4,0,10,-10.4028,-10.400845384157781,-0.4296436080947541,-10.400845384157781,0.8625821999885375,PASS
SCHO,F22,13,1012,4026213,30,500,4,0,10,-10.4028,-10.38319095804468,-0.6449517732088035,-10.38319095804468,0.8564067999977851,PASS
SCHO,F22,14,1013,4026214,30,500,4,0,10,-10.4028,-10.39452376071502,-0.9848094857049149,-10.39452376071502,0.8695041000028141,PASS
SCHO,F22,18,1017,4026218,30,500,4,0,10,-10.4028,-10.400950910281749,-0.44933832522368744,-10.400950910281749,0.7729920999991009,PASS
SCHO,F22,17,1016,4026217,30,500,4,0,10,-10.4028,-10.402564093469923,-1.5765565707085023,-10.402564093469923,0.8217793999938294,PASS
SCHO,F22,15,1014,4026215,30,500,4,0,10,-10.4028,-10.402842392845315,-0.4103758613869799,-10.402842392845315,0.8574780999915674,PASS
SCHO,F22,16,1015,4026216,30,500,4,0,10,-10.4028,-10.39635362728027,-0.6218257843354295,-10.39635362728027,0.8485541000118246,PASS
SCHO,F22,19,1018,4026219,30,500,4,0,10,-10.4028,-10.383069406033679,-0.5128377893703403,-10.383069406033679,0.8096036000060849,PASS
SCHO,F22,20,1019,4026220,30,500,4,0,10,-10.4028,-5.106688764079738,-0.5828681600134475,-5.106688764079738,0.8277486999868415,PASS
SCHO,F22,21,1020,4026221,30,500,4,0,10,-10.4028,-10.398519746004629,-1.121161539213936,-10.398519746004629,0.8612279000080889,PASS
SCHO,F22,22,1021,4026222,30,500,4,0,10,-10.4028,-10.396805287380438,-0.9797111395033686,-10.396805287380438,0.909572799995658,PASS
SCHO,F22,23,1022,4026223,30,500,4,0,10,-10.4028,-5.126812487084918,-0.6086256797700836,-5.126812487084918,0.795183200010797,PASS
SCHO,F22,24,1023,4026224,30,500,4,0,10,-10.4028,-10.373861936609407,-0.46854024723853555,-10.373861936609407,0.8320932999922661,PASS
SCHO,F22,26,1025,4026226,30,500,4,0,10,-10.4028,-5.087660083802324,-0.4813761157500475,-5.087660083802324,0.7591095999960089,PASS
SCHO,F22,25,1024,4026225,30,500,4,0,10,-10.4028,-10.389409810848468,-0.5048069121336105,-10.389409810848468,0.8527484000078402,PASS
SCHO,F22,30,1029,4026230,30,500,4,0,10,-10.4028,-10.40226489534085,-0.43985095714117073,-10.40226489534085,0.821842800010927,PASS
SCHO,F22,28,1027,4026228,30,500,4,0,10,-10.4028,-10.400308627212548,-0.7157489465814115,-10.400308627212548,0.8432940999919083,PASS
SCHO,F22,27,1026,4026227,30,500,4,0,10,-10.4028,-10.401840803234014,-0.3899985277776262,-10.401840803234014,0.8833931999979541,PASS
SCHO,F22,29,1028,4026229,30,500,4,0,10,-10.4028,-10.39617461647716,-0.7171582833042149,-10.39617461647716,0.8879446999926586,PASS
SCHO,F23,1,1000,4026301,30,500,4,0,10,-10.5363,-10.536069622903003,-1.0238629556348218,-10.536069622903003,0.9370953000034206,PASS
SCHO,F23,3,1002,4026303,30,500,4,0,10,-10.5363,-5.128480402474645,-0.8164625137143151,-5.128480402474645,0.9299844999914058,PASS
SCHO,F23,2,1001,4026302,30,500,4,0,10,-10.5363,-10.535789744807133,-1.0008003304569233,-10.535789744807133,0.9902636000042548,PASS
SCHO,F23,4,1003,4026304,30,500,4,0,10,-10.5363,-10.531844023100563,-0.5565675694250592,-10.531844023100563,0.9864292999991449,PASS
SCHO,F23,5,1004,4026305,30,500,4,0,10,-10.5363,-10.53607372259214,-0.8454832942164738,-10.53607372259214,0.9376519000070402,PASS
SCHO,F23,6,1005,4026306,30,500,4,0,10,-10.5363,-10.530053938047631,-0.7414380430410371,-10.530053938047631,1.000460800001747,PASS
SCHO,F23,7,1006,4026307,30,500,4,0,10,-10.5363,-10.534693424166761,-0.6872915656446693,-10.534693424166761,1.012277300003916,PASS
SCHO,F23,8,1007,4026308,30,500,4,0,10,-10.5363,-10.518683003223622,-0.7874801856706389,-10.518683003223622,1.0273976000025868,PASS
SCHO,F23,9,1008,4026309,30,500,4,0,10,-10.5363,-10.533616986048665,-0.5747711898984762,-10.533616986048665,0.9766278000024613,PASS
SCHO,F23,10,1009,4026310,30,500,4,0,10,-10.5363,-10.533503222899935,-0.645758260380765,-10.533503222899935,0.9449687999876915,PASS
SCHO,F23,11,1010,4026311,30,500,4,0,10,-10.5363,-10.532878759180415,-0.4663841659661791,-10.532878759180415,0.9662206999928458,PASS
SCHO,F23,12,1011,4026312,30,500,4,0,10,-10.5363,-2.869743421841286,-0.823786750800087,-2.869743421841286,0.9809184000041569,PASS
SCHO,F23,13,1012,4026313,30,500,4,0,10,-10.5363,-10.517266076011486,-0.7770502763168828,-10.517266076011486,1.5876018999988446,PASS
SCHO,F23,16,1015,4026316,30,500,4,0,10,-10.5363,-5.172989403508962,-0.9043428755262034,-5.172989403508962,1.6144599999970524,PASS
SCHO,F23,14,1013,4026314,30,500,4,0,10,-10.5363,-10.53626654051532,-1.0997090054454173,-10.53626654051532,1.626219099998707,PASS
SCHO,F23,15,1014,4026315,30,500,4,0,10,-10.5363,-10.527411750258208,-0.5002675730803412,-10.527411750258208,1.6231925999891246,PASS
SCHO,F23,17,1016,4026317,30,500,4,0,10,-10.5363,-10.536086032678085,-1.7597194378362429,-10.536086032678085,1.558290200002375,PASS
SCHO,F23,19,1018,4026319,30,500,4,0,10,-10.5363,-10.516397458453977,-0.5736082314038227,-10.516397458453977,1.5262744999927236,PASS
SCHO,F23,20,1019,4026320,30,500,4,0,10,-10.5363,-5.153562557853562,-0.6308786806539844,-5.153562557853562,1.5422259000042686,PASS
SCHO,F23,18,1017,4026318,30,500,4,0,10,-10.5363,-10.534426635229739,-0.47569531546084826,-10.534426635229739,1.5512529000116047,PASS
SCHO,F23,21,1020,4026321,30,500,4,0,10,-10.5363,-10.531743878394096,-1.2125486530771716,-10.531743878394096,1.6066348000022117,PASS
SCHO,F23,22,1021,4026322,30,500,4,0,10,-10.5363,-10.530579988870993,-1.0750391172262725,-10.530579988870993,1.6224809999985155,PASS
SCHO,F23,23,1022,4026323,30,500,4,0,10,-10.5363,-10.536244729131111,-0.7229501803676563,-10.536244729131111,1.6137140000064392,PASS
SCHO,F23,24,1023,4026324,30,500,4,0,10,-10.5363,-2.870207034633126,-0.7987194079905501,-2.870207034633126,1.6394987999956356,PASS
SCHO,F23,26,1025,4026326,30,500,4,0,10,-10.5363,-10.534422081539457,-0.6147683017235526,-10.534422081539457,1.427449599999818,PASS
SCHO,F23,25,1024,4026325,30,500,4,0,10,-10.5363,-5.170409214032295,-0.6700425911086935,-5.170409214032295,1.4586978000006638,PASS
SCHO,F23,27,1026,4026327,30,500,4,0,10,-10.5363,-5.175033215510491,-0.820457114634507,-5.175033215510491,1.4341769999882672,PASS
SCHO,F23,28,1027,4026328,30,500,4,0,10,-10.5363,-10.533596420508427,-0.8946038920849877,-10.533596420508427,1.443872999996529,PASS
SCHO,F23,29,1028,4026329,30,500,4,0,10,-10.5363,-10.533091714987018,-0.8835439811854388,-10.533091714987018,1.0169137000048067,PASS
SCHO,F23,30,1029,4026330,30,500,4,0,10,-10.5363,-10.529524496039759,-0.5471043607426501,-10.529524496039759,1.0210347999964142,PASS
SCHO_NT,F1,2,1001,4024102,30,500,30,-100,100,0.0,0.0,70905.34012781148,0.0,2.1359515999938594,PASS
SCHO_NT,F1,1,1000,4024101,30,500,30,-100,100,0.0,0.0,67810.20717660758,0.0,2.1416838000004645,PASS
SCHO_NT,F1,3,1002,4024103,30,500,30,-100,100,0.0,0.0,71382.05725267014,0.0,2.1246568000060506,PASS
SCHO_NT,F1,4,1003,4024104,30,500,30,-100,100,0.0,0.0,71067.53341075269,0.0,2.134533600008581,PASS
SCHO_NT,F1,6,1005,4024106,30,500,30,-100,100,0.0,0.0,68827.91056515143,0.0,2.3152565999916987,PASS
SCHO_NT,F1,5,1004,4024105,30,500,30,-100,100,0.0,0.0,71494.67494006979,0.0,2.329546599998139,PASS
SCHO_NT,F1,8,1007,4024108,30,500,30,-100,100,0.0,0.0,54060.05645133964,0.0,1.9993753000017023,PASS
SCHO_NT,F1,9,1008,4024109,30,500,30,-100,100,0.0,0.0,70963.15903282672,0.0,1.9916881999961333,PASS
SCHO_NT,F1,7,1006,4024107,30,500,30,-100,100,0.0,0.0,70203.2929860324,0.0,2.0250968000036664,PASS
SCHO_NT,F1,10,1009,4024110,30,500,30,-100,100,0.0,0.0,68415.51807348001,0.0,2.0344024000078207,PASS
SCHO_NT,F1,11,1010,4024111,30,500,30,-100,100,0.0,0.0,79775.6397390009,0.0,1.9112611999880755,PASS
SCHO_NT,F1,12,1011,4024112,30,500,30,-100,100,0.0,0.0,60211.88868860319,0.0,2.0133251000079326,PASS
SCHO_NT,F1,13,1012,4024113,30,500,30,-100,100,0.0,0.0,68582.22618939156,0.0,2.010047300005681,PASS
SCHO_NT,F1,14,1013,4024114,30,500,30,-100,100,0.0,0.0,65644.03203813086,0.0,2.060266700005741,PASS
SCHO_NT,F1,16,1015,4024116,30,500,30,-100,100,0.0,0.0,60965.044173403294,0.0,1.9654904999915743,PASS
SCHO_NT,F1,17,1016,4024117,30,500,30,-100,100,0.0,0.0,73040.90885855701,0.0,1.988758699997561,PASS
SCHO_NT,F1,18,1017,4024118,30,500,30,-100,100,0.0,0.0,70498.00209305885,0.0,2.0090947999997297,PASS
SCHO_NT,F1,15,1014,4024115,30,500,30,-100,100,0.0,0.0,62548.52364809662,0.0,2.102176699991105,PASS
SCHO_NT,F1,19,1018,4024119,30,500,30,-100,100,0.0,0.0,59692.16515890604,0.0,2.0292024000082165,PASS
SCHO_NT,F1,20,1019,4024120,30,500,30,-100,100,0.0,0.0,78896.22221622002,0.0,2.0706108000013046,PASS
SCHO_NT,F1,21,1020,4024121,30,500,30,-100,100,0.0,0.0,81948.70656934404,0.0,2.051242599991383,PASS
SCHO_NT,F1,22,1021,4024122,30,500,30,-100,100,0.0,0.0,64283.25200493102,0.0,2.011793099998613,PASS
SCHO_NT,F1,23,1022,4024123,30,500,30,-100,100,0.0,0.0,77870.80856837892,0.0,1.9965449000010267,PASS
SCHO_NT,F1,24,1023,4024124,30,500,30,-100,100,0.0,0.0,72002.90593091116,0.0,2.063122999999905,PASS
SCHO_NT,F1,25,1024,4024125,30,500,30,-100,100,0.0,0.0,56336.5278763339,0.0,2.045543499989435,PASS
SCHO_NT,F1,26,1025,4024126,30,500,30,-100,100,0.0,0.0,67654.2390610096,0.0,2.0555087000102503,PASS
SCHO_NT,F1,27,1026,4024127,30,500,30,-100,100,0.0,0.0,68127.13090112404,0.0,3.3664221999933943,PASS
SCHO_NT,F1,29,1028,4024129,30,500,30,-100,100,0.0,0.0,66088.0070704646,0.0,3.3103359999950044,PASS
SCHO_NT,F1,28,1027,4024128,30,500,30,-100,100,0.0,0.0,71281.47829858353,0.0,3.421831100000418,PASS
SCHO_NT,F1,30,1029,4024130,30,500,30,-100,100,0.0,0.0,77096.69700709768,0.0,3.4267966999905184,PASS
SCHO_NT,F2,1,1000,4024201,30,500,30,-10,10,0.0,0.0,360067002398.5346,0.0,2.8973542000021553,PASS
SCHO_NT,F2,2,1001,4024202,30,500,30,-10,10,0.0,0.0,1715602834860.7356,0.0,2.89523989999725,PASS
SCHO_NT,F2,3,1002,4024203,30,500,30,-10,10,0.0,0.0,702308869043.374,0.0,2.866885399998864,PASS
SCHO_NT,F2,4,1003,4024204,30,500,30,-10,10,0.0,0.0,2634424742592.452,0.0,2.913228999997955,PASS
SCHO_NT,F2,5,1004,4024205,30,500,30,-10,10,0.0,0.0,2899651184.9231544,0.0,3.1475048000138486,PASS
SCHO_NT,F2,8,1007,4024208,30,500,30,-10,10,0.0,0.0,729704378291.7789,0.0,3.087702000004356,PASS
SCHO_NT,F2,6,1005,4024206,30,500,30,-10,10,0.0,0.0,332841078922.353,0.0,3.179531300003873,PASS
SCHO_NT,F2,7,1006,4024207,30,500,30,-10,10,0.0,0.0,76547012233.40517,0.0,3.1797745999938343,PASS
SCHO_NT,F2,9,1008,4024209,30,500,30,-10,10,0.0,0.0,26401294709.697582,0.0,2.557348100002855,PASS
SCHO_NT,F2,11,1010,4024211,30,500,30,-10,10,0.0,0.0,80213629036800.12,0.0,2.565429900001618,PASS
SCHO_NT,F2,12,1011,4024212,30,500,30,-10,10,0.0,0.0,39939133237.937126,0.0,2.621376399998553,PASS
SCHO_NT,F2,10,1009,4024210,30,500,30,-10,10,0.0,0.0,713724413990.0226,0.0,2.632666799996514,PASS
SCHO_NT,F2,13,1012,4024213,30,500,30,-10,10,0.0,0.0,9593437258663.51,0.0,2.8575788000016473,PASS
SCHO_NT,F2,14,1013,4024214,30,500,30,-10,10,0.0,0.0,4038700082325.6636,0.0,2.8288912999996683,PASS
SCHO_NT,F2,15,1014,4024215,30,500,30,-10,10,0.0,0.0,22135772844271.426,0.0,2.780530699994415,PASS
SCHO_NT,F2,16,1015,4024216,30,500,30,-10,10,0.0,0.0,34707708682.06033,0.0,2.826442199992016,PASS
SCHO_NT,F2,17,1016,4024217,30,500,30,-10,10,0.0,0.0,2021349198795.503,0.0,2.105458099991665,PASS
SCHO_NT,F2,20,1019,4024220,30,500,30,-10,10,0.0,0.0,47711548051367.61,0.0,2.076106799999252,PASS
SCHO_NT,F2,19,1018,4024219,30,500,30,-10,10,0.0,0.0,10392937112.024113,0.0,2.13217870000517,PASS
SCHO_NT,F2,18,1017,4024218,30,500,30,-10,10,0.0,0.0,2748969363192.687,0.0,2.152217200011364,PASS
SCHO_NT,F2,21,1020,4024221,30,500,30,-10,10,0.0,0.0,102707326348.72324,0.0,2.6474611000012374,PASS
SCHO_NT,F2,22,1021,4024222,30,500,30,-10,10,0.0,0.0,7683677948828.628,0.0,2.731603099993663,PASS
SCHO_NT,F2,23,1022,4024223,30,500,30,-10,10,0.0,0.0,155737363148.78427,0.0,2.739908800009289,PASS
SCHO_NT,F2,24,1023,4024224,30,500,30,-10,10,0.0,0.0,1339473094382.0034,0.0,2.765909100009594,PASS
SCHO_NT,F2,25,1024,4024225,30,500,30,-10,10,0.0,0.0,3865443685.5409384,0.0,1.877641400002176,PASS
SCHO_NT,F2,28,1027,4024228,30,500,30,-10,10,0.0,0.0,3236421004233.4863,0.0,1.9211283000040567,PASS
SCHO_NT,F2,27,1026,4024227,30,500,30,-10,10,0.0,0.0,67722205355.99468,0.0,1.9222932999982731,PASS
SCHO_NT,F2,26,1025,4024226,30,500,30,-10,10,0.0,0.0,68338205734834.914,0.0,1.9513047999935225,PASS
SCHO_NT,F2,30,1029,4024230,30,500,30,-10,10,0.0,0.0,811737307015.2843,0.0,2.294235800000024,PASS
SCHO_NT,F2,29,1028,4024229,30,500,30,-10,10,0.0,0.0,3305236700.5331717,0.0,2.3681609999912325,PASS
SCHO_NT,F3,1,1000,4024301,30,500,30,-100,100,0.0,0.0,106811.1871437447,0.0,2.3659961999946972,PASS
SCHO_NT,F3,2,1001,4024302,30,500,30,-100,100,0.0,0.0,228881.45062340857,0.0,2.355594199994812,PASS
SCHO_NT,F3,5,1004,4024305,30,500,30,-100,100,0.0,0.0,126006.68015739581,0.0,2.0651206000038655,PASS
SCHO_NT,F3,4,1003,4024304,30,500,30,-100,100,0.0,0.0,252004.5370062454,0.0,2.0724441000056686,PASS
SCHO_NT,F3,6,1005,4024306,30,500,30,-100,100,0.0,0.0,121185.1674532735,0.0,2.117626699997345,PASS
SCHO_NT,F3,3,1002,4024303,30,500,30,-100,100,0.0,0.0,132408.1368091635,0.0,2.1460378999909153,PASS
SCHO_NT,F3,8,1007,4024308,30,500,30,-100,100,0.0,0.0,192911.98136862018,0.0,2.431187099995441,PASS
SCHO_NT,F3,7,1006,4024307,30,500,30,-100,100,0.0,0.0,133484.8315350889,0.0,2.4603160999977263,PASS
SCHO_NT,F3,10,1009,4024310,30,500,30,-100,100,0.0,0.0,107976.19188391927,0.0,2.4372759999969276,PASS
SCHO_NT,F3,9,1008,4024309,30,500,30,-100,100,0.0,0.0,135241.10379381198,0.0,2.4647680000052787,PASS
SCHO_NT,F3,11,1010,4024311,30,500,30,-100,100,0.0,0.0,258402.473983956,0.0,2.0472913999983575,PASS
SCHO_NT,F3,12,1011,4024312,30,500,30,-100,100,0.0,0.0,137478.41138112583,0.0,2.0621277000027476,PASS
SCHO_NT,F3,13,1012,4024313,30,500,30,-100,100,0.0,0.0,157787.82385873256,0.0,2.088458600002923,PASS
SCHO_NT,F3,14,1013,4024314,30,500,30,-100,100,0.0,0.0,166657.1711129854,0.0,2.1078429999906803,PASS
SCHO_NT,F3,15,1014,4024315,30,500,30,-100,100,0.0,0.0,221992.0552764344,0.0,2.3735892999975476,PASS
SCHO_NT,F3,16,1015,4024316,30,500,30,-100,100,0.0,0.0,294151.3375734341,0.0,2.3691567000059877,PASS
SCHO_NT,F3,18,1017,4024318,30,500,30,-100,100,0.0,0.0,245433.61431170706,0.0,2.330253600011929,PASS
SCHO_NT,F3,17,1016,4024317,30,500,30,-100,100,0.0,0.0,119365.44128648656,0.0,2.41342579999764,PASS
SCHO_NT,F3,20,1019,4024320,30,500,30,-100,100,0.0,0.0,161467.97997834763,0.0,1.9883377000078326,PASS
SCHO_NT,F3,22,1021,4024322,30,500,30,-100,100,0.0,0.0,135794.76099693272,0.0,1.9773663000087254,PASS
SCHO_NT,F3,19,1018,4024319,30,500,30,-100,100,0.0,0.0,244606.59772993292,0.0,2.050304500007769,PASS
SCHO_NT,F3,21,1020,4024321,30,500,30,-100,100,0.0,0.0,126211.38335020539,0.0,2.0776996000058716,PASS
SCHO_NT,F3,23,1022,4024323,30,500,30,-100,100,0.0,0.0,163245.37719853327,0.0,2.4003838999924483,PASS
SCHO_NT,F3,25,1024,4024325,30,500,30,-100,100,0.0,0.0,79356.08665120536,0.0,2.417105000000447,PASS
SCHO_NT,F3,24,1023,4024324,30,500,30,-100,100,0.0,0.0,113871.83421879425,0.0,2.476124599998002,PASS
SCHO_NT,F3,26,1025,4024326,30,500,30,-100,100,0.0,0.0,123007.79353130393,0.0,2.392430800013244,PASS
SCHO_NT,F3,28,1027,4024328,30,500,30,-100,100,0.0,0.0,131384.1741233503,0.0,2.0343063000036636,PASS
SCHO_NT,F3,27,1026,4024327,30,500,30,-100,100,0.0,0.0,183635.15749931926,0.0,2.1177535000024363,PASS
SCHO_NT,F3,30,1029,4024330,30,500,30,-100,100,0.0,0.0,90997.76111955676,0.0,2.0945500999951037,PASS
SCHO_NT,F3,29,1028,4024329,30,500,30,-100,100,0.0,0.0,171958.72311027217,0.0,2.1197802999959094,PASS
SCHO_NT,F4,1,1000,4024401,30,500,30,-100,100,0.0,0.0,89.41203274460929,0.0,2.4701674999960233,PASS
SCHO_NT,F4,2,1001,4024402,30,500,30,-100,100,0.0,0.0,88.23531594133786,0.0,2.4602085999940755,PASS
SCHO_NT,F4,4,1003,4024404,30,500,30,-100,100,0.0,0.0,90.05593850015435,0.0,2.4437061000062386,PASS
SCHO_NT,F4,3,1002,4024403,30,500,30,-100,100,0.0,0.0,90.93773968107635,0.0,2.4794623000052525,PASS
SCHO_NT,F4,6,1005,4024406,30,500,30,-100,100,0.0,0.0,87.42803920060479,0.0,2.00805340000079,PASS
SCHO_NT,F4,5,1004,4024405,30,500,30,-100,100,0.0,0.0,83.47974018645405,0.0,2.037864500001888,PASS
SCHO_NT,F4,7,1006,4024407,30,500,30,-100,100,0.0,0.0,89.67489840896681,0.0,2.073123599999235,PASS
SCHO_NT,F4,8,1007,4024408,30,500,30,-100,100,0.0,0.0,88.56020743697258,0.0,2.1073635000066133,PASS
SCHO_NT,F4,10,1009,4024410,30,500,30,-100,100,0.0,0.0,88.62436437004385,0.0,2.4509932000073604,PASS
SCHO_NT,F4,11,1010,4024411,30,500,30,-100,100,0.0,0.0,82.14021784717164,0.0,2.4111372999905143,PASS
SCHO_NT,F4,9,1008,4024409,30,500,30,-100,100,0.0,0.0,90.98182394999645,0.0,2.5225570000038715,PASS
SCHO_NT,F4,12,1011,4024412,30,500,30,-100,100,0.0,0.0,87.6380567694806,0.0,2.4478084000002127,PASS
SCHO_NT,F4,13,1012,4024413,30,500,30,-100,100,0.0,0.0,81.54232198828862,0.0,1.946335700005875,PASS
SCHO_NT,F4,15,1014,4024415,30,500,30,-100,100,0.0,0.0,77.5649543326395,0.0,2.0059429999964777,PASS
SCHO_NT,F4,14,1013,4024414,30,500,30,-100,100,0.0,0.0,77.8379255985727,0.0,2.029849700003979,PASS
SCHO_NT,F4,16,1015,4024416,30,500,30,-100,100,0.0,0.0,89.52145242027729,0.0,2.04845159999968,PASS
SCHO_NT,F4,17,1016,4024417,30,500,30,-100,100,0.0,0.0,89.68075670875115,0.0,2.2250777000008384,PASS
SCHO_NT,F4,18,1017,4024418,30,500,30,-100,100,0.0,0.0,91.69265780583274,0.0,2.2415500000061,PASS
SCHO_NT,F4,20,1019,4024420,30,500,30,-100,100,0.0,0.0,89.14712458834947,0.0,2.2838684000016656,PASS
SCHO_NT,F4,19,1018,4024419,30,500,30,-100,100,0.0,0.0,87.81454527863241,0.0,2.3637045999930706,PASS
SCHO_NT,F4,21,1020,4024421,30,500,30,-100,100,0.0,0.0,93.48016114980666,0.0,1.9311366000038106,PASS
SCHO_NT,F4,24,1023,4024424,30,500,30,-100,100,0.0,0.0,86.34666057993036,0.0,1.9672338999953354,PASS
SCHO_NT,F4,23,1022,4024423,30,500,30,-100,100,0.0,0.0,86.36772034124569,0.0,2.015738899994176,PASS
SCHO_NT,F4,22,1021,4024422,30,500,30,-100,100,0.0,0.0,90.86947090420732,0.0,2.0736330000072485,PASS
SCHO_NT,F4,25,1024,4024425,30,500,30,-100,100,0.0,0.0,83.43944699892515,0.0,2.503089199992246,PASS
SCHO_NT,F4,26,1025,4024426,30,500,30,-100,100,0.0,0.0,92.17294370207554,0.0,2.5218919000035385,PASS
SCHO_NT,F4,27,1026,4024427,30,500,30,-100,100,0.0,0.0,90.2554612114578,0.0,2.5165214000007836,PASS
SCHO_NT,F4,28,1027,4024428,30,500,30,-100,100,0.0,0.0,88.89385763229512,0.0,2.5344335999980103,PASS
SCHO_NT,F4,29,1028,4024429,30,500,30,-100,100,0.0,0.0,88.97595126021793,0.0,2.22161330000381,PASS
SCHO_NT,F4,30,1029,4024430,30,500,30,-100,100,0.0,0.0,90.25056319313495,0.0,2.2677203999919584,PASS
SCHO_NT,F5,1,1000,4024501,30,500,30,-30,30,0.0,28.02289834298946,262803966.06144178,28.02289834298946,2.257799300001352,PASS
SCHO_NT,F5,2,1001,4024502,30,500,30,-30,30,0.0,28.64230324415114,265509719.66763252,28.64230324415114,2.2714596999867354,PASS
SCHO_NT,F5,3,1002,4024503,30,500,30,-30,30,0.0,26.711592204135197,290152790.99322855,26.711592204135197,2.8062345999933314,PASS
SCHO_NT,F5,5,1004,4024505,30,500,30,-30,30,0.0,28.74709344145899,264814459.6730534,28.74709344145899,2.8023007000010693,PASS
SCHO_NT,F5,4,1003,4024504,30,500,30,-30,30,0.0,28.826214399504863,314425104.8265708,28.826214399504863,2.8228420999948867,PASS
SCHO_NT,F5,6,1005,4024506,30,500,30,-30,30,0.0,27.98605481071288,275607877.05815667,27.98605481071288,2.812029900000198,PASS
SCHO_NT,F5,7,1006,4024507,30,500,30,-30,30,0.0,28.824510933652114,275703968.057919,28.824510933652114,2.0253798000048846,PASS
SCHO_NT,F5,8,1007,4024508,30,500,30,-30,30,0.0,27.999375551779824,196990313.2842615,27.999375551779824,2.087849499992444,PASS
SCHO_NT,F5,10,1009,4024510,30,500,30,-30,30,0.0,28.04127944557301,275312500.08404154,28.04127944557301,2.0912018999952124,PASS
SCHO_NT,F5,9,1008,4024509,30,500,30,-30,30,0.0,27.984903150885547,264277025.01725703,27.984903150885547,2.1417917999933707,PASS
SCHO_NT,F5,11,1010,4024511,30,500,30,-30,30,0.0,26.056079496446586,311741780.6244718,26.056079496446586,2.496627600005013,PASS
SCHO_NT,F5,13,1012,4024513,30,500,30,-30,30,0.0,28.980294438009395,223922765.9861003,28.980294438009395,2.552123000001302,PASS
SCHO_NT,F5,12,1011,4024512,30,500,30,-30,30,0.0,28.657622386729578,135783553.73670316,28.657622386729578,2.621722799987765,PASS
SCHO_NT,F5,14,1013,4024514,30,500,30,-30,30,0.0,28.7711099144289,198137301.02750832,28.7711099144289,2.58243969999603,PASS
SCHO_NT,F5,16,1015,4024516,30,500,30,-30,30,0.0,27.14249923293043,230963403.05164534,27.14249923293043,2.1615527999965707,PASS
SCHO_NT,F5,18,1017,4024518,30,500,30,-30,30,0.0,28.735521085607346,261605126.34257632,28.735521085607346,2.1934762000018964,PASS
SCHO_NT,F5,15,1014,4024515,30,500,30,-30,30,0.0,27.97953504492064,199986599.631898,27.97953504492064,2.228092999997898,PASS
SCHO_NT,F5,17,1016,4024517,30,500,30,-30,30,0.0,27.233797922112245,267563143.6435758,27.233797922112245,2.2242028000036953,PASS
SCHO_NT,F5,19,1018,4024519,30,500,30,-30,30,0.0,28.76140733594718,235011607.0552513,28.76140733594718,2.448858300005668,PASS
SCHO_NT,F5,21,1020,4024521,30,500,30,-30,30,0.0,28.809137028708275,320276562.2341088,28.809137028708275,2.4309768000093754,PASS
SCHO_NT,F5,22,1021,4024522,30,500,30,-30,30,0.0,28.77111404159019,250438783.368967,28.77111404159019,2.4474000000045635,PASS
SCHO_NT,F5,20,1019,4024520,30,500,30,-30,30,0.0,28.201890394337347,318067279.8984649,28.201890394337347,2.49583650000568,PASS
SCHO_NT,F5,24,1023,4024524,30,500,30,-30,30,0.0,28.856542727366655,272530389.63664186,28.856542727366655,2.0131082000007154,PASS
SCHO_NT,F5,23,1022,4024523,30,500,30,-30,30,0.0,27.96618498450902,224106822.12627918,27.96618498450902,2.0770699999993667,PASS
SCHO_NT,F5,25,1024,4024525,30,500,30,-30,30,0.0,28.761143074092534,197086662.74910796,28.761143074092534,2.105091799996444,PASS
SCHO_NT,F5,26,1025,4024526,30,500,30,-30,30,0.0,28.771112150920867,272825950.8696747,28.771112150920867,2.1963584999903105,PASS
SCHO_NT,F5,28,1027,4024528,30,500,30,-30,30,0.0,28.66345701966568,306443111.17072505,28.66345701966568,2.304578900002525,PASS
SCHO_NT,F5,27,1026,4024527,30,500,30,-30,30,0.0,28.09403720117838,289149958.1576517,28.09403720117838,2.385952000011457,PASS
SCHO_NT,F5,29,1028,4024529,30,500,30,-30,30,0.0,27.98136697764828,254911291.89617184,27.98136697764828,2.343596399994567,PASS
SCHO_NT,F5,30,1029,4024530,30,500,30,-30,30,0.0,28.65815052394188,297997041.8303026,28.65815052394188,2.3633795000059763,PASS
SCHO_NT,F6,4,1003,4024604,30,500,30,-100,100,0.0,2.2798550733613037,71219.00386103941,2.2798550733613037,1.9548926999996183,PASS
SCHO_NT,F6,2,1001,4024602,30,500,30,-100,100,0.0,3.783883507106924,70582.57089954114,3.783883507106924,1.98431349999737,PASS
SCHO_NT,F6,1,1000,4024601,30,500,30,-100,100,0.0,2.3026247423442636,67909.83159949695,2.3026247423442636,1.993767400010256,PASS
SCHO_NT,F6,3,1002,4024603,30,500,30,-100,100,0.0,1.5392319432753399,71353.455751133,1.5392319432753399,2.0222899000073085,PASS
SCHO_NT,F6,5,1004,4024605,30,500,30,-100,100,0.0,2.490827230499821,71208.03386246378,2.490827230499821,2.2309343999950215,PASS
SCHO_NT,F6,7,1006,4024607,30,500,30,-100,100,0.0,2.112185469706769,70011.4366295226,2.112185469706769,2.215994400001364,PASS
SCHO_NT,F6,6,1005,4024606,30,500,30,-100,100,0.0,3.0528201129736847,68955.29999951718,3.0528201129736847,2.321830000000773,PASS
SCHO_NT,F6,8,1007,4024608,30,500,30,-100,100,0.0,2.7781462554909906,54162.957873925516,2.7781462554909906,2.281310999998823,PASS
SCHO_NT,F6,11,1010,4024611,30,500,30,-100,100,0.0,3.77958560347596,79935.06488261481,3.77958560347596,2.001233000002685,PASS
SCHO_NT,F6,12,1011,4024612,30,500,30,-100,100,0.0,2.2620171399075972,60343.443806650605,2.2620171399075972,2.018120299995644,PASS
SCHO_NT,F6,10,1009,4024610,30,500,30,-100,100,0.0,1.9578169532476932,68295.92181788973,1.9578169532476932,2.0755143000133103,PASS
SCHO_NT,F6,9,1008,4024609,30,500,30,-100,100,0.0,1.8033599867321295,70501.21762803209,1.8033599867321295,2.0944061999907717,PASS
SCHO_NT,F6,14,1013,4024614,30,500,30,-100,100,0.0,2.7956258237024305,66078.30058116298,2.7956258237024305,2.288487800004077,PASS
SCHO_NT,F6,15,1014,4024615,30,500,30,-100,100,0.0,1.972345758838342,62157.94499673396,1.972345758838342,2.282720999995945,PASS
SCHO_NT,F6,13,1012,4024613,30,500,30,-100,100,0.0,2.505633810228211,68881.92519101789,2.505633810228211,2.3780674999870826,PASS
SCHO_NT,F6,16,1015,4024616,30,500,30,-100,100,0.0,2.9838426421193778,61089.234661411996,2.9838426421193778,2.3168977000023006,PASS
SCHO_NT,F6,19,1018,4024619,30,500,30,-100,100,0.0,2.5154857621927746,59960.68287322056,2.5154857621927746,2.044035300001269,PASS
SCHO_NT,F6,17,1016,4024617,30,500,30,-100,100,0.0,1.7185880969695257,73031.55585073962,1.7185880969695257,2.0759914000082063,PASS
SCHO_NT,F6,18,1017,4024618,30,500,30,-100,100,0.0,2.3003479040049863,70606.59378046433,2.3003479040049863,2.0784927000058815,PASS
SCHO_NT,F6,20,1019,4024620,30,500,30,-100,100,0.0,2.516503613956677,79344.06586895653,2.516503613956677,2.1511829999944894,PASS
SCHO_NT,F6,21,1020,4024621,30,500,30,-100,100,0.0,1.8134423472262053,81635.30658606326,1.8134423472262053,2.2755375999986427,PASS
SCHO_NT,F6,22,1021,4024622,30,500,30,-100,100,0.0,1.0279552726750343,64215.54876603678,1.0279552726750343,2.366333800004213,PASS
SCHO_NT,F6,23,1022,4024623,30,500,30,-100,100,0.0,2.5285062036438366,78086.57507584567,2.5285062036438366,2.355502600010368,PASS
SCHO_NT,F6,24,1023,4024624,30,500,30,-100,100,0.0,2.5510191156807585,72276.33926858637,2.5510191156807585,2.4048652999917977,PASS
SCHO_NT,F6,26,1025,4024626,30,500,30,-100,100,0.0,1.553100586541038,67862.6591007802,1.553100586541038,2.084740200007218,PASS
SCHO_NT,F6,25,1024,4024625,30,500,30,-100,100,0.0,2.0373053581433815,56465.69237297281,2.0373053581433815,2.1960799999942537,PASS
SCHO_NT,F6,28,1027,4024628,30,500,30,-100,100,0.0,2.0229863533657633,71067.99746945646,2.0229863533657633,2.1657942999881925,PASS
SCHO_NT,F6,27,1026,4024627,30,500,30,-100,100,0.0,1.460568077678792,68320.91352360474,1.460568077678792,2.2097775000002002,PASS
SCHO_NT,F6,29,1028,4024629,30,500,30,-100,100,0.0,1.2997649403853972,66095.4100418736,1.2997649403853972,2.5112323999928776,PASS
SCHO_NT,F6,30,1029,4024630,30,500,30,-100,100,0.0,2.8056949943068084,77102.38991476683,2.8056949943068084,2.5035029999999097,PASS
SCHO_NT,F7,2,1001,4024702,30,500,30,-1.28,1.28,0.0,6.837286203809079e-05,129.07738590868695,6.837286203809079e-05,2.5439515999896685,PASS
SCHO_NT,F7,1,1000,4024701,30,500,30,-1.28,1.28,0.0,9.459153864170096e-06,132.24256505296452,9.459153864170096e-06,2.614626499998849,PASS
SCHO_NT,F7,4,1003,4024704,30,500,30,-1.28,1.28,0.0,7.080694142436172e-05,120.0123686763614,7.080694142436172e-05,2.091398400007165,PASS
SCHO_NT,F7,3,1002,4024703,30,500,30,-1.28,1.28,0.0,1.6784381334677967e-05,106.8866083511403,1.6784381334677967e-05,2.124134599987883,PASS
SCHO_NT,F7,5,1004,4024705,30,500,30,-1.28,1.28,0.0,0.0002432252979321925,128.77654886785405,0.0002432252979321925,2.1414600999996765,PASS
SCHO_NT,F7,6,1005,4024706,30,500,30,-1.28,1.28,0.0,0.0002044215615785161,95.90377798740067,0.0002044215615785161,2.1499428000097396,PASS
SCHO_NT,F7,7,1006,4024707,30,500,30,-1.28,1.28,0.0,8.514306014872908e-05,109.43532753152996,8.514306014872908e-05,2.4809414999908768,PASS
SCHO_NT,F7,9,1008,4024709,30,500,30,-1.28,1.28,0.0,1.5447923321199045e-05,112.92200132609992,1.5447923321199045e-05,2.4846840999962296,PASS
SCHO_NT,F7,8,1007,4024708,30,500,30,-1.28,1.28,0.0,9.530159643600378e-05,89.84776718932376,9.530159643600378e-05,2.5437270999973407,PASS
SCHO_NT,F7,10,1009,4024710,30,500,30,-1.28,1.28,0.0,8.368433869609948e-05,124.61338032043707,8.368433869609948e-05,2.503053299995372,PASS
SCHO_NT,F7,14,1013,4024714,30,500,30,-1.28,1.28,0.0,2.8207178147332534e-05,125.18640614897903,2.8207178147332534e-05,2.0381810999970185,PASS
SCHO_NT,F7,13,1012,4024713,30,500,30,-1.28,1.28,0.0,4.457786551659293e-05,109.2388515683827,4.457786551659293e-05,2.0414231000031577,PASS
SCHO_NT,F7,12,1011,4024712,30,500,30,-1.28,1.28,0.0,0.00014672705711848977,88.02744560759177,0.00014672705711848977,2.0952277000033064,PASS
SCHO_NT,F7,11,1010,4024711,30,500,30,-1.28,1.28,0.0,0.00021914311776938256,145.50908467686799,0.00021914311776938256,2.133666200010339,PASS
SCHO_NT,F7,15,1014,4024715,30,500,30,-1.28,1.28,0.0,4.9591094465339935e-06,99.80960290906447,4.9591094465339935e-06,2.3206014999886975,PASS
SCHO_NT,F7,16,1015,4024716,30,500,30,-1.28,1.28,0.0,0.00014586593514698265,118.50476153098273,0.00014586593514698265,2.355254500012961,PASS
SCHO_NT,F7,18,1017,4024718,30,500,30,-1.28,1.28,0.0,0.00021633445300472953,146.54341813360404,0.00021633445300472953,2.3661089000088396,PASS
SCHO_NT,F7,17,1016,4024717,30,500,30,-1.28,1.28,0.0,0.00057313278933524,142.86321654785507,0.00057313278933524,2.3942731999995885,PASS
SCHO_NT,F7,20,1019,4024720,30,500,30,-1.28,1.28,0.0,2.5783503506016147e-05,134.11199381657298,2.5783503506016147e-05,2.0067731000017375,PASS
SCHO_NT,F7,21,1020,4024721,30,500,30,-1.28,1.28,0.0,7.261338490871516e-05,134.48686620550905,7.261338490871516e-05,2.0329455000028247,PASS
SCHO_NT,F7,19,1018,4024719,30,500,30,-1.28,1.28,0.0,0.00021026431482795704,129.37924729813335,0.00021026431482795704,2.1119108999992022,PASS
SCHO_NT,F7,22,1021,4024722,30,500,30,-1.28,1.28,0.0,7.447946452421306e-05,97.89929812706661,7.447946452421306e-05,2.0847382999927504,PASS
SCHO_NT,F7,23,1022,4024723,30,500,30,-1.28,1.28,0.0,5.6976333538738544e-05,133.0436737145348,5.6976333538738544e-05,2.293192999990424,PASS
SCHO_NT,F7,24,1023,4024724,30,500,30,-1.28,1.28,0.0,0.00013413908657777807,134.83866130923477,0.00013413908657777807,2.3697528000047896,PASS
SCHO_NT,F7,26,1025,4024726,30,500,30,-1.28,1.28,0.0,6.071988832667685e-05,144.99096006092753,6.071988832667685e-05,2.492969999992056,PASS
SCHO_NT,F7,25,1024,4024725,30,500,30,-1.28,1.28,0.0,0.00018987324554264884,105.12427574420931,0.00018987324554264884,2.49698549999448,PASS
SCHO_NT,F7,28,1027,4024728,30,500,30,-1.28,1.28,0.0,3.238470623567746e-05,93.82607923366973,3.238470623567746e-05,2.2168665999924997,PASS
SCHO_NT,F7,29,1028,4024729,30,500,30,-1.28,1.28,0.0,1.0751409406872803e-05,162.80296180734086,1.0751409406872803e-05,2.2164767000067513,PASS
SCHO_NT,F7,27,1026,4024727,30,500,30,-1.28,1.28,0.0,0.00019470491795281486,135.53438780914385,0.00019470491795281486,2.2497108000097796,PASS
SCHO_NT,F7,30,1029,4024730,30,500,30,-1.28,1.28,0.0,0.000128178818000646,130.6949254804745,0.000128178818000646,2.289213899988681,PASS
SCHO_NT,F8,1,1000,4024801,30,500,30,-500,500,-12569.487,-4243.311124509679,-2451.876014434408,-4243.311124509679,2.815404300010414,PASS
SCHO_NT,F8,2,1001,4024802,30,500,30,-500,500,-12569.487,-5299.129330283743,-2690.889994276502,-5299.129330283743,2.8186854000086896,PASS
SCHO_NT,F8,3,1002,4024803,30,500,30,-500,500,-12569.487,-5143.470475311304,-1692.1826887752877,-5143.470475311304,2.821421199987526,PASS
SCHO_NT,F8,4,1003,4024804,30,500,30,-500,500,-12569.487,-5224.854867688941,-2110.3517025625324,-5224.854867688941,2.862983600003645,PASS
SCHO_NT,F8,5,1004,4024805,30,500,30,-500,500,-12569.487,-5262.55153811937,-1605.4114947545195,-5262.55153811937,2.0449891000025673,PASS
SCHO_NT,F8,7,1006,4024807,30,500,30,-500,500,-12569.487,-5232.449389739354,-1885.772866590057,-5232.449389739354,2.0644119000062346,PASS
SCHO_NT,F8,6,1005,4024806,30,500,30,-500,500,-12569.487,-6057.55069435706,-3595.6367869269293,-6057.55069435706,2.094497300000512,PASS
SCHO_NT,F8,8,1007,4024808,30,500,30,-500,500,-12569.487,-5775.311222805346,-1726.090940377079,-5775.311222805346,2.097707900000387,PASS
SCHO_NT,F8,9,1008,4024809,30,500,30,-500,500,-12569.487,-5828.450528089993,-2337.3316623373657,-5828.450528089993,2.3982108000054723,PASS
SCHO_NT,F8,11,1010,4024811,30,500,30,-500,500,-12569.487,-5000.989670320453,-1813.4049915384448,-5000.989670320453,2.366984799999045,PASS
SCHO_NT,F8,10,1009,4024810,30,500,30,-500,500,-12569.487,-6026.841758672336,-2623.8232741546635,-6026.841758672336,2.4287754999968456,PASS
SCHO_NT,F8,12,1011,4024812,30,500,30,-500,500,-12569.487,-5465.931590285008,-2334.5511967809016,-5465.931590285008,2.3976373999903444,PASS
SCHO_NT,F8,13,1012,4024813,30,500,30,-500,500,-12569.487,-5758.444035915574,-2026.2048410858288,-5758.444035915574,1.965816800002358,PASS
SCHO_NT,F8,16,1015,4024816,30,500,30,-500,500,-12569.487,-5730.183807714553,-1774.4957618865303,-5730.183807714553,2.004935300006764,PASS
SCHO_NT,F8,15,1014,4024815,30,500,30,-500,500,-12569.487,-4467.873589158684,-1577.9245638457974,-4467.873589158684,2.02373849999276,PASS
SCHO_NT,F8,14,1013,4024814,30,500,30,-500,500,-12569.487,-6349.569805513041,-1526.011739420307,-6349.569805513041,2.21294620000117,PASS
SCHO_NT,F8,17,1016,4024817,30,500,30,-500,500,-12569.487,-7068.720786071385,-3022.774183385613,-7068.720786071385,2.3349786000035238,PASS
SCHO_NT,F8,18,1017,4024818,30,500,30,-500,500,-12569.487,-5342.005109917885,-1613.727286315913,-5342.005109917885,2.3445454000029713,PASS
SCHO_NT,F8,19,1018,4024819,30,500,30,-500,500,-12569.487,-4773.656853662034,-2231.4411955724777,-4773.656853662034,2.363978199995472,PASS
SCHO_NT,F8,20,1019,4024820,30,500,30,-500,500,-12569.487,-4797.520034485214,-1937.2091609434265,-4797.520034485214,2.364415600008215,PASS
SCHO_NT,F8,22,1021,4024822,30,500,30,-500,500,-12569.487,-5615.930040884717,-1439.3070195018026,-5615.930040884717,1.977275400000508,PASS
SCHO_NT,F8,23,1022,4024823,30,500,30,-500,500,-12569.487,-5435.609070757398,-2698.531601043908,-5435.609070757398,2.0596752999990713,PASS
SCHO_NT,F8,21,1020,4024821,30,500,30,-500,500,-12569.487,-5183.012174804358,-2248.510909834675,-5183.012174804358,2.0898394999967422,PASS
SCHO_NT,F8,24,1023,4024824,30,500,30,-500,500,-12569.487,-5145.278770545489,-1788.751013337049,-5145.278770545489,2.0869495999941137,PASS
SCHO_NT,F8,27,1026,4024827,30,500,30,-500,500,-12569.487,-4098.901904184803,-1646.4051333176737,-4098.901904184803,2.239606300005107,PASS
SCHO_NT,F8,25,1024,4024825,30,500,30,-500,500,-12569.487,-5754.839799410294,-2207.6192588415524,-5754.839799410294,2.375164999990375,PASS
SCHO_NT,F8,26,1025,4024826,30,500,30,-500,500,-12569.487,-5509.645240484559,-1895.6942306135086,-5509.645240484559,2.315284199998132,PASS
SCHO_NT,F8,28,1027,4024828,30,500,30,-500,500,-12569.487,-6195.010423242247,-1823.0140943969723,-6195.010423242247,2.314050300003146,PASS
SCHO_NT,F8,30,1029,4024830,30,500,30,-500,500,-12569.487,-6020.856751387314,-1702.2535651780167,-6020.856751387314,1.9908015999972122,PASS
SCHO_NT,F9,1,1000,4024901,30,500,30,-5.1200000000000001,5.1200000000000001,0.0,0.0,464.87493101018356,0.0,2.072076599986758,PASS
SCHO_NT,F8,29,1028,4024829,30,500,30,-500,500,-12569.487,-6255.8364543888365,-1854.1744144476797,-6255.8364543888365,2.0972773999965284,PASS
SCHO_NT,F9,2,1001,4024902,30,500,30,-5.1200000000000001,5.1200000000000001,0.0,0.0,384.5497490364953,0.0,2.174617299999227,PASS
SCHO_NT,F9,3,1002,4024903,30,500,30,-5.1200000000000001,5.1200000000000001,0.0,0.0,424.39485150190137,0.0,2.263764600007562,PASS
SCHO_NT,F9,4,1003,4024904,30,500,30,-5.1200000000000001,5.1200000000000001,0.0,0.0,439.61790434394305,0.0,2.284210300000268,PASS
SCHO_NT,F9,5,1004,4024905,30,500,30,-5.1200000000000001,5.1200000000000001,0.0,0.0,448.7388944016657,0.0,2.2878756999998586,PASS
SCHO_NT,F9,6,1005,4024906,30,500,30,-5.1200000000000001,5.1200000000000001,0.0,0.0,439.91283939992803,0.0,2.246019199999864,PASS
SCHO_NT,F9,7,1006,4024907,30,500,30,-5.1200000000000001,5.1200000000000001,0.0,0.0,431.59183701137,0.0,2.0294580000045244,PASS
SCHO_NT,F9,8,1007,4024908,30,500,30,-5.1200000000000001,5.1200000000000001,0.0,0.0,365.8391088248434,0.0,2.041970599995693,PASS
SCHO_NT,F9,9,1008,4024909,30,500,30,-5.1200000000000001,5.1200000000000001,0.0,0.0,448.1773913088544,0.0,2.0350261999992654,PASS
SCHO_NT,F9,10,1009,4024910,30,500,30,-5.1200000000000001,5.1200000000000001,0.0,0.0,467.3571333335915,0.0,2.054809599998407,PASS
SCHO_NT,F9,11,1010,4024911,30,500,30,-5.1200000000000001,5.1200000000000001,0.0,0.0,447.2888938374598,0.0,2.0430505000113044,PASS
SCHO_NT,F9,12,1011,4024912,30,500,30,-5.1200000000000001,5.1200000000000001,0.0,0.0,441.073286920272,0.0,2.051106400002027,PASS
SCHO_NT,F9,13,1012,4024913,30,500,30,-5.1200000000000001,5.1200000000000001,0.0,0.0,434.02220260833974,0.0,2.0537480999919353,PASS
SCHO_NT,F9,14,1013,4024914,30,500,30,-5.1200000000000001,5.1200000000000001,0.0,0.0,440.91474681676505,0.0,2.066720600007102,PASS
SCHO_NT,F9,15,1014,4024915,30,500,30,-5.1200000000000001,5.1200000000000001,0.0,0.0,466.36406583587524,0.0,2.040280499990331,PASS
SCHO_NT,F9,18,1017,4024918,30,500,30,-5.1200000000000001,5.1200000000000001,0.0,0.0,469.76371664050794,0.0,2.04684460000135,PASS
SCHO_NT,F9,17,1016,4024917,30,500,30,-5.1200000000000001,5.1200000000000001,0.0,0.0,422.02779107708176,0.0,2.1053021999978228,PASS
SCHO_NT,F9,16,1015,4024916,30,500,30,-5.1200000000000001,5.1200000000000001,0.0,0.0,433.86281469045554,0.0,2.249085699993884,PASS
SCHO_NT,F9,20,1019,4024920,30,500,30,-5.1200000000000001,5.1200000000000001,0.0,0.0,458.030531975015,0.0,1.975807700000587,PASS
SCHO_NT,F9,19,1018,4024919,30,500,30,-5.1200000000000001,5.1200000000000001,0.0,0.0,414.6138424388559,0.0,2.0477646999934223,PASS
SCHO_NT,F9,21,1020,4024921,30,500,30,-5.1200000000000001,5.1200000000000001,0.0,0.0,465.26417440798247,0.0,2.1062751999998,PASS
SCHO_NT,F9,22,1021,4024922,30,500,30,-5.1200000000000001,5.1200000000000001,0.0,0.0,441.34049530442945,0.0,2.0154993000032846,PASS
SCHO_NT,F9,25,1024,4024925,30,500,30,-5.1200000000000001,5.1200000000000001,0.0,0.0,408.9701533118642,0.0,1.975470100005623,PASS
SCHO_NT,F9,23,1022,4024923,30,500,30,-5.1200000000000001,5.1200000000000001,0.0,0.0,446.64097601097,0.0,2.136741099995561,PASS
SCHO_NT,F9,24,1023,4024924,30,500,30,-5.1200000000000001,5.1200000000000001,0.0,0.0,433.79837842386155,0.0,2.1330338999978267,PASS
SCHO_NT,F9,26,1025,4024926,30,500,30,-5.1200000000000001,5.1200000000000001,0.0,0.0,473.6616560879741,0.0,2.185877399999299,PASS
SCHO_NT,F9,27,1026,4024927,30,500,30,-5.1200000000000001,5.1200000000000001,0.0,0.0,446.03906557516507,0.0,2.0226188999949954,PASS
SCHO_NT,F9,28,1027,4024928,30,500,30,-5.1200000000000001,5.1200000000000001,0.0,0.0,447.3494195224039,0.0,2.037483500011149,PASS
SCHO_NT,F9,30,1029,4024930,30,500,30,-5.1200000000000001,5.1200000000000001,0.0,0.0,479.83128968283097,0.0,2.0780975999950897,PASS
SCHO_NT,F9,29,1028,4024929,30,500,30,-5.1200000000000001,5.1200000000000001,0.0,0.0,455.002187468864,0.0,2.1384421000111615,PASS
SCHO_NT,F10,4,1003,4025004,30,500,30,-32,32,0.0,4.440892098500626e-16,20.685941618453114,4.440892098500626e-16,1.9934986000007484,PASS
SCHO_NT,F10,1,1000,4025001,30,500,30,-32,32,0.0,4.440892098500626e-16,20.764880617738655,4.440892098500626e-16,2.134869300003629,PASS
SCHO_NT,F10,2,1001,4025002,30,500,30,-32,32,0.0,4.440892098500626e-16,20.80923383013385,4.440892098500626e-16,2.1392049999994924,PASS
SCHO_NT,F10,3,1002,4025003,30,500,30,-32,32,0.0,4.440892098500626e-16,20.70259726914545,4.440892098500626e-16,2.2175648999982513,PASS
SCHO_NT,F10,5,1004,4025005,30,500,30,-32,32,0.0,4.440892098500626e-16,20.753180108678922,4.440892098500626e-16,2.109317299997201,PASS
SCHO_NT,F10,7,1006,4025007,30,500,30,-32,32,0.0,4.440892098500626e-16,20.677331650145728,4.440892098500626e-16,2.0772864000027766,PASS
SCHO_NT,F10,6,1005,4025006,30,500,30,-32,32,0.0,4.440892098500626e-16,20.739339682394206,4.440892098500626e-16,2.106428400002187,PASS
SCHO_NT,F10,8,1007,4025008,30,500,30,-32,32,0.0,4.440892098500626e-16,20.30938002246911,4.440892098500626e-16,2.1009970999875804,PASS
SCHO_NT,F10,9,1008,4025009,30,500,30,-32,32,0.0,4.440892098500626e-16,20.6623323028609,4.440892098500626e-16,2.1283044000010705,PASS
SCHO_NT,F10,12,1011,4025012,30,500,30,-32,32,0.0,4.440892098500626e-16,20.569830881242734,4.440892098500626e-16,2.141521500001545,PASS
SCHO_NT,F10,10,1009,4025010,30,500,30,-32,32,0.0,4.440892098500626e-16,20.764014980012245,4.440892098500626e-16,2.1677711000083946,PASS
SCHO_NT,F10,11,1010,4025011,30,500,30,-32,32,0.0,4.440892098500626e-16,20.873205110265417,4.440892098500626e-16,2.1666280000063125,PASS
SCHO_NT,F10,13,1012,4025013,30,500,30,-32,32,0.0,4.440892098500626e-16,20.566750205953976,4.440892098500626e-16,2.0602351000125054,PASS
SCHO_NT,F10,14,1013,4025014,30,500,30,-32,32,0.0,4.440892098500626e-16,20.669354202190537,4.440892098500626e-16,2.03726509999251,PASS
SCHO_NT,F10,16,1015,4025016,30,500,30,-32,32,0.0,4.440892098500626e-16,20.64013873956227,4.440892098500626e-16,2.077523999992991,PASS
SCHO_NT,F10,15,1014,4025015,30,500,30,-32,32,0.0,4.440892098500626e-16,20.49068213407767,4.440892098500626e-16,2.0890301000035834,PASS
SCHO_NT,F10,17,1016,4025017,30,500,30,-32,32,0.0,4.440892098500626e-16,20.795292196710726,4.440892098500626e-16,2.113188400006038,PASS
SCHO_NT,F10,18,1017,4025018,30,500,30,-32,32,0.0,4.440892098500626e-16,20.8269336510937,4.440892098500626e-16,2.1033588999998756,PASS
SCHO_NT,F10,19,1018,4025019,30,500,30,-32,32,0.0,4.440892098500626e-16,20.287777247273507,4.440892098500626e-16,2.1016168000060134,PASS
SCHO_NT,F10,20,1019,4025020,30,500,30,-32,32,0.0,4.440892098500626e-16,20.753576885043977,4.440892098500626e-16,2.1001220000034664,PASS
SCHO_NT,F10,23,1022,4025023,30,500,30,-32,32,0.0,4.440892098500626e-16,20.933352404055416,4.440892098500626e-16,1.987012199999299,PASS
SCHO_NT,F10,22,1021,4025022,30,500,30,-32,32,0.0,4.440892098500626e-16,20.583645012836215,4.440892098500626e-16,2.038190300008864,PASS
SCHO_NT,F10,21,1020,4025021,30,500,30,-32,32,0.0,4.440892098500626e-16,20.886822358893582,4.440892098500626e-16,2.124138800005312,PASS
SCHO_NT,F10,24,1023,4025024,30,500,30,-32,32,0.0,4.440892098500626e-16,20.702337522964704,4.440892098500626e-16,2.1105512000067392,PASS
SCHO_NT,F10,25,1024,4025025,30,500,30,-32,32,0.0,4.440892098500626e-16,20.640145513776236,4.440892098500626e-16,1.9834323999966728,PASS
SCHO_NT,F10,28,1027,4025028,30,500,30,-32,32,0.0,4.440892098500626e-16,20.792506436353648,4.440892098500626e-16,2.058952000006684,PASS
SCHO_NT,F10,27,1026,4025027,30,500,30,-32,32,0.0,4.440892098500626e-16,20.70523141613285,4.440892098500626e-16,2.089882400003262,PASS
SCHO_NT,F10,26,1025,4025026,30,500,30,-32,32,0.0,4.440892098500626e-16,20.66064456706877,4.440892098500626e-16,2.1472823999938555,PASS
SCHO_NT,F10,30,1029,4025030,30,500,30,-32,32,0.0,4.440892098500626e-16,20.847870698067215,4.440892098500626e-16,2.0279545999947004,PASS
SCHO_NT,F10,29,1028,4025029,30,500,30,-32,32,0.0,4.440892098500626e-16,20.542581961741753,4.440892098500626e-16,2.146606199996313,PASS
SCHO_NT,F11,1,1000,4025101,30,500,30,-600,600,0.0,0.0,611.291864520307,0.0,2.1634713000094052,PASS
SCHO_NT,F11,2,1001,4025102,30,500,30,-600,600,0.0,0.0,639.1480611503106,0.0,2.176708899991354,PASS
SCHO_NT,F11,6,1005,4025106,30,500,30,-600,600,0.0,0.0,620.4511952126913,0.0,2.1581542000058107,PASS
SCHO_NT,F11,4,1003,4025104,30,500,30,-600,600,0.0,0.0,640.6078006974948,0.0,2.1934256999957142,PASS
SCHO_NT,F11,3,1002,4025103,30,500,30,-600,600,0.0,0.0,643.4385152741779,0.0,2.2276692999876104,PASS
SCHO_NT,F11,5,1004,4025105,30,500,30,-600,600,0.0,0.0,644.4520744510511,0.0,2.338071200007107,PASS
SCHO_NT,F11,8,1007,4025108,30,500,30,-600,600,0.0,0.0,487.5405080335636,0.0,2.3595335999998497,PASS
SCHO_NT,F11,7,1006,4025107,30,500,30,-600,600,0.0,0.0,632.8296368484805,0.0,2.3927198000019416,PASS
SCHO_NT,F11,9,1008,4025109,30,500,30,-600,600,0.0,0.0,639.6684312970408,0.0,2.360461500007659,PASS
SCHO_NT,F11,10,1009,4025110,30,500,30,-600,600,0.0,0.0,616.7396630786404,0.0,2.3268233999988297,PASS
SCHO_NT,F11,12,1011,4025112,30,500,30,-600,600,0.0,0.0,542.9069981974286,0.0,2.1769483999960357,PASS
SCHO_NT,F11,11,1010,4025111,30,500,30,-600,600,0.0,0.0,718.9807578130838,0.0,2.200303600009647,PASS
SCHO_NT,F11,13,1012,4025113,30,500,30,-600,600,0.0,0.0,618.2400358748203,0.0,2.2019101999903796,PASS
SCHO_NT,F11,14,1013,4025114,30,500,30,-600,600,0.0,0.0,591.7962883432442,0.0,2.237554100007401,PASS
SCHO_NT,F11,15,1014,4025115,30,500,30,-600,600,0.0,0.0,563.9367128903148,0.0,2.06180029999814,PASS
SCHO_NT,F11,17,1016,4025117,30,500,30,-600,600,0.0,0.0,658.3681797175631,0.0,2.069200500001898,PASS
SCHO_NT,F11,16,1015,4025116,30,500,30,-600,600,0.0,0.0,549.6853975606296,0.0,2.1235054999997374,PASS
SCHO_NT,F11,18,1017,4025118,30,500,30,-600,600,0.0,0.0,635.4820188150104,0.0,2.072485400000005,PASS
SCHO_NT,F11,20,1019,4025120,30,500,30,-600,600,0.0,0.0,711.0659999459813,0.0,2.040173200002755,PASS
SCHO_NT,F11,19,1018,4025119,30,500,30,-600,600,0.0,0.0,538.2294864301934,0.0,2.0669338000006974,PASS
SCHO_NT,F11,21,1020,4025121,30,500,30,-600,600,0.0,0.0,738.5383591240958,0.0,2.159545700007584,PASS
SCHO_NT,F11,22,1021,4025122,30,500,30,-600,600,0.0,0.0,579.5492680434852,0.0,2.223713300001691,PASS
SCHO_NT,F11,23,1022,4025123,30,500,30,-600,600,0.0,0.0,701.8372771154101,0.0,1.9806557999982033,PASS
SCHO_NT,F11,25,1024,4025125,30,500,30,-600,600,0.0,0.0,508.02875095473263,0.0,1.9104320000042208,PASS
SCHO_NT,F11,24,1023,4025124,30,500,30,-600,600,0.0,0.0,649.0261533705124,0.0,2.0826902000117116,PASS
SCHO_NT,F11,26,1025,4025126,30,500,30,-600,600,0.0,0.0,609.8881515490872,0.0,2.016411999997217,PASS
SCHO_NT,F11,29,1028,4025129,30,500,30,-600,600,0.0,0.0,595.7920700073693,0.0,2.0224507999955676,PASS
SCHO_NT,F11,27,1026,4025127,30,500,30,-600,600,0.0,0.0,614.144178110117,0.0,2.1131967999972403,PASS
SCHO_NT,F11,28,1027,4025128,30,500,30,-600,600,0.0,0.0,642.5333046872523,0.0,2.1060857999982545,PASS
SCHO_NT,F11,30,1029,4025130,30,500,30,-600,600,0.0,0.0,694.8702724214163,0.0,2.1065387000126066,PASS
SCHO_NT,F12,1,1000,4025201,30,500,30,-50,50,0.0,0.9771383198629738,577094378.3389748,0.9771383198629738,2.2372449999966193,PASS
SCHO_NT,F12,3,1002,4025203,30,500,30,-50,50,0.0,0.3577963134314382,677755348.7064486,0.3577963134314382,2.199605200003134,PASS
SCHO_NT,F12,4,1003,4025204,30,500,30,-50,50,0.0,0.12963261045460717,756082758.900649,0.12963261045460717,2.1802020000031916,PASS
SCHO_NT,F12,2,1001,4025202,30,500,30,-50,50,0.0,0.1929862187243426,579099359.0880492,0.1929862187243426,2.2413003999972716,PASS
SCHO_NT,F12,8,1007,4025208,30,500,30,-50,50,0.0,0.13992846206181717,465147296.24454856,0.13992846206181717,2.262506300001405,PASS
SCHO_NT,F12,7,1006,4025207,30,500,30,-50,50,0.0,1.602113482030724,669437325.0641034,1.602113482030724,2.2754653000010876,PASS
SCHO_NT,F12,5,1004,4025205,30,500,30,-50,50,0.0,0.10169324307879468,600899121.4082001,0.10169324307879468,2.3499830000073416,PASS
SCHO_NT,F12,6,1005,4025206,30,500,30,-50,50,0.0,0.06751342464760095,613687382.5306401,0.06751342464760095,2.3500533000042196,PASS
SCHO_NT,F12,10,1009,4025210,30,500,30,-50,50,0.0,0.14862491193214877,608345809.8432229,0.14862491193214877,2.1951688999979524,PASS
SCHO_NT,F12,12,1011,4025212,30,500,30,-50,50,0.0,0.6280168253573238,354312759.8973637,0.6280168253573238,2.1709696000034455,PASS
SCHO_NT,F12,11,1010,4025211,30,500,30,-50,50,0.0,0.2419446626829097,673700231.5011019,0.2419446626829097,2.1853535999980522,PASS
SCHO_NT,F12,9,1008,4025209,30,500,30,-50,50,0.0,0.10203492625111485,673649374.2265142,0.10203492625111485,2.3338050000020303,PASS
SCHO_NT,F12,13,1012,4025213,30,500,30,-50,50,0.0,0.1362246161116212,409264261.74945426,0.1362246161116212,2.248389100001077,PASS
SCHO_NT,F12,14,1013,4025214,30,500,30,-50,50,0.0,0.35671091007030453,375026164.7994268,0.35671091007030453,2.2704314999864437,PASS
SCHO_NT,F12,15,1014,4025215,30,500,30,-50,50,0.0,0.3884077372590731,377991105.0550389,0.3884077372590731,2.24780459998874,PASS
SCHO_NT,F12,16,1015,4025216,30,500,30,-50,50,0.0,0.18869407819294,518663474.82455194,0.18869407819294,2.351938699997845,PASS
SCHO_NT,F12,19,1018,4025219,30,500,30,-50,50,0.0,0.11441185490385344,493317185.6586725,0.11441185490385344,2.222973299998557,PASS
SCHO_NT,F12,20,1019,4025220,30,500,30,-50,50,0.0,0.38936932026182947,746482921.424925,0.38936932026182947,2.1260777999996208,PASS
SCHO_NT,F12,17,1016,4025217,30,500,30,-50,50,0.0,0.20311240810385278,602516388.8524432,0.20311240810385278,2.2968547999917064,PASS
SCHO_NT,F12,18,1017,4025218,30,500,30,-50,50,0.0,0.49024863865770846,678910232.0700809,0.49024863865770846,2.249713700002758,PASS
SCHO_NT,F12,24,1023,4025224,30,500,30,-50,50,0.0,1.4679549257424194,557034073.9341952,1.4679549257424194,2.222134299998288,PASS
SCHO_NT,F12,21,1020,4025221,30,500,30,-50,50,0.0,0.3505100989407288,779891967.4951634,0.3505100989407288,2.2410621000017272,PASS
SCHO_NT,F12,22,1021,4025222,30,500,30,-50,50,0.0,0.27189398576663526,566705999.5069873,0.27189398576663526,2.2584662000008393,PASS
SCHO_NT,F12,23,1022,4025223,30,500,30,-50,50,0.0,1.1147370210949457,527674663.0350982,1.1147370210949457,2.3904900000052294,PASS
SCHO_NT,F12,27,1026,4025227,30,500,30,-50,50,0.0,0.623703644823954,688380987.7444726,0.623703644823954,2.274749799995334,PASS
SCHO_NT,F12,26,1025,4025226,30,500,30,-50,50,0.0,0.28630822008342205,655610836.8316754,0.28630822008342205,2.352898799988907,PASS
SCHO_NT,F12,28,1027,4025228,30,500,30,-50,50,0.0,0.08616568935098946,735612073.6667887,0.08616568935098946,2.2022973999992246,PASS
SCHO_NT,F12,25,1024,4025225,30,500,30,-50,50,0.0,0.16084187286338059,459268027.30294675,0.16084187286338059,2.3740958999987924,PASS
SCHO_NT,F13,2,1001,4025302,30,500,30,-50,50,0.0,1.6616853061320818,1134393402.9122756,1.6616853061320818,2.2234746999893105,PASS
SCHO_NT,F12,30,1029,4025230,30,500,30,-50,50,0.0,0.3054765619389275,638200031.739138,0.3054765619389275,2.22714430000633,PASS
SCHO_NT,F13,1,1000,4025301,30,500,30,-50,50,0.0,1.7406248257508086,1121540604.907016,1.7406248257508086,2.322967999993125,PASS
SCHO_NT,F12,29,1028,4025229,30,500,30,-50,50,0.0,0.25794382954460005,694579575.2440028,0.25794382954460005,2.329191199998604,PASS
SCHO_NT,F13,4,1003,4025304,30,500,30,-50,50,0.0,1.9297900706728752,1409943019.8603163,1.9297900706728752,2.1997839999967255,PASS
SCHO_NT,F13,3,1002,4025303,30,500,30,-50,50,0.0,1.807149159373985,1279263460.7598147,1.807149159373985,2.227378800002043,PASS
SCHO_NT,F13,6,1005,4025306,30,500,30,-50,50,0.0,1.9068536158311702,1181621324.1665757,1.9068536158311702,2.1892284999921685,PASS
SCHO_NT,F13,5,1004,4025305,30,500,30,-50,50,0.0,2.039577933391475,1170689608.5516968,2.039577933391475,2.2131044999987353,PASS
SCHO_NT,F13,7,1006,4025307,30,500,30,-50,50,0.0,2.0257994204419947,1268983075.2778127,2.0257994204419947,2.1630407000047853,PASS
SCHO_NT,F13,8,1007,4025308,30,500,30,-50,50,0.0,1.9595874285291601,878154019.7635087,1.9595874285291601,2.2053874999983236,PASS
SCHO_NT,F13,9,1008,4025309,30,500,30,-50,50,0.0,2.0469540023913773,1296042042.9580178,2.0469540023913773,2.2646712999994634,PASS
SCHO_NT,F13,10,1009,4025310,30,500,30,-50,50,0.0,2.021472618815769,1170491781.6147819,2.021472618815769,2.3371607000008225,PASS
SCHO_NT,F13,11,1010,4025311,30,500,30,-50,50,0.0,2.047692633712449,1334005063.226532,2.047692633712449,2.214454000000842,PASS
SCHO_NT,F13,12,1011,4025312,30,500,30,-50,50,0.0,1.8266818659946982,746217004.1348709,1.8266818659946982,2.209776599993347,PASS
SCHO_NT,F13,13,1012,4025313,30,500,30,-50,50,0.0,1.5908675725022805,902489281.0803057,1.5908675725022805,2.1868326000112575,PASS
SCHO_NT,F13,14,1013,4025314,30,500,30,-50,50,0.0,1.9912144691996483,813623365.5838884,1.9912144691996483,2.184715099996538,PASS
SCHO_NT,F13,15,1014,4025315,30,500,30,-50,50,0.0,2.224446254455955,781768070.7565104,2.224446254455955,2.1953974999923958,PASS
SCHO_NT,F13,17,1016,4025317,30,500,30,-50,50,0.0,2.122001616553716,1200343935.016167,2.122001616553716,2.2451030000083847,PASS
SCHO_NT,F13,16,1015,4025316,30,500,30,-50,50,0.0,1.7053044544059865,992639751.8319389,1.7053044544059865,2.301179100002628,PASS
SCHO_NT,F13,18,1017,4025318,30,500,30,-50,50,0.0,1.6122398457504588,1270309810.4932654,1.6122398457504588,2.314517499995418,PASS
SCHO_NT,F13,19,1018,4025319,30,500,30,-50,50,0.0,2.05341882481791,985279769.8708252,2.05341882481791,2.1837025999993784,PASS
SCHO_NT,F13,20,1019,4025320,30,500,30,-50,50,0.0,1.8036089506423167,1427951455.304063,1.8036089506423167,2.1383827999961795,PASS
SCHO_NT,F13,21,1020,4025321,30,500,30,-50,50,0.0,1.7178977679599408,1481567387.8877292,1.7178977679599408,2.149914699999499,PASS
SCHO_NT,F13,22,1021,4025322,30,500,30,-50,50,0.0,2.4498410927443603,1071852585.7528108,2.4498410927443603,2.152746699997806,PASS
SCHO_NT,F13,23,1022,4025323,30,500,30,-50,50,0.0,2.678343789730259,1057814591.9376878,2.678343789730259,2.153868900000816,PASS
SCHO_NT,F13,25,1024,4025325,30,500,30,-50,50,0.0,1.9171867684591921,881544869.6646192,1.9171867684591921,2.1478654999955324,PASS
SCHO_NT,F13,24,1023,4025324,30,500,30,-50,50,0.0,2.166847448106548,1128834171.694078,2.166847448106548,2.184917899998254,PASS
SCHO_NT,F13,26,1025,4025326,30,500,30,-50,50,0.0,2.573178712520772,1213450885.258651,2.573178712520772,2.204438899992965,PASS
SCHO_NT,F13,27,1026,4025327,30,500,30,-50,50,0.0,1.6967602580474275,1309554648.9066305,1.6967602580474275,2.0965659999928903,PASS
SCHO_NT,F13,28,1027,4025328,30,500,30,-50,50,0.0,2.3707474990833037,1357932319.8784873,2.3707474990833037,2.096433699989575,PASS
SCHO_NT,F13,30,1029,4025330,30,500,30,-50,50,0.0,2.3575857864726415,1261783528.6462915,2.3575857864726415,2.0390977999923052,PASS
SCHO_NT,F13,29,1028,4025329,30,500,30,-50,50,0.0,2.9002158752925165,1284594344.47724,2.9002158752925165,2.1590148999966914,PASS
SCHO_NT,F14,1,1000,4025401,30,500,2,-65.536000000000001,65.536000000000001,1.0,2.982105156817547,473.71847520737606,2.982105156817547,0.49365439999382943,PASS
SCHO_NT,F14,4,1003,4025404,30,500,2,-65.536000000000001,65.536000000000001,1.0,0.9980038380678032,7.991839953168932,0.9980038380678032,0.5355347000004258,PASS
SCHO_NT,F14,2,1001,4025402,30,500,2,-65.536000000000001,65.536000000000001,1.0,0.9980038378739348,20.799965995968776,0.9980038378739348,0.5689042000012705,PASS
SCHO_NT,F14,3,1002,4025403,30,500,2,-65.536000000000001,65.536000000000001,1.0,2.9821051568169095,7.856359089361977,2.9821051568169095,0.5663013000012143,PASS
SCHO_NT,F14,5,1004,4025405,30,500,2,-65.536000000000001,65.536000000000001,1.0,10.763180667288518,24.322820508421295,10.763180667288518,0.5026854999887291,PASS
SCHO_NT,F14,6,1005,4025406,30,500,2,-65.536000000000001,65.536000000000001,1.0,2.982105156827029,90.7409532963287,2.982105156827029,0.49946079999790527,PASS
SCHO_NT,F14,8,1007,4025408,30,500,2,-65.536000000000001,65.536000000000001,1.0,12.670505811135556,21.481362099196957,12.670505811135556,0.4968328999966616,PASS
SCHO_NT,F14,7,1006,4025407,30,500,2,-65.536000000000001,65.536000000000001,1.0,10.763180666789289,16.2842641081014,10.763180666789289,0.4994369000050938,PASS
SCHO_NT,F14,10,1009,4025410,30,500,2,-65.536000000000001,65.536000000000001,1.0,2.9821051568172185,15.108117071694181,2.9821051568172185,0.49886599999445025,PASS
SCHO_NT,F14,9,1008,4025409,30,500,2,-65.536000000000001,65.536000000000001,1.0,0.9980038378736543,480.050865101365,0.9980038378736543,0.5241588999924716,PASS
SCHO_NT,F14,12,1011,4025412,30,500,2,-65.536000000000001,65.536000000000001,1.0,10.763180666793577,16.441007314171465,10.763180666793577,0.5027009000041289,PASS
SCHO_NT,F14,11,1010,4025411,30,500,2,-65.536000000000001,65.536000000000001,1.0,2.982105156816826,115.8570972449099,2.982105156816826,0.5393236999952933,PASS
SCHO_NT,F14,13,1012,4025413,30,500,2,-65.536000000000001,65.536000000000001,1.0,2.9821051568191552,16.402755922508554,2.9821051568191552,0.4687567999935709,PASS
SCHO_NT,F14,14,1013,4025414,30,500,2,-65.536000000000001,65.536000000000001,1.0,12.670505811135616,73.97889205821518,12.670505811135616,0.5090626000019256,PASS
SCHO_NT,F14,15,1014,4025415,30,500,2,-65.536000000000001,65.536000000000001,1.0,0.9980038378573032,65.35361146386387,0.9980038378573032,0.5183737999905134,PASS
SCHO_NT,F14,16,1015,4025416,30,500,2,-65.536000000000001,65.536000000000001,1.0,10.763180666936282,17.659718800789545,10.763180666936282,0.5064734000043245,PASS
SCHO_NT,F14,17,1016,4025417,30,500,2,-65.536000000000001,65.536000000000001,1.0,10.763180917926464,438.10288921782666,10.763180917926464,0.5362678000092274,PASS
SCHO_NT,F14,18,1017,4025418,30,500,2,-65.536000000000001,65.536000000000001,1.0,10.7631806667914,237.59430741100795,10.7631806667914,0.5340634000021964,PASS
SCHO_NT,F14,20,1019,4025420,30,500,2,-65.536000000000001,65.536000000000001,1.0,2.982105156824213,179.17713904158902,2.982105156824213,0.5459886000026017,PASS
SCHO_NT,F14,19,1018,4025419,30,500,2,-65.536000000000001,65.536000000000001,1.0,0.9980038378451731,2.286243956447089,0.9980038378451731,0.5544502999982797,PASS
SCHO_NT,F14,21,1020,4025421,30,500,2,-65.536000000000001,65.536000000000001,1.0,12.67050581113556,87.51907188492201,12.67050581113556,0.5124152000062168,PASS
SCHO_NT,F14,23,1022,4025423,30,500,2,-65.536000000000001,65.536000000000001,1.0,2.9821051568195713,9.804625661988586,2.9821051568195713,0.49869069999840576,PASS
SCHO_NT,F14,22,1021,4025422,30,500,2,-65.536000000000001,65.536000000000001,1.0,2.9821051568240033,29.199725330593285,2.9821051568240033,0.5403407999983756,PASS
SCHO_NT,F14,24,1023,4025424,30,500,2,-65.536000000000001,65.536000000000001,1.0,10.763180669347387,294.0509123316119,10.763180669347387,0.518169199989643,PASS
SCHO_NT,F14,26,1025,4025426,30,500,2,-65.536000000000001,65.536000000000001,1.0,0.9980038378230542,421.40232505995556,0.9980038378230542,0.5247224000049755,PASS
SCHO_NT,F14,27,1026,4025427,30,500,2,-65.536000000000001,65.536000000000001,1.0,12.67050581113556,337.8200873186404,12.67050581113556,0.538580100008403,PASS
SCHO_NT,F14,28,1027,4025428,30,500,2,-65.536000000000001,65.536000000000001,1.0,10.763180680370374,160.2537413920019,10.763180680370374,0.5565084999980172,PASS
SCHO_NT,F14,25,1024,4025425,30,500,2,-65.536000000000001,65.536000000000001,1.0,12.670505811135914,320.00268640700443,12.670505811135914,0.5896886999980779,PASS
SCHO_NT,F14,30,1029,4025430,30,500,2,-65.536000000000001,65.536000000000001,1.0,0.9980038378404491,15.999537865751927,0.9980038378404491,0.481374599999981,PASS
SCHO_NT,F15,2,1001,4025502,30,500,4,-5,5,0.0003,0.0004322047726484934,1.2717309895536486,0.0004322047726484934,0.45862099999794737,PASS
SCHO_NT,F15,1,1000,4025501,30,500,4,-5,5,0.0003,0.0005412242118541412,0.30191456608898665,0.0005412242118541412,0.5070912999944994,PASS
SCHO_NT,F14,29,1028,4025429,30,500,2,-65.536000000000001,65.536000000000001,1.0,0.9980038383360499,2.3576554955050417,0.9980038383360499,0.5503498000034597,PASS
SCHO_NT,F15,3,1002,4025503,30,500,4,-5,5,0.0003,0.0006838796077509255,0.3644888722730511,0.0006838796077509255,0.47728140000253916,PASS
SCHO_NT,F15,4,1003,4025504,30,500,4,-5,5,0.0003,0.0003077648582130732,0.1609090192272938,0.0003077648582130732,0.48751190000621136,PASS
SCHO_NT,F15,6,1005,4025506,30,500,4,-5,5,0.0003,0.0008153181132889384,0.12186464086944875,0.0008153181132889384,0.4843049000046449,PASS
SCHO_NT,F15,5,1004,4025505,30,500,4,-5,5,0.0003,0.0004652789736269868,0.12948702495992004,0.0004652789736269868,0.4935637000016868,PASS
SCHO_NT,F15,7,1006,4025507,30,500,4,-5,5,0.0003,0.001117805840777968,0.12363760498402297,0.001117805840777968,0.5467319000017596,PASS
SCHO_NT,F15,8,1007,4025508,30,500,4,-5,5,0.0003,0.0003374400998205421,0.09018764359449179,0.0003374400998205421,0.5338003999931971,PASS
SCHO_NT,F15,10,1009,4025510,30,500,4,-5,5,0.0003,0.0025487954956163812,0.13877679138861554,0.0025487954956163812,0.5291988999961177,PASS
SCHO_NT,F15,9,1008,4025509,30,500,4,-5,5,0.0003,0.0007313170677323969,2.2394826617102606,0.0007313170677323969,0.5633355999889318,PASS
SCHO_NT,F15,11,1010,4025511,30,500,4,-5,5,0.0003,0.0003110745384443597,0.03239128528085753,0.0003110745384443597,0.5656683999986853,PASS
SCHO_NT,F15,12,1011,4025512,30,500,4,-5,5,0.0003,0.00037483753715591734,0.23498015533649527,0.00037483753715591734,0.5774768000119366,PASS
SCHO_NT,F15,14,1013,4025514,30,500,4,-5,5,0.0003,0.0003199770115845414,0.1598298890496266,0.0003199770115845414,0.5528254000091692,PASS
SCHO_NT,F15,13,1012,4025513,30,500,4,-5,5,0.0003,0.0011488923049414648,0.1306304824855118,0.0011488923049414648,0.5747649000113597,PASS
SCHO_NT,F15,15,1014,4025515,30,500,4,-5,5,0.0003,0.0003092821591257364,0.10205617825736528,0.0003092821591257364,0.5413038000115193,PASS
SCHO_NT,F15,16,1015,4025516,30,500,4,-5,5,0.0003,0.0018934506339635423,2.092356457574675,0.0018934506339635423,0.5595855999999912,PASS
SCHO_NT,F15,17,1016,4025517,30,500,4,-5,5,0.0003,0.00042540180577242237,0.2605680364275185,0.00042540180577242237,0.5646482000011019,PASS
SCHO_NT,F15,18,1017,4025518,30,500,4,-5,5,0.0003,0.0008574825135545779,0.14977648977909336,0.0008574825135545779,0.5507300000026589,PASS
SCHO_NT,F15,20,1019,4025520,30,500,4,-5,5,0.0003,0.0003090590555138007,0.1359115073620081,0.0003090590555138007,0.5727035000018077,PASS
SCHO_NT,F15,19,1018,4025519,30,500,4,-5,5,0.0003,0.0007993145150147677,0.1985628632680977,0.0007993145150147677,0.6000403000070946,PASS
SCHO_NT,F15,22,1021,4025522,30,500,4,-5,5,0.0003,0.0007500071630916645,0.5524050984541609,0.0007500071630916645,0.586176600001636,PASS
SCHO_NT,F15,21,1020,4025521,30,500,4,-5,5,0.0003,0.0016016208030348198,0.4954470688391197,0.0016016208030348198,0.6037565000005998,PASS
SCHO_NT,F15,23,1022,4025523,30,500,4,-5,5,0.0003,0.0006642354357218722,0.29407409982959576,0.0006642354357218722,0.5746374999871477,PASS
SCHO_NT,F15,25,1024,4025525,30,500,4,-5,5,0.0003,0.00032892471091174627,0.054825133501047195,0.00032892471091174627,0.5524176000035368,PASS
SCHO_NT,F15,26,1025,4025526,30,500,4,-5,5,0.0003,0.0005576003657127992,0.2996859951874783,0.0005576003657127992,0.5412999999971362,PASS
SCHO_NT,F15,24,1023,4025524,30,500,4,-5,5,0.0003,0.0009164543671681135,0.298411205199563,0.0009164543671681135,0.5607031999970786,PASS
SCHO_NT,F15,27,1026,4025527,30,500,4,-5,5,0.0003,0.0006445300812698045,0.08376195205332174,0.0006445300812698045,0.5201276000007056,PASS
SCHO_NT,F15,30,1029,4025530,30,500,4,-5,5,0.0003,0.0009864072021173254,0.14413165160408462,0.0009864072021173254,0.5092865000042366,PASS
SCHO_NT,F15,29,1028,4025529,30,500,4,-5,5,0.0003,0.001038694799708778,0.08098779060507648,0.001038694799708778,0.5368347000039648,PASS
SCHO_NT,F15,28,1027,4025528,30,500,4,-5,5,0.0003,0.0007422900964219486,0.03968409975464774,0.0007422900964219486,0.5402433999988716,PASS
SCHO_NT,F16,1,1000,4025601,30,500,2,-5,5,-1.0316,-1.0316284272897738,2.181179457071373,-1.0316284272897738,0.2482497000019066,PASS
SCHO_NT,F16,2,1001,4025602,30,500,2,-5,5,-1.0316,-1.0316284487690994,-0.027012733357646004,-1.0316284487690994,0.23261939999065362,PASS
SCHO_NT,F16,4,1003,4025604,30,500,2,-5,5,-1.0316,-1.0316284451046218,-0.39997849461446167,-1.0316284451046218,0.22764539999479894,PASS
SCHO_NT,F16,3,1002,4025603,30,500,2,-5,5,-1.0316,-1.0316284482177687,0.7607607404739891,-1.0316284482177687,0.2424526000104379,PASS
SCHO_NT,F16,5,1004,4025605,30,500,2,-5,5,-1.0316,-1.0316284063162042,-0.170143036311162,-1.0316284063162042,0.2550702999869827,PASS
SCHO_NT,F16,6,1005,4025606,30,500,2,-5,5,-1.0316,-1.0316284140677152,-0.9735315253417971,-1.0316284140677152,0.2734000000054948,PASS
SCHO_NT,F16,7,1006,4025607,30,500,2,-5,5,-1.0316,-1.0316284528078135,-0.20638118856745086,-1.0316284528078135,0.28019039999344386,PASS
SCHO_NT,F16,8,1007,4025608,30,500,2,-5,5,-1.0316,-1.0316284121481158,-0.24021923047679472,-1.0316284121481158,0.2883865000039805,PASS
SCHO_NT,F16,9,1008,4025609,30,500,2,-5,5,-1.0316,-1.0316284477123032,2.3278539991551703,-1.0316284477123032,0.25112929999886546,PASS
SCHO_NT,F16,10,1009,4025610,30,500,2,-5,5,-1.0316,-1.0316284525647084,1.0848751489960493,-1.0316284525647084,0.22351979999803007,PASS
SCHO_NT,F16,11,1010,4025611,30,500,2,-5,5,-1.0316,-1.0316284483250429,2.3611245635192675,-1.0316284483250429,0.22457200000644661,PASS
SCHO_NT,F16,12,1011,4025612,30,500,2,-5,5,-1.0316,-1.031628434608291,-1.0303686554309606,-1.031628434608291,0.22534589999122545,PASS
SCHO_NT,F16,13,1012,4025613,30,500,2,-5,5,-1.0316,-1.031628434657109,1.5398855373431712,-1.031628434657109,0.2537324000004446,PASS
SCHO_NT,F16,14,1013,4025614,30,500,2,-5,5,-1.0316,-1.0316284384462922,-0.8050538505238225,-1.0316284384462922,0.2552012000087416,PASS
SCHO_NT,F16,16,1015,4025616,30,500,2,-5,5,-1.0316,-1.031628362842282,0.7787012712336405,-1.031628362842282,0.27692479999677744,PASS
SCHO_NT,F16,15,1014,4025615,30,500,2,-5,5,-1.0316,-1.0316284288414346,0.23957312171001172,-1.0316284288414346,0.292957400000887,PASS
SCHO_NT,F16,17,1016,4025617,30,500,2,-5,5,-1.0316,-1.0316284491950556,0.9570585820096484,-1.0316284491950556,0.23381859999790322,PASS
SCHO_NT,F16,18,1017,4025618,30,500,2,-5,5,-1.0316,-1.0316284223912828,1.6470124840433833,-1.0316284223912828,0.24500779999652877,PASS
SCHO_NT,F16,19,1018,4025619,30,500,2,-5,5,-1.0316,-1.031628450496936,0.7878546115016152,-1.031628450496936,0.2360670000052778,PASS
SCHO_NT,F16,20,1019,4025620,30,500,2,-5,5,-1.0316,-1.0316284095113644,-0.9362291745164019,-1.0316284095113644,0.25143849999585655,PASS
SCHO_NT,F16,21,1020,4025621,30,500,2,-5,5,-1.0316,-1.0316283570820304,0.6778025610508492,-1.0316283570820304,0.26854270001058467,PASS
SCHO_NT,F16,24,1023,4025624,30,500,2,-5,5,-1.0316,-1.031628452350645,2.6557067430875065,-1.031628452350645,0.25425720000930596,PASS
SCHO_NT,F16,23,1022,4025623,30,500,2,-5,5,-1.0316,-1.0316284418603903,1.3326463850849646,-1.0316284418603903,0.2625566000060644,PASS
SCHO_NT,F16,22,1021,4025622,30,500,2,-5,5,-1.0316,-1.0316284466677093,1.5766615624712603,-1.0316284466677093,0.2679523000115296,PASS
SCHO_NT,F16,25,1024,4025625,30,500,2,-5,5,-1.0316,-1.031628417116272,2.429026067201413,-1.031628417116272,0.22135600000910927,PASS
SCHO_NT,F16,26,1025,4025626,30,500,2,-5,5,-1.0316,-1.0316284384408105,21.49073996804959,-1.0316284384408105,0.2152442000078736,PASS
SCHO_NT,F16,28,1027,4025628,30,500,2,-5,5,-1.0316,-1.0316284427374032,0.6076326090253817,-1.0316284427374032,0.24480879999464378,PASS
SCHO_NT,F16,27,1026,4025627,30,500,2,-5,5,-1.0316,-1.031628420602362,-0.1512971369952485,-1.031628420602362,0.26120300000184216,PASS
SCHO_NT,F16,29,1028,4025629,30,500,2,-5,5,-1.0316,-1.0316284405149527,-0.12993145689296656,-1.0316284405149527,0.22994449999532662,PASS
SCHO_NT,F16,30,1029,4025630,30,500,2,-5,5,-1.0316,-1.0316284102071556,2.6013826494536425,-1.0316284102071556,0.24093050000374205,PASS
SCHO_NT,F17,2,1001,4025702,30,500,2,-5;0,10;15,0.397887,0.39789845819345615,1.2443773973881989,0.39789845819345615,0.26670690000173636,PASS
SCHO_NT,F17,1,1000,4025701,30,500,2,-5;0,10;15,0.397887,0.3978919219023709,1.0638829597342436,0.3978919219023709,0.28108320001047105,PASS
SCHO_NT,F17,3,1002,4025703,30,500,2,-5;0,10;15,0.397887,0.3978878918207691,0.5710175662180976,0.3978878918207691,0.24141449999297038,PASS
SCHO_NT,F17,4,1003,4025704,30,500,2,-5;0,10;15,0.397887,0.3978894125287109,2.6652672686497105,0.3978894125287109,0.2321347999968566,PASS
SCHO_NT,F17,5,1004,4025705,30,500,2,-5;0,10;15,0.397887,0.3978894782609572,0.7300291394205143,0.3978894782609572,0.23679439999978058,PASS
SCHO_NT,F17,6,1005,4025706,30,500,2,-5;0,10;15,0.397887,0.39788885590573564,0.7328401017256851,0.39788885590573564,0.24170759999833535,PASS
SCHO_NT,F17,7,1006,4025707,30,500,2,-5;0,10;15,0.397887,0.3978904827747094,1.0302901000661695,0.3978904827747094,0.2625449000042863,PASS
SCHO_NT,F17,9,1008,4025709,30,500,2,-5;0,10;15,0.397887,0.3978890527876242,1.6574038437894387,0.3978890527876242,0.24080400000093505,PASS
SCHO_NT,F17,10,1009,4025710,30,500,2,-5;0,10;15,0.397887,0.3978895431317575,3.966514797561688,0.3978895431317575,0.2409260999993421,PASS
SCHO_NT,F17,8,1007,4025708,30,500,2,-5;0,10;15,0.397887,0.3978936892686029,0.8184767311208248,0.3978936892686029,0.2669843000039691,PASS
SCHO_NT,F17,11,1010,4025711,30,500,2,-5;0,10;15,0.397887,0.39788842473253716,0.9236150306333499,0.39788842473253716,0.2188680000108434,PASS
SCHO_NT,F17,12,1011,4025712,30,500,2,-5;0,10;15,0.397887,0.39788801706879795,4.005505020167275,0.39788801706879795,0.22022770000330638,PASS
SCHO_NT,F17,13,1012,4025713,30,500,2,-5;0,10;15,0.397887,0.3978956232276971,0.653014811080423,0.3978956232276971,0.2500990999978967,PASS
SCHO_NT,F17,14,1013,4025714,30,500,2,-5;0,10;15,0.397887,0.39788792517462745,1.2794390638585824,0.39788792517462745,0.2521116999996593,PASS
SCHO_NT,F17,15,1014,4025715,30,500,2,-5;0,10;15,0.397887,0.39788743113709835,0.5699043454949582,0.39788743113709835,0.25864590000128374,PASS
SCHO_NT,F17,16,1015,4025716,30,500,2,-5;0,10;15,0.397887,0.3978925805633988,0.5472008050952475,0.3978925805633988,0.2508298999891849,PASS
SCHO_NT,F17,17,1016,4025717,30,500,2,-5;0,10;15,0.397887,0.39788764344126015,1.9307324415435367,0.39788764344126015,0.24662170000374317,PASS
SCHO_NT,F17,18,1017,4025718,30,500,2,-5;0,10;15,0.397887,0.3978923143602202,1.6377791627432448,0.3978923143602202,0.2706161000096472,PASS
SCHO_NT,F17,19,1018,4025719,30,500,2,-5;0,10;15,0.397887,0.39788761235926806,1.8190149992010163,0.39788761235926806,0.22778650000691414,PASS
SCHO_NT,F17,20,1019,4025720,30,500,2,-5;0,10;15,0.397887,0.3978908012657083,0.4636423262601532,0.3978908012657083,0.22967029998835642,PASS
SCHO_NT,F17,21,1020,4025721,30,500,2,-5;0,10;15,0.397887,0.39788785410452476,2.247938566819121,0.39788785410452476,0.22837369999615476,PASS
SCHO_NT,F17,22,1021,4025722,30,500,2,-5;0,10;15,0.397887,0.3978976479987466,1.8216716190815827,0.3978976479987466,0.2128274999995483,PASS
SCHO_NT,F17,23,1022,4025723,30,500,2,-5;0,10;15,0.397887,0.39788859080958794,0.615174882056257,0.39788859080958794,0.27086590000544675,PASS
SCHO_NT,F17,24,1023,4025724,30,500,2,-5;0,10;15,0.397887,0.39788846714807136,14.151514125962425,0.39788846714807136,0.24332270000013523,PASS
SCHO_NT,F17,26,1025,4025726,30,500,2,-5;0,10;15,0.397887,0.39788773522107945,3.889306158017198,0.39788773522107945,0.24813100000028498,PASS
SCHO_NT,F17,25,1024,4025725,30,500,2,-5;0,10;15,0.397887,0.39789107067902485,1.6869208412063283,0.39789107067902485,0.2600825999979861,PASS
SCHO_NT,F17,28,1027,4025728,30,500,2,-5;0,10;15,0.397887,0.39789243470912083,2.9510390763983754,0.39789243470912083,0.22440970000752714,PASS
SCHO_NT,F17,27,1026,4025727,30,500,2,-5;0,10;15,0.397887,0.3978874713519289,1.0566819945015116,0.3978874713519289,0.236316499998793,PASS
SCHO_NT,F17,29,1028,4025729,30,500,2,-5;0,10;15,0.397887,0.39789117142547425,2.4485590920128137,0.39789117142547425,0.24792139999044593,PASS
SCHO_NT,F17,30,1029,4025730,30,500,2,-5;0,10;15,0.397887,0.39789097890801983,0.47798940625165187,0.39789097890801983,0.2517762000061339,PASS
SCHO_NT,F18,1,1000,4025801,30,500,2,-2,2,3.0,3.0000012832542775,81.38562380070489,3.0000012832542775,0.2724778000119841,PASS
SCHO_NT,F18,2,1001,4025802,30,500,2,-2,2,3.0,26.117364264666744,30.688673464406033,26.117364264666744,0.2711027999903308,PASS
SCHO_NT,F18,4,1003,4025804,30,500,2,-2,2,3.0,3.0000006716492176,93.48619771902435,3.0000006716492176,0.2812162000045646,PASS
SCHO_NT,F18,3,1002,4025803,30,500,2,-2,2,3.0,3.0000038639196873,34.965342142586636,3.0000038639196873,0.2925224999926286,PASS
SCHO_NT,F18,5,1004,4025805,30,500,2,-2,2,3.0,3.0000056855826154,50.082085355619114,3.0000056855826154,0.2295618999924045,PASS
SCHO_NT,F18,6,1005,4025806,30,500,2,-2,2,3.0,3.0000013169552573,60.063618491605254,3.0000013169552573,0.2536896999954479,PASS
SCHO_NT,F18,7,1006,4025807,30,500,2,-2,2,3.0,3.0000010138812856,5.7914370508281126,3.0000010138812856,0.23462040000595152,PASS
SCHO_NT,F18,8,1007,4025808,30,500,2,-2,2,3.0,3.0000014190173667,64.59830186416433,3.0000014190173667,0.24512490000051912,PASS
SCHO_NT,F18,9,1008,4025809,30,500,2,-2,2,3.0,3.0000025113901727,25.521419373542102,3.0000025113901727,0.26007420000678394,PASS
SCHO_NT,F18,10,1009,4025810,30,500,2,-2,2,3.0,3.0000028460265447,3.5313798537296646,3.0000028460265447,0.26380250000511296,PASS
SCHO_NT,F18,12,1011,4025812,30,500,2,-2,2,3.0,3.0000060734678824,39.964935115530984,3.0000060734678824,0.2702091999963159,PASS
SCHO_NT,F18,11,1010,4025811,30,500,2,-2,2,3.0,3.0000000248123007,88.7536597773862,3.0000000248123007,0.28298990000621416,PASS
SCHO_NT,F18,15,1014,4025815,30,500,2,-2,2,3.0,3.0000002877418437,21.8168014034403,3.0000002877418437,0.23017609999806155,PASS
SCHO_NT,F18,16,1015,4025816,30,500,2,-2,2,3.0,3.146796482872686,329.91156437221537,3.146796482872686,0.24170250000315718,PASS
SCHO_NT,F18,13,1012,4025813,30,500,2,-2,2,3.0,3.000003608925867,9.426190913628409,3.000003608925867,0.267471300001489,PASS
SCHO_NT,F18,14,1013,4025814,30,500,2,-2,2,3.0,3.000000183795193,13.07568843364808,3.000000183795193,0.2794488000072306,PASS
SCHO_NT,F18,17,1016,4025817,30,500,2,-2,2,3.0,3.0000023743317272,91.84738429723461,3.0000023743317272,0.2475578999874415,PASS
SCHO_NT,F18,18,1017,4025818,30,500,2,-2,2,3.0,3.000001436885652,195.47673454838912,3.000001436885652,0.24893349999911152,PASS
SCHO_NT,F18,20,1019,4025820,30,500,2,-2,2,3.0,3.000007557405683,273.7028443942355,3.000007557405683,0.2590104999981122,PASS
SCHO_NT,F18,19,1018,4025819,30,500,2,-2,2,3.0,3.0000005782451393,10.909611757157371,3.0000005782451393,0.26401340001029894,PASS
SCHO_NT,F18,22,1021,4025822,30,500,2,-2,2,3.0,3.000000059526437,66.7727554338801,3.000000059526437,0.2229821999935666,PASS
SCHO_NT,F18,21,1020,4025821,30,500,2,-2,2,3.0,84.00012105996721,317.38163063086415,84.00012105996721,0.23097759998927359,PASS
SCHO_NT,F18,24,1023,4025824,30,500,2,-2,2,3.0,3.000009163157706,35.89485466192964,3.000009163157706,0.2308733999961987,PASS
SCHO_NT,F18,23,1022,4025823,30,500,2,-2,2,3.0,23.294935594494458,77.76899365473201,23.294935594494458,0.2391158000100404,PASS
SCHO_NT,F18,25,1024,4025825,30,500,2,-2,2,3.0,3.0000001868331845,77.76507019353373,3.0000001868331845,0.2729596999997739,PASS
SCHO_NT,F18,28,1027,4025828,30,500,2,-2,2,3.0,3.0000001982914593,18.92539432381692,3.0000001982914593,0.25590119999833405,PASS
SCHO_NT,F18,26,1025,4025826,30,500,2,-2,2,3.0,3.0000023448934945,52.45697833328407,3.0000023448934945,0.27687970000260975,PASS
SCHO_NT,F18,27,1026,4025827,30,500,2,-2,2,3.0,3.000002595706859,64.85636849106568,3.000002595706859,0.28054739999060985,PASS
SCHO_NT,F18,29,1028,4025829,30,500,2,-2,2,3.0,15.899742196766251,45.603141869610994,15.899742196766251,0.22715940000489354,PASS
SCHO_NT,F18,30,1029,4025830,30,500,2,-2,2,3.0,3.0000000138307645,9.657899738468323,3.0000000138307645,0.23639120000007097,PASS
SCHO_NT,F19,2,1001,4025902,30,500,3,0,1,-3.8628,-3.862774006652789,-3.0010573399050178,-3.862774006652789,0.5561420000012731,PASS
SCHO_NT,F19,1,1000,4025901,30,500,3,0,1,-3.8628,-3.862756729066003,-2.8152364689429965,-3.862756729066003,0.5699673000053735,PASS
SCHO_NT,F19,3,1002,4025903,30,500,3,0,1,-3.8628,-3.8627722618011524,-3.725083575446613,-3.8627722618011524,0.6356284999928903,PASS
SCHO_NT,F19,4,1003,4025904,30,500,3,0,1,-3.8628,-3.862776291681777,-3.1461542137665415,-3.862776291681777,0.6633940000028815,PASS
SCHO_NT,F19,6,1005,4025906,30,500,3,0,1,-3.8628,-3.862778690862135,-3.5964528439046646,-3.862778690862135,0.6608321999956388,PASS
SCHO_NT,F19,5,1004,4025905,30,500,3,0,1,-3.8628,-3.8557704591791175,-3.639512885449389,-3.8557704591791175,0.6947895000048447,PASS
SCHO_NT,F19,7,1006,4025907,30,500,3,0,1,-3.8628,-3.862772384561466,-3.5365431240230087,-3.862772384561466,0.5749804999941261,PASS
SCHO_NT,F19,8,1007,4025908,30,500,3,0,1,-3.8628,-3.8627760090145493,-3.371709865860915,-3.8627760090145493,0.5983517999993637,PASS
SCHO_NT,F19,9,1008,4025909,30,500,3,0,1,-3.8628,-3.862773397821849,-2.3770187007264147,-3.862773397821849,0.6464732000022195,PASS
SCHO_NT,F19,10,1009,4025910,30,500,3,0,1,-3.8628,-3.862774107454193,-3.6842803474191888,-3.862774107454193,0.6309265000018058,PASS
SCHO_NT,F19,11,1010,4025911,30,500,3,0,1,-3.8628,-3.858931993160069,-3.3317115223347478,-3.858931993160069,0.6120360000059009,PASS
SCHO_NT,F19,12,1011,4025912,30,500,3,0,1,-3.8628,-3.8627702581322936,-3.4451524449101667,-3.8627702581322936,0.6266520999924978,PASS
SCHO_NT,F19,13,1012,4025913,30,500,3,0,1,-3.8628,-3.8627633076193377,-3.635871471826206,-3.8627633076193377,0.6340212999930372,PASS
SCHO_NT,F19,14,1013,4025914,30,500,3,0,1,-3.8628,-3.8627775836575204,-2.7738840559770095,-3.8627775836575204,0.642510100005893,PASS
SCHO_NT,F19,17,1016,4025917,30,500,3,0,1,-3.8628,-3.862772928270297,-2.5942404342513865,-3.862772928270297,0.5979732999985572,PASS
SCHO_NT,F19,16,1015,4025916,30,500,3,0,1,-3.8628,-3.862767128883806,-3.3706466472251426,-3.862767128883806,0.6187252999952761,PASS
SCHO_NT,F19,15,1014,4025915,30,500,3,0,1,-3.8628,-3.862772828624433,-3.0661071327576335,-3.862772828624433,0.6396949000045424,PASS
SCHO_NT,F19,18,1017,4025918,30,500,3,0,1,-3.8628,-3.855007994901402,-3.529350907698285,-3.855007994901402,0.6041089999926044,PASS
SCHO_NT,F19,20,1019,4025920,30,500,3,0,1,-3.8628,-3.862767617376206,-2.937918383007861,-3.862767617376206,0.607498500001384,PASS
SCHO_NT,F19,21,1020,4025921,30,500,3,0,1,-3.8628,-3.8627797611179417,-2.5311476977977185,-3.8627797611179417,0.6246127000049455,PASS
SCHO_NT,F19,19,1018,4025919,30,500,3,0,1,-3.8628,-3.862775850850832,-3.399138298593093,-3.862775850850832,0.6643670000048587,PASS
SCHO_NT,F19,22,1021,4025922,30,500,3,0,1,-3.8628,-3.8627663099560037,-3.757311537153646,-3.8627663099560037,0.6688959000020986,PASS
SCHO_NT,F19,23,1022,4025923,30,500,3,0,1,-3.8628,-3.8627791298764005,-3.2132895898117337,-3.8627791298764005,0.6325761000043713,PASS
SCHO_NT,F19,25,1024,4025925,30,500,3,0,1,-3.8628,-3.862776810302285,-3.2314525429469114,-3.862776810302285,0.6265399999974761,PASS
SCHO_NT,F19,24,1023,4025924,30,500,3,0,1,-3.8628,-3.8549007510179267,-3.0648914677945323,-3.8549007510179267,0.6534390000015264,PASS
SCHO_NT,F19,26,1025,4025926,30,500,3,0,1,-3.8628,-3.8627676502283643,-2.924795237972474,-3.8627676502283643,0.6191900000121677,PASS
SCHO_NT,F19,27,1026,4025927,30,500,3,0,1,-3.8628,-3.8627775935349327,-2.8590384198361467,-3.8627775935349327,0.6197222999908263,PASS
SCHO_NT,F19,28,1027,4025928,30,500,3,0,1,-3.8628,-3.8627758043906657,-3.0773264067719293,-3.8627758043906657,0.6351218999916455,PASS
SCHO_NT,F19,29,1028,4025929,30,500,3,0,1,-3.8628,-3.862776870496603,-2.805569559471893,-3.862776870496603,0.6562575999996625,PASS
SCHO_NT,F19,30,1029,4025930,30,500,3,0,1,-3.8628,-3.8627734954370285,-3.661052938270577,-3.8627734954370285,0.656427399997483,PASS
SCHO_NT,F20,1,1000,4026001,30,500,6,0,1,-3.322,-3.3221333126080093,-1.719657427599971,-3.3221333126080093,0.7641454999975394,PASS
SCHO_NT,F20,4,1003,4026004,30,500,6,0,1,-3.322,-3.32207179831207,-1.4156844025488817,-3.32207179831207,0.7840465000044787,PASS
SCHO_NT,F20,2,1001,4026002,30,500,6,0,1,-3.322,-3.3220451621797573,-2.366607712192178,-3.3220451621797573,0.8343407000065781,PASS
SCHO_NT,F20,3,1002,4026003,30,500,6,0,1,-3.322,-3.19726059634143,-2.639546222318051,-3.19726059634143,0.8207578000001376,PASS
SCHO_NT,F20,5,1004,4026005,30,500,6,0,1,-3.322,-3.09894955053293,-1.546975718287114,-3.09894955053293,0.8599105000030249,PASS
SCHO_NT,F20,8,1007,4026008,30,500,6,0,1,-3.322,-3.3219157323740816,-1.1897588416913751,-3.3219157323740816,0.8449598000006517,PASS
SCHO_NT,F20,7,1006,4026007,30,500,6,0,1,-3.322,-3.322044679702829,-1.3524600207773423,-3.322044679702829,0.8535930999933043,PASS
SCHO_NT,F20,6,1005,4026006,30,500,6,0,1,-3.322,-3.137642264173468,-0.9891623935739681,-3.137642264173468,0.8921493999951053,PASS
SCHO_NT,F20,9,1008,4026009,30,500,6,0,1,-3.322,-3.2028818308208926,-2.5573730477528325,-3.2028818308208926,0.8098442999908002,PASS
SCHO_NT,F20,10,1009,4026010,30,500,6,0,1,-3.322,-3.2017096612353004,-1.5097145340696625,-3.2017096612353004,0.8172460999921896,PASS
SCHO_NT,F20,12,1011,4026012,30,500,6,0,1,-3.322,-3.2025958223585724,-1.3334487205410632,-3.2025958223585724,0.8069455000077141,PASS
SCHO_NT,F20,11,1010,4026011,30,500,6,0,1,-3.322,-3.3215315965162935,-0.6291784544978798,-3.3215315965162935,0.8426922999933595,PASS
SCHO_NT,F20,13,1012,4026013,30,500,6,0,1,-3.322,-3.3219847391109196,-1.0595512897021777,-3.3219847391109196,0.8309883999900194,PASS
SCHO_NT,F20,16,1015,4026016,30,500,6,0,1,-3.322,-3.3217037861301315,-1.42589448097107,-3.3217037861301315,0.8199821000016527,PASS
SCHO_NT,F20,15,1014,4026015,30,500,6,0,1,-3.322,-3.203032171199977,-2.443957038960648,-3.203032171199977,0.8273540999944089,PASS
SCHO_NT,F20,14,1013,4026014,30,500,6,0,1,-3.322,-3.202368044937583,-1.8745849243144121,-3.202368044937583,0.8380370000086259,PASS
SCHO_NT,F20,17,1016,4026017,30,500,6,0,1,-3.322,-3.3217892668861886,-0.7707250057888351,-3.3217892668861886,0.8387705000059213,PASS
SCHO_NT,F20,20,1019,4026020,30,500,6,0,1,-3.322,-3.3217968580447113,-1.1694872668654595,-3.3217968580447113,0.7989454999915324,PASS
SCHO_NT,F20,19,1018,4026019,30,500,6,0,1,-3.322,-3.3220755265925157,-1.6501266361374602,-3.3220755265925157,0.8084321999922395,PASS
SCHO_NT,F20,18,1017,4026018,30,500,6,0,1,-3.322,-3.32148238497215,-1.2806836046999825,-3.32148238497215,0.8241713999886997,PASS
SCHO_NT,F20,21,1020,4026021,30,500,6,0,1,-3.322,-3.321468960446603,-1.3182646272649436,-3.321468960446603,0.8265553000092041,PASS
SCHO_NT,F20,22,1021,4026022,30,500,6,0,1,-3.322,-3.322020830135588,-1.9643777697330147,-3.322020830135588,0.8491881000081776,PASS
SCHO_NT,F20,23,1022,4026023,30,500,6,0,1,-3.322,-3.2019460133036564,-0.8292420221596318,-3.2019460133036564,0.8591526000091108,PASS
SCHO_NT,F20,24,1023,4026024,30,500,6,0,1,-3.322,-3.3216905523207885,-1.66295644462256,-3.3216905523207885,0.8718403999955626,PASS
SCHO_NT,F20,26,1025,4026026,30,500,6,0,1,-3.322,-3.0768526050382383,-1.6523507833992392,-3.0768526050382383,0.7815236000024015,PASS
SCHO_NT,F20,25,1024,4026025,30,500,6,0,1,-3.322,-3.3218030457735375,-0.9695628721775759,-3.3218030457735375,0.816010800001095,PASS
SCHO_NT,F20,27,1026,4026027,30,500,6,0,1,-3.322,-3.2030655784863313,-2.2223661928383214,-3.2030655784863313,0.7912423999950988,PASS
SCHO_NT,F20,28,1027,4026028,30,500,6,0,1,-3.322,-3.321545331168344,-0.7602290577530897,-3.321545331168344,0.8479878000071039,PASS
SCHO_NT,F21,1,1000,4026101,30,500,4,0,10,-10.1532,-10.123981037923448,-0.7856612453746614,-10.123981037923448,0.7196868000028189,PASS
SCHO_NT,F21,2,1001,4026102,30,500,4,0,10,-10.1532,-5.09096350231581,-0.255284514021552,-5.09096350231581,0.7569707000075141,PASS
SCHO_NT,F20,29,1028,4026029,30,500,6,0,1,-3.322,-3.3219824295562024,-1.1782094607932692,-3.3219824295562024,0.8563534999993863,PASS
SCHO_NT,F20,30,1029,4026030,30,500,6,0,1,-3.322,-3.322075692241015,-1.358077861654103,-3.322075692241015,0.8478754999960074,PASS
SCHO_NT,F21,3,1002,4026103,30,500,4,0,10,-10.1532,-5.054594998271663,-0.7458813166548436,-5.054594998271663,0.6862694000010379,PASS
SCHO_NT,F21,4,1003,4026104,30,500,4,0,10,-10.1532,-5.071261535463582,-0.3482705863990612,-5.071261535463582,0.6770914999942761,PASS
SCHO_NT,F21,6,1005,4026106,30,500,4,0,10,-10.1532,-2.8127838386733424,-0.5910831778647738,-2.8127838386733424,0.654020899994066,PASS
SCHO_NT,F21,5,1004,4026105,30,500,4,0,10,-10.1532,-2.6275273252417173,-0.42018439611118236,-2.6275273252417173,0.6637040999921737,PASS
SCHO_NT,F21,7,1006,4026107,30,500,4,0,10,-10.1532,-2.6779274646603253,-0.42913328296464676,-2.6779274646603253,0.696791000009398,PASS
SCHO_NT,F21,8,1007,4026108,30,500,4,0,10,-10.1532,-5.055030675989866,-0.5537203015819497,-5.055030675989866,0.7018964000017149,PASS
SCHO_NT,F21,9,1008,4026109,30,500,4,0,10,-10.1532,-10.127081925413368,-0.3954824691564748,-10.127081925413368,0.7029050999990432,PASS
SCHO_NT,F21,10,1009,4026110,30,500,4,0,10,-10.1532,-10.140503314806917,-0.3873214329929367,-10.140503314806917,0.7011551999894436,PASS
SCHO_NT,F21,11,1010,4026111,30,500,4,0,10,-10.1532,-2.6287569222675122,-0.3122489822002593,-2.6287569222675122,0.6736356999899726,PASS
SCHO_NT,F21,13,1012,4026113,30,500,4,0,10,-10.1532,-10.12170797760821,-0.5398028645395757,-10.12170797760821,0.6695599000086077,PASS
SCHO_NT,F21,12,1011,4026112,30,500,4,0,10,-10.1532,-2.6260714046999176,-0.42577067910792477,-2.6260714046999176,0.6950976999942213,PASS
SCHO_NT,F21,14,1013,4026114,30,500,4,0,10,-10.1532,-2.6792354827485694,-0.4533003470413142,-2.6792354827485694,0.6919577000080608,PASS
SCHO_NT,F21,15,1014,4026115,30,500,4,0,10,-10.1532,-2.797722954428072,-0.3593500916460118,-2.797722954428072,0.690592300001299,PASS
SCHO_NT,F21,17,1016,4026117,30,500,4,0,10,-10.1532,-10.12254166498057,-1.3126153292827127,-10.12254166498057,0.70133710000664,PASS
SCHO_NT,F21,16,1015,4026116,30,500,4,0,10,-10.1532,-2.6699949760365356,-0.5643107717396479,-2.6699949760365356,0.7162010999891208,PASS
SCHO_NT,F21,18,1017,4026118,30,500,4,0,10,-10.1532,-5.079967908729462,-0.3187300785834754,-5.079967908729462,0.7058270999987144,PASS
SCHO_NT,F21,19,1018,4026119,30,500,4,0,10,-10.1532,-10.11628468234388,-0.4201398663247763,-10.11628468234388,0.655156300010276,PASS
SCHO_NT,F21,22,1021,4026122,30,500,4,0,10,-10.1532,-10.13087721383772,-0.8124729051033841,-10.13087721383772,0.6219586000079289,PASS
SCHO_NT,F21,20,1019,4026120,30,500,4,0,10,-10.1532,-5.0747827980508795,-0.556094779406882,-5.0747827980508795,0.6466679999866756,PASS
SCHO_NT,F21,21,1020,4026121,30,500,4,0,10,-10.1532,-2.6735909339518362,-0.39892324222710235,-2.6735909339518362,0.6705688999936683,PASS
SCHO_NT,F21,23,1022,4026123,30,500,4,0,10,-10.1532,-5.084984061825285,-0.5751988255431095,-5.084984061825285,0.7034769000019878,PASS
SCHO_NT,F21,24,1023,4026124,30,500,4,0,10,-10.1532,-2.6776413511203483,-0.36248300442977327,-2.6776413511203483,0.7348915999900782,PASS
SCHO_NT,F21,26,1025,4026126,30,500,4,0,10,-10.1532,-2.6301323289035063,-0.3234823818806821,-2.6301323289035063,0.7389385999995284,PASS
SCHO_NT,F21,25,1024,4026125,30,500,4,0,10,-10.1532,-2.677792230873514,-0.4078383896375593,-2.677792230873514,0.7623210000019753,PASS
SCHO_NT,F21,27,1026,4026127,30,500,4,0,10,-10.1532,-10.066836101768317,-0.29612421486392365,-10.066836101768317,0.6925466999964556,PASS
SCHO_NT,F21,30,1029,4026130,30,500,4,0,10,-10.1532,-5.054929923879793,-0.36908201859372297,-5.054929923879793,0.6698271000059322,PASS
SCHO_NT,F21,28,1027,4026128,30,500,4,0,10,-10.1532,-10.091627496534231,-0.3986533020007952,-10.091627496534231,0.6989221999974689,PASS
SCHO_NT,F21,29,1028,4026129,30,500,4,0,10,-10.1532,-10.095963000657393,-0.3985356486821531,-10.095963000657393,0.7144783999974607,PASS
SCHO_NT,F22,4,1003,4026204,30,500,4,0,10,-10.4028,-5.099146328097839,-0.370970802781476,-5.099146328097839,0.7690162999933818,PASS
SCHO_NT,F22,1,1000,4026201,30,500,4,0,10,-10.4028,-10.395708509890003,-0.9317573703945224,-10.395708509890003,0.8170194999984233,PASS
SCHO_NT,F22,3,1002,4026203,30,500,4,0,10,-10.4028,-5.087130319120471,-0.7773340207644487,-5.087130319120471,0.8501075000094716,PASS
SCHO_NT,F22,2,1001,4026202,30,500,4,0,10,-10.4028,-3.7174628906786347,-0.9222716528520395,-3.7174628906786347,0.8858317000122042,PASS
SCHO_NT,F22,6,1005,4026206,30,500,4,0,10,-10.4028,-2.8286746306385857,-0.6964166048173347,-2.8286746306385857,0.8202635000052396,PASS
SCHO_NT,F22,5,1004,4026205,30,500,4,0,10,-10.4028,-2.7654712131546266,-0.5275828087880526,-2.7654712131546266,0.8449349000002258,PASS
SCHO_NT,F22,8,1007,4026208,30,500,4,0,10,-10.4028,-5.087506704747163,-0.582643477675555,-5.087506704747163,0.7972518000024138,PASS
SCHO_NT,F22,7,1006,4026207,30,500,4,0,10,-10.4028,-10.393293088618137,-0.4985747392352459,-10.393293088618137,0.8398755000089295,PASS
SCHO_NT,F22,12,1011,4026212,30,500,4,0,10,-10.4028,-10.384317575527486,-0.5645985806520991,-10.384317575527486,0.956072300003143,PASS
SCHO_NT,F22,9,1008,4026209,30,500,4,0,10,-10.4028,-10.391092010318323,-0.49284895953941,-10.391092010318323,0.9932642999920063,PASS
SCHO_NT,F22,11,1010,4026211,30,500,4,0,10,-10.4028,-2.7646651249348086,-0.4296436080947541,-2.7646651249348086,0.9760603999893647,PASS
SCHO_NT,F22,10,1009,4026210,30,500,4,0,10,-10.4028,-3.7129731392199035,-0.5770862732792144,-3.7129731392199035,1.0015542000037385,PASS
SCHO_NT,F22,14,1013,4026214,30,500,4,0,10,-10.4028,-3.721232276792215,-0.9848094857049149,-3.721232276792215,0.797560799997882,PASS
SCHO_NT,F22,15,1014,4026215,30,500,4,0,10,-10.4028,-2.829153130067159,-0.4103758613869799,-2.829153130067159,0.8016765000065789,PASS
SCHO_NT,F22,13,1012,4026213,30,500,4,0,10,-10.4028,-10.37257157393203,-0.6449517732088035,-10.37257157393203,0.8279104999965057,PASS
SCHO_NT,F22,16,1015,4026216,30,500,4,0,10,-10.4028,-3.7223070198748465,-0.6218257843354295,-3.7223070198748465,0.8291350000072271,PASS
SCHO_NT,F22,19,1018,4026219,30,500,4,0,10,-10.4028,-10.365162934553949,-0.5128377893703403,-10.365162934553949,0.7833478000102332,PASS
SCHO_NT,F22,17,1016,4026217,30,500,4,0,10,-10.4028,-10.372075484106722,-1.5765565707085023,-10.372075484106722,0.8337496000021929,PASS
SCHO_NT,F22,20,1019,4026220,30,500,4,0,10,-10.4028,-5.102813760653936,-0.5828681600134475,-5.102813760653936,0.8104729000042425,PASS
SCHO_NT,F22,18,1017,4026218,30,500,4,0,10,-10.4028,-2.759941555671673,-0.44933832522368744,-2.759941555671673,0.8431909999926575,PASS
SCHO_NT,F22,21,1020,4026221,30,500,4,0,10,-10.4028,-3.719067802836657,-1.121161539213936,-3.719067802836657,0.753947999997763,PASS
SCHO_NT,F22,23,1022,4026223,30,500,4,0,10,-10.4028,-5.113038576718768,-0.6086256797700836,-5.113038576718768,0.7431090000027325,PASS
SCHO_NT,F22,24,1023,4026224,30,500,4,0,10,-10.4028,-10.369151990356466,-0.46854024723853555,-10.369151990356466,0.7462975999951595,PASS
SCHO_NT,F22,22,1021,4026222,30,500,4,0,10,-10.4028,-10.380115385499904,-0.9797111395033686,-10.380115385499904,0.8038316000020131,PASS
SCHO_NT,F22,26,1025,4026226,30,500,4,0,10,-10.4028,-1.8374286530409,-0.4813761157500475,-1.8374286530409,0.8230886999954237,PASS
SCHO_NT,F22,27,1026,4026227,30,500,4,0,10,-10.4028,-10.319684224630828,-0.3899985277776262,-10.319684224630828,0.8737021999986609,PASS
SCHO_NT,F22,28,1027,4026228,30,500,4,0,10,-10.4028,-3.717082932695453,-0.7157489465814115,-3.717082932695453,0.8917112000053748,PASS
SCHO_NT,F22,25,1024,4026225,30,500,4,0,10,-10.4028,-2.7657534869620126,-0.5048069121336105,-2.7657534869620126,0.9102951000095345,PASS
SCHO_NT,F22,29,1028,4026229,30,500,4,0,10,-10.4028,-3.7235218497619167,-0.7171582833042149,-3.7235218497619167,0.873272700002417,PASS
SCHO_NT,F22,30,1029,4026230,30,500,4,0,10,-10.4028,-2.7632000496003366,-0.43985095714117073,-2.7632000496003366,0.8750329999893438,PASS
SCHO_NT,F23,1,1000,4026301,30,500,4,0,10,-10.5363,-10.529461984837505,-1.0238629556348218,-10.529461984837505,0.9868674000026658,PASS
SCHO_NT,F23,2,1001,4026302,30,500,4,0,10,-10.5363,-3.826920453072802,-1.0008003304569233,-3.826920453072802,1.0070206000091275,PASS
SCHO_NT,F23,6,1005,4026306,30,500,4,0,10,-10.5363,-2.8835614776010683,-0.7414380430410371,-2.8835614776010683,0.8898849999968661,PASS
SCHO_NT,F23,4,1003,4026304,30,500,4,0,10,-10.5363,-2.420746466465558,-0.5565675694250592,-2.420746466465558,0.9531935999984853,PASS
SCHO_NT,F23,5,1004,4026305,30,500,4,0,10,-10.5363,-2.514683858880829,-0.8454832942164738,-2.514683858880829,0.9523956000048202,PASS
SCHO_NT,F23,3,1002,4026303,30,500,4,0,10,-10.5363,-5.127950873709204,-0.8164625137143151,-5.127950873709204,1.0151668999897083,PASS
SCHO_NT,F23,8,1007,4026308,30,500,4,0,10,-10.5363,-2.4200931660100764,-0.7874801856706389,-2.4200931660100764,0.9024694000108866,PASS
SCHO_NT,F23,9,1008,4026309,30,500,4,0,10,-10.5363,-10.524354854146162,-0.5747711898984762,-10.524354854146162,0.9001311000029091,PASS
SCHO_NT,F23,7,1006,4026307,30,500,4,0,10,-10.5363,-10.526820210102896,-0.6872915656446693,-10.526820210102896,0.9632525999913923,PASS
SCHO_NT,F23,10,1009,4026310,30,500,4,0,10,-10.5363,-3.8346790896866803,-0.645758260380765,-3.8346790896866803,0.9071809000015492,PASS
SCHO_NT,F23,12,1011,4026312,30,500,4,0,10,-10.5363,-2.4252705389587703,-0.823786750800087,-2.4252705389587703,0.9371828000003006,PASS
SCHO_NT,F23,14,1013,4026314,30,500,4,0,10,-10.5363,-3.832388114939267,-1.0997090054454173,-3.832388114939267,0.959518499992555,PASS
SCHO_NT,F23,11,1010,4026311,30,500,4,0,10,-10.5363,-2.799040103956356,-0.4663841659661791,-2.799040103956356,1.022571000008611,PASS
SCHO_NT,F23,13,1012,4026313,30,500,4,0,10,-10.5363,-10.50683129551906,-0.7770502763168828,-10.50683129551906,0.9967344999895431,PASS
SCHO_NT,F23,17,1016,4026317,30,500,4,0,10,-10.5363,-10.506019881804123,-1.7597194378362429,-10.506019881804123,0.907395300004282,PASS
SCHO_NT,F23,16,1015,4026316,30,500,4,0,10,-10.5363,-2.230149087611284,-0.9043428755262034,-2.230149087611284,0.9257118999958038,PASS
SCHO_NT,F23,15,1014,4026315,30,500,4,0,10,-10.5363,-3.36112017212609,-0.5002675730803412,-3.36112017212609,1.000784100004239,PASS
SCHO_NT,F23,18,1017,4026318,30,500,4,0,10,-10.5363,-2.802951945115727,-0.47569531546084826,-2.802951945115727,0.9483266000024742,PASS
SCHO_NT,F23,20,1019,4026320,30,500,4,0,10,-10.5363,-5.14966979593501,-0.6308786806539844,-5.14966979593501,0.9204230999894207,PASS
SCHO_NT,F23,22,1021,4026322,30,500,4,0,10,-10.5363,-10.46344160010074,-1.0750391172262725,-10.46344160010074,0.9281524999969406,PASS
SCHO_NT,F23,19,1018,4026319,30,500,4,0,10,-10.5363,-10.499320893694103,-0.5736082314038227,-10.499320893694103,0.9900996999931522,PASS
SCHO_NT,F23,21,1020,4026321,30,500,4,0,10,-10.5363,-3.8317385271690654,-1.2125486530771716,-3.8317385271690654,0.9784992000058992,PASS
SCHO_NT,F23,25,1024,4026325,30,500,4,0,10,-10.5363,-3.162262497102562,-0.6700425911086935,-3.162262497102562,0.902899000007892,PASS
SCHO_NT,F23,26,1025,4026326,30,500,4,0,10,-10.5363,-2.4208770546725953,-0.6147683017235526,-2.4208770546725953,0.909433100008755,PASS
SCHO_NT,F23,24,1023,4026324,30,500,4,0,10,-10.5363,-2.4254598079254825,-0.7987194079905501,-2.4254598079254825,0.9584104000095977,PASS
SCHO_NT,F23,23,1022,4026323,30,500,4,0,10,-10.5363,-2.4206849088209497,-0.7229501803676563,-2.4206849088209497,0.9903941999946255,PASS
SCHO_NT,F23,29,1028,4026329,30,500,4,0,10,-10.5363,-3.8344513141831182,-0.8835439811854388,-3.8344513141831182,0.9307111000089208,PASS
SCHO_NT,F23,30,1029,4026330,30,500,4,0,10,-10.5363,-10.46416238086471,-0.5471043607426501,-10.46416238086471,0.958177299995441,PASS
SCHO_NT,F23,27,1026,4026327,30,500,4,0,10,-10.5363,-2.419040344054914,-0.820457114634507,-2.419040344054914,0.9900999999954365,PASS
SCHO_NT,F23,28,1027,4026328,30,500,4,0,10,-10.5363,-3.8283618664554098,-0.8946038920849877,-3.8283618664554098,0.9939255999925081,PASS
SCHO_NSTF,F1,1,1000,4024101,30,500,30,-100,100,0.0,0.0,67810.20717660758,0.0,1.2461244000005536,PASS
SCHO_NSTF,F1,2,1001,4024102,30,500,30,-100,100,0.0,0.0,70905.34012781148,0.0,1.263753799998085,PASS
SCHO_NSTF,F1,3,1002,4024103,30,500,30,-100,100,0.0,0.0,71382.05725267014,0.0,1.2689678000024287,PASS
SCHO_NSTF,F1,4,1003,4024104,30,500,30,-100,100,0.0,0.0,71067.53341075269,0.0,1.2830354000034276,PASS
SCHO_NSTF,F1,5,1004,4024105,30,500,30,-100,100,0.0,0.0,71494.67494006979,0.0,1.316046300009475,PASS
SCHO_NSTF,F1,6,1005,4024106,30,500,30,-100,100,0.0,0.0,68827.91056515143,0.0,1.3128239999932703,PASS
SCHO_NSTF,F1,8,1007,4024108,30,500,30,-100,100,0.0,0.0,54060.05645133964,0.0,1.3446816999930888,PASS
SCHO_NSTF,F1,7,1006,4024107,30,500,30,-100,100,0.0,0.0,70203.2929860324,0.0,1.3783266999962507,PASS
SCHO_NSTF,F1,9,1008,4024109,30,500,30,-100,100,0.0,0.0,70963.15903282672,0.0,1.608108499989612,PASS
SCHO_NSTF,F1,10,1009,4024110,30,500,30,-100,100,0.0,0.0,68415.51807348001,0.0,1.590515800009598,PASS
SCHO_NSTF,F1,12,1011,4024112,30,500,30,-100,100,0.0,0.0,60211.88868860319,0.0,1.619607000000542,PASS
SCHO_NSTF,F1,11,1010,4024111,30,500,30,-100,100,0.0,0.0,79775.6397390009,0.0,1.6566832999960752,PASS
SCHO_NSTF,F1,13,1012,4024113,30,500,30,-100,100,0.0,0.0,68582.22618939156,0.0,1.6498245000111638,PASS
SCHO_NSTF,F1,16,1015,4024116,30,500,30,-100,100,0.0,0.0,60965.044173403294,0.0,1.6144560000102501,PASS
SCHO_NSTF,F1,15,1014,4024115,30,500,30,-100,100,0.0,0.0,62548.52364809662,0.0,1.6272289000044111,PASS
SCHO_NSTF,F1,14,1013,4024114,30,500,30,-100,100,0.0,0.0,65644.03203813086,0.0,1.6616637000115588,PASS
SCHO_NSTF,F1,17,1016,4024117,30,500,30,-100,100,0.0,0.0,73040.90885855701,0.0,1.4063005999923917,PASS
SCHO_NSTF,F1,18,1017,4024118,30,500,30,-100,100,0.0,0.0,70498.00209305885,0.0,1.4264689999981783,PASS
SCHO_NSTF,F1,20,1019,4024120,30,500,30,-100,100,0.0,0.0,78896.22221622002,0.0,1.4360026999929687,PASS
SCHO_NSTF,F1,19,1018,4024119,30,500,30,-100,100,0.0,0.0,59692.16515890604,0.0,1.456905300001381,PASS
SCHO_NSTF,F1,24,1023,4024124,30,500,30,-100,100,0.0,0.0,72002.90593091116,0.0,1.2714035999961197,PASS
SCHO_NSTF,F1,21,1020,4024121,30,500,30,-100,100,0.0,0.0,81948.70656934404,0.0,1.3052717999962624,PASS
SCHO_NSTF,F1,23,1022,4024123,30,500,30,-100,100,0.0,0.0,77870.80856837892,0.0,1.2888239000021713,PASS
SCHO_NSTF,F1,22,1021,4024122,30,500,30,-100,100,0.0,0.0,64283.25200493102,0.0,1.3003003999911016,PASS
SCHO_NSTF,F1,25,1024,4024125,30,500,30,-100,100,0.0,0.0,56336.5278763339,0.0,1.3244421999988845,PASS
SCHO_NSTF,F1,27,1026,4024127,30,500,30,-100,100,0.0,0.0,68127.13090112404,0.0,1.3152471000066726,PASS
SCHO_NSTF,F1,26,1025,4024126,30,500,30,-100,100,0.0,0.0,67654.2390610096,0.0,1.3271844000119017,PASS
SCHO_NSTF,F1,28,1027,4024128,30,500,30,-100,100,0.0,0.0,71281.47829858353,0.0,1.3592243999883067,PASS
SCHO_NSTF,F1,30,1029,4024130,30,500,30,-100,100,0.0,0.0,77096.69700709768,0.0,1.2293912000022829,PASS
SCHO_NSTF,F1,29,1028,4024129,30,500,30,-100,100,0.0,0.0,66088.0070704646,0.0,1.341355399999884,PASS
SCHO_NSTF,F2,2,1001,4024202,30,500,30,-10,10,0.0,0.0,1715602834860.7356,0.0,1.3393462999956682,PASS
SCHO_NSTF,F2,1,1000,4024201,30,500,30,-10,10,0.0,0.0,360067002398.5346,0.0,1.3827782000007574,PASS
SCHO_NSTF,F2,3,1002,4024203,30,500,30,-10,10,0.0,0.0,702308869043.374,0.0,1.2889437999983784,PASS
SCHO_NSTF,F2,4,1003,4024204,30,500,30,-10,10,0.0,0.0,2634424742592.452,0.0,1.2281703000044217,PASS
SCHO_NSTF,F2,6,1005,4024206,30,500,30,-10,10,0.0,0.0,332841078922.353,0.0,1.2338008000078844,PASS
SCHO_NSTF,F2,5,1004,4024205,30,500,30,-10,10,0.0,0.0,2899651184.9231544,0.0,1.3479838999919593,PASS
SCHO_NSTF,F2,7,1006,4024207,30,500,30,-10,10,0.0,0.0,76547012233.40517,0.0,1.3331427999946754,PASS
SCHO_NSTF,F2,8,1007,4024208,30,500,30,-10,10,0.0,0.0,729704378291.7789,0.0,1.3626506000000518,PASS
SCHO_NSTF,F2,9,1008,4024209,30,500,30,-10,10,0.0,0.0,26401294709.697582,0.0,1.3410937000007834,PASS
SCHO_NSTF,F2,10,1009,4024210,30,500,30,-10,10,0.0,0.0,713724413990.0226,0.0,1.404145199994673,PASS
SCHO_NSTF,F2,13,1012,4024213,30,500,30,-10,10,0.0,0.0,9593437258663.51,0.0,1.2644850999931805,PASS
SCHO_NSTF,F2,11,1010,4024211,30,500,30,-10,10,0.0,0.0,80213629036800.12,0.0,1.3285531000001356,PASS
SCHO_NSTF,F2,12,1011,4024212,30,500,30,-10,10,0.0,0.0,39939133237.937126,0.0,1.33085939999728,PASS
SCHO_NSTF,F2,14,1013,4024214,30,500,30,-10,10,0.0,0.0,4038700082325.6636,0.0,1.3035624999902211,PASS
SCHO_NSTF,F2,15,1014,4024215,30,500,30,-10,10,0.0,0.0,22135772844271.426,0.0,1.2881572999904165,PASS
SCHO_NSTF,F2,18,1017,4024218,30,500,30,-10,10,0.0,0.0,2748969363192.687,0.0,1.290624100001878,PASS
SCHO_NSTF,F2,16,1015,4024216,30,500,30,-10,10,0.0,0.0,34707708682.06033,0.0,1.310977000001003,PASS
SCHO_NSTF,F2,17,1016,4024217,30,500,30,-10,10,0.0,0.0,2021349198795.503,0.0,1.3668959000060568,PASS
SCHO_NSTF,F2,20,1019,4024220,30,500,30,-10,10,0.0,0.0,47711548051367.61,0.0,1.221443199989153,PASS
SCHO_NSTF,F2,19,1018,4024219,30,500,30,-10,10,0.0,0.0,10392937112.024113,0.0,1.3260934999998426,PASS
SCHO_NSTF,F2,22,1021,4024222,30,500,30,-10,10,0.0,0.0,7683677948828.628,0.0,1.2240782999870135,PASS
SCHO_NSTF,F2,21,1020,4024221,30,500,30,-10,10,0.0,0.0,102707326348.72324,0.0,1.2873982000019168,PASS
SCHO_NSTF,F2,23,1022,4024223,30,500,30,-10,10,0.0,0.0,155737363148.78427,0.0,1.2600124000018695,PASS
SCHO_NSTF,F2,26,1025,4024226,30,500,30,-10,10,0.0,0.0,68338205734834.914,0.0,1.2591322000080254,PASS
SCHO_NSTF,F2,25,1024,4024225,30,500,30,-10,10,0.0,0.0,3865443685.5409384,0.0,1.2673236999980872,PASS
SCHO_NSTF,F2,24,1023,4024224,30,500,30,-10,10,0.0,0.0,1339473094382.0034,0.0,1.2943291999981739,PASS
SCHO_NSTF,F2,27,1026,4024227,30,500,30,-10,10,0.0,0.0,67722205355.99468,0.0,1.2203142999933334,PASS
SCHO_NSTF,F2,30,1029,4024230,30,500,30,-10,10,0.0,0.0,811737307015.2843,0.0,1.2291477000107989,PASS
SCHO_NSTF,F2,28,1027,4024228,30,500,30,-10,10,0.0,0.0,3236421004233.4863,0.0,1.3104110999993281,PASS
SCHO_NSTF,F2,29,1028,4024229,30,500,30,-10,10,0.0,0.0,3305236700.5331717,0.0,1.3175788999942597,PASS
SCHO_NSTF,F3,2,1001,4024302,30,500,30,-100,100,0.0,0.0,228881.45062340857,0.0,1.223300699988613,PASS
SCHO_NSTF,F3,4,1003,4024304,30,500,30,-100,100,0.0,0.0,252004.5370062454,0.0,1.2883513999986462,PASS
SCHO_NSTF,F3,3,1002,4024303,30,500,30,-100,100,0.0,0.0,132408.1368091635,0.0,1.2914729999902193,PASS
SCHO_NSTF,F3,1,1000,4024301,30,500,30,-100,100,0.0,0.0,106811.1871437447,0.0,1.3706104000011692,PASS
SCHO_NSTF,F3,5,1004,4024305,30,500,30,-100,100,0.0,0.0,126006.68015739581,0.0,1.2301633000024594,PASS
SCHO_NSTF,F3,6,1005,4024306,30,500,30,-100,100,0.0,0.0,121185.1674532735,0.0,1.227211699995678,PASS
SCHO_NSTF,F3,7,1006,4024307,30,500,30,-100,100,0.0,0.0,133484.8315350889,0.0,1.254842299997108,PASS
SCHO_NSTF,F3,8,1007,4024308,30,500,30,-100,100,0.0,0.0,192911.98136862018,0.0,1.309126300009666,PASS
SCHO_NSTF,F3,12,1011,4024312,30,500,30,-100,100,0.0,0.0,137478.41138112583,0.0,1.2617139000067255,PASS
SCHO_NSTF,F3,9,1008,4024309,30,500,30,-100,100,0.0,0.0,135241.10379381198,0.0,1.3254033999983221,PASS
SCHO_NSTF,F3,10,1009,4024310,30,500,30,-100,100,0.0,0.0,107976.19188391927,0.0,1.3127868000010494,PASS
SCHO_NSTF,F3,11,1010,4024311,30,500,30,-100,100,0.0,0.0,258402.473983956,0.0,1.3130735000013374,PASS
SCHO_NSTF,F3,16,1015,4024316,30,500,30,-100,100,0.0,0.0,294151.3375734341,0.0,1.2770893999986583,PASS
SCHO_NSTF,F3,14,1013,4024314,30,500,30,-100,100,0.0,0.0,166657.1711129854,0.0,1.3035112999932608,PASS
SCHO_NSTF,F3,13,1012,4024313,30,500,30,-100,100,0.0,0.0,157787.82385873256,0.0,1.3549650000059046,PASS
SCHO_NSTF,F3,15,1014,4024315,30,500,30,-100,100,0.0,0.0,221992.0552764344,0.0,1.366788000013912,PASS
SCHO_NSTF,F3,17,1016,4024317,30,500,30,-100,100,0.0,0.0,119365.44128648656,0.0,1.2205518999980995,PASS
SCHO_NSTF,F3,18,1017,4024318,30,500,30,-100,100,0.0,0.0,245433.61431170706,0.0,1.239563299997826,PASS
SCHO_NSTF,F3,20,1019,4024320,30,500,30,-100,100,0.0,0.0,161467.97997834763,0.0,1.2552596000023186,PASS
SCHO_NSTF,F3,19,1018,4024319,30,500,30,-100,100,0.0,0.0,244606.59772993292,0.0,1.3253013999928953,PASS
SCHO_NSTF,F3,21,1020,4024321,30,500,30,-100,100,0.0,0.0,126211.38335020539,0.0,1.2363557999924524,PASS
SCHO_NSTF,F3,23,1022,4024323,30,500,30,-100,100,0.0,0.0,163245.37719853327,0.0,1.2469505000044592,PASS
SCHO_NSTF,F3,22,1021,4024322,30,500,30,-100,100,0.0,0.0,135794.76099693272,0.0,1.334958799998276,PASS
SCHO_NSTF,F3,24,1023,4024324,30,500,30,-100,100,0.0,0.0,113871.83421879425,0.0,1.3218608000024687,PASS
SCHO_NSTF,F3,26,1025,4024326,30,500,30,-100,100,0.0,0.0,123007.79353130393,0.0,1.28784980000637,PASS
SCHO_NSTF,F3,27,1026,4024327,30,500,30,-100,100,0.0,0.0,183635.15749931926,0.0,1.294513899993035,PASS
SCHO_NSTF,F3,28,1027,4024328,30,500,30,-100,100,0.0,0.0,131384.1741233503,0.0,1.3375019999948563,PASS
SCHO_NSTF,F3,25,1024,4024325,30,500,30,-100,100,0.0,0.0,79356.08665120536,0.0,1.3948882999975467,PASS
SCHO_NSTF,F3,29,1028,4024329,30,500,30,-100,100,0.0,0.0,171958.72311027217,0.0,1.2793569999921601,PASS
SCHO_NSTF,F4,1,1000,4024401,30,500,30,-100,100,0.0,0.0,89.41203274460929,0.0,1.3195879999984754,PASS
SCHO_NSTF,F3,30,1029,4024330,30,500,30,-100,100,0.0,0.0,90997.76111955676,0.0,1.3750187999976333,PASS
SCHO_NSTF,F4,2,1001,4024402,30,500,30,-100,100,0.0,0.0,88.23531594133786,0.0,1.3449099999997998,PASS
SCHO_NSTF,F4,3,1002,4024403,30,500,30,-100,100,0.0,0.0,90.93773968107635,0.0,1.2258977999881608,PASS
SCHO_NSTF,F4,4,1003,4024404,30,500,30,-100,100,0.0,0.0,90.05593850015435,0.0,1.2255081000039354,PASS
SCHO_NSTF,F4,6,1005,4024406,30,500,30,-100,100,0.0,0.0,87.42803920060479,0.0,1.2466713000030722,PASS
SCHO_NSTF,F4,5,1004,4024405,30,500,30,-100,100,0.0,0.0,83.47974018645405,0.0,1.2860241000016686,PASS
SCHO_NSTF,F4,9,1008,4024409,30,500,30,-100,100,0.0,0.0,90.98182394999645,0.0,1.2019015999976546,PASS
SCHO_NSTF,F4,8,1007,4024408,30,500,30,-100,100,0.0,0.0,88.56020743697258,0.0,1.2551765000098385,PASS
SCHO_NSTF,F4,7,1006,4024407,30,500,30,-100,100,0.0,0.0,89.67489840896681,0.0,1.2896022999921115,PASS
SCHO_NSTF,F4,10,1009,4024410,30,500,30,-100,100,0.0,0.0,88.62436437004385,0.0,1.2407772000005934,PASS
SCHO_NSTF,F4,13,1012,4024413,30,500,30,-100,100,0.0,0.0,81.54232198828862,0.0,1.2044392000098014,PASS
SCHO_NSTF,F4,12,1011,4024412,30,500,30,-100,100,0.0,0.0,87.6380567694806,0.0,1.2492942999961087,PASS
SCHO_NSTF,F4,14,1013,4024414,30,500,30,-100,100,0.0,0.0,77.8379255985727,0.0,1.2518093999970006,PASS
SCHO_NSTF,F4,11,1010,4024411,30,500,30,-100,100,0.0,0.0,82.14021784717164,0.0,1.3090603000018746,PASS
SCHO_NSTF,F4,15,1014,4024415,30,500,30,-100,100,0.0,0.0,77.5649543326395,0.0,1.1573158000101103,PASS
SCHO_NSTF,F4,17,1016,4024417,30,500,30,-100,100,0.0,0.0,89.68075670875115,0.0,1.1921448000066448,PASS
SCHO_NSTF,F4,16,1015,4024416,30,500,30,-100,100,0.0,0.0,89.52145242027729,0.0,1.2798711000068579,PASS
SCHO_NSTF,F4,18,1017,4024418,30,500,30,-100,100,0.0,0.0,91.69265780583274,0.0,1.2780075000046054,PASS
SCHO_NSTF,F4,20,1019,4024420,30,500,30,-100,100,0.0,0.0,89.14712458834947,0.0,1.2200492999982089,PASS
SCHO_NSTF,F4,21,1020,4024421,30,500,30,-100,100,0.0,0.0,93.48016114980666,0.0,1.2369086000107927,PASS
SCHO_NSTF,F4,19,1018,4024419,30,500,30,-100,100,0.0,0.0,87.81454527863241,0.0,1.2996051000081934,PASS
SCHO_NSTF,F4,22,1021,4024422,30,500,30,-100,100,0.0,0.0,90.86947090420732,0.0,1.262606300006155,PASS
SCHO_NSTF,F4,25,1024,4024425,30,500,30,-100,100,0.0,0.0,83.43944699892515,0.0,1.1568387000006624,PASS
SCHO_NSTF,F4,23,1022,4024423,30,500,30,-100,100,0.0,0.0,86.36772034124569,0.0,1.228168800007552,PASS
SCHO_NSTF,F4,24,1023,4024424,30,500,30,-100,100,0.0,0.0,86.34666057993036,0.0,1.2624118999956409,PASS
SCHO_NSTF,F4,26,1025,4024426,30,500,30,-100,100,0.0,0.0,92.17294370207554,0.0,1.2880984999937937,PASS
SCHO_NSTF,F4,30,1029,4024430,30,500,30,-100,100,0.0,0.0,90.25056319313495,0.0,1.1974827000085497,PASS
SCHO_NSTF,F4,28,1027,4024428,30,500,30,-100,100,0.0,0.0,88.89385763229512,0.0,1.211106300004758,PASS
SCHO_NSTF,F4,27,1026,4024427,30,500,30,-100,100,0.0,0.0,90.2554612114578,0.0,1.255242700004601,PASS
SCHO_NSTF,F4,29,1028,4024429,30,500,30,-100,100,0.0,0.0,88.97595126021793,0.0,1.2526038000069093,PASS
SCHO_NSTF,F5,3,1002,4024503,30,500,30,-30,30,0.0,28.990700662488024,290152790.99322855,28.990700662488024,1.265963500001817,PASS
SCHO_NSTF,F5,2,1001,4024502,30,500,30,-30,30,0.0,28.98700890891811,265509719.66763252,28.98700890891811,1.3062831999995979,PASS
SCHO_NSTF,F5,1,1000,4024501,30,500,30,-30,30,0.0,28.72236673050363,262803966.06144178,28.72236673050363,1.3658452999952715,PASS
SCHO_NSTF,F5,4,1003,4024504,30,500,30,-30,30,0.0,28.96351993369917,314425104.8265708,28.96351993369917,1.3279789999942295,PASS
SCHO_NSTF,F5,7,1006,4024507,30,500,30,-30,30,0.0,28.990121417424547,275703968.057919,28.990121417424547,1.2938611999998102,PASS
SCHO_NSTF,F5,8,1007,4024508,30,500,30,-30,30,0.0,28.674011655775345,196990313.2842615,28.674011655775345,1.2950497999991057,PASS
SCHO_NSTF,F5,5,1004,4024505,30,500,30,-30,30,0.0,28.93221737810882,264814459.6730534,28.93221737810882,1.31577849999303,PASS
SCHO_NSTF,F5,6,1005,4024506,30,500,30,-30,30,0.0,28.990196388029307,275607877.05815667,28.990196388029307,1.3145292999979574,PASS
SCHO_NSTF,F5,10,1009,4024510,30,500,30,-30,30,0.0,28.121816143653003,275312500.08404154,28.121816143653003,1.2841771999956109,PASS
SCHO_NSTF,F5,9,1008,4024509,30,500,30,-30,30,0.0,28.4525078848888,264277025.01725703,28.4525078848888,1.3015654000046197,PASS
SCHO_NSTF,F5,12,1011,4024512,30,500,30,-30,30,0.0,28.99269366176615,135783553.73670316,28.99269366176615,1.2973708999925293,PASS
SCHO_NSTF,F5,11,1010,4024511,30,500,30,-30,30,0.0,28.99009815842618,311741780.6244718,28.99009815842618,1.3272093999985373,PASS
SCHO_NSTF,F5,14,1013,4024514,30,500,30,-30,30,0.0,28.994913374237818,198137301.02750832,28.994913374237818,1.3325093000021297,PASS
SCHO_NSTF,F5,16,1015,4024516,30,500,30,-30,30,0.0,28.993102062789106,230963403.05164534,28.993102062789106,1.352943599995342,PASS
SCHO_NSTF,F5,13,1012,4024513,30,500,30,-30,30,0.0,28.940678965522864,223922765.9861003,28.940678965522864,1.3916626999998698,PASS
SCHO_NSTF,F5,15,1014,4024515,30,500,30,-30,30,0.0,28.99016928115574,199986599.631898,28.99016928115574,1.4149085000099149,PASS
SCHO_NSTF,F5,17,1016,4024517,30,500,30,-30,30,0.0,28.738336131828145,267563143.6435758,28.738336131828145,1.2907062000012957,PASS
SCHO_NSTF,F5,18,1017,4024518,30,500,30,-30,30,0.0,27.78701275255827,261605126.34257632,27.78701275255827,1.3151508000009926,PASS
SCHO_NSTF,F5,19,1018,4024519,30,500,30,-30,30,0.0,28.990144337472923,235011607.0552513,28.990144337472923,1.281386200003908,PASS
SCHO_NSTF,F5,20,1019,4024520,30,500,30,-30,30,0.0,28.849194524381453,318067279.8984649,28.849194524381453,1.2640514000086114,PASS
SCHO_NSTF,F5,22,1021,4024522,30,500,30,-30,30,0.0,28.994601161981635,250438783.368967,28.994601161981635,1.3251283999998122,PASS
SCHO_NSTF,F5,21,1020,4024521,30,500,30,-30,30,0.0,28.99012477549019,320276562.2341088,28.99012477549019,1.404559300004621,PASS
SCHO_NSTF,F5,23,1022,4024523,30,500,30,-30,30,0.0,27.176759048170275,224106822.12627918,27.176759048170275,1.3554147000104422,PASS
SCHO_NSTF,F5,24,1023,4024524,30,500,30,-30,30,0.0,28.990136880997078,272530389.63664186,28.990136880997078,1.3722630999982357,PASS
SCHO_NSTF,F5,25,1024,4024525,30,500,30,-30,30,0.0,28.167247579383773,197086662.74910796,28.167247579383773,1.2528572000010172,PASS
SCHO_NSTF,F5,27,1026,4024527,30,500,30,-30,30,0.0,28.99298586755062,289149958.1576517,28.99298586755062,1.2785094999999274,PASS
SCHO_NSTF,F5,28,1027,4024528,30,500,30,-30,30,0.0,28.993528805009994,306443111.17072505,28.993528805009994,1.271846599993296,PASS
SCHO_NSTF,F5,26,1025,4024526,30,500,30,-30,30,0.0,28.77429015480618,272825950.8696747,28.77429015480618,1.3410450000083074,PASS
SCHO_NSTF,F5,30,1029,4024530,30,500,30,-30,30,0.0,28.99061660770259,297997041.8303026,28.99061660770259,1.2498867999966023,PASS
SCHO_NSTF,F6,2,1001,4024602,30,500,30,-100,100,0.0,3.9276907885735373,70582.57089954114,3.9276907885735373,1.2460741999966558,PASS
SCHO_NSTF,F6,1,1000,4024601,30,500,30,-100,100,0.0,3.5835490108066437,67909.83159949695,3.5835490108066437,1.3442852000007406,PASS
SCHO_NSTF,F5,29,1028,4024529,30,500,30,-30,30,0.0,28.990203419422574,254911291.89617184,28.990203419422574,1.4101909999881173,PASS
SCHO_NSTF,F6,4,1003,4024604,30,500,30,-100,100,0.0,2.314581285263317,71219.00386103941,2.314581285263317,1.2739963999920292,PASS
SCHO_NSTF,F6,3,1002,4024603,30,500,30,-100,100,0.0,4.0621332881529995,71353.455751133,4.0621332881529995,1.301165700002457,PASS
SCHO_NSTF,F6,5,1004,4024605,30,500,30,-100,100,0.0,3.910707949698451,71208.03386246378,3.910707949698451,1.2461621000111336,PASS
SCHO_NSTF,F6,6,1005,4024606,30,500,30,-100,100,0.0,3.1371634743448724,68955.29999951718,3.1371634743448724,1.2951712999929441,PASS
SCHO_NSTF,F6,8,1007,4024608,30,500,30,-100,100,0.0,4.098431953626941,54162.957873925516,4.098431953626941,1.328231899999082,PASS
SCHO_NSTF,F6,10,1009,4024610,30,500,30,-100,100,0.0,2.61100419934928,68295.92181788973,2.61100419934928,1.3502563999936683,PASS
SCHO_NSTF,F6,7,1006,4024607,30,500,30,-100,100,0.0,3.3855166452492984,70011.4366295226,3.3855166452492984,1.4065665999951307,PASS
SCHO_NSTF,F6,9,1008,4024609,30,500,30,-100,100,0.0,3.8810462001821984,70501.21762803209,3.8810462001821984,1.4414498999976786,PASS
SCHO_NSTF,F6,11,1010,4024611,30,500,30,-100,100,0.0,4.618267405968773,79935.06488261481,4.618267405968773,1.3307440000062343,PASS
SCHO_NSTF,F6,12,1011,4024612,30,500,30,-100,100,0.0,3.052219169867289,60343.443806650605,3.052219169867289,1.3651253999996698,PASS
SCHO_NSTF,F6,13,1012,4024613,30,500,30,-100,100,0.0,3.637114661317701,68881.92519101789,3.637114661317701,1.428318299993407,PASS
SCHO_NSTF,F6,14,1013,4024614,30,500,30,-100,100,0.0,4.7308524419761575,66078.30058116298,4.7308524419761575,1.3966814000013983,PASS
SCHO_NSTF,F6,15,1014,4024615,30,500,30,-100,100,0.0,2.0800922048385138,62157.94499673396,2.0800922048385138,1.4699288999981945,PASS
SCHO_NSTF,F6,16,1015,4024616,30,500,30,-100,100,0.0,4.165270991705176,61089.234661411996,4.165270991705176,1.4707548999867868,PASS
SCHO_NSTF,F6,17,1016,4024617,30,500,30,-100,100,0.0,3.036634670737804,73031.55585073962,3.036634670737804,1.4613772999873618,PASS
SCHO_NSTF,F6,18,1017,4024618,30,500,30,-100,100,0.0,2.79509863680007,70606.59378046433,2.79509863680007,1.5053598000085913,PASS
SCHO_NSTF,F6,21,1020,4024621,30,500,30,-100,100,0.0,2.0351104497439563,81635.30658606326,2.0351104497439563,1.260975100012729,PASS
SCHO_NSTF,F6,20,1019,4024620,30,500,30,-100,100,0.0,4.126217745212911,79344.06586895653,4.126217745212911,1.301071599998977,PASS
SCHO_NSTF,F6,19,1018,4024619,30,500,30,-100,100,0.0,4.315852978335755,59960.68287322056,4.315852978335755,1.333476800005883,PASS
SCHO_NSTF,F6,22,1021,4024622,30,500,30,-100,100,0.0,3.8418805515974137,64215.54876603678,3.8418805515974137,1.2727081999910297,PASS
SCHO_NSTF,F6,25,1024,4024625,30,500,30,-100,100,0.0,3.3403648463091407,56465.69237297281,3.3403648463091407,1.2521989999950165,PASS
SCHO_NSTF,F6,24,1023,4024624,30,500,30,-100,100,0.0,3.3103240051585816,72276.33926858637,3.3103240051585816,1.2844163999980083,PASS
SCHO_NSTF,F6,23,1022,4024623,30,500,30,-100,100,0.0,3.131073727142595,78086.57507584567,3.131073727142595,1.3140970999957062,PASS
SCHO_NSTF,F6,26,1025,4024626,30,500,30,-100,100,0.0,3.585588318132656,67862.6591007802,3.585588318132656,1.3052502999926219,PASS
SCHO_NSTF,F6,29,1028,4024629,30,500,30,-100,100,0.0,4.641094003909812,66095.4100418736,4.641094003909812,1.2256027000112226,PASS
SCHO_NSTF,F6,27,1026,4024627,30,500,30,-100,100,0.0,3.8387373538118212,68320.91352360474,3.8387373538118212,1.2920588999986649,PASS
SCHO_NSTF,F6,28,1027,4024628,30,500,30,-100,100,0.0,2.8533486965379473,71067.99746945646,2.8533486965379473,1.2819115000020247,PASS
SCHO_NSTF,F6,30,1029,4024630,30,500,30,-100,100,0.0,4.600561986614924,77102.38991476683,4.600561986614924,1.28079119999893,PASS
SCHO_NSTF,F7,1,1000,4024701,30,500,30,-1.28,1.28,0.0,9.45915362848826e-06,132.24256505296452,9.45915362848826e-06,1.2683485000015935,PASS
SCHO_NSTF,F7,3,1002,4024703,30,500,30,-1.28,1.28,0.0,1.6784381334677967e-05,106.8866083511403,1.6784381334677967e-05,1.2658344999945257,PASS
SCHO_NSTF,F7,4,1003,4024704,30,500,30,-1.28,1.28,0.0,7.080694142436172e-05,120.0123686763614,7.080694142436172e-05,1.2825844999897527,PASS
SCHO_NSTF,F7,2,1001,4024702,30,500,30,-1.28,1.28,0.0,6.837286203809079e-05,129.07738590868695,6.837286203809079e-05,1.3044372000003932,PASS
SCHO_NSTF,F7,7,1006,4024707,30,500,30,-1.28,1.28,0.0,8.514306014872908e-05,109.43532753152996,8.514306014872908e-05,1.2824976999982027,PASS
SCHO_NSTF,F7,5,1004,4024705,30,500,30,-1.28,1.28,0.0,0.0002432252979321925,128.77654886785405,0.0002432252979321925,1.3333937999996124,PASS
SCHO_NSTF,F7,6,1005,4024706,30,500,30,-1.28,1.28,0.0,0.0002044215615785161,95.90377798740067,0.0002044215615785161,1.311137199998484,PASS
SCHO_NSTF,F7,8,1007,4024708,30,500,30,-1.28,1.28,0.0,7.849740482446244e-05,89.84776718932376,7.849740482446244e-05,1.3067540999909397,PASS
SCHO_NSTF,F7,12,1011,4024712,30,500,30,-1.28,1.28,0.0,0.00014672705711848977,88.02744560759177,0.00014672705711848977,1.258037699997658,PASS
SCHO_NSTF,F7,9,1008,4024709,30,500,30,-1.28,1.28,0.0,1.5447923321199042e-05,112.92200132609992,1.5447923321199042e-05,1.3242628000007244,PASS
SCHO_NSTF,F7,10,1009,4024710,30,500,30,-1.28,1.28,0.0,8.368433869609948e-05,124.61338032043707,8.368433869609948e-05,1.3499597999907564,PASS
SCHO_NSTF,F7,11,1010,4024711,30,500,30,-1.28,1.28,0.0,0.00021914311776938256,145.50908467686799,0.00021914311776938256,1.3649146000097971,PASS
SCHO_NSTF,F7,13,1012,4024713,30,500,30,-1.28,1.28,0.0,4.457786551659293e-05,109.2388515683827,4.457786551659293e-05,1.3048861999996006,PASS
SCHO_NSTF,F7,15,1014,4024715,30,500,30,-1.28,1.28,0.0,4.9591094465339935e-06,99.80960290906447,4.9591094465339935e-06,1.276765799993882,PASS
SCHO_NSTF,F7,14,1013,4024714,30,500,30,-1.28,1.28,0.0,2.8207178147332534e-05,125.18640614897903,2.8207178147332534e-05,1.3042421999998624,PASS
SCHO_NSTF,F7,16,1015,4024716,30,500,30,-1.28,1.28,0.0,0.00014586593514698265,118.50476153098273,0.00014586593514698265,1.29957459999423,PASS
SCHO_NSTF,F7,17,1016,4024717,30,500,30,-1.28,1.28,0.0,0.00057313278933524,142.86321654785507,0.00057313278933524,1.2653939000010723,PASS
SCHO_NSTF,F7,18,1017,4024718,30,500,30,-1.28,1.28,0.0,0.00021633445300472953,146.54341813360404,0.00021633445300472953,1.259924800004228,PASS
SCHO_NSTF,F7,19,1018,4024719,30,500,30,-1.28,1.28,0.0,0.00021026431482795704,129.37924729813335,0.00021026431482795704,1.2796106000023428,PASS
SCHO_NSTF,F7,20,1019,4024720,30,500,30,-1.28,1.28,0.0,2.5783503506016103e-05,134.11199381657298,2.5783503506016103e-05,1.3192429000046104,PASS
SCHO_NSTF,F7,21,1020,4024721,30,500,30,-1.28,1.28,0.0,7.261338490871516e-05,134.48686620550905,7.261338490871516e-05,1.354573699994944,PASS
SCHO_NSTF,F7,22,1021,4024722,30,500,30,-1.28,1.28,0.0,7.447946452421306e-05,97.89929812706661,7.447946452421306e-05,1.3769009000097867,PASS
SCHO_NSTF,F7,23,1022,4024723,30,500,30,-1.28,1.28,0.0,5.6976333538738544e-05,133.0436737145348,5.6976333538738544e-05,1.368091500000446,PASS
SCHO_NSTF,F7,24,1023,4024724,30,500,30,-1.28,1.28,0.0,0.00013413908657777807,134.83866130923477,0.00013413908657777807,1.3899817000055918,PASS
SCHO_NSTF,F7,25,1024,4024725,30,500,30,-1.28,1.28,0.0,0.00018987324554264884,105.12427574420931,0.00018987324554264884,1.2535786999942502,PASS
SCHO_NSTF,F7,27,1026,4024727,30,500,30,-1.28,1.28,0.0,0.00019470491795281486,135.53438780914385,0.00019470491795281486,1.2473410000093281,PASS
SCHO_NSTF,F7,26,1025,4024726,30,500,30,-1.28,1.28,0.0,6.071988832667685e-05,144.99096006092753,6.071988832667685e-05,1.3557078000012552,PASS
SCHO_NSTF,F7,28,1027,4024728,30,500,30,-1.28,1.28,0.0,3.238470623567746e-05,93.82607923366973,3.238470623567746e-05,1.3697299000050407,PASS
SCHO_NSTF,F7,29,1028,4024729,30,500,30,-1.28,1.28,0.0,1.0751409406872803e-05,162.80296180734086,1.0751409406872803e-05,1.2413960999983829,PASS
SCHO_NSTF,F7,30,1029,4024730,30,500,30,-1.28,1.28,0.0,0.000128178818000646,130.6949254804745,0.000128178818000646,1.325931399987894,PASS
SCHO_NSTF,F8,1,1000,4024801,30,500,30,-500,500,-12569.487,-5018.064675727091,-2451.876014434408,-5018.064675727091,1.239596800005529,PASS
SCHO_NSTF,F8,2,1001,4024802,30,500,30,-500,500,-12569.487,-5750.542952725248,-2690.889994276502,-5750.542952725248,1.2186269000085304,PASS
SCHO_NSTF,F8,4,1003,4024804,30,500,30,-500,500,-12569.487,-5255.370381782931,-2110.3517025625324,-5255.370381782931,1.2928663000056986,PASS
SCHO_NSTF,F8,3,1002,4024803,30,500,30,-500,500,-12569.487,-4827.429987663532,-1692.1826887752877,-4827.429987663532,1.305970100002014,PASS
SCHO_NSTF,F8,5,1004,4024805,30,500,30,-500,500,-12569.487,-4251.98195859015,-1605.4114947545195,-4251.98195859015,1.2600855999917258,PASS
SCHO_NSTF,F8,6,1005,4024806,30,500,30,-500,500,-12569.487,-5961.571629281483,-3595.6367869269293,-5961.571629281483,1.2830322999943746,PASS
SCHO_NSTF,F8,8,1007,4024808,30,500,30,-500,500,-12569.487,-7066.771793867693,-1726.090940377079,-7066.771793867693,1.2610234000021592,PASS
SCHO_NSTF,F8,9,1008,4024809,30,500,30,-500,500,-12569.487,-5962.8231483984455,-2337.3316623373657,-5962.8231483984455,1.2582201000041096,PASS
SCHO_NSTF,F8,10,1009,4024810,30,500,30,-500,500,-12569.487,-6104.472412513265,-2623.8232741546635,-6104.472412513265,1.246421999996528,PASS
SCHO_NSTF,F8,7,1006,4024807,30,500,30,-500,500,-12569.487,-5219.548772087723,-1885.772866590057,-5219.548772087723,1.3030665999976918,PASS
SCHO_NSTF,F8,12,1011,4024812,30,500,30,-500,500,-12569.487,-5288.033297903562,-2334.5511967809016,-5288.033297903562,1.220597599996836,PASS
SCHO_NSTF,F8,11,1010,4024811,30,500,30,-500,500,-12569.487,-5635.2195421529295,-1813.4049915384448,-5635.2195421529295,1.2897931000043172,PASS
SCHO_NSTF,F8,13,1012,4024813,30,500,30,-500,500,-12569.487,-6291.828663496291,-2026.2048410858288,-6291.828663496291,1.2837595000019064,PASS
SCHO_NSTF,F8,14,1013,4024814,30,500,30,-500,500,-12569.487,-5394.5854642247605,-1526.011739420307,-5394.5854642247605,1.2912614999950165,PASS
SCHO_NSTF,F8,16,1015,4024816,30,500,30,-500,500,-12569.487,-6361.5037785822105,-1774.4957618865303,-6361.5037785822105,1.1749407000024803,PASS
SCHO_NSTF,F8,15,1014,4024815,30,500,30,-500,500,-12569.487,-5696.2735485694575,-1577.9245638457974,-5696.2735485694575,1.2613339999952586,PASS
SCHO_NSTF,F8,17,1016,4024817,30,500,30,-500,500,-12569.487,-6149.78678106293,-3022.774183385613,-6149.78678106293,1.1978181999875233,PASS
SCHO_NSTF,F8,18,1017,4024818,30,500,30,-500,500,-12569.487,-5196.354319850541,-1613.727286315913,-5196.354319850541,1.207172399997944,PASS
SCHO_NSTF,F8,20,1019,4024820,30,500,30,-500,500,-12569.487,-5728.041856341591,-1937.2091609434265,-5728.041856341591,1.2845735000009881,PASS
SCHO_NSTF,F8,19,1018,4024819,30,500,30,-500,500,-12569.487,-5449.311340472585,-2231.4411955724777,-5449.311340472585,1.3000494000007166,PASS
SCHO_NSTF,F8,21,1020,4024821,30,500,30,-500,500,-12569.487,-6313.37607799395,-2248.510909834675,-6313.37607799395,1.3416892000095686,PASS
SCHO_NSTF,F8,22,1021,4024822,30,500,30,-500,500,-12569.487,-4776.035633828205,-1439.3070195018026,-4776.035633828205,1.4039953000028618,PASS
SCHO_NSTF,F8,23,1022,4024823,30,500,30,-500,500,-12569.487,-5516.760752366835,-2698.531601043908,-5516.760752366835,1.2851930000033462,PASS
SCHO_NSTF,F8,24,1023,4024824,30,500,30,-500,500,-12569.487,-5711.230170090873,-1788.751013337049,-5711.230170090873,1.3076104000065243,PASS
SCHO_NSTF,F8,25,1024,4024825,30,500,30,-500,500,-12569.487,-6479.221770741973,-2207.6192588415524,-6479.221770741973,1.3139775000017835,PASS
SCHO_NSTF,F8,26,1025,4024826,30,500,30,-500,500,-12569.487,-4815.700073056937,-1895.6942306135086,-4815.700073056937,1.3368730999936815,PASS
SCHO_NSTF,F8,30,1029,4024830,30,500,30,-500,500,-12569.487,-5600.15490195304,-1702.2535651780167,-5600.15490195304,1.2353344000002835,PASS
SCHO_NSTF,F8,28,1027,4024828,30,500,30,-500,500,-12569.487,-6438.437015552568,-1823.0140943969723,-6438.437015552568,1.282433599990327,PASS
SCHO_NSTF,F8,29,1028,4024829,30,500,30,-500,500,-12569.487,-5833.420538603325,-1854.1744144476797,-5833.420538603325,1.3743515999958618,PASS
SCHO_NSTF,F8,27,1026,4024827,30,500,30,-500,500,-12569.487,-5733.54581027532,-1646.4051333176737,-5733.54581027532,1.4027929000003496,PASS
SCHO_NSTF,F9,1,1000,4024901,30,500,30,-5.1200000000000001,5.1200000000000001,0.0,0.0,464.87493101018356,0.0,1.3258733999973629,PASS
SCHO_NSTF,F9,2,1001,4024902,30,500,30,-5.1200000000000001,5.1200000000000001,0.0,0.0,384.5497490364953,0.0,1.322924799998873,PASS
SCHO_NSTF,F9,3,1002,4024903,30,500,30,-5.1200000000000001,5.1200000000000001,0.0,0.0,424.39485150190137,0.0,1.3189181000052486,PASS
SCHO_NSTF,F9,4,1003,4024904,30,500,30,-5.1200000000000001,5.1200000000000001,0.0,0.0,439.61790434394305,0.0,1.301139500006684,PASS
SCHO_NSTF,F9,5,1004,4024905,30,500,30,-5.1200000000000001,5.1200000000000001,0.0,0.0,448.7388944016657,0.0,1.3200271999958204,PASS
SCHO_NSTF,F9,6,1005,4024906,30,500,30,-5.1200000000000001,5.1200000000000001,0.0,0.0,439.91283939992803,0.0,1.322645399995963,PASS
SCHO_NSTF,F9,7,1006,4024907,30,500,30,-5.1200000000000001,5.1200000000000001,0.0,0.0,431.59183701137,0.0,1.3188267000077758,PASS
SCHO_NSTF,F9,8,1007,4024908,30,500,30,-5.1200000000000001,5.1200000000000001,0.0,0.0,365.8391088248434,0.0,1.3489069000061136,PASS
SCHO_NSTF,F9,11,1010,4024911,30,500,30,-5.1200000000000001,5.1200000000000001,0.0,0.0,447.2888938374598,0.0,1.286722999997437,PASS
SCHO_NSTF,F9,9,1008,4024909,30,500,30,-5.1200000000000001,5.1200000000000001,0.0,0.0,448.1773913088544,0.0,1.308998699998483,PASS
SCHO_NSTF,F9,10,1009,4024910,30,500,30,-5.1200000000000001,5.1200000000000001,0.0,0.0,467.3571333335915,0.0,1.3168920999887632,PASS
SCHO_NSTF,F9,12,1011,4024912,30,500,30,-5.1200000000000001,5.1200000000000001,0.0,0.0,441.073286920272,0.0,1.3446621000039158,PASS
SCHO_NSTF,F9,13,1012,4024913,30,500,30,-5.1200000000000001,5.1200000000000001,0.0,0.0,434.02220260833974,0.0,1.284733699998469,PASS
SCHO_NSTF,F9,15,1014,4024915,30,500,30,-5.1200000000000001,5.1200000000000001,0.0,0.0,466.36406583587524,0.0,1.2816265000001295,PASS
SCHO_NSTF,F9,14,1013,4024914,30,500,30,-5.1200000000000001,5.1200000000000001,0.0,0.0,440.91474681676505,0.0,1.2960221000103047,PASS
SCHO_NSTF,F9,16,1015,4024916,30,500,30,-5.1200000000000001,5.1200000000000001,0.0,0.0,433.86281469045554,0.0,1.2910489999921992,PASS
SCHO_NSTF,F9,18,1017,4024918,30,500,30,-5.1200000000000001,5.1200000000000001,0.0,0.0,469.76371664050794,0.0,1.261638199997833,PASS
SCHO_NSTF,F9,19,1018,4024919,30,500,30,-5.1200000000000001,5.1200000000000001,0.0,0.0,414.6138424388559,0.0,1.2592549999972107,PASS
SCHO_NSTF,F9,20,1019,4024920,30,500,30,-5.1200000000000001,5.1200000000000001,0.0,0.0,458.030531975015,0.0,1.2981302000116557,PASS
SCHO_NSTF,F9,17,1016,4024917,30,500,30,-5.1200000000000001,5.1200000000000001,0.0,0.0,422.02779107708176,0.0,1.3457622999994783,PASS
SCHO_NSTF,F9,23,1022,4024923,30,500,30,-5.1200000000000001,5.1200000000000001,0.0,0.0,446.64097601097,0.0,1.2761419000016758,PASS
SCHO_NSTF,F9,24,1023,4024924,30,500,30,-5.1200000000000001,5.1200000000000001,0.0,0.0,433.79837842386155,0.0,1.349186000006739,PASS
SCHO_NSTF,F9,22,1021,4024922,30,500,30,-5.1200000000000001,5.1200000000000001,0.0,0.0,441.34049530442945,0.0,1.3619336999981897,PASS
SCHO_NSTF,F9,21,1020,4024921,30,500,30,-5.1200000000000001,5.1200000000000001,0.0,0.0,465.26417440798247,0.0,1.380917300004512,PASS
SCHO_NSTF,F9,25,1024,4024925,30,500,30,-5.1200000000000001,5.1200000000000001,0.0,0.0,408.9701533118642,0.0,1.2583464000053937,PASS
SCHO_NSTF,F9,27,1026,4024927,30,500,30,-5.1200000000000001,5.1200000000000001,0.0,0.0,446.03906557516507,0.0,1.224246600002516,PASS
SCHO_NSTF,F9,28,1027,4024928,30,500,30,-5.1200000000000001,5.1200000000000001,0.0,0.0,447.3494195224039,0.0,1.2548437000077683,PASS
SCHO_NSTF,F9,26,1025,4024926,30,500,30,-5.1200000000000001,5.1200000000000001,0.0,0.0,473.6616560879741,0.0,1.288900300001842,PASS
SCHO_NSTF,F9,29,1028,4024929,30,500,30,-5.1200000000000001,5.1200000000000001,0.0,0.0,455.002187468864,0.0,1.2318923999991966,PASS
SCHO_NSTF,F9,30,1029,4024930,30,500,30,-5.1200000000000001,5.1200000000000001,0.0,0.0,479.83128968283097,0.0,1.2921307999931742,PASS
SCHO_NSTF,F10,1,1000,4025001,30,500,30,-32,32,0.0,4.440892098500626e-16,20.764880617738655,4.440892098500626e-16,1.3123310999944806,PASS
SCHO_NSTF,F10,2,1001,4025002,30,500,30,-32,32,0.0,4.440892098500626e-16,20.80923383013385,4.440892098500626e-16,1.389306299999589,PASS
SCHO_NSTF,F10,3,1002,4025003,30,500,30,-32,32,0.0,4.440892098500626e-16,20.70259726914545,4.440892098500626e-16,1.2618438999925274,PASS
SCHO_NSTF,F10,4,1003,4025004,30,500,30,-32,32,0.0,4.440892098500626e-16,20.685941618453114,4.440892098500626e-16,1.2435325999977067,PASS
SCHO_NSTF,F10,5,1004,4025005,30,500,30,-32,32,0.0,4.440892098500626e-16,20.753180108678922,4.440892098500626e-16,1.3103144000051543,PASS
SCHO_NSTF,F10,6,1005,4025006,30,500,30,-32,32,0.0,4.440892098500626e-16,20.739339682394206,4.440892098500626e-16,1.3082567999954335,PASS
SCHO_NSTF,F10,7,1006,4025007,30,500,30,-32,32,0.0,4.440892098500626e-16,20.677331650145728,4.440892098500626e-16,1.2836185999913141,PASS
SCHO_NSTF,F10,10,1009,4025010,30,500,30,-32,32,0.0,4.440892098500626e-16,20.764014980012245,4.440892098500626e-16,1.308591900000465,PASS
SCHO_NSTF,F10,9,1008,4025009,30,500,30,-32,32,0.0,4.440892098500626e-16,20.6623323028609,4.440892098500626e-16,1.3468433000089135,PASS
SCHO_NSTF,F10,8,1007,4025008,30,500,30,-32,32,0.0,4.440892098500626e-16,20.30938002246911,4.440892098500626e-16,1.3648335000034422,PASS
SCHO_NSTF,F10,11,1010,4025011,30,500,30,-32,32,0.0,4.440892098500626e-16,20.873205110265417,4.440892098500626e-16,1.2923147000110475,PASS
SCHO_NSTF,F10,13,1012,4025013,30,500,30,-32,32,0.0,4.440892098500626e-16,20.566750205953976,4.440892098500626e-16,1.2535273999965284,PASS
SCHO_NSTF,F10,12,1011,4025012,30,500,30,-32,32,0.0,4.440892098500626e-16,20.569830881242734,4.440892098500626e-16,1.2941948999941815,PASS
SCHO_NSTF,F10,14,1013,4025014,30,500,30,-32,32,0.0,4.440892098500626e-16,20.669354202190537,4.440892098500626e-16,1.2855921000009403,PASS
SCHO_NSTF,F10,15,1014,4025015,30,500,30,-32,32,0.0,4.440892098500626e-16,20.49068213407767,4.440892098500626e-16,1.3049906999949599,PASS
SCHO_NSTF,F10,16,1015,4025016,30,500,30,-32,32,0.0,4.440892098500626e-16,20.64013873956227,4.440892098500626e-16,1.330046000002767,PASS
SCHO_NSTF,F10,18,1017,4025018,30,500,30,-32,32,0.0,4.440892098500626e-16,20.8269336510937,4.440892098500626e-16,1.301543000008678,PASS
SCHO_NSTF,F10,17,1016,4025017,30,500,30,-32,32,0.0,4.440892098500626e-16,20.795292196710726,4.440892098500626e-16,1.3626471000025049,PASS
SCHO_NSTF,F10,19,1018,4025019,30,500,30,-32,32,0.0,4.440892098500626e-16,20.287777247273507,4.440892098500626e-16,1.26705039999797,PASS
SCHO_NSTF,F10,20,1019,4025020,30,500,30,-32,32,0.0,4.440892098500626e-16,20.753576885043977,4.440892098500626e-16,1.295020800011116,PASS
SCHO_NSTF,F10,21,1020,4025021,30,500,30,-32,32,0.0,4.440892098500626e-16,20.886822358893582,4.440892098500626e-16,1.32009609999659,PASS
SCHO_NSTF,F10,22,1021,4025022,30,500,30,-32,32,0.0,4.440892098500626e-16,20.583645012836215,4.440892098500626e-16,1.307955199998105,PASS
SCHO_NSTF,F10,23,1022,4025023,30,500,30,-32,32,0.0,4.440892098500626e-16,20.933352404055416,4.440892098500626e-16,1.9109135000035167,PASS
SCHO_NSTF,F10,25,1024,4025025,30,500,30,-32,32,0.0,4.440892098500626e-16,20.640145513776236,4.440892098500626e-16,1.908752999996068,PASS
SCHO_NSTF,F10,26,1025,4025026,30,500,30,-32,32,0.0,4.440892098500626e-16,20.66064456706877,4.440892098500626e-16,1.9454595999995945,PASS
SCHO_NSTF,F10,24,1023,4025024,30,500,30,-32,32,0.0,4.440892098500626e-16,20.702337522964704,4.440892098500626e-16,1.9580304000119213,PASS
SCHO_NSTF,F10,29,1028,4025029,30,500,30,-32,32,0.0,4.440892098500626e-16,20.542581961741753,4.440892098500626e-16,1.5005437999934657,PASS
SCHO_NSTF,F10,27,1026,4025027,30,500,30,-32,32,0.0,4.440892098500626e-16,20.70523141613285,4.440892098500626e-16,1.565935399994487,PASS
SCHO_NSTF,F10,28,1027,4025028,30,500,30,-32,32,0.0,4.440892098500626e-16,20.792506436353648,4.440892098500626e-16,1.5679834000038682,PASS
SCHO_NSTF,F10,30,1029,4025030,30,500,30,-32,32,0.0,4.440892098500626e-16,20.847870698067215,4.440892098500626e-16,1.5344034000008833,PASS
SCHO_NSTF,F11,1,1000,4025101,30,500,30,-600,600,0.0,0.0,611.291864520307,0.0,1.3906947000068612,PASS
SCHO_NSTF,F11,3,1002,4025103,30,500,30,-600,600,0.0,0.0,643.4385152741779,0.0,1.3862074999924516,PASS
SCHO_NSTF,F11,2,1001,4025102,30,500,30,-600,600,0.0,0.0,639.1480611503106,0.0,1.424182999995537,PASS
SCHO_NSTF,F11,4,1003,4025104,30,500,30,-600,600,0.0,0.0,640.6078006974948,0.0,1.4727591999981087,PASS
SCHO_NSTF,F11,5,1004,4025105,30,500,30,-600,600,0.0,0.0,644.4520744510511,0.0,1.413371599992388,PASS
SCHO_NSTF,F11,7,1006,4025107,30,500,30,-600,600,0.0,0.0,632.8296368484805,0.0,1.3968747000035364,PASS
SCHO_NSTF,F11,6,1005,4025106,30,500,30,-600,600,0.0,0.0,620.4511952126913,0.0,1.4374473999923794,PASS
SCHO_NSTF,F11,8,1007,4025108,30,500,30,-600,600,0.0,0.0,487.5405080335636,0.0,1.4240153999999166,PASS
SCHO_NSTF,F11,10,1009,4025110,30,500,30,-600,600,0.0,0.0,616.7396630786404,0.0,1.365868799999589,PASS
SCHO_NSTF,F11,11,1010,4025111,30,500,30,-600,600,0.0,0.0,718.9807578130838,0.0,1.395999500004109,PASS
SCHO_NSTF,F11,9,1008,4025109,30,500,30,-600,600,0.0,0.0,639.6684312970408,0.0,1.4556769999908283,PASS
SCHO_NSTF,F11,12,1011,4025112,30,500,30,-600,600,0.0,0.0,542.9069981974286,0.0,1.467787399989902,PASS
SCHO_NSTF,F11,13,1012,4025113,30,500,30,-600,600,0.0,0.0,618.2400358748203,0.0,1.4067295999993803,PASS
SCHO_NSTF,F11,14,1013,4025114,30,500,30,-600,600,0.0,0.0,591.7962883432442,0.0,1.4140334999974584,PASS
SCHO_NSTF,F11,15,1014,4025115,30,500,30,-600,600,0.0,0.0,563.9367128903148,0.0,1.4024023999954807,PASS
SCHO_NSTF,F11,16,1015,4025116,30,500,30,-600,600,0.0,0.0,549.6853975606296,0.0,1.3515042000071844,PASS
SCHO_NSTF,F11,20,1019,4025120,30,500,30,-600,600,0.0,0.0,711.0659999459813,0.0,1.3775755999959074,PASS
SCHO_NSTF,F11,17,1016,4025117,30,500,30,-600,600,0.0,0.0,658.3681797175631,0.0,1.4177415000012843,PASS
SCHO_NSTF,F11,19,1018,4025119,30,500,30,-600,600,0.0,0.0,538.2294864301934,0.0,1.4384492999961367,PASS
SCHO_NSTF,F11,18,1017,4025118,30,500,30,-600,600,0.0,0.0,635.4820188150104,0.0,1.4502537999942433,PASS
SCHO_NSTF,F11,21,1020,4025121,30,500,30,-600,600,0.0,0.0,738.5383591240958,0.0,1.4536036999925273,PASS
SCHO_NSTF,F11,22,1021,4025122,30,500,30,-600,600,0.0,0.0,579.5492680434852,0.0,1.471380200004205,PASS
SCHO_NSTF,F11,24,1023,4025124,30,500,30,-600,600,0.0,0.0,649.0261533705124,0.0,1.4454387000005227,PASS
SCHO_NSTF,F11,23,1022,4025123,30,500,30,-600,600,0.0,0.0,701.8372771154101,0.0,1.4569133999902988,PASS
SCHO_NSTF,F11,25,1024,4025125,30,500,30,-600,600,0.0,0.0,508.02875095473263,0.0,1.4749136000027647,PASS
SCHO_NSTF,F11,26,1025,4025126,30,500,30,-600,600,0.0,0.0,609.8881515490872,0.0,1.4690155999996932,PASS
SCHO_NSTF,F11,28,1027,4025128,30,500,30,-600,600,0.0,0.0,642.5333046872523,0.0,1.4806547000043793,PASS
SCHO_NSTF,F11,27,1026,4025127,30,500,30,-600,600,0.0,0.0,614.144178110117,0.0,1.506176000009873,PASS
SCHO_NSTF,F11,29,1028,4025129,30,500,30,-600,600,0.0,0.0,595.7920700073693,0.0,1.3428438999981154,PASS
SCHO_NSTF,F11,30,1029,4025130,30,500,30,-600,600,0.0,0.0,694.8702724214163,0.0,1.3518760000006296,PASS
SCHO_NSTF,F12,1,1000,4025201,30,500,30,-50,50,0.0,1.6038867351941102,577094378.3389748,1.6038867351941102,1.4986628000042401,PASS
SCHO_NSTF,F12,2,1001,4025202,30,500,30,-50,50,0.0,0.6094783413274848,579099359.0880492,0.6094783413274848,1.510028400007286,PASS
SCHO_NSTF,F12,6,1005,4025206,30,500,30,-50,50,0.0,1.106157781338221,613687382.5306401,1.106157781338221,1.5026540999970166,PASS
SCHO_NSTF,F12,5,1004,4025205,30,500,30,-50,50,0.0,1.1204677221079429,600899121.4082001,1.1204677221079429,1.5211438999976963,PASS
SCHO_NSTF,F12,3,1002,4025203,30,500,30,-50,50,0.0,1.3195189636185316,677755348.7064486,1.3195189636185316,1.5504205000033835,PASS
SCHO_NSTF,F12,4,1003,4025204,30,500,30,-50,50,0.0,0.6703633332507648,756082758.900649,0.6703633332507648,1.60852189999423,PASS
SCHO_NSTF,F12,8,1007,4025208,30,500,30,-50,50,0.0,0.9991142935830182,465147296.24454856,0.9991142935830182,1.4685887999949045,PASS
SCHO_NSTF,F12,7,1006,4025207,30,500,30,-50,50,0.0,1.4288981823386337,669437325.0641034,1.4288981823386337,1.5460674999922048,PASS
SCHO_NSTF,F12,9,1008,4025209,30,500,30,-50,50,0.0,0.867345193352422,673649374.2265142,0.867345193352422,1.5194230000051903,PASS
SCHO_NSTF,F12,10,1009,4025210,30,500,30,-50,50,0.0,0.9686485018665107,608345809.8432229,0.9686485018665107,1.5180733000015607,PASS
SCHO_NSTF,F12,11,1010,4025211,30,500,30,-50,50,0.0,1.1110477855328247,673700231.5011019,1.1110477855328247,1.496403700002702,PASS
SCHO_NSTF,F12,12,1011,4025212,30,500,30,-50,50,0.0,1.137975496168786,354312759.8973637,1.137975496168786,1.5180523000017274,PASS
SCHO_NSTF,F12,14,1013,4025214,30,500,30,-50,50,0.0,1.099527842906372,375026164.7994268,1.099527842906372,1.5186434000061126,PASS
SCHO_NSTF,F12,13,1012,4025213,30,500,30,-50,50,0.0,1.0444395389603367,409264261.74945426,1.0444395389603367,1.5806245999992825,PASS
SCHO_NSTF,F12,15,1014,4025215,30,500,30,-50,50,0.0,1.5969612999471907,377991105.0550389,1.5969612999471907,1.4619907000014791,PASS
SCHO_NSTF,F12,16,1015,4025216,30,500,30,-50,50,0.0,1.5969835683828577,518663474.82455194,1.5969835683828577,1.4934453000023495,PASS
SCHO_NSTF,F12,17,1016,4025217,30,500,30,-50,50,0.0,1.2131382980861916,602516388.8524432,1.2131382980861916,1.4918452999991132,PASS
SCHO_NSTF,F12,18,1017,4025218,30,500,30,-50,50,0.0,1.5993079093910243,678910232.0700809,1.5993079093910243,1.5473783999914303,PASS
SCHO_NSTF,F12,21,1020,4025221,30,500,30,-50,50,0.0,0.618185597659152,779891967.4951634,0.618185597659152,1.5121140999981435,PASS
SCHO_NSTF,F12,19,1018,4025219,30,500,30,-50,50,0.0,1.5814979116456789,493317185.6586725,1.5814979116456789,1.5631266999989748,PASS
SCHO_NSTF,F12,22,1021,4025222,30,500,30,-50,50,0.0,1.5452469451677648,566705999.5069873,1.5452469451677648,1.5943833999917842,PASS
SCHO_NSTF,F12,20,1019,4025220,30,500,30,-50,50,0.0,1.6086762770796357,746482921.424925,1.6086762770796357,1.6328858000051696,PASS
SCHO_NSTF,F12,25,1024,4025225,30,500,30,-50,50,0.0,1.118316708004902,459268027.30294675,1.118316708004902,1.4673650999902748,PASS
SCHO_NSTF,F12,26,1025,4025226,30,500,30,-50,50,0.0,0.7037373032599318,655610836.8316754,0.7037373032599318,1.489034600002924,PASS
SCHO_NSTF,F12,23,1022,4025223,30,500,30,-50,50,0.0,1.6528324964814178,527674663.0350982,1.6528324964814178,1.624069600002258,PASS
SCHO_NSTF,F12,24,1023,4025224,30,500,30,-50,50,0.0,1.0654083390495077,557034073.9341952,1.0654083390495077,1.661378999997396,PASS
SCHO_NSTF,F12,30,1029,4025230,30,500,30,-50,50,0.0,1.0585477660572964,638200031.739138,1.0585477660572964,1.471600999997463,PASS
SCHO_NSTF,F12,28,1027,4025228,30,500,30,-50,50,0.0,1.1002357624257868,735612073.6667887,1.1002357624257868,1.5476572000043234,PASS
SCHO_NSTF,F12,27,1026,4025227,30,500,30,-50,50,0.0,0.25049213178611424,688380987.7444726,0.25049213178611424,1.6348264000116615,PASS
SCHO_NSTF,F12,29,1028,4025229,30,500,30,-50,50,0.0,0.6807558885475675,694579575.2440028,0.6807558885475675,1.6264018999936525,PASS
SCHO_NSTF,F13,1,1000,4025301,30,500,30,-50,50,0.0,2.9124116636032125,1121540604.907016,2.9124116636032125,1.4315072000026703,PASS
SCHO_NSTF,F13,2,1001,4025302,30,500,30,-50,50,0.0,2.8021090051358257,1134393402.9122756,2.8021090051358257,1.4368639000022085,PASS
SCHO_NSTF,F13,3,1002,4025303,30,500,30,-50,50,0.0,2.380769120554339,1279263460.7598147,2.380769120554339,1.5360657999990508,PASS
SCHO_NSTF,F13,4,1003,4025304,30,500,30,-50,50,0.0,2.3317209995381276,1409943019.8603163,2.3317209995381276,1.5339114999951562,PASS
SCHO_NSTF,F13,6,1005,4025306,30,500,30,-50,50,0.0,1.9415442900917572,1181621324.1665757,1.9415442900917572,1.4850550999981351,PASS
SCHO_NSTF,F13,5,1004,4025305,30,500,30,-50,50,0.0,2.209796220522432,1170689608.5516968,2.209796220522432,1.524670700004208,PASS
SCHO_NSTF,F13,7,1006,4025307,30,500,30,-50,50,0.0,2.9041941410591012,1268983075.2778127,2.9041941410591012,1.5124107000010554,PASS
SCHO_NSTF,F13,8,1007,4025308,30,500,30,-50,50,0.0,2.181723324657048,878154019.7635087,2.181723324657048,1.5221590000001015,PASS
SCHO_NSTF,F13,12,1011,4025312,30,500,30,-50,50,0.0,2.4765807047842543,746217004.1348709,2.4765807047842543,1.3954726999945706,PASS
SCHO_NSTF,F13,9,1008,4025309,30,500,30,-50,50,0.0,2.9145887029811433,1296042042.9580178,2.9145887029811433,1.4778134000080172,PASS
SCHO_NSTF,F13,11,1010,4025311,30,500,30,-50,50,0.0,2.463495704386763,1334005063.226532,2.463495704386763,1.5231590999901528,PASS
SCHO_NSTF,F13,10,1009,4025310,30,500,30,-50,50,0.0,2.9347610005053864,1170491781.6147819,2.9347610005053864,1.5987466000078712,PASS
SCHO_NSTF,F13,13,1012,4025313,30,500,30,-50,50,0.0,2.9415030714232313,902489281.0803057,2.9415030714232313,1.4331139999994775,PASS
SCHO_NSTF,F13,14,1013,4025314,30,500,30,-50,50,0.0,2.2858033606246653,813623365.5838884,2.2858033606246653,1.4644056999968598,PASS
SCHO_NSTF,F13,15,1014,4025315,30,500,30,-50,50,0.0,2.9384636105308033,781768070.7565104,2.9384636105308033,1.4809642000036547,PASS
SCHO_NSTF,F13,16,1015,4025316,30,500,30,-50,50,0.0,2.6290289017501927,992639751.8319389,2.6290289017501927,1.5104421000141883,PASS
SCHO_NSTF,F13,18,1017,4025318,30,500,30,-50,50,0.0,2.208129440982523,1270309810.4932654,2.208129440982523,1.463729000010062,PASS
SCHO_NSTF,F13,17,1016,4025317,30,500,30,-50,50,0.0,1.6015355712317891,1200343935.016167,1.6015355712317891,1.5580776999995578,PASS
SCHO_NSTF,F13,20,1019,4025320,30,500,30,-50,50,0.0,2.7711638172680972,1427951455.304063,2.7711638172680972,1.466482799994992,PASS
SCHO_NSTF,F13,19,1018,4025319,30,500,30,-50,50,0.0,2.9092995298760442,985279769.8708252,2.9092995298760442,1.5020240000012564,PASS
SCHO_NSTF,F13,21,1020,4025321,30,500,30,-50,50,0.0,2.599732173743193,1481567387.8877292,2.599732173743193,1.5102879000041867,PASS
SCHO_NSTF,F13,24,1023,4025324,30,500,30,-50,50,0.0,2.928875610137038,1128834171.694078,2.928875610137038,1.4786479999893345,PASS
SCHO_NSTF,F13,23,1022,4025323,30,500,30,-50,50,0.0,2.044742163979961,1057814591.9376878,2.044742163979961,1.484467800008133,PASS
SCHO_NSTF,F13,22,1021,4025322,30,500,30,-50,50,0.0,2.9444098626022237,1071852585.7528108,2.9444098626022237,1.6242042999947444,PASS
SCHO_NSTF,F13,25,1024,4025325,30,500,30,-50,50,0.0,2.2079147888767423,881544869.6646192,2.2079147888767423,1.5050139999948442,PASS
SCHO_NSTF,F13,26,1025,4025326,30,500,30,-50,50,0.0,2.2529158845303705,1213450885.258651,2.2529158845303705,1.589667799999006,PASS
SCHO_NSTF,F13,27,1026,4025327,30,500,30,-50,50,0.0,2.0042578475685384,1309554648.9066305,2.0042578475685384,1.6066684999968857,PASS
SCHO_NSTF,F13,28,1027,4025328,30,500,30,-50,50,0.0,2.9979286396384097,1357932319.8784873,2.9979286396384097,1.530471000005491,PASS
SCHO_NSTF,F14,1,1000,4025401,30,500,2,-65.536000000000001,65.536000000000001,1.0,2.982105171609845,473.71847520737606,2.982105171609845,0.4575245000014547,PASS
SCHO_NSTF,F14,2,1001,4025402,30,500,2,-65.536000000000001,65.536000000000001,1.0,10.763180666971659,20.799965995968776,10.763180666971659,0.46769740000308957,PASS
SCHO_NSTF,F14,3,1002,4025403,30,500,2,-65.536000000000001,65.536000000000001,1.0,3.968250105768485,7.856359089361977,3.968250105768485,0.45058930000232067,PASS
SCHO_NSTF,F14,4,1003,4025404,30,500,2,-65.536000000000001,65.536000000000001,1.0,2.982105156816988,7.991839953168932,2.982105156816988,0.5051965000020573,PASS
SCHO_NSTF,F14,5,1004,4025405,30,500,2,-65.536000000000001,65.536000000000001,1.0,10.763180672793517,24.322820508421295,10.763180672793517,0.477494899998419,PASS
SCHO_NSTF,F14,6,1005,4025406,30,500,2,-65.536000000000001,65.536000000000001,1.0,2.9821051568175756,90.7409532963287,2.9821051568175756,0.41991489999054465,PASS
SCHO_NSTF,F13,29,1028,4025329,30,500,30,-50,50,0.0,1.560759309161089,1284594344.47724,1.560759309161089,1.484897499991348,PASS
SCHO_NSTF,F13,30,1029,4025330,30,500,30,-50,50,0.0,2.99779885916654,1261783528.6462915,2.99779885916654,1.50426490000973,PASS
SCHO_NSTF,F14,10,1009,4025410,30,500,2,-65.536000000000001,65.536000000000001,1.0,2.982105156820442,15.108117071694181,2.982105156820442,0.42895190000126604,PASS
SCHO_NSTF,F14,9,1008,4025409,30,500,2,-65.536000000000001,65.536000000000001,1.0,0.9980038377949463,480.050865101365,0.9980038377949463,0.4468652999930782,PASS
SCHO_NSTF,F14,7,1006,4025407,30,500,2,-65.536000000000001,65.536000000000001,1.0,12.670505811708717,16.2842641081014,12.670505811708717,0.5058231000002706,PASS
SCHO_NSTF,F14,8,1007,4025408,30,500,2,-65.536000000000001,65.536000000000001,1.0,12.670505811135914,21.481362099196957,12.670505811135914,0.49561899999389425,PASS
SCHO_NSTF,F14,11,1010,4025411,30,500,2,-65.536000000000001,65.536000000000001,1.0,0.998003837849928,115.8570972449099,0.998003837849928,0.4575998999935109,PASS
SCHO_NSTF,F14,12,1011,4025412,30,500,2,-65.536000000000001,65.536000000000001,1.0,10.763180673450906,16.441007314171465,10.763180673450906,0.449590399992303,PASS
SCHO_NSTF,F14,13,1012,4025413,30,500,2,-65.536000000000001,65.536000000000001,1.0,3.9682501056743464,16.402755922508554,3.9682501056743464,0.4340219000005163,PASS
SCHO_NSTF,F14,14,1013,4025414,30,500,2,-65.536000000000001,65.536000000000001,1.0,12.670505811135616,73.97889205821518,12.670505811135616,0.44633159998920746,PASS
SCHO_NSTF,F14,15,1014,4025415,30,500,2,-65.536000000000001,65.536000000000001,1.0,0.9980038380720088,65.35361146386387,0.9980038380720088,0.5106841000088025,PASS
SCHO_NSTF,F14,18,1017,4025418,30,500,2,-65.536000000000001,65.536000000000001,1.0,10.763180666802585,237.59430741100795,10.763180666802585,0.4866541999945184,PASS
SCHO_NSTF,F14,17,1016,4025417,30,500,2,-65.536000000000001,65.536000000000001,1.0,12.670505811135556,438.10288921782666,12.670505811135556,0.4992073000030359,PASS
SCHO_NSTF,F14,16,1015,4025416,30,500,2,-65.536000000000001,65.536000000000001,1.0,10.76318066701565,17.659718800789545,10.76318066701565,0.5311930000025313,PASS
SCHO_NSTF,F14,19,1018,4025419,30,500,2,-65.536000000000001,65.536000000000001,1.0,0.9980038380146251,2.286243956447089,0.9980038380146251,0.4841969999979483,PASS
SCHO_NSTF,F14,21,1020,4025421,30,500,2,-65.536000000000001,65.536000000000001,1.0,12.670505811135913,87.51907188492201,12.670505811135913,0.4597383000073023,PASS
SCHO_NSTF,F14,20,1019,4025420,30,500,2,-65.536000000000001,65.536000000000001,1.0,2.982105156820899,179.17713904158902,2.982105156820899,0.5044644000008702,PASS
SCHO_NSTF,F14,22,1021,4025422,30,500,2,-65.536000000000001,65.536000000000001,1.0,3.9682501056862534,29.199725330593285,3.9682501056862534,0.47443299999576993,PASS
SCHO_NSTF,F14,23,1022,4025423,30,500,2,-65.536000000000001,65.536000000000001,1.0,3.968250105603271,9.804625661988586,3.968250105603271,0.4847659999941243,PASS
SCHO_NSTF,F14,25,1024,4025425,30,500,2,-65.536000000000001,65.536000000000001,1.0,12.670505811692196,320.00268640700443,12.670505811692196,0.4919219000003068,PASS
SCHO_NSTF,F14,26,1025,4025426,30,500,2,-65.536000000000001,65.536000000000001,1.0,10.763180666795925,421.40232505995556,10.763180666795925,0.48666249999951106,PASS
SCHO_NSTF,F14,24,1023,4025424,30,500,2,-65.536000000000001,65.536000000000001,1.0,12.670505811557076,294.0509123316119,12.670505811557076,0.49849289999110624,PASS
SCHO_NSTF,F14,27,1026,4025427,30,500,2,-65.536000000000001,65.536000000000001,1.0,12.670505812027402,337.8200873186404,12.670505812027402,0.48410259999218397,PASS
SCHO_NSTF,F14,28,1027,4025428,30,500,2,-65.536000000000001,65.536000000000001,1.0,10.763180666797064,160.2537413920019,10.763180666797064,0.4602164999960223,PASS
SCHO_NSTF,F14,29,1028,4025429,30,500,2,-65.536000000000001,65.536000000000001,1.0,1.9920309002223369,2.3576554955050417,1.9920309002223369,0.4952806000073906,PASS
SCHO_NSTF,F14,30,1029,4025430,30,500,2,-65.536000000000001,65.536000000000001,1.0,1.9920309002270387,15.999537865751927,1.9920309002270387,0.510038499996881,PASS
SCHO_NSTF,F15,1,1000,4025501,30,500,4,-5,5,0.0003,0.000440906630436221,0.30191456608898665,0.000440906630436221,0.409930699999677,PASS
SCHO_NSTF,F15,4,1003,4025504,30,500,4,-5,5,0.0003,0.0004149977942673923,0.1609090192272938,0.0004149977942673923,0.3742779000021983,PASS
SCHO_NSTF,F15,2,1001,4025502,30,500,4,-5,5,0.0003,0.0014513748341401266,1.2717309895536486,0.0014513748341401266,0.41023730000597425,PASS
SCHO_NSTF,F15,3,1002,4025503,30,500,4,-5,5,0.0003,0.020364606960028963,0.3644888722730511,0.020364606960028963,0.4238502000080189,PASS
SCHO_NSTF,F15,6,1005,4025506,30,500,4,-5,5,0.0003,0.0013367714233353167,0.12186464086944875,0.0013367714233353167,0.36348569999972824,PASS
SCHO_NSTF,F15,5,1004,4025505,30,500,4,-5,5,0.0003,0.0004993155040266164,0.12948702495992004,0.0004993155040266164,0.3916282999998657,PASS
SCHO_NSTF,F15,7,1006,4025507,30,500,4,-5,5,0.0003,0.020952938791768738,0.12363760498402297,0.020952938791768738,0.350655000002007,PASS
SCHO_NSTF,F15,8,1007,4025508,30,500,4,-5,5,0.0003,0.0005154144443383771,0.09018764359449179,0.0005154144443383771,0.37271889999101404,PASS
SCHO_NSTF,F15,9,1008,4025509,30,500,4,-5,5,0.0003,0.020943580814785447,2.2394826617102606,0.020943580814785447,0.41486999999324325,PASS
SCHO_NSTF,F15,12,1011,4025512,30,500,4,-5,5,0.0003,0.0005184031196380202,0.23498015533649527,0.0005184031196380202,0.39553259999956936,PASS
SCHO_NSTF,F15,11,1010,4025511,30,500,4,-5,5,0.0003,0.0007716685574514566,0.03239128528085753,0.0007716685574514566,0.4396636000019498,PASS
SCHO_NSTF,F15,10,1009,4025510,30,500,4,-5,5,0.0003,0.026171652852631615,0.13877679138861554,0.026171652852631615,0.4658691000076942,PASS
SCHO_NSTF,F15,13,1012,4025513,30,500,4,-5,5,0.0003,0.020942139673837852,0.1306304824855118,0.020942139673837852,0.3766364000039175,PASS
SCHO_NSTF,F15,15,1014,4025515,30,500,4,-5,5,0.0003,0.001112501663528571,0.10205617825736528,0.001112501663528571,0.38778040000761393,PASS
SCHO_NSTF,F15,14,1013,4025514,30,500,4,-5,5,0.0003,0.00030788962915948053,0.1598298890496266,0.00030788962915948053,0.434585099996184,PASS
SCHO_NSTF,F15,16,1015,4025516,30,500,4,-5,5,0.0003,0.020942387541912966,2.092356457574675,0.020942387541912966,0.38552640000125393,PASS
SCHO_NSTF,F15,17,1016,4025517,30,500,4,-5,5,0.0003,0.0005766596059323891,0.2605680364275185,0.0005766596059323891,0.4359871999913594,PASS
SCHO_NSTF,F15,18,1017,4025518,30,500,4,-5,5,0.0003,0.020364881194563516,0.14977648977909336,0.020364881194563516,0.42712929999106564,PASS
SCHO_NSTF,F15,19,1018,4025519,30,500,4,-5,5,0.0003,0.020364269281695848,0.1985628632680977,0.020364269281695848,0.45509479999600444,PASS
SCHO_NSTF,F15,20,1019,4025520,30,500,4,-5,5,0.0003,0.0004286211097888794,0.1359115073620081,0.0004286211097888794,0.4533593999949517,PASS
SCHO_NSTF,F15,21,1020,4025521,30,500,4,-5,5,0.0003,0.020363837003474272,0.4954470688391197,0.020363837003474272,0.4201806999917608,PASS
SCHO_NSTF,F15,22,1021,4025522,30,500,4,-5,5,0.0003,0.0017980920707745015,0.5524050984541609,0.0017980920707745015,0.43531980000261683,PASS
SCHO_NSTF,F15,24,1023,4025524,30,500,4,-5,5,0.0003,0.020363535871578547,0.298411205199563,0.020363535871578547,0.4304530999943381,PASS
SCHO_NSTF,F15,23,1022,4025523,30,500,4,-5,5,0.0003,0.0007393535223456814,0.29407409982959576,0.0007393535223456814,0.44152540000504814,PASS
SCHO_NSTF,F15,25,1024,4025525,30,500,4,-5,5,0.0003,0.00034616259073553,0.054825133501047195,0.00034616259073553,0.4200440999993589,PASS
SCHO_NSTF,F15,27,1026,4025527,30,500,4,-5,5,0.0003,0.0014763481195365278,0.08376195205332174,0.0014763481195365278,0.3934525000076974,PASS
SCHO_NSTF,F15,26,1025,4025526,30,500,4,-5,5,0.0003,0.000308371096254722,0.2996859951874783,0.000308371096254722,0.43371209999895655,PASS
SCHO_NSTF,F15,28,1027,4025528,30,500,4,-5,5,0.0003,0.0006823534612691786,0.03968409975464774,0.0006823534612691786,0.3931924000062281,PASS
SCHO_NSTF,F16,2,1001,4025602,30,500,2,-5,5,-1.0316,-1.0316284425385827,-0.027012733357646004,-1.0316284425385827,0.1914634999993723,PASS
SCHO_NSTF,F16,1,1000,4025601,30,500,2,-5,5,-1.0316,-1.0316284215197284,2.181179457071373,-1.0316284215197284,0.20177619998867158,PASS
SCHO_NSTF,F15,29,1028,4025529,30,500,4,-5,5,0.0003,0.02036357139209765,0.08098779060507648,0.02036357139209765,0.3836765000014566,PASS
SCHO_NSTF,F15,30,1029,4025530,30,500,4,-5,5,0.0003,0.02094696066004528,0.14413165160408462,0.02094696066004528,0.37263240000174847,PASS
SCHO_NSTF,F16,3,1002,4025603,30,500,2,-5,5,-1.0316,-1.0316284371014652,0.7607607404739891,-1.0316284371014652,0.1925996999925701,PASS
SCHO_NSTF,F16,6,1005,4025606,30,500,2,-5,5,-1.0316,-1.0316284352747076,-0.9735315253417971,-1.0316284352747076,0.213791800008039,PASS
SCHO_NSTF,F16,4,1003,4025604,30,500,2,-5,5,-1.0316,-1.031628439193525,-0.39997849461446167,-1.031628439193525,0.2336349999968661,PASS
SCHO_NSTF,F16,5,1004,4025605,30,500,2,-5,5,-1.0316,-1.0316284531448396,-0.170143036311162,-1.0316284531448396,0.24503619999450166,PASS
SCHO_NSTF,F16,7,1006,4025607,30,500,2,-5,5,-1.0316,-1.0316284373298308,-0.20638118856745086,-1.0316284373298308,0.17904339999950025,PASS
SCHO_NSTF,F16,8,1007,4025608,30,500,2,-5,5,-1.0316,-1.031628396148029,-0.24021923047679472,-1.031628396148029,0.17372649999742862,PASS
SCHO_NSTF,F16,9,1008,4025609,30,500,2,-5,5,-1.0316,-1.0316284495518262,2.3278539991551703,-1.0316284495518262,0.1825295000016922,PASS
SCHO_NSTF,F16,10,1009,4025610,30,500,2,-5,5,-1.0316,-1.0316284348764966,1.0848751489960493,-1.0316284348764966,0.18708730000071228,PASS
SCHO_NSTF,F16,11,1010,4025611,30,500,2,-5,5,-1.0316,-1.031628444449567,2.3611245635192675,-1.031628444449567,0.20597080000152346,PASS
SCHO_NSTF,F16,13,1012,4025613,30,500,2,-5,5,-1.0316,-1.0316284287149977,1.5398855373431712,-1.0316284287149977,0.20221620000666007,PASS
SCHO_NSTF,F16,12,1011,4025612,30,500,2,-5,5,-1.0316,-1.0316283555651191,-1.0303686554309606,-1.0316283555651191,0.22835230000782758,PASS
SCHO_NSTF,F16,14,1013,4025614,30,500,2,-5,5,-1.0316,-1.0316283984968253,-0.8050538505238225,-1.0316283984968253,0.22582550000515766,PASS
SCHO_NSTF,F16,15,1014,4025615,30,500,2,-5,5,-1.0316,-1.0316284290342035,0.23957312171001172,-1.0316284290342035,0.18452890000480693,PASS
SCHO_NSTF,F16,16,1015,4025616,30,500,2,-5,5,-1.0316,-1.0316284472064068,0.7787012712336405,-1.0316284472064068,0.16584790000342764,PASS
SCHO_NSTF,F16,18,1017,4025618,30,500,2,-5,5,-1.0316,-1.03162838068034,1.6470124840433833,-1.03162838068034,0.1879449999978533,PASS
SCHO_NSTF,F16,17,1016,4025617,30,500,2,-5,5,-1.0316,-1.0316284464558958,0.9570585820096484,-1.0316284464558958,0.20616419998987112,PASS
SCHO_NSTF,F16,19,1018,4025619,30,500,2,-5,5,-1.0316,-1.0316284046791273,0.7878546115016152,-1.0316284046791273,0.19219299999531358,PASS
SCHO_NSTF,F16,22,1021,4025622,30,500,2,-5,5,-1.0316,-1.0316284528948594,1.5766615624712603,-1.0316284528948594,0.20223599999735598,PASS
SCHO_NSTF,F16,21,1020,4025621,30,500,2,-5,5,-1.0316,-1.0316284128830773,0.6778025610508492,-1.0316284128830773,0.2170375999994576,PASS
SCHO_NSTF,F16,20,1019,4025620,30,500,2,-5,5,-1.0316,-1.0316283787547529,-0.9362291745164019,-1.0316283787547529,0.2305121999961557,PASS
SCHO_NSTF,F16,23,1022,4025623,30,500,2,-5,5,-1.0316,-1.031628433241261,1.3326463850849646,-1.031628433241261,0.16708799998741597,PASS
SCHO_NSTF,F16,25,1024,4025625,30,500,2,-5,5,-1.0316,-1.0316284252252625,2.429026067201413,-1.0316284252252625,0.17192729999078438,PASS
SCHO_NSTF,F16,24,1023,4025624,30,500,2,-5,5,-1.0316,-1.031628299704665,2.6557067430875065,-1.031628299704665,0.19254770000407007,PASS
SCHO_NSTF,F16,26,1025,4025626,30,500,2,-5,5,-1.0316,-1.0316284299849394,21.49073996804959,-1.0316284299849394,0.17734619999828283,PASS
SCHO_NSTF,F16,27,1026,4025627,30,500,2,-5,5,-1.0316,-1.031628451108203,-0.1512971369952485,-1.031628451108203,0.20042730000568554,PASS
SCHO_NSTF,F16,28,1027,4025628,30,500,2,-5,5,-1.0316,-1.0316284503859527,0.6076326090253817,-1.0316284503859527,0.2037560000026133,PASS
SCHO_NSTF,F16,30,1029,4025630,30,500,2,-5,5,-1.0316,-1.0316284520066357,2.6013826494536425,-1.0316284520066357,0.21048540000629146,PASS
SCHO_NSTF,F16,29,1028,4025629,30,500,2,-5,5,-1.0316,-1.031628437511188,-0.12993145689296656,-1.031628437511188,0.21566759998677298,PASS
SCHO_NSTF,F17,2,1001,4025702,30,500,2,-5;0,10;15,0.397887,0.397888318444501,1.2443773973881989,0.397888318444501,0.18130030001339037,PASS
SCHO_NSTF,F17,1,1000,4025701,30,500,2,-5;0,10;15,0.397887,0.39788781361163394,1.0638829597342436,0.39788781361163394,0.2156468000030145,PASS
SCHO_NSTF,F17,4,1003,4025704,30,500,2,-5;0,10;15,0.397887,0.3978884493612078,2.6652672686497105,0.3978884493612078,0.17219490000570659,PASS
SCHO_NSTF,F17,3,1002,4025703,30,500,2,-5;0,10;15,0.397887,0.39788762345099293,0.5710175662180976,0.39788762345099293,0.205660200008424,PASS
SCHO_NSTF,F17,5,1004,4025705,30,500,2,-5;0,10;15,0.397887,0.39789265889437253,0.7300291394205143,0.39789265889437253,0.20810199998959433,PASS
SCHO_NSTF,F17,6,1005,4025706,30,500,2,-5;0,10;15,0.397887,0.3978889127290888,0.7328401017256851,0.3978889127290888,0.2086150999966776,PASS
SCHO_NSTF,F17,8,1007,4025708,30,500,2,-5;0,10;15,0.397887,0.39788758169646066,0.8184767311208248,0.39788758169646066,0.20857460000843275,PASS
SCHO_NSTF,F17,7,1006,4025707,30,500,2,-5;0,10;15,0.397887,0.3978880436673595,1.0302901000661695,0.3978880436673595,0.21319219999713823,PASS
SCHO_NSTF,F17,11,1010,4025711,30,500,2,-5;0,10;15,0.397887,0.397887664342937,0.9236150306333499,0.397887664342937,0.16587670000444632,PASS
SCHO_NSTF,F17,12,1011,4025712,30,500,2,-5;0,10;15,0.397887,0.39788782489761765,4.005505020167275,0.39788782489761765,0.1757623000012245,PASS
SCHO_NSTF,F17,10,1009,4025710,30,500,2,-5;0,10;15,0.397887,0.39788817797287557,3.966514797561688,0.39788817797287557,0.18701870000222698,PASS
SCHO_NSTF,F17,9,1008,4025709,30,500,2,-5;0,10;15,0.397887,0.3978881055830943,1.6574038437894387,0.3978881055830943,0.20437649999803398,PASS
SCHO_NSTF,F17,13,1012,4025713,30,500,2,-5;0,10;15,0.397887,0.3978946833269621,0.653014811080423,0.3978946833269621,0.19450190001225565,PASS
SCHO_NSTF,F17,14,1013,4025714,30,500,2,-5;0,10;15,0.397887,0.39788925357636096,1.2794390638585824,0.39788925357636096,0.2063726000051247,PASS
SCHO_NSTF,F17,15,1014,4025715,30,500,2,-5;0,10;15,0.397887,0.3978924532233101,0.5699043454949582,0.3978924532233101,0.18908009999722708,PASS
SCHO_NSTF,F17,16,1015,4025716,30,500,2,-5;0,10;15,0.397887,0.3978888938836942,0.5472008050952475,0.3978888938836942,0.2134031000023242,PASS
SCHO_NSTF,F17,17,1016,4025717,30,500,2,-5;0,10;15,0.397887,0.39788745375809853,1.9307324415435367,0.39788745375809853,0.19705770000291523,PASS
SCHO_NSTF,F17,18,1017,4025718,30,500,2,-5;0,10;15,0.397887,0.3978877162358998,1.6377791627432448,0.3978877162358998,0.1849240000010468,PASS
SCHO_NSTF,F17,19,1018,4025719,30,500,2,-5;0,10;15,0.397887,0.3978875014612129,1.8190149992010163,0.3978875014612129,0.20469660000526346,PASS
SCHO_NSTF,F17,20,1019,4025720,30,500,2,-5;0,10;15,0.397887,0.3978884636303288,0.4636423262601532,0.3978884636303288,0.1837524000002304,PASS
SCHO_NSTF,F17,21,1020,4025721,30,500,2,-5;0,10;15,0.397887,0.3978897060712985,2.247938566819121,0.3978897060712985,0.20211149999522604,PASS
SCHO_NSTF,F17,22,1021,4025722,30,500,2,-5;0,10;15,0.397887,0.39789550260796425,1.8216716190815827,0.39789550260796425,0.21111340000061318,PASS
SCHO_NSTF,F17,23,1022,4025723,30,500,2,-5;0,10;15,0.397887,0.3978876112562695,0.615174882056257,0.3978876112562695,0.20735260000219569,PASS
SCHO_NSTF,F17,24,1023,4025724,30,500,2,-5;0,10;15,0.397887,0.397887877633881,14.151514125962425,0.397887877633881,0.21095680000144057,PASS
SCHO_NSTF,F17,25,1024,4025725,30,500,2,-5;0,10;15,0.397887,0.3978873909919489,1.6869208412063283,0.3978873909919489,0.18789339999784715,PASS
SCHO_NSTF,F17,26,1025,4025726,30,500,2,-5;0,10;15,0.397887,0.39788792347900426,3.889306158017198,0.39788792347900426,0.20281200000317767,PASS
SCHO_NSTF,F17,27,1026,4025727,30,500,2,-5;0,10;15,0.397887,0.3978887744240325,1.0566819945015116,0.3978887744240325,0.1801302000094438,PASS
SCHO_NSTF,F17,28,1027,4025728,30,500,2,-5;0,10;15,0.397887,0.39788759926183737,2.9510390763983754,0.39788759926183737,0.18313150000176392,PASS
SCHO_NSTF,F17,29,1028,4025729,30,500,2,-5;0,10;15,0.397887,0.39789532995420096,2.4485590920128137,0.39789532995420096,0.19428959999640938,PASS
SCHO_NSTF,F18,2,1001,4025802,30,500,2,-2,2,3.0,27.55740406814445,30.688673464406033,27.55740406814445,0.2152632000070298,PASS
SCHO_NSTF,F17,30,1029,4025730,30,500,2,-5;0,10;15,0.397887,0.39788806794572373,0.47798940625165187,0.39788806794572373,0.22811280000314582,PASS
SCHO_NSTF,F18,1,1000,4025801,30,500,2,-2,2,3.0,3.0000022988778055,81.38562380070489,3.0000022988778055,0.2325153000128921,PASS
SCHO_NSTF,F18,3,1002,4025803,30,500,2,-2,2,3.0,3.00000468817846,34.965342142586636,3.00000468817846,0.19400709999899846,PASS
SCHO_NSTF,F18,4,1003,4025804,30,500,2,-2,2,3.0,3.0000034958222677,93.48619771902435,3.0000034958222677,0.18142660000012256,PASS
SCHO_NSTF,F18,6,1005,4025806,30,500,2,-2,2,3.0,3.0000001258761224,60.063618491605254,3.0000001258761224,0.17417509999359027,PASS
SCHO_NSTF,F18,5,1004,4025805,30,500,2,-2,2,3.0,3.00000318743583,50.082085355619114,3.00000318743583,0.19990659999893978,PASS
SCHO_NSTF,F18,7,1006,4025807,30,500,2,-2,2,3.0,3.0000031002946557,5.7914370508281126,3.0000031002946557,0.22736170000280254,PASS
SCHO_NSTF,F18,10,1009,4025810,30,500,2,-2,2,3.0,3.0000031072959357,3.5313798537296646,3.0000031072959357,0.20425120000436436,PASS
SCHO_NSTF,F18,9,1008,4025809,30,500,2,-2,2,3.0,3.000008488276878,25.521419373542102,3.000008488276878,0.22862190000887495,PASS
SCHO_NSTF,F18,8,1007,4025808,30,500,2,-2,2,3.0,3.000001313868441,64.59830186416433,3.000001313868441,0.2530989000078989,PASS
SCHO_NSTF,F18,11,1010,4025811,30,500,2,-2,2,3.0,3.0000015250260486,88.7536597773862,3.0000015250260486,0.17290689999936149,PASS
SCHO_NSTF,F18,13,1012,4025813,30,500,2,-2,2,3.0,3.0000029415981766,9.426190913628409,3.0000029415981766,0.19298669999989215,PASS
SCHO_NSTF,F18,12,1011,4025812,30,500,2,-2,2,3.0,3.0000098253113054,39.964935115530984,3.0000098253113054,0.21831279998878017,PASS
SCHO_NSTF,F18,14,1013,4025814,30,500,2,-2,2,3.0,3.0000013112365167,13.07568843364808,3.0000013112365167,0.19711899998947047,PASS
SCHO_NSTF,F18,15,1014,4025815,30,500,2,-2,2,3.0,3.0000045987208903,21.8168014034403,3.0000045987208903,0.20635780000884552,PASS
SCHO_NSTF,F18,16,1015,4025816,30,500,2,-2,2,3.0,3.0000007239842525,329.91156437221537,3.0000007239842525,0.21464520000154153,PASS
SCHO_NSTF,F18,18,1017,4025818,30,500,2,-2,2,3.0,3.7891861523413173,195.47673454838912,3.7891861523413173,0.21974059999047313,PASS
SCHO_NSTF,F18,17,1016,4025817,30,500,2,-2,2,3.0,3.0000032665218566,91.84738429723461,3.0000032665218566,0.2351502000092296,PASS
SCHO_NSTF,F18,19,1018,4025819,30,500,2,-2,2,3.0,3.000005551406713,10.909611757157371,3.000005551406713,0.2059408000059193,PASS
SCHO_NSTF,F18,21,1020,4025821,30,500,2,-2,2,3.0,92.03450038773764,317.38163063086415,92.03450038773764,0.18933430001197848,PASS
SCHO_NSTF,F18,20,1019,4025820,30,500,2,-2,2,3.0,18.319909141153293,273.7028443942355,18.319909141153293,0.21280490000208374,PASS
SCHO_NSTF,F18,22,1021,4025822,30,500,2,-2,2,3.0,3.0000096286698756,66.7727554338801,3.0000096286698756,0.1999420999927679,PASS
SCHO_NSTF,F18,26,1025,4025826,30,500,2,-2,2,3.0,3.00000124009563,52.45697833328407,3.00000124009563,0.22865070000989363,PASS
SCHO_NSTF,F18,25,1024,4025825,30,500,2,-2,2,3.0,3.0000104680838975,77.76507019353373,3.0000104680838975,0.2295616999908816,PASS
SCHO_NSTF,F18,23,1022,4025823,30,500,2,-2,2,3.0,20.059333551151294,77.76899365473201,20.059333551151294,0.241368799994234,PASS
SCHO_NSTF,F18,24,1023,4025824,30,500,2,-2,2,3.0,30.000003915635205,35.89485466192964,30.000003915635205,0.24048940000648145,PASS
SCHO_NSTF,F18,27,1026,4025827,30,500,2,-2,2,3.0,3.000000837597007,64.85636849106568,3.000000837597007,0.18271319998893887,PASS
SCHO_NSTF,F18,28,1027,4025828,30,500,2,-2,2,3.0,3.0000016092644604,18.92539432381692,3.0000016092644604,0.19588080000539776,PASS
SCHO_NSTF,F18,30,1029,4025830,30,500,2,-2,2,3.0,3.0000147905079046,9.657899738468323,3.0000147905079046,0.2220761000062339,PASS
SCHO_NSTF,F18,29,1028,4025829,30,500,2,-2,2,3.0,6.1528237990458265,45.603141869610994,6.1528237990458265,0.2321245000057388,PASS
SCHO_NSTF,F19,1,1000,4025901,30,500,3,0,1,-3.8628,-3.862775399778593,-2.8152364689429965,-3.862775399778593,0.6580686999950558,PASS
SCHO_NSTF,F19,3,1002,4025903,30,500,3,0,1,-3.8628,-3.8627788463918717,-3.725083575446613,-3.8627788463918717,0.6414883000106784,PASS
SCHO_NSTF,F19,2,1001,4025902,30,500,3,0,1,-3.8628,-3.8551156279111636,-3.0010573399050178,-3.8551156279111636,0.6823487999936333,PASS
SCHO_NSTF,F19,4,1003,4025904,30,500,3,0,1,-3.8628,-3.86277402167619,-3.1461542137665415,-3.86277402167619,0.6684065000008559,PASS
SCHO_NSTF,F19,5,1004,4025905,30,500,3,0,1,-3.8628,-3.8627619430686444,-3.639512885449389,-3.8627619430686444,0.6097288000019034,PASS
SCHO_NSTF,F19,7,1006,4025907,30,500,3,0,1,-3.8628,-3.862778199358774,-3.5365431240230087,-3.862778199358774,0.612919499995769,PASS
SCHO_NSTF,F19,6,1005,4025906,30,500,3,0,1,-3.8628,-3.862766371907922,-3.5964528439046646,-3.862766371907922,0.6441980999952648,PASS
SCHO_NSTF,F19,8,1007,4025908,30,500,3,0,1,-3.8628,-3.8627717120962144,-3.371709865860915,-3.8627717120962144,0.6318415999994613,PASS
SCHO_NSTF,F19,9,1008,4025909,30,500,3,0,1,-3.8628,-3.8627747479133347,-2.3770187007264147,-3.8627747479133347,0.653806500005885,PASS
SCHO_NSTF,F19,10,1009,4025910,30,500,3,0,1,-3.8628,-3.8627764660600676,-3.6842803474191888,-3.8627764660600676,0.7390728000027593,PASS
SCHO_NSTF,F19,12,1011,4025912,30,500,3,0,1,-3.8628,-3.8627394847100143,-3.4451524449101667,-3.8627394847100143,0.740383299998939,PASS
SCHO_NSTF,F19,11,1010,4025911,30,500,3,0,1,-3.8628,-3.8627647493221007,-3.3317115223347478,-3.8627647493221007,0.749156399993808,PASS
SCHO_NSTF,F19,13,1012,4025913,30,500,3,0,1,-3.8628,-3.8627796592277917,-3.635871471826206,-3.8627796592277917,0.7913896000100067,PASS
SCHO_NSTF,F19,14,1013,4025914,30,500,3,0,1,-3.8628,-3.8627695321675475,-2.7738840559770095,-3.8627695321675475,0.7392914999945788,PASS
SCHO_NSTF,F19,15,1014,4025915,30,500,3,0,1,-3.8628,-3.862776784763687,-3.0661071327576335,-3.862776784763687,0.7474035999912303,PASS
SCHO_NSTF,F19,16,1015,4025916,30,500,3,0,1,-3.8628,-3.8627784053826364,-3.3706466472251426,-3.8627784053826364,0.7626039000024321,PASS
SCHO_NSTF,F19,18,1017,4025918,30,500,3,0,1,-3.8628,-3.862777456512618,-3.529350907698285,-3.862777456512618,0.5697271000099136,PASS
SCHO_NSTF,F19,17,1016,4025917,30,500,3,0,1,-3.8628,-3.8627528788657592,-2.5942404342513865,-3.8627528788657592,0.6457552000065334,PASS
SCHO_NSTF,F19,19,1018,4025919,30,500,3,0,1,-3.8628,-3.862776644015735,-3.399138298593093,-3.862776644015735,0.6003188000031514,PASS
SCHO_NSTF,F19,20,1019,4025920,30,500,3,0,1,-3.8628,-3.8627772471450568,-2.937918383007861,-3.8627772471450568,0.6453217999951448,PASS
SCHO_NSTF,F19,21,1020,4025921,30,500,3,0,1,-3.8628,-3.862771793698636,-2.5311476977977185,-3.862771793698636,0.5579799999977695,PASS
SCHO_NSTF,F19,22,1021,4025922,30,500,3,0,1,-3.8628,-3.862778472412812,-3.757311537153646,-3.862778472412812,0.569929699995555,PASS
SCHO_NSTF,F19,23,1022,4025923,30,500,3,0,1,-3.8628,-3.862777496501058,-3.2132895898117337,-3.862777496501058,0.5631138000026112,PASS
SCHO_NSTF,F19,24,1023,4025924,30,500,3,0,1,-3.8628,-3.8627770750134314,-3.0648914677945323,-3.8627770750134314,0.5465800999954809,PASS
SCHO_NSTF,F19,25,1024,4025925,30,500,3,0,1,-3.8628,-3.8627685589097402,-3.2314525429469114,-3.8627685589097402,0.5839806000003591,PASS
SCHO_NSTF,F19,27,1026,4025927,30,500,3,0,1,-3.8628,-3.862762760491351,-2.8590384198361467,-3.862762760491351,0.5943188999954145,PASS
SCHO_NSTF,F19,28,1027,4025928,30,500,3,0,1,-3.8628,-3.8627777211055063,-3.0773264067719293,-3.8627777211055063,0.5946524000028148,PASS
SCHO_NSTF,F19,26,1025,4025926,30,500,3,0,1,-3.8628,-3.8627696392737096,-2.924795237972474,-3.8627696392737096,0.6176757999928668,PASS
SCHO_NSTF,F19,29,1028,4025929,30,500,3,0,1,-3.8628,-3.8627704245110364,-2.805569559471893,-3.8627704245110364,0.566052000009222,PASS
SCHO_NSTF,F19,30,1029,4025930,30,500,3,0,1,-3.8628,-3.8627730735632,-3.661052938270577,-3.8627730735632,0.6125676999945426,PASS
SCHO_NSTF,F20,1,1000,4026001,30,500,6,0,1,-3.322,-3.3222515468007576,-1.719657427599971,-3.3222515468007576,0.7105924999923445,PASS
SCHO_NSTF,F20,2,1001,4026002,30,500,6,0,1,-3.322,-3.3220623274691112,-2.366607712192178,-3.3220623274691112,0.7052035999950022,PASS
SCHO_NSTF,F20,3,1002,4026003,30,500,6,0,1,-3.322,-3.20296323699623,-2.639546222318051,-3.20296323699623,0.7111899999872549,PASS
SCHO_NSTF,F20,4,1003,4026004,30,500,6,0,1,-3.322,-3.3220388286250357,-1.4156844025488817,-3.3220388286250357,0.7072417000017595,PASS
SCHO_NSTF,F20,6,1005,4026006,30,500,6,0,1,-3.322,-3.20309976184209,-0.9891623935739681,-3.20309976184209,0.7207334999984596,PASS
SCHO_NSTF,F20,5,1004,4026005,30,500,6,0,1,-3.322,-3.321992102172734,-1.546975718287114,-3.321992102172734,0.7339269999938551,PASS
SCHO_NSTF,F20,7,1006,4026007,30,500,6,0,1,-3.322,-3.321976400997976,-1.3524600207773423,-3.321976400997976,0.642095099989092,PASS
SCHO_NSTF,F20,8,1007,4026008,30,500,6,0,1,-3.322,-3.3214874069859035,-1.1897588416913751,-3.3214874069859035,0.6043344999925466,PASS
SCHO_NSTF,F20,9,1008,4026009,30,500,6,0,1,-3.322,-3.2029607556999835,-2.5573730477528325,-3.2029607556999835,0.6841327000001911,PASS
SCHO_NSTF,F20,10,1009,4026010,30,500,6,0,1,-3.322,-3.202945400252002,-1.5097145340696625,-3.202945400252002,0.6835529000090901,PASS
SCHO_NSTF,F20,12,1011,4026012,30,500,6,0,1,-3.322,-3.2029719232494127,-1.3334487205410632,-3.2029719232494127,0.6772225000022445,PASS
SCHO_NSTF,F20,11,1010,4026011,30,500,6,0,1,-3.322,-3.3221926244588094,-0.6291784544978798,-3.3221926244588094,0.7002206000033766,PASS
SCHO_NSTF,F20,13,1012,4026013,30,500,6,0,1,-3.322,-3.3219822051518646,-1.0595512897021777,-3.3219822051518646,0.6890830999909667,PASS
SCHO_NSTF,F20,14,1013,4026014,30,500,6,0,1,-3.322,-3.203040316960902,-1.8745849243144121,-3.203040316960902,0.6903487999952631,PASS
SCHO_NSTF,F20,15,1014,4026015,30,500,6,0,1,-3.322,-3.2029639035435276,-2.443957038960648,-3.2029639035435276,0.6286526000039885,PASS
SCHO_NSTF,F20,17,1016,4026017,30,500,6,0,1,-3.322,-3.3220284636615864,-0.7707250057888351,-3.3220284636615864,0.6374353999999585,PASS
SCHO_NSTF,F20,18,1017,4026018,30,500,6,0,1,-3.322,-3.3220563294923324,-1.2806836046999825,-3.3220563294923324,0.6519244999944931,PASS
SCHO_NSTF,F20,16,1015,4026016,30,500,6,0,1,-3.322,-3.3221965756296874,-1.42589448097107,-3.3221965756296874,0.6743425000022398,PASS
SCHO_NSTF,F20,19,1018,4026019,30,500,6,0,1,-3.322,-3.3219019257116558,-1.6501266361374602,-3.3219019257116558,0.6410940999921877,PASS
SCHO_NSTF,F20,20,1019,4026020,30,500,6,0,1,-3.322,-3.3220836596119017,-1.1694872668654595,-3.3220836596119017,0.648273099999642,PASS
SCHO_NSTF,F20,22,1021,4026022,30,500,6,0,1,-3.322,-3.322106588384362,-1.9643777697330147,-3.322106588384362,0.6465309000050183,PASS
SCHO_NSTF,F20,21,1020,4026021,30,500,6,0,1,-3.322,-3.3221914324597828,-1.3182646272649436,-3.3221914324597828,0.6545290999929421,PASS
SCHO_NSTF,F20,24,1023,4026024,30,500,6,0,1,-3.322,-3.0767613506480807,-1.66295644462256,-3.0767613506480807,0.6108839000080479,PASS
SCHO_NSTF,F20,23,1022,4026023,30,500,6,0,1,-3.322,-3.202806450898171,-0.8292420221596318,-3.202806450898171,0.6222217999893473,PASS
SCHO_NSTF,F20,25,1024,4026025,30,500,6,0,1,-3.322,-3.322111788092632,-0.9695628721775759,-3.322111788092632,0.6130522000021301,PASS
SCHO_NSTF,F20,26,1025,4026026,30,500,6,0,1,-3.322,-3.322138770850335,-1.6523507833992392,-3.322138770850335,0.6132694999978412,PASS
SCHO_NSTF,F20,27,1026,4026027,30,500,6,0,1,-3.322,-3.2030389446076994,-2.2223661928383214,-3.2030389446076994,0.6426280000014231,PASS
SCHO_NSTF,F20,30,1029,4026030,30,500,6,0,1,-3.322,-3.3218942592480207,-1.358077861654103,-3.3218942592480207,0.6345134000002872,PASS
SCHO_NSTF,F20,29,1028,4026029,30,500,6,0,1,-3.322,-3.3221395607541173,-1.1782094607932692,-3.3221395607541173,0.6475901999947382,PASS
SCHO_NSTF,F20,28,1027,4026028,30,500,6,0,1,-3.322,-3.32198325260951,-0.7602290577530897,-3.32198325260951,0.653565400003572,PASS
SCHO_NSTF,F21,4,1003,4026104,30,500,4,0,10,-10.1532,-5.074953949659432,-0.3482705863990612,-5.074953949659432,0.5250930000038352,PASS
SCHO_NSTF,F21,1,1000,4026101,30,500,4,0,10,-10.1532,-10.147050798342175,-0.7856612453746614,-10.147050798342175,0.5557507000048645,PASS
SCHO_NSTF,F21,2,1001,4026102,30,500,4,0,10,-10.1532,-5.055049944616371,-0.255284514021552,-5.055049944616371,0.5551872000069125,PASS
SCHO_NSTF,F21,3,1002,4026103,30,500,4,0,10,-10.1532,-5.054965550225084,-0.7458813166548436,-5.054965550225084,0.561118700003135,PASS
SCHO_NSTF,F21,5,1004,4026105,30,500,4,0,10,-10.1532,-10.10303564261837,-0.42018439611118236,-10.10303564261837,0.5604056999873137,PASS
SCHO_NSTF,F21,6,1005,4026106,30,500,4,0,10,-10.1532,-2.629722473833985,-0.5910831778647738,-2.629722473833985,0.5602747999946587,PASS
SCHO_NSTF,F21,7,1006,4026107,30,500,4,0,10,-10.1532,-10.090319944206387,-0.42913328296464676,-10.090319944206387,0.5707389000017429,PASS
SCHO_NSTF,F21,8,1007,4026108,30,500,4,0,10,-10.1532,-5.0542739416066595,-0.5537203015819497,-5.0542739416066595,0.5775676999910502,PASS
SCHO_NSTF,F21,9,1008,4026109,30,500,4,0,10,-10.1532,-10.129789460962197,-0.3954824691564748,-10.129789460962197,0.5375236999971094,PASS
SCHO_NSTF,F21,10,1009,4026110,30,500,4,0,10,-10.1532,-2.6297594734064194,-0.3873214329929367,-2.6297594734064194,0.530275500001153,PASS
SCHO_NSTF,F21,11,1010,4026111,30,500,4,0,10,-10.1532,-2.6290487079424683,-0.3122489822002593,-2.6290487079424683,0.5353065000090282,PASS
SCHO_NSTF,F21,12,1011,4026112,30,500,4,0,10,-10.1532,-2.6260152220152726,-0.42577067910792477,-2.6260152220152726,0.5456555999990087,PASS
SCHO_NSTF,F21,13,1012,4026113,30,500,4,0,10,-10.1532,-10.131808337593842,-0.5398028645395757,-10.131808337593842,0.5590850000007777,PASS
SCHO_NSTF,F21,14,1013,4026114,30,500,4,0,10,-10.1532,-2.6281397310850854,-0.4533003470413142,-2.6281397310850854,0.5681936999899335,PASS
SCHO_NSTF,F21,16,1015,4026116,30,500,4,0,10,-10.1532,-2.6804604402791896,-0.5643107717396479,-2.6804604402791896,0.5503657000081148,PASS
SCHO_NSTF,F21,15,1014,4026115,30,500,4,0,10,-10.1532,-2.6801099821986845,-0.3593500916460118,-2.6801099821986845,0.5592579000076512,PASS
SCHO_NSTF,F21,17,1016,4026117,30,500,4,0,10,-10.1532,-10.139560932325917,-1.3126153292827127,-10.139560932325917,0.5494102999946335,PASS
SCHO_NSTF,F21,19,1018,4026119,30,500,4,0,10,-10.1532,-2.6293880151962172,-0.4201398663247763,-2.6293880151962172,0.5537779000005685,PASS
SCHO_NSTF,F21,18,1017,4026118,30,500,4,0,10,-10.1532,-5.095728965431528,-0.3187300785834754,-5.095728965431528,0.5639546000020346,PASS
SCHO_NSTF,F21,20,1019,4026120,30,500,4,0,10,-10.1532,-5.081865618911065,-0.556094779406882,-5.081865618911065,0.5494039000041084,PASS
SCHO_NSTF,F21,21,1020,4026121,30,500,4,0,10,-10.1532,-2.6798504721168674,-0.39892324222710235,-2.6798504721168674,0.5737025000125868,PASS
SCHO_NSTF,F21,22,1021,4026122,30,500,4,0,10,-10.1532,-10.130072220497395,-0.8124729051033841,-10.130072220497395,0.5545391000050586,PASS
SCHO_NSTF,F21,23,1022,4026123,30,500,4,0,10,-10.1532,-5.077218967517464,-0.5751988255431095,-5.077218967517464,0.5686898999992991,PASS
SCHO_NSTF,F21,24,1023,4026124,30,500,4,0,10,-10.1532,-2.680533153554353,-0.36248300442977327,-2.680533153554353,0.5747020999988308,PASS
SCHO_NSTF,F21,25,1024,4026125,30,500,4,0,10,-10.1532,-10.142724061694482,-0.4078383896375593,-10.142724061694482,0.5267728999897372,PASS
SCHO_NSTF,F21,26,1025,4026126,30,500,4,0,10,-10.1532,-2.6292611902579726,-0.3234823818806821,-2.6292611902579726,0.5337599999911617,PASS
SCHO_NSTF,F21,27,1026,4026127,30,500,4,0,10,-10.1532,-10.131846447445632,-0.29612421486392365,-10.131846447445632,0.5189457000087714,PASS
SCHO_NSTF,F21,28,1027,4026128,30,500,4,0,10,-10.1532,-10.10245054388505,-0.3986533020007952,-10.10245054388505,0.5396419000026071,PASS
SCHO_NSTF,F21,29,1028,4026129,30,500,4,0,10,-10.1532,-10.132530948800301,-0.3985356486821531,-10.132530948800301,0.5564880000019912,PASS
SCHO_NSTF,F21,30,1029,4026130,30,500,4,0,10,-10.1532,-5.054875990378669,-0.36908201859372297,-5.054875990378669,0.5566545000037877,PASS
SCHO_NSTF,F22,2,1001,4026202,30,500,4,0,10,-10.4028,-3.721963054801643,-0.9222716528520395,-3.721963054801643,0.6554457000020193,PASS
SCHO_NSTF,F22,1,1000,4026201,30,500,4,0,10,-10.4028,-10.385304986877465,-0.9317573703945224,-10.385304986877465,0.6747417999868048,PASS
SCHO_NSTF,F22,3,1002,4026203,30,500,4,0,10,-10.4028,-5.087055284488967,-0.7773340207644487,-5.087055284488967,0.6396690999972634,PASS
SCHO_NSTF,F22,4,1003,4026204,30,500,4,0,10,-10.4028,-5.103105008272739,-0.370970802781476,-5.103105008272739,0.6328877000050852,PASS
SCHO_NSTF,F22,5,1004,4026205,30,500,4,0,10,-10.4028,-10.353367306490865,-0.5275828087880526,-10.353367306490865,0.6310698000015691,PASS
SCHO_NSTF,F22,6,1005,4026206,30,500,4,0,10,-10.4028,-2.765253374906818,-0.6964166048173347,-2.765253374906818,0.6163355000026058,PASS
SCHO_NSTF,F22,7,1006,4026207,30,500,4,0,10,-10.4028,-10.379728859249688,-0.4985747392352459,-10.379728859249688,0.6653922999976203,PASS
SCHO_NSTF,F22,9,1008,4026209,30,500,4,0,10,-10.4028,-10.389004426407475,-0.49284895953941,-10.389004426407475,0.6587460000009742,PASS
SCHO_NSTF,F22,8,1007,4026208,30,500,4,0,10,-10.4028,-5.086726527457233,-0.582643477675555,-5.086726527457233,0.6591723000019556,PASS
SCHO_NSTF,F22,10,1009,4026210,30,500,4,0,10,-10.4028,-3.7222777475167836,-0.5770862732792144,-3.7222777475167836,0.6669648999959463,PASS
SCHO_NSTF,F22,12,1011,4026212,30,500,4,0,10,-10.4028,-10.39998308723708,-0.5645985806520991,-10.39998308723708,0.6238245999993524,PASS
SCHO_NSTF,F22,11,1010,4026211,30,500,4,0,10,-10.4028,-2.764320892989415,-0.4296436080947541,-2.764320892989415,0.660957399988547,PASS
SCHO_NSTF,F22,14,1013,4026214,30,500,4,0,10,-10.4028,-3.7206905158746464,-0.9848094857049149,-3.7206905158746464,0.6316490000026533,PASS
SCHO_NSTF,F22,13,1012,4026213,30,500,4,0,10,-10.4028,-10.383508952358389,-0.6449517732088035,-10.383508952358389,0.6569553000008455,PASS
SCHO_NSTF,F22,15,1014,4026215,30,500,4,0,10,-10.4028,-2.749422023306544,-0.4103758613869799,-2.749422023306544,0.7215205999964382,PASS
SCHO_NSTF,F22,17,1016,4026217,30,500,4,0,10,-10.4028,-10.387719059545558,-1.5765565707085023,-10.387719059545558,0.7162564999889582,PASS
SCHO_NSTF,F22,16,1015,4026216,30,500,4,0,10,-10.4028,-3.722067148145556,-0.6218257843354295,-3.722067148145556,0.721066800004337,PASS
SCHO_NSTF,F22,18,1017,4026218,30,500,4,0,10,-10.4028,-2.762505916649724,-0.44933832522368744,-2.762505916649724,0.741064700006973,PASS
SCHO_NSTF,F22,19,1018,4026219,30,500,4,0,10,-10.4028,-2.765340421692833,-0.5128377893703403,-2.765340421692833,0.6706495999969775,PASS
SCHO_NSTF,F22,20,1019,4026220,30,500,4,0,10,-10.4028,-5.109933136176611,-0.5828681600134475,-5.109933136176611,0.6442976999969687,PASS
SCHO_NSTF,F22,21,1020,4026221,30,500,4,0,10,-10.4028,-3.7190261346420246,-1.121161539213936,-3.7190261346420246,0.6480004000040935,PASS
SCHO_NSTF,F22,22,1021,4026222,30,500,4,0,10,-10.4028,-10.374343852680541,-0.9797111395033686,-10.374343852680541,0.6565101000014693,PASS
SCHO_NSTF,F22,23,1022,4026223,30,500,4,0,10,-10.4028,-5.105198142445648,-0.6086256797700836,-5.105198142445648,0.6563179999939166,PASS
SCHO_NSTF,F22,26,1025,4026226,30,500,4,0,10,-10.4028,-1.836295807250752,-0.4813761157500475,-1.836295807250752,0.6562166000076104,PASS
SCHO_NSTF,F22,24,1023,4026224,30,500,4,0,10,-10.4028,-3.7210269466642236,-0.46854024723853555,-3.7210269466642236,0.6714552999910666,PASS
SCHO_NSTF,F22,25,1024,4026225,30,500,4,0,10,-10.4028,-2.76500924380968,-0.5048069121336105,-2.76500924380968,0.6915164999954868,PASS
SCHO_NSTF,F22,27,1026,4026227,30,500,4,0,10,-10.4028,-10.381905577942105,-0.3899985277776262,-10.381905577942105,0.6477844000037294,PASS
SCHO_NSTF,F22,28,1027,4026228,30,500,4,0,10,-10.4028,-3.72280825540225,-0.7157489465814115,-3.72280825540225,0.6362377999903401,PASS
SCHO_NSTF,F22,29,1028,4026229,30,500,4,0,10,-10.4028,-10.390361456348781,-0.7171582833042149,-10.390361456348781,0.6284999999916181,PASS
SCHO_NSTF,F22,30,1029,4026230,30,500,4,0,10,-10.4028,-2.7642352142295894,-0.43985095714117073,-2.7642352142295894,0.640885500004515,PASS
SCHO_NSTF,F23,1,1000,4026301,30,500,4,0,10,-10.5363,-10.519182155969851,-1.0238629556348218,-10.519182155969851,0.8217508999950951,PASS
SCHO_NSTF,F23,3,1002,4026303,30,500,4,0,10,-10.5363,-5.127882120541238,-0.8164625137143151,-5.127882120541238,0.810148400007165,PASS
SCHO_NSTF,F23,2,1001,4026302,30,500,4,0,10,-10.5363,-3.833136239218789,-1.0008003304569233,-3.833136239218789,0.8173439999955008,PASS
SCHO_NSTF,F23,4,1003,4026304,30,500,4,0,10,-10.5363,-2.420277895352751,-0.5565675694250592,-2.420277895352751,0.8275644999957876,PASS
SCHO_NSTF,F23,6,1005,4026306,30,500,4,0,10,-10.5363,-2.80595919382404,-0.7414380430410371,-2.80595919382404,0.7584610000048997,PASS
SCHO_NSTF,F23,5,1004,4026305,30,500,4,0,10,-10.5363,-3.830962312152449,-0.8454832942164738,-3.830962312152449,0.8067021000024397,PASS
SCHO_NSTF,F23,8,1007,4026308,30,500,4,0,10,-10.5363,-2.4205734729770763,-0.7874801856706389,-2.4205734729770763,0.7779366000031587,PASS
SCHO_NSTF,F23,7,1006,4026307,30,500,4,0,10,-10.5363,-10.512859479776345,-0.6872915656446693,-10.512859479776345,0.7954696999950102,PASS
SCHO_NSTF,F23,9,1008,4026309,30,500,4,0,10,-10.5363,-10.514246113340208,-0.5747711898984762,-10.514246113340208,0.8025254000094719,PASS
SCHO_NSTF,F23,11,1010,4026311,30,500,4,0,10,-10.5363,-10.504150693380357,-0.4663841659661791,-10.504150693380357,0.8162981000059517,PASS
SCHO_NSTF,F23,10,1009,4026310,30,500,4,0,10,-10.5363,-3.833508435043012,-0.645758260380765,-3.833508435043012,0.8250702999939676,PASS
SCHO_NSTF,F23,12,1011,4026312,30,500,4,0,10,-10.5363,-10.53332235413177,-0.823786750800087,-10.53332235413177,0.8477042000013171,PASS
SCHO_NSTF,F23,13,1012,4026313,30,500,4,0,10,-10.5363,-10.51643813116286,-0.7770502763168828,-10.51643813116286,0.7622774000046775,PASS
SCHO_NSTF,F23,14,1013,4026314,30,500,4,0,10,-10.5363,-3.831894977701739,-1.0997090054454173,-3.831894977701739,0.7762964000139618,PASS
SCHO_NSTF,F23,15,1014,4026315,30,500,4,0,10,-10.5363,-2.8615562349272508,-0.5002675730803412,-2.8615562349272508,0.7737617999955546,PASS
SCHO_NSTF,F23,16,1015,4026316,30,500,4,0,10,-10.5363,-2.420818068700439,-0.9043428755262034,-2.420818068700439,0.8069732000003569,PASS
SCHO_NSTF,F23,17,1016,4026317,30,500,4,0,10,-10.5363,-10.521330112076699,-1.7597194378362429,-10.521330112076699,0.8317363999958616,PASS
SCHO_NSTF,F23,19,1018,4026319,30,500,4,0,10,-10.5363,-2.8060617968446735,-0.5736082314038227,-2.8060617968446735,0.8372572999942349,PASS
SCHO_NSTF,F23,18,1017,4026318,30,500,4,0,10,-10.5363,-2.8034073676295574,-0.47569531546084826,-2.8034073676295574,0.8677816999988863,PASS
SCHO_NSTF,F23,20,1019,4026320,30,500,4,0,10,-10.5363,-5.156520743764176,-0.6308786806539844,-5.156520743764176,0.8766934000013862,PASS
SCHO_NSTF,F23,21,1020,4026321,30,500,4,0,10,-10.5363,-3.829472644624242,-1.2125486530771716,-3.829472644624242,0.853058399996371,PASS
SCHO_NSTF,F23,23,1022,4026323,30,500,4,0,10,-10.5363,-2.420745563776853,-0.7229501803676563,-2.420745563776853,0.8187778999999864,PASS
SCHO_NSTF,F23,22,1021,4026322,30,500,4,0,10,-10.5363,-10.507145983923547,-1.0750391172262725,-10.507145983923547,0.8770657999994,PASS
SCHO_NSTF,F23,24,1023,4026324,30,500,4,0,10,-10.5363,-2.426780268809752,-0.7987194079905501,-2.426780268809752,0.8556157999992138,PASS
SCHO_NSTF,F23,26,1025,4026326,30,500,4,0,10,-10.5363,-2.421359093353189,-0.6147683017235526,-2.421359093353189,0.8530404000048293,PASS
SCHO_NSTF,F23,28,1027,4026328,30,500,4,0,10,-10.5363,-3.834192681295826,-0.8946038920849877,-3.834192681295826,0.8489520000002813,PASS
SCHO_NSTF,F23,25,1024,4026325,30,500,4,0,10,-10.5363,-2.417851176976773,-0.6700425911086935,-2.417851176976773,0.8914332000131253,PASS
SCHO_NSTF,F23,27,1026,4026327,30,500,4,0,10,-10.5363,-2.4243577940726957,-0.820457114634507,-2.4243577940726957,0.9021318000013707,PASS
SCHO_NSTF,F23,29,1028,4026329,30,500,4,0,10,-10.5363,-10.52385329593545,-0.8835439811854388,-10.52385329593545,0.8187442000053125,PASS
SCHO_NSTF,F23,30,1029,4026330,30,500,4,0,10,-10.5363,-10.492064112212756,-0.5471043607426501,-10.492064112212756,0.8263595000025816,PASS
SCHO_NFTF,F1,1,1000,4024101,30,500,30,-100,100,0.0,9.020567272957215e-13,67810.20717660758,9.020567272957215e-13,1.5525348999944981,PASS
SCHO_NFTF,F1,2,1001,4024102,30,500,30,-100,100,0.0,2.0505435499188162e-12,70905.34012781148,2.0505435499188162e-12,1.54087859998981,PASS
SCHO_NFTF,F1,3,1002,4024103,30,500,30,-100,100,0.0,5.547190823611996e-13,71382.05725267014,5.547190823611996e-13,1.4232413999998244,PASS
SCHO_NFTF,F1,5,1004,4024105,30,500,30,-100,100,0.0,3.3343890255371037e-12,71494.67494006979,3.3343890255371037e-12,1.4131787000078475,PASS
SCHO_NFTF,F1,4,1003,4024104,30,500,30,-100,100,0.0,1.1377156755368984e-12,71067.53341075269,1.1377156755368984e-12,1.4150214999972377,PASS
SCHO_NFTF,F1,6,1005,4024106,30,500,30,-100,100,0.0,1.7896796916210837e-13,68827.91056515143,1.7896796916210837e-13,1.4345608000003267,PASS
SCHO_NFTF,F1,9,1008,4024109,30,500,30,-100,100,0.0,3.796962934902999e-12,70963.15903282672,3.796962934902999e-12,1.4187041999975918,PASS
SCHO_NFTF,F1,7,1006,4024107,30,500,30,-100,100,0.0,5.920921696140925e-12,70203.2929860324,5.920921696140925e-12,1.4390668999985792,PASS
SCHO_NFTF,F1,8,1007,4024108,30,500,30,-100,100,0.0,1.3306203144048193e-12,54060.05645133964,1.3306203144048193e-12,1.4369306000007782,PASS
SCHO_NFTF,F1,10,1009,4024110,30,500,30,-100,100,0.0,1.0104650966940152e-12,68415.51807348001,1.0104650966940152e-12,1.447161000003689,PASS
SCHO_NFTF,F1,11,1010,4024111,30,500,30,-100,100,0.0,2.8428600482117162e-11,79775.6397390009,2.8428600482117162e-11,1.4643669000070076,PASS
SCHO_NFTF,F1,12,1011,4024112,30,500,30,-100,100,0.0,6.702380534155341e-13,60211.88868860319,6.702380534155341e-13,1.4489915000012843,PASS
SCHO_NFTF,F1,13,1012,4024113,30,500,30,-100,100,0.0,5.715417448039361e-12,68582.22618939156,5.715417448039361e-12,1.4663281999964966,PASS
SCHO_NFTF,F1,14,1013,4024114,30,500,30,-100,100,0.0,6.350601832129762e-12,65644.03203813086,6.350601832129762e-12,1.4678812000056496,PASS
SCHO_NFTF,F1,15,1014,4024115,30,500,30,-100,100,0.0,4.766660414462988e-13,62548.52364809662,4.766660414462988e-13,1.3815823000040837,PASS
SCHO_NFTF,F1,16,1015,4024116,30,500,30,-100,100,0.0,1.1924291990293826e-13,60965.044173403294,1.1924291990293826e-13,1.4090884000033839,PASS
SCHO_NFTF,F1,17,1016,4024117,30,500,30,-100,100,0.0,1.6869016702846763e-12,73040.90885855701,1.6869016702846763e-12,1.4286391000059666,PASS
SCHO_NFTF,F1,18,1017,4024118,30,500,30,-100,100,0.0,4.896694778565137e-13,70498.00209305885,4.896694778565137e-13,1.465461799991317,PASS
SCHO_NFTF,F1,20,1019,4024120,30,500,30,-100,100,0.0,5.111760797803343e-12,78896.22221622002,5.111760797803343e-12,1.4170971000130521,PASS
SCHO_NFTF,F1,19,1018,4024119,30,500,30,-100,100,0.0,2.149597762228863e-11,59692.16515890604,2.149597762228863e-11,1.4350796999933664,PASS
SCHO_NFTF,F1,22,1021,4024122,30,500,30,-100,100,0.0,6.223916879069766e-12,64283.25200493102,6.223916879069766e-12,1.4223960999952396,PASS
SCHO_NFTF,F1,21,1020,4024121,30,500,30,-100,100,0.0,5.058527444254165e-13,81948.70656934404,5.058527444254165e-13,1.4433519000012893,PASS
SCHO_NFTF,F1,25,1024,4024125,30,500,30,-100,100,0.0,7.626319281907481e-13,56336.5278763339,7.626319281907481e-13,1.3950534999894444,PASS
SCHO_NFTF,F1,24,1023,4024124,30,500,30,-100,100,0.0,2.769794050124998e-12,72002.90593091116,2.769794050124998e-12,1.3976949999923818,PASS
SCHO_NFTF,F1,26,1025,4024126,30,500,30,-100,100,0.0,2.313745559116762e-13,67654.2390610096,2.313745559116762e-13,1.409954500006279,PASS
SCHO_NFTF,F1,23,1022,4024123,30,500,30,-100,100,0.0,6.4156255429482655e-12,77870.80856837892,6.4156255429482655e-12,1.4514912999875378,PASS
SCHO_NFTF,F1,27,1026,4024127,30,500,30,-100,100,0.0,1.2273131327845755e-12,68127.13090112404,1.2273131327845755e-12,1.4580533000116702,PASS
SCHO_NFTF,F1,28,1027,4024128,30,500,30,-100,100,0.0,5.040652465268224e-13,71281.47829858353,5.040652465268224e-13,1.4878268999891588,PASS
SCHO_NFTF,F1,30,1029,4024130,30,500,30,-100,100,0.0,1.2671028716519832e-12,77096.69700709768,1.2671028716519832e-12,1.4860712999943644,PASS
SCHO_NFTF,F1,29,1028,4024129,30,500,30,-100,100,0.0,1.7350799075612195e-12,66088.0070704646,1.7350799075612195e-12,1.5157617999939248,PASS
SCHO_NFTF,F2,1,1000,4024201,30,500,30,-10,10,0.0,4.757044951116465e-09,360067002398.5346,4.757044951116465e-09,1.6184557999949902,PASS
SCHO_NFTF,F2,2,1001,4024202,30,500,30,-10,10,0.0,3.039553245866113e-08,1715602834860.7356,3.039553245866113e-08,1.6249283999932231,PASS
SCHO_NFTF,F2,3,1002,4024203,30,500,30,-10,10,0.0,1.0002058415068621e-08,702308869043.374,1.0002058415068621e-08,1.6269400000019232,PASS
SCHO_NFTF,F2,4,1003,4024204,30,500,30,-10,10,0.0,3.249369859009236e-08,2634424742592.452,3.249369859009236e-08,1.6212926000007428,PASS
SCHO_NFTF,F2,5,1004,4024205,30,500,30,-10,10,0.0,1.63550705437845e-08,2899651184.9231544,1.63550705437845e-08,1.4980473000032362,PASS
SCHO_NFTF,F2,6,1005,4024206,30,500,30,-10,10,0.0,2.2030757694396342e-08,332841078922.353,2.2030757694396342e-08,1.5073198000027332,PASS
SCHO_NFTF,F2,8,1007,4024208,30,500,30,-10,10,0.0,2.0902085556579945e-08,729704378291.7789,2.0902085556579945e-08,1.5183087000041269,PASS
SCHO_NFTF,F2,7,1006,4024207,30,500,30,-10,10,0.0,1.5856655971000997e-08,76547012233.40517,1.5856655971000997e-08,1.5223530000075698,PASS
SCHO_NFTF,F2,10,1009,4024210,30,500,30,-10,10,0.0,3.505170765170966e-08,713724413990.0226,3.505170765170966e-08,1.4189933999878122,PASS
SCHO_NFTF,F2,9,1008,4024209,30,500,30,-10,10,0.0,2.7870420090443547e-08,26401294709.697582,2.7870420090443547e-08,1.4477513000019826,PASS
SCHO_NFTF,F2,11,1010,4024211,30,500,30,-10,10,0.0,3.9109813010299915e-08,80213629036800.12,3.9109813010299915e-08,1.4335583999927621,PASS
SCHO_NFTF,F2,12,1011,4024212,30,500,30,-10,10,0.0,8.802651277133263e-09,39939133237.937126,8.802651277133263e-09,1.443166500001098,PASS
SCHO_NFTF,F2,13,1012,4024213,30,500,30,-10,10,0.0,3.592526519618312e-08,9593437258663.51,3.592526519618312e-08,1.4702959999995073,PASS
SCHO_NFTF,F2,14,1013,4024214,30,500,30,-10,10,0.0,1.8011388877585892e-08,4038700082325.6636,1.8011388877585892e-08,1.4888890000001993,PASS
SCHO_NFTF,F2,15,1014,4024215,30,500,30,-10,10,0.0,3.099834972396806e-08,22135772844271.426,3.099834972396806e-08,1.4731021000043256,PASS
SCHO_NFTF,F2,16,1015,4024216,30,500,30,-10,10,0.0,5.885914803086155e-08,34707708682.06033,5.885914803086155e-08,1.4757259000034537,PASS
SCHO_NFTF,F2,17,1016,4024217,30,500,30,-10,10,0.0,3.066795850455715e-08,2021349198795.503,3.066795850455715e-08,1.5201486000005389,PASS
SCHO_NFTF,F2,18,1017,4024218,30,500,30,-10,10,0.0,1.857564471304482e-08,2748969363192.687,1.857564471304482e-08,1.5237312000099337,PASS
SCHO_NFTF,F2,19,1018,4024219,30,500,30,-10,10,0.0,1.6393560768513363e-08,10392937112.024113,1.6393560768513363e-08,1.5159364999999525,PASS
SCHO_NFTF,F2,20,1019,4024220,30,500,30,-10,10,0.0,8.159818005265043e-08,47711548051367.61,8.159818005265043e-08,1.537771099989186,PASS
SCHO_NFTF,F2,21,1020,4024221,30,500,30,-10,10,0.0,1.0648794763084507e-08,102707326348.72324,1.0648794763084507e-08,1.7149986000003992,PASS
SCHO_NFTF,F2,22,1021,4024222,30,500,30,-10,10,0.0,4.679714335510071e-09,7683677948828.628,4.679714335510071e-09,1.7466562999907183,PASS
SCHO_NFTF,F2,24,1023,4024224,30,500,30,-10,10,0.0,1.8764834618348103e-08,1339473094382.0034,1.8764834618348103e-08,1.756303599991952,PASS
SCHO_NFTF,F2,23,1022,4024223,30,500,30,-10,10,0.0,1.0187613068638451e-07,155737363148.78427,1.0187613068638451e-07,1.7593376000004355,PASS
SCHO_NFTF,F2,25,1024,4024225,30,500,30,-10,10,0.0,6.906542063999552e-09,3865443685.5409384,6.906542063999552e-09,1.722095299992361,PASS
SCHO_NFTF,F2,27,1026,4024227,30,500,30,-10,10,0.0,1.226597121193638e-08,67722205355.99468,1.226597121193638e-08,1.7017600999970455,PASS
SCHO_NFTF,F2,26,1025,4024226,30,500,30,-10,10,0.0,5.266917853528397e-09,68338205734834.914,5.266917853528397e-09,1.717692000005627,PASS
SCHO_NFTF,F2,28,1027,4024228,30,500,30,-10,10,0.0,3.4279645645763787e-08,3236421004233.4863,3.4279645645763787e-08,1.7130885000078706,PASS
SCHO_NFTF,F2,29,1028,4024229,30,500,30,-10,10,0.0,1.3559290091815864e-08,3305236700.5331717,1.3559290091815864e-08,1.8592162999993889,PASS
SCHO_NFTF,F2,30,1029,4024230,30,500,30,-10,10,0.0,6.900459399981604e-09,811737307015.2843,6.900459399981604e-09,1.9053690000000643,PASS
SCHO_NFTF,F3,2,1001,4024302,30,500,30,-100,100,0.0,0.0031114590001666423,228881.45062340857,0.0031114590001666423,1.9070577999955276,PASS
SCHO_NFTF,F3,1,1000,4024301,30,500,30,-100,100,0.0,0.44824404079760805,106811.1871437447,0.44824404079760805,1.9123437000089325,PASS
SCHO_NFTF,F3,3,1002,4024303,30,500,30,-100,100,0.0,0.07682509883420933,132408.1368091635,0.07682509883420933,1.5687174999911804,PASS
SCHO_NFTF,F3,4,1003,4024304,30,500,30,-100,100,0.0,0.0006766787567704477,252004.5370062454,0.0006766787567704477,1.57326109999849,PASS
SCHO_NFTF,F3,6,1005,4024306,30,500,30,-100,100,0.0,0.0064276463695978545,121185.1674532735,0.0064276463695978545,1.564770099997986,PASS
SCHO_NFTF,F3,5,1004,4024305,30,500,30,-100,100,0.0,0.265860954716639,126006.68015739581,0.265860954716639,1.574853300000541,PASS
SCHO_NFTF,F3,7,1006,4024307,30,500,30,-100,100,0.0,0.008711282653549488,133484.8315350889,0.008711282653549488,1.5005492999916896,PASS
SCHO_NFTF,F3,8,1007,4024308,30,500,30,-100,100,0.0,0.03865594423624128,192911.98136862018,0.03865594423624128,1.4940280999871902,PASS
SCHO_NFTF,F3,10,1009,4024310,30,500,30,-100,100,0.0,0.001283433864304458,107976.19188391927,0.001283433864304458,1.5038713999965694,PASS
SCHO_NFTF,F3,9,1008,4024309,30,500,30,-100,100,0.0,0.000539274830688305,135241.10379381198,0.000539274830688305,1.5048094999947352,PASS
SCHO_NFTF,F3,12,1011,4024312,30,500,30,-100,100,0.0,0.0020713576217595503,137478.41138112583,0.0020713576217595503,1.4243310000019846,PASS
SCHO_NFTF,F3,13,1012,4024313,30,500,30,-100,100,0.0,0.004112519824691537,157787.82385873256,0.004112519824691537,1.4128469999996014,PASS
SCHO_NFTF,F3,11,1010,4024311,30,500,30,-100,100,0.0,0.07154850358375651,258402.473983956,0.07154850358375651,1.451107900007628,PASS
SCHO_NFTF,F3,14,1013,4024314,30,500,30,-100,100,0.0,0.1617112290995802,166657.1711129854,0.1617112290995802,1.424229300013394,PASS
SCHO_NFTF,F3,16,1015,4024316,30,500,30,-100,100,0.0,2.848366922682195,294151.3375734341,2.848366922682195,1.5066873000032501,PASS
SCHO_NFTF,F3,17,1016,4024317,30,500,30,-100,100,0.0,0.009077373628391372,119365.44128648656,0.009077373628391372,1.5332889999990584,PASS
SCHO_NFTF,F3,15,1014,4024315,30,500,30,-100,100,0.0,0.013330081048277312,221992.0552764344,0.013330081048277312,1.5373254000005545,PASS
SCHO_NFTF,F3,18,1017,4024318,30,500,30,-100,100,0.0,0.0012135918695701442,245433.61431170706,0.0012135918695701442,1.54970350000076,PASS
SCHO_NFTF,F3,19,1018,4024319,30,500,30,-100,100,0.0,0.04840696392132465,244606.59772993292,0.04840696392132465,1.4521205000055488,PASS
SCHO_NFTF,F3,21,1020,4024321,30,500,30,-100,100,0.0,3.3469854681378557,126211.38335020539,3.3469854681378557,1.4694416999991518,PASS
SCHO_NFTF,F3,22,1021,4024322,30,500,30,-100,100,0.0,0.3036723101891896,135794.76099693272,0.3036723101891896,1.4923542000033194,PASS
SCHO_NFTF,F3,20,1019,4024320,30,500,30,-100,100,0.0,0.13374211813847553,161467.97997834763,0.13374211813847553,1.5151454000006197,PASS
SCHO_NFTF,F3,23,1022,4024323,30,500,30,-100,100,0.0,0.18253330817575292,163245.37719853327,0.18253330817575292,1.4886801999964518,PASS
SCHO_NFTF,F3,24,1023,4024324,30,500,30,-100,100,0.0,0.14499731425095372,113871.83421879425,0.14499731425095372,1.501246200001333,PASS
SCHO_NFTF,F3,25,1024,4024325,30,500,30,-100,100,0.0,0.002635193927115553,79356.08665120536,0.002635193927115553,1.4635210999986157,PASS
SCHO_NFTF,F3,26,1025,4024326,30,500,30,-100,100,0.0,0.007321894854648801,123007.79353130393,0.007321894854648801,1.4920748000004096,PASS
SCHO_NFTF,F3,29,1028,4024329,30,500,30,-100,100,0.0,0.01080685394664129,171958.72311027217,0.01080685394664129,1.4221851999900537,PASS
SCHO_NFTF,F3,27,1026,4024327,30,500,30,-100,100,0.0,0.11798864076906532,183635.15749931926,0.11798864076906532,1.4998152000043774,PASS
SCHO_NFTF,F3,28,1027,4024328,30,500,30,-100,100,0.0,0.0025823098258363555,131384.1741233503,0.0025823098258363555,1.4876654999970924,PASS
SCHO_NFTF,F3,30,1029,4024330,30,500,30,-100,100,0.0,0.01111474262598419,90997.76111955676,0.01111474262598419,1.4682868999952916,PASS
SCHO_NFTF,F4,1,1000,4024401,30,500,30,-100,100,0.0,0.008693749980566507,89.41203274460929,0.008693749980566507,1.453327299997909,PASS
SCHO_NFTF,F4,2,1001,4024402,30,500,30,-100,100,0.0,0.0005001175939874797,88.23531594133786,0.0005001175939874797,1.467723899986595,PASS
SCHO_NFTF,F4,4,1003,4024404,30,500,30,-100,100,0.0,0.0010981482107920624,90.05593850015435,0.0010981482107920624,1.5021921000006841,PASS
SCHO_NFTF,F4,3,1002,4024403,30,500,30,-100,100,0.0,0.0177651935900734,90.93773968107635,0.0177651935900734,1.5401898999989498,PASS
SCHO_NFTF,F4,6,1005,4024406,30,500,30,-100,100,0.0,0.0014777645924239564,87.42803920060479,0.0014777645924239564,1.444639900000766,PASS
SCHO_NFTF,F4,5,1004,4024405,30,500,30,-100,100,0.0,0.010543170322704132,83.47974018645405,0.010543170322704132,1.4901965000026394,PASS
SCHO_NFTF,F4,8,1007,4024408,30,500,30,-100,100,0.0,0.0031736780529106187,88.56020743697258,0.0031736780529106187,1.4930392999958713,PASS
SCHO_NFTF,F4,7,1006,4024407,30,500,30,-100,100,0.0,0.006215609338541849,89.67489840896681,0.006215609338541849,1.5333813000033842,PASS
SCHO_NFTF,F4,9,1008,4024409,30,500,30,-100,100,0.0,0.002767619614342925,90.98182394999645,0.002767619614342925,1.504655200013076,PASS
SCHO_NFTF,F4,10,1009,4024410,30,500,30,-100,100,0.0,0.016133430497584138,88.62436437004385,0.016133430497584138,1.5507558999961475,PASS
SCHO_NFTF,F4,12,1011,4024412,30,500,30,-100,100,0.0,0.002361525625444086,87.6380567694806,0.002361525625444086,1.5667739999917103,PASS
SCHO_NFTF,F4,11,1010,4024411,30,500,30,-100,100,0.0,0.0036628985599364817,82.14021784717164,0.0036628985599364817,1.6571007000020472,PASS
SCHO_NFTF,F4,13,1012,4024413,30,500,30,-100,100,0.0,0.0010574969052645799,81.54232198828862,0.0010574969052645799,1.5499226999963867,PASS
SCHO_NFTF,F4,14,1013,4024414,30,500,30,-100,100,0.0,0.0070148604993265804,77.8379255985727,0.0070148604993265804,1.4926148999948055,PASS
SCHO_NFTF,F4,16,1015,4024416,30,500,30,-100,100,0.0,0.00031249863658570193,89.52145242027729,0.00031249863658570193,1.4543509000068298,PASS
SCHO_NFTF,F4,15,1014,4024415,30,500,30,-100,100,0.0,0.0013529616078524424,77.5649543326395,0.0013529616078524424,1.5532010000024457,PASS
SCHO_NFTF,F4,17,1016,4024417,30,500,30,-100,100,0.0,0.004596403810547941,89.68075670875115,0.004596403810547941,1.5140743000083603,PASS
SCHO_NFTF,F4,20,1019,4024420,30,500,30,-100,100,0.0,0.08287521450871446,89.14712458834947,0.08287521450871446,1.4776563000050373,PASS
SCHO_NFTF,F4,18,1017,4024418,30,500,30,-100,100,0.0,0.0017623994491413144,91.69265780583274,0.0017623994491413144,1.5352916000119876,PASS
SCHO_NFTF,F4,19,1018,4024419,30,500,30,-100,100,0.0,0.0006677155579199719,87.81454527863241,0.0006677155579199719,1.5914864000078524,PASS
SCHO_NFTF,F4,21,1020,4024421,30,500,30,-100,100,0.0,0.0010605679569803974,93.48016114980666,0.0010605679569803974,1.4890032000112114,PASS
SCHO_NFTF,F4,22,1021,4024422,30,500,30,-100,100,0.0,0.001251864906780525,90.86947090420732,0.001251864906780525,1.5132154000020819,PASS
SCHO_NFTF,F4,24,1023,4024424,30,500,30,-100,100,0.0,0.003249013657882572,86.34666057993036,0.003249013657882572,1.4451532999955816,PASS
SCHO_NFTF,F4,23,1022,4024423,30,500,30,-100,100,0.0,0.0012099214130539754,86.36772034124569,0.0012099214130539754,1.5456836999946972,PASS
SCHO_NFTF,F4,25,1024,4024425,30,500,30,-100,100,0.0,0.0047940105899316144,83.43944699892515,0.0047940105899316144,1.4908209999994142,PASS
SCHO_NFTF,F4,28,1027,4024428,30,500,30,-100,100,0.0,0.00030210825273339106,88.89385763229512,0.00030210825273339106,1.4977614000090398,PASS
SCHO_NFTF,F4,26,1025,4024426,30,500,30,-100,100,0.0,0.0003648859283935664,92.17294370207554,0.0003648859283935664,1.524884899990866,PASS
SCHO_NFTF,F4,27,1026,4024427,30,500,30,-100,100,0.0,0.008127266965121806,90.2554612114578,0.008127266965121806,1.5642731999978423,PASS
SCHO_NFTF,F4,29,1028,4024429,30,500,30,-100,100,0.0,0.0168216206650053,88.97595126021793,0.0168216206650053,1.467094100007671,PASS
SCHO_NFTF,F4,30,1029,4024430,30,500,30,-100,100,0.0,0.0002358447320039285,90.25056319313495,0.0002358447320039285,1.4622628999932203,PASS
SCHO_NFTF,F5,1,1000,4024501,30,500,30,-30,30,0.0,27.17004626536248,262803966.06144178,27.17004626536248,1.4674321000056807,PASS
SCHO_NFTF,F5,2,1001,4024502,30,500,30,-30,30,0.0,28.597366056845612,265509719.66763252,28.597366056845612,1.5138679999945452,PASS
SCHO_NFTF,F5,3,1002,4024503,30,500,30,-30,30,0.0,27.985550442416773,290152790.99322855,27.985550442416773,1.5436650000046939,PASS
SCHO_NFTF,F5,6,1005,4024506,30,500,30,-30,30,0.0,28.02094381059566,275607877.05815667,28.02094381059566,1.5742923000070732,PASS
SCHO_NFTF,F5,4,1003,4024504,30,500,30,-30,30,0.0,26.63567084408094,314425104.8265708,26.63567084408094,1.5846337999973912,PASS
SCHO_NFTF,F5,5,1004,4024505,30,500,30,-30,30,0.0,28.002041256611594,264814459.6730534,28.002041256611594,1.635094500001287,PASS
SCHO_NFTF,F5,7,1006,4024507,30,500,30,-30,30,0.0,28.59374363388589,275703968.057919,28.59374363388589,1.5769604999950388,PASS
SCHO_NFTF,F5,8,1007,4024508,30,500,30,-30,30,0.0,28.827653575002728,196990313.2842615,28.827653575002728,1.551461900002323,PASS
SCHO_NFTF,F5,9,1008,4024509,30,500,30,-30,30,0.0,28.0462077462319,264277025.01725703,28.0462077462319,1.5528367000079015,PASS
SCHO_NFTF,F5,10,1009,4024510,30,500,30,-30,30,0.0,28.80179368288766,275312500.08404154,28.80179368288766,1.6050682999921264,PASS
SCHO_NFTF,F5,11,1010,4024511,30,500,30,-30,30,0.0,28.018803029470018,311741780.6244718,28.018803029470018,1.58576030000404,PASS
SCHO_NFTF,F5,14,1013,4024514,30,500,30,-30,30,0.0,28.82900106171138,198137301.02750832,28.82900106171138,1.5677894999971613,PASS
SCHO_NFTF,F5,12,1011,4024512,30,500,30,-30,30,0.0,28.58376164544287,135783553.73670316,28.58376164544287,1.5887031000020215,PASS
SCHO_NFTF,F5,13,1012,4024513,30,500,30,-30,30,0.0,27.25745197862135,223922765.9861003,27.25745197862135,1.5800738999969326,PASS
SCHO_NFTF,F5,18,1017,4024518,30,500,30,-30,30,0.0,28.6469032071562,261605126.34257632,28.6469032071562,1.4935409000026993,PASS
SCHO_NFTF,F5,15,1014,4024515,30,500,30,-30,30,0.0,26.911153863460125,199986599.631898,26.911153863460125,1.602859200007515,PASS
SCHO_NFTF,F5,16,1015,4024516,30,500,30,-30,30,0.0,28.848978563900616,230963403.05164534,28.848978563900616,1.6186677000077907,PASS
SCHO_NFTF,F5,17,1016,4024517,30,500,30,-30,30,0.0,27.982103629494127,267563143.6435758,27.982103629494127,1.62800789999892,PASS
SCHO_NFTF,F5,20,1019,4024520,30,500,30,-30,30,0.0,26.471646413831472,318067279.8984649,26.471646413831472,1.5075857999909203,PASS
SCHO_NFTF,F5,19,1018,4024519,30,500,30,-30,30,0.0,28.00710850629555,235011607.0552513,28.00710850629555,1.5723702999966918,PASS
SCHO_NFTF,F5,22,1021,4024522,30,500,30,-30,30,0.0,27.972340225191466,250438783.368967,27.972340225191466,1.6065686999936588,PASS
SCHO_NFTF,F5,21,1020,4024521,30,500,30,-30,30,0.0,27.199687969288938,320276562.2341088,27.199687969288938,1.625499800007674,PASS
SCHO_NFTF,F5,23,1022,4024523,30,500,30,-30,30,0.0,28.613900587107047,224106822.12627918,28.613900587107047,1.5819935000035912,PASS
SCHO_NFTF,F5,24,1023,4024524,30,500,30,-30,30,0.0,28.61445468136699,272530389.63664186,28.61445468136699,1.6002282999979798,PASS
SCHO_NFTF,F5,25,1024,4024525,30,500,30,-30,30,0.0,26.89909918357035,197086662.74910796,26.89909918357035,1.6330359999992652,PASS
SCHO_NFTF,F5,26,1025,4024526,30,500,30,-30,30,0.0,28.669329745266726,272825950.8696747,28.669329745266726,1.6156953999889083,PASS
SCHO_NFTF,F5,28,1027,4024528,30,500,30,-30,30,0.0,28.819735299752796,306443111.17072505,28.819735299752796,1.5595977999910247,PASS
SCHO_NFTF,F5,27,1026,4024527,30,500,30,-30,30,0.0,27.191385438715546,289149958.1576517,27.191385438715546,1.625743299999158,PASS
SCHO_NFTF,F5,29,1028,4024529,30,500,30,-30,30,0.0,28.595038106187925,254911291.89617184,28.595038106187925,1.6178584000008414,PASS
SCHO_NFTF,F5,30,1029,4024530,30,500,30,-30,30,0.0,27.939016447997712,297997041.8303026,27.939016447997712,1.6271570999961114,PASS
SCHO_NFTF,F6,1,1000,4024601,30,500,30,-100,100,0.0,2.0481969541775427,67909.83159949695,2.0481969541775427,1.4932068000052823,PASS
SCHO_NFTF,F6,4,1003,4024604,30,500,30,-100,100,0.0,1.341520592140571,71219.00386103941,1.341520592140571,1.4682572000019718,PASS
SCHO_NFTF,F6,2,1001,4024602,30,500,30,-100,100,0.0,1.1390222712324358,70582.57089954114,1.1390222712324358,1.5180344000109471,PASS
SCHO_NFTF,F6,3,1002,4024603,30,500,30,-100,100,0.0,3.1179540076071106,71353.455751133,3.1179540076071106,1.5028104999946663,PASS
SCHO_NFTF,F6,8,1007,4024608,30,500,30,-100,100,0.0,2.6024413027435074,54162.957873925516,2.6024413027435074,1.4822915999975521,PASS
SCHO_NFTF,F6,5,1004,4024605,30,500,30,-100,100,0.0,1.785165289554396,71208.03386246378,1.785165289554396,1.5078962000116007,PASS
SCHO_NFTF,F6,6,1005,4024606,30,500,30,-100,100,0.0,3.0800334906284044,68955.29999951718,3.0800334906284044,1.5116833999927621,PASS
SCHO_NFTF,F6,7,1006,4024607,30,500,30,-100,100,0.0,2.5974571487016953,70011.4366295226,2.5974571487016953,1.5321658000029856,PASS
SCHO_NFTF,F6,9,1008,4024609,30,500,30,-100,100,0.0,3.5789399909285815,70501.21762803209,3.5789399909285815,1.4205755000002682,PASS
SCHO_NFTF,F6,11,1010,4024611,30,500,30,-100,100,0.0,1.9406547622693413,79935.06488261481,1.9406547622693413,1.4926125000056345,PASS
SCHO_NFTF,F6,10,1009,4024610,30,500,30,-100,100,0.0,2.026382250738605,68295.92181788973,2.026382250738605,1.5202182999928482,PASS
SCHO_NFTF,F6,12,1011,4024612,30,500,30,-100,100,0.0,3.0598592505761664,60343.443806650605,3.0598592505761664,1.5414793999952963,PASS
SCHO_NFTF,F6,13,1012,4024613,30,500,30,-100,100,0.0,2.764888015635547,68881.92519101789,2.764888015635547,1.5313545999961207,PASS
SCHO_NFTF,F6,14,1013,4024614,30,500,30,-100,100,0.0,2.364439794037759,66078.30058116298,2.364439794037759,1.5142727000056766,PASS
SCHO_NFTF,F6,16,1015,4024616,30,500,30,-100,100,0.0,2.861351126906409,61089.234661411996,2.861351126906409,1.575686999989557,PASS
SCHO_NFTF,F6,15,1014,4024615,30,500,30,-100,100,0.0,2.9474040023495487,62157.94499673396,2.9474040023495487,1.5801540999964345,PASS
SCHO_NFTF,F6,17,1016,4024617,30,500,30,-100,100,0.0,2.3523095712143083,73031.55585073962,2.3523095712143083,1.4746302999992622,PASS
SCHO_NFTF,F6,20,1019,4024620,30,500,30,-100,100,0.0,1.5702144830363725,79344.06586895653,1.5702144830363725,1.460088599997107,PASS
SCHO_NFTF,F6,18,1017,4024618,30,500,30,-100,100,0.0,2.8683127973370963,70606.59378046433,2.8683127973370963,1.5530280999955721,PASS
SCHO_NFTF,F6,19,1018,4024619,30,500,30,-100,100,0.0,3.5864922884570363,59960.68287322056,3.5864922884570363,1.5311480999953346,PASS
SCHO_NFTF,F6,24,1023,4024624,30,500,30,-100,100,0.0,2.0201174386331795,72276.33926858637,2.0201174386331795,1.508446499996353,PASS
SCHO_NFTF,F6,21,1020,4024621,30,500,30,-100,100,0.0,1.9450277987726048,81635.30658606326,1.9450277987726048,1.5452222999883816,PASS
SCHO_NFTF,F6,22,1021,4024622,30,500,30,-100,100,0.0,2.6613348115907782,64215.54876603678,2.6613348115907782,1.6114629000076093,PASS
SCHO_NFTF,F6,23,1022,4024623,30,500,30,-100,100,0.0,4.050782649712752,78086.57507584567,4.050782649712752,1.6467342999967514,PASS
SCHO_NFTF,F6,25,1024,4024625,30,500,30,-100,100,0.0,2.3249750632430968,56465.69237297281,2.3249750632430968,1.4794984999898588,PASS
SCHO_NFTF,F6,26,1025,4024626,30,500,30,-100,100,0.0,2.2616783136423715,67862.6591007802,2.2616783136423715,1.5133608000032837,PASS
SCHO_NFTF,F6,27,1026,4024627,30,500,30,-100,100,0.0,2.7685091095210903,68320.91352360474,2.7685091095210903,1.5147684999974445,PASS
SCHO_NFTF,F6,28,1027,4024628,30,500,30,-100,100,0.0,2.0946940844728834,71067.99746945646,2.0946940844728834,1.4901977999979863,PASS
SCHO_NFTF,F6,30,1029,4024630,30,500,30,-100,100,0.0,2.3247188920658934,77102.38991476683,2.3247188920658934,1.4985887999937404,PASS
SCHO_NFTF,F7,1,1000,4024701,30,500,30,-1.28,1.28,0.0,0.014343158109497243,132.24256505296452,0.014343158109497243,1.4915963999956148,PASS
SCHO_NFTF,F6,29,1028,4024629,30,500,30,-100,100,0.0,2.735829842194616,66095.4100418736,2.735829842194616,1.5631968999950914,PASS
SCHO_NFTF,F7,2,1001,4024702,30,500,30,-1.28,1.28,0.0,0.014228895316224286,129.07738590868695,0.014228895316224286,1.5536802999995416,PASS
SCHO_NFTF,F7,3,1002,4024703,30,500,30,-1.28,1.28,0.0,0.007627135125234932,106.8866083511403,0.007627135125234932,1.5571878000046127,PASS
SCHO_NFTF,F7,5,1004,4024705,30,500,30,-1.28,1.28,0.0,0.008567772822245016,128.77654886785405,0.008567772822245016,1.534348900007899,PASS
SCHO_NFTF,F7,4,1003,4024704,30,500,30,-1.28,1.28,0.0,0.006123130061627235,120.0123686763614,0.006123130061627235,1.5632791999960318,PASS
SCHO_NFTF,F7,6,1005,4024706,30,500,30,-1.28,1.28,0.0,0.01777182481438515,95.90377798740067,0.01777182481438515,1.5501741000043694,PASS
SCHO_NFTF,F7,7,1006,4024707,30,500,30,-1.28,1.28,0.0,0.00797812053559184,109.43532753152996,0.00797812053559184,1.6687115000095218,PASS
SCHO_NFTF,F7,9,1008,4024709,30,500,30,-1.28,1.28,0.0,0.0029384575500075406,112.92200132609992,0.0029384575500075406,1.696688299998641,PASS
SCHO_NFTF,F7,8,1007,4024708,30,500,30,-1.28,1.28,0.0,0.0019060164234021334,89.84776718932376,0.0019060164234021334,1.7008712999959243,PASS
SCHO_NFTF,F7,10,1009,4024710,30,500,30,-1.28,1.28,0.0,0.009247228592793545,124.61338032043707,0.009247228592793545,1.7441296000033617,PASS
SCHO_NFTF,F7,11,1010,4024711,30,500,30,-1.28,1.28,0.0,0.0058517493040441725,145.50908467686799,0.0058517493040441725,1.7368196999887004,PASS
SCHO_NFTF,F7,12,1011,4024712,30,500,30,-1.28,1.28,0.0,0.002633709208554302,88.02744560759177,0.002633709208554302,1.7209402000007685,PASS
SCHO_NFTF,F7,14,1013,4024714,30,500,30,-1.28,1.28,0.0,0.02267871909501873,125.18640614897903,0.02267871909501873,1.7120659999927739,PASS
SCHO_NFTF,F7,13,1012,4024713,30,500,30,-1.28,1.28,0.0,0.010711068967898722,109.2388515683827,0.010711068967898722,1.7731116000068141,PASS
SCHO_NFTF,F7,15,1014,4024715,30,500,30,-1.28,1.28,0.0,0.0034513353432729507,99.80960290906447,0.0034513353432729507,1.5950578000047244,PASS
SCHO_NFTF,F7,16,1015,4024716,30,500,30,-1.28,1.28,0.0,0.016852507422284307,118.50476153098273,0.016852507422284307,1.6052316999994218,PASS
SCHO_NFTF,F7,17,1016,4024717,30,500,30,-1.28,1.28,0.0,0.0038849679021435053,142.86321654785507,0.0038849679021435053,1.5961608000070555,PASS
SCHO_NFTF,F7,18,1017,4024718,30,500,30,-1.28,1.28,0.0,0.007264943073370229,146.54341813360404,0.007264943073370229,1.6093279999913648,PASS
SCHO_NFTF,F7,19,1018,4024719,30,500,30,-1.28,1.28,0.0,0.006091925796237028,129.37924729813335,0.006091925796237028,1.604376899995259,PASS
SCHO_NFTF,F7,22,1021,4024722,30,500,30,-1.28,1.28,0.0,0.003318670815703114,97.89929812706661,0.003318670815703114,1.550085200011381,PASS
SCHO_NFTF,F7,20,1019,4024720,30,500,30,-1.28,1.28,0.0,0.015298942402827732,134.11199381657298,0.015298942402827732,1.5856570000032661,PASS
SCHO_NFTF,F7,21,1020,4024721,30,500,30,-1.28,1.28,0.0,0.0014204707698064422,134.48686620550905,0.0014204707698064422,1.6260701999999583,PASS
SCHO_NFTF,F7,23,1022,4024723,30,500,30,-1.28,1.28,0.0,0.005254798617374798,133.0436737145348,0.005254798617374798,1.5421318000007886,PASS
SCHO_NFTF,F7,24,1023,4024724,30,500,30,-1.28,1.28,0.0,0.004041888788365073,134.83866130923477,0.004041888788365073,1.5873951000103261,PASS
SCHO_NFTF,F7,25,1024,4024725,30,500,30,-1.28,1.28,0.0,0.0022316693684514615,105.12427574420931,0.0022316693684514615,1.6095722000027308,PASS
SCHO_NFTF,F7,26,1025,4024726,30,500,30,-1.28,1.28,0.0,0.0017094351819734396,144.99096006092753,0.0017094351819734396,1.6116954000026453,PASS
SCHO_NFTF,F7,27,1026,4024727,30,500,30,-1.28,1.28,0.0,0.0027272665483666354,135.53438780914385,0.0027272665483666354,1.608006500013289,PASS
SCHO_NFTF,F7,28,1027,4024728,30,500,30,-1.28,1.28,0.0,0.012935695402331485,93.82607923366973,0.012935695402331485,1.6165974000032293,PASS
SCHO_NFTF,F7,30,1029,4024730,30,500,30,-1.28,1.28,0.0,0.00721350459497341,130.6949254804745,0.00721350459497341,1.6010244000062812,PASS
SCHO_NFTF,F7,29,1028,4024729,30,500,30,-1.28,1.28,0.0,0.0067937800140737605,162.80296180734086,0.0067937800140737605,1.6117809999996098,PASS
SCHO_NFTF,F8,1,1000,4024801,30,500,30,-500,500,-12569.487,-3596.635962374575,-2451.876014434408,-3596.635962374575,1.5559036000049673,PASS
SCHO_NFTF,F8,3,1002,4024803,30,500,30,-500,500,-12569.487,-3556.8220066549816,-1692.1826887752877,-3556.8220066549816,1.5149093000072753,PASS
SCHO_NFTF,F8,2,1001,4024802,30,500,30,-500,500,-12569.487,-3606.569912270369,-2690.889994276502,-3606.569912270369,1.594255299991346,PASS
SCHO_NFTF,F8,4,1003,4024804,30,500,30,-500,500,-12569.487,-3374.3249141398232,-2110.3517025625324,-3374.3249141398232,1.6070230000041192,PASS
SCHO_NFTF,F8,5,1004,4024805,30,500,30,-500,500,-12569.487,-4052.8865308464037,-1605.4114947545195,-4052.8865308464037,1.4801797999971313,PASS
SCHO_NFTF,F8,6,1005,4024806,30,500,30,-500,500,-12569.487,-4775.829586883081,-3595.6367869269293,-4775.829586883081,1.5387443999934476,PASS
SCHO_NFTF,F8,7,1006,4024807,30,500,30,-500,500,-12569.487,-3976.1105007403703,-1885.772866590057,-3976.1105007403703,1.5693518000043696,PASS
SCHO_NFTF,F8,8,1007,4024808,30,500,30,-500,500,-12569.487,-4298.138230927196,-1726.090940377079,-4298.138230927196,1.5525727999920491,PASS
SCHO_NFTF,F8,12,1011,4024812,30,500,30,-500,500,-12569.487,-4104.438987165143,-2334.5511967809016,-4104.438987165143,1.5040885000053095,PASS
SCHO_NFTF,F8,9,1008,4024809,30,500,30,-500,500,-12569.487,-4350.73567680706,-2337.3316623373657,-4350.73567680706,1.5763806000031764,PASS
SCHO_NFTF,F8,11,1010,4024811,30,500,30,-500,500,-12569.487,-4023.46697665943,-1813.4049915384448,-4023.46697665943,1.5907340999983717,PASS
SCHO_NFTF,F8,10,1009,4024810,30,500,30,-500,500,-12569.487,-4291.235112811076,-2623.8232741546635,-4291.235112811076,1.7825223000108963,PASS
SCHO_NFTF,F8,13,1012,4024813,30,500,30,-500,500,-12569.487,-3470.7524796686175,-2026.2048410858288,-3470.7524796686175,1.6349441000056686,PASS
SCHO_NFTF,F8,15,1014,4024815,30,500,30,-500,500,-12569.487,-4355.372627004397,-1577.9245638457974,-4355.372627004397,1.5555960000056075,PASS
SCHO_NFTF,F8,14,1013,4024814,30,500,30,-500,500,-12569.487,-4546.144494899676,-1526.011739420307,-4546.144494899676,1.6163819000066724,PASS
SCHO_NFTF,F8,16,1015,4024816,30,500,30,-500,500,-12569.487,-3847.089102548745,-1774.4957618865303,-3847.089102548745,1.5869179000001168,PASS
SCHO_NFTF,F8,19,1018,4024819,30,500,30,-500,500,-12569.487,-3527.884235674153,-2231.4411955724777,-3527.884235674153,1.5361020999989705,PASS
SCHO_NFTF,F8,18,1017,4024818,30,500,30,-500,500,-12569.487,-3132.9711588540185,-1613.727286315913,-3132.9711588540185,1.5851916999963578,PASS
SCHO_NFTF,F8,17,1016,4024817,30,500,30,-500,500,-12569.487,-4320.127569202577,-3022.774183385613,-4320.127569202577,1.6183769999915967,PASS
SCHO_NFTF,F8,20,1019,4024820,30,500,30,-500,500,-12569.487,-3965.5296768719986,-1937.2091609434265,-3965.5296768719986,1.6496383999910904,PASS
SCHO_NFTF,F8,23,1022,4024823,30,500,30,-500,500,-12569.487,-3594.5338923475365,-2698.531601043908,-3594.5338923475365,1.475276600001962,PASS
SCHO_NFTF,F8,21,1020,4024821,30,500,30,-500,500,-12569.487,-3926.918566218082,-2248.510909834675,-3926.918566218082,1.589798000000883,PASS
SCHO_NFTF,F8,22,1021,4024822,30,500,30,-500,500,-12569.487,-4163.224626059225,-1439.3070195018026,-4163.224626059225,1.576305599999614,PASS
SCHO_NFTF,F8,24,1023,4024824,30,500,30,-500,500,-12569.487,-3639.803167727949,-1788.751013337049,-3639.803167727949,1.512512000001152,PASS
SCHO_NFTF,F8,26,1025,4024826,30,500,30,-500,500,-12569.487,-3839.7130186194313,-1895.6942306135086,-3839.7130186194313,1.5701854000071762,PASS
SCHO_NFTF,F8,27,1026,4024827,30,500,30,-500,500,-12569.487,-3742.4207210397008,-1646.4051333176737,-3742.4207210397008,1.6094625999976415,PASS
SCHO_NFTF,F8,28,1027,4024828,30,500,30,-500,500,-12569.487,-4367.612158761936,-1823.0140943969723,-4367.612158761936,1.6572467000078177,PASS
SCHO_NFTF,F8,25,1024,4024825,30,500,30,-500,500,-12569.487,-3495.8510295213846,-2207.6192588415524,-3495.8510295213846,1.7281528999883449,PASS
SCHO_NFTF,F8,29,1028,4024829,30,500,30,-500,500,-12569.487,-5490.488481249166,-1854.1744144476797,-5490.488481249166,1.5523604000045452,PASS
SCHO_NFTF,F8,30,1029,4024830,30,500,30,-500,500,-12569.487,-4942.468665297458,-1702.2535651780167,-4942.468665297458,1.5614147000014782,PASS
SCHO_NFTF,F9,1,1000,4024901,30,500,30,-5.1200000000000001,5.1200000000000001,0.0,4.045253096594459,464.87493101018356,4.045253096594459,1.5701818999950774,PASS
SCHO_NFTF,F9,2,1001,4024902,30,500,30,-5.1200000000000001,5.1200000000000001,0.0,3.6916247836416005e-11,384.5497490364953,3.6916247836416005e-11,1.5931698999920627,PASS
SCHO_NFTF,F9,3,1002,4024903,30,500,30,-5.1200000000000001,5.1200000000000001,0.0,9.339465023572302e-08,424.39485150190137,9.339465023572302e-08,1.5603253000008408,PASS
SCHO_NFTF,F9,4,1003,4024904,30,500,30,-5.1200000000000001,5.1200000000000001,0.0,2.1096902003137075e-10,439.61790434394305,2.1096902003137075e-10,1.5606432000058703,PASS
SCHO_NFTF,F9,6,1005,4024906,30,500,30,-5.1200000000000001,5.1200000000000001,0.0,6.448175327022909e-13,439.91283939992803,6.448175327022909e-13,1.5863237000012305,PASS
SCHO_NFTF,F9,5,1004,4024905,30,500,30,-5.1200000000000001,5.1200000000000001,0.0,1.3677947663381929e-13,448.7388944016657,1.3677947663381929e-13,1.6095729999942705,PASS
SCHO_NFTF,F9,7,1006,4024907,30,500,30,-5.1200000000000001,5.1200000000000001,0.0,3.54489770870714e-11,431.59183701137,3.54489770870714e-11,1.5169918000028701,PASS
SCHO_NFTF,F9,9,1008,4024909,30,500,30,-5.1200000000000001,5.1200000000000001,0.0,3.6256144423256185,448.1773913088544,3.6256144423256185,1.4844402000016998,PASS
SCHO_NFTF,F9,8,1007,4024908,30,500,30,-5.1200000000000001,5.1200000000000001,0.0,12.13861867575679,365.8391088248434,12.13861867575679,1.5804098999942653,PASS
SCHO_NFTF,F9,10,1009,4024910,30,500,30,-5.1200000000000001,5.1200000000000001,0.0,8.017710939611788e-10,467.3571333335915,8.017710939611788e-10,1.5718001999921398,PASS
SCHO_NFTF,F9,11,1010,4024911,30,500,30,-5.1200000000000001,5.1200000000000001,0.0,2.880184979403566e-11,447.2888938374598,2.880184979403566e-11,1.5582248999999138,PASS
SCHO_NFTF,F9,13,1012,4024913,30,500,30,-5.1200000000000001,5.1200000000000001,0.0,4.2422175994261124e-08,434.02220260833974,4.2422175994261124e-08,1.5324576999992132,PASS
SCHO_NFTF,F9,14,1013,4024914,30,500,30,-5.1200000000000001,5.1200000000000001,0.0,4.2603964800491667e-10,440.91474681676505,4.2603964800491667e-10,1.5727687000035075,PASS
SCHO_NFTF,F9,12,1011,4024912,30,500,30,-5.1200000000000001,5.1200000000000001,0.0,2.5126567493316543e-11,441.073286920272,2.5126567493316543e-11,1.6124664000089979,PASS
SCHO_NFTF,F9,15,1014,4024915,30,500,30,-5.1200000000000001,5.1200000000000001,0.0,9.068301665138279e-11,466.36406583587524,9.068301665138279e-11,1.4964823000045726,PASS
SCHO_NFTF,F9,16,1015,4024916,30,500,30,-5.1200000000000001,5.1200000000000001,0.0,4.2066623784364765e-07,433.86281469045554,4.2066623784364765e-07,1.5182072000025073,PASS
SCHO_NFTF,F9,17,1016,4024917,30,500,30,-5.1200000000000001,5.1200000000000001,0.0,1.629715029594081e-09,422.02779107708176,1.629715029594081e-09,1.501536900002975,PASS
SCHO_NFTF,F9,18,1017,4024918,30,500,30,-5.1200000000000001,5.1200000000000001,0.0,1.6848471879882254e-06,469.76371664050794,1.6848471879882254e-06,1.513117599999532,PASS
SCHO_NFTF,F9,22,1021,4024922,30,500,30,-5.1200000000000001,5.1200000000000001,0.0,4.270137150097648,441.34049530442945,4.270137150097648,1.466541400004644,PASS
SCHO_NFTF,F9,19,1018,4024919,30,500,30,-5.1200000000000001,5.1200000000000001,0.0,1.092406165525972e-10,414.6138424388559,1.092406165525972e-10,1.504546100011794,PASS
SCHO_NFTF,F9,21,1020,4024921,30,500,30,-5.1200000000000001,5.1200000000000001,0.0,14.012253360804703,465.26417440798247,14.012253360804703,1.5322035999997752,PASS
SCHO_NFTF,F9,20,1019,4024920,30,500,30,-5.1200000000000001,5.1200000000000001,0.0,4.891640920984541,458.030531975015,4.891640920984541,1.553160300012678,PASS
SCHO_NFTF,F9,24,1023,4024924,30,500,30,-5.1200000000000001,5.1200000000000001,0.0,2.369233698118478e-09,433.79837842386155,2.369233698118478e-09,1.4510369000054197,PASS
SCHO_NFTF,F9,23,1022,4024923,30,500,30,-5.1200000000000001,5.1200000000000001,0.0,1.2361667245386343e-11,446.64097601097,1.2361667245386343e-11,1.5531779000011738,PASS
SCHO_NFTF,F9,25,1024,4024925,30,500,30,-5.1200000000000001,5.1200000000000001,0.0,1.8376375976458803e-09,408.9701533118642,1.8376375976458803e-09,1.4908138000027975,PASS
SCHO_NFTF,F9,26,1025,4024926,30,500,30,-5.1200000000000001,5.1200000000000001,0.0,6.618247856948756e-05,473.6616560879741,6.618247856948756e-05,1.5175294999935431,PASS
SCHO_NFTF,F9,27,1026,4024927,30,500,30,-5.1200000000000001,5.1200000000000001,0.0,9.413419755087544,446.03906557516507,9.413419755087544,1.5350502000073902,PASS
SCHO_NFTF,F9,29,1028,4024929,30,500,30,-5.1200000000000001,5.1200000000000001,0.0,4.6564530009618466e-10,455.002187468864,4.6564530009618466e-10,1.5683723999973154,PASS
SCHO_NFTF,F9,28,1027,4024928,30,500,30,-5.1200000000000001,5.1200000000000001,0.0,5.31243181277844,447.3494195224039,5.31243181277844,1.5869535000092583,PASS
SCHO_NFTF,F9,30,1029,4024930,30,500,30,-5.1200000000000001,5.1200000000000001,0.0,6.531832852374464e-09,479.83128968283097,6.531832852374464e-09,1.5813880000059726,PASS
SCHO_NFTF,F10,1,1000,4025001,30,500,30,-32,32,0.0,4.3667272509040345e-07,20.764880617738655,4.3667272509040345e-07,1.5031391999946209,PASS
SCHO_NFTF,F10,2,1001,4025002,30,500,30,-32,32,0.0,8.627683567574707e-07,20.80923383013385,8.627683567574707e-07,1.5355517999996664,PASS
SCHO_NFTF,F10,4,1003,4025004,30,500,30,-32,32,0.0,7.143278080157245e-07,20.685941618453114,7.143278080157245e-07,1.5525964999978896,PASS
SCHO_NFTF,F10,3,1002,4025003,30,500,30,-32,32,0.0,1.5671959419094605e-07,20.70259726914545,1.5671959419094605e-07,1.5765703999932157,PASS
SCHO_NFTF,F10,5,1004,4025005,30,500,30,-32,32,0.0,6.681338402536596e-07,20.753180108678922,6.681338402536596e-07,1.5188744999904884,PASS
SCHO_NFTF,F10,7,1006,4025007,30,500,30,-32,32,0.0,1.8006812796400595e-07,20.677331650145728,1.8006812796400595e-07,1.5421460999932606,PASS
SCHO_NFTF,F10,6,1005,4025006,30,500,30,-32,32,0.0,5.297970848694433e-07,20.739339682394206,5.297970848694433e-07,1.5916352000058396,PASS
SCHO_NFTF,F10,8,1007,4025008,30,500,30,-32,32,0.0,8.627050052112395e-08,20.30938002246911,8.627050052112395e-08,1.6104436999885365,PASS
SCHO_NFTF,F10,9,1008,4025009,30,500,30,-32,32,0.0,2.9701337611598433e-07,20.6623323028609,2.9701337611598433e-07,1.5601058000029298,PASS
SCHO_NFTF,F10,11,1010,4025011,30,500,30,-32,32,0.0,2.3676767257896358e-07,20.873205110265417,2.3676767257896358e-07,1.5366054000041913,PASS
SCHO_NFTF,F10,12,1011,4025012,30,500,30,-32,32,0.0,3.6686289606180367e-07,20.569830881242734,3.6686289606180367e-07,1.4980456000048434,PASS
SCHO_NFTF,F10,10,1009,4025010,30,500,30,-32,32,0.0,7.298262123534016e-07,20.764014980012245,7.298262123534016e-07,1.5878579999989597,PASS
SCHO_NFTF,F10,15,1014,4025015,30,500,30,-32,32,0.0,1.5721234136734097e-07,20.49068213407767,1.5721234136734097e-07,1.4595166000071913,PASS
SCHO_NFTF,F10,13,1012,4025013,30,500,30,-32,32,0.0,9.86393370983052e-07,20.566750205953976,9.86393370983052e-07,1.612915299992892,PASS
SCHO_NFTF,F10,16,1015,4025016,30,500,30,-32,32,0.0,4.896394938391779e-07,20.64013873956227,4.896394938391779e-07,1.6118220999924233,PASS
SCHO_NFTF,F10,14,1013,4025014,30,500,30,-32,32,0.0,1.6870823005277202e-07,20.669354202190537,1.6870823005277202e-07,1.6423709000082454,PASS
SCHO_NFTF,F10,17,1016,4025017,30,500,30,-32,32,0.0,6.567830799220076e-07,20.795292196710726,6.567830799220076e-07,1.4983591999916825,PASS
SCHO_NFTF,F10,18,1017,4025018,30,500,30,-32,32,0.0,4.420470465227311e-07,20.8269336510937,4.420470465227311e-07,1.5400079999963054,PASS
SCHO_NFTF,F10,20,1019,4025020,30,500,30,-32,32,0.0,1.0349265626707904e-06,20.753576885043977,1.0349265626707904e-06,1.5261497000028612,PASS
SCHO_NFTF,F10,19,1018,4025019,30,500,30,-32,32,0.0,4.143254206390168e-07,20.287777247273507,4.143254206390168e-07,1.5783258000010392,PASS
SCHO_NFTF,F10,23,1022,4025023,30,500,30,-32,32,0.0,2.1270765104830502e-07,20.933352404055416,2.1270765104830502e-07,1.5289760000014212,PASS
SCHO_NFTF,F10,21,1020,4025021,30,500,30,-32,32,0.0,2.953027622432103e-07,20.886822358893582,2.953027622432103e-07,1.5909762000082992,PASS
SCHO_NFTF,F10,22,1021,4025022,30,500,30,-32,32,0.0,2.454645131599875e-07,20.583645012836215,2.454645131599875e-07,1.5889869000093313,PASS
SCHO_NFTF,F10,24,1023,4025024,30,500,30,-32,32,0.0,1.716251998296059e-07,20.702337522964704,1.716251998296059e-07,1.5961226000072202,PASS
SCHO_NFTF,F10,25,1024,4025025,30,500,30,-32,32,0.0,4.6881344006877157e-07,20.640145513776236,4.6881344006877157e-07,1.568419500006712,PASS
SCHO_NFTF,F10,28,1027,4025028,30,500,30,-32,32,0.0,2.4600649028982957e-07,20.792506436353648,2.4600649028982957e-07,1.555547199997818,PASS
SCHO_NFTF,F10,26,1025,4025026,30,500,30,-32,32,0.0,4.868648741940262e-07,20.66064456706877,4.868648741940262e-07,1.59187020000536,PASS
SCHO_NFTF,F10,27,1026,4025027,30,500,30,-32,32,0.0,5.05989956600672e-08,20.70523141613285,5.05989956600672e-08,1.6170681999938097,PASS
SCHO_NFTF,F11,2,1001,4025102,30,500,30,-600,600,0.0,8.513934002252199e-11,639.1480611503106,8.513934002252199e-11,1.5080414000112796,PASS
SCHO_NFTF,F10,29,1028,4025029,30,500,30,-32,32,0.0,1.6190592022624628e-07,20.542581961741753,1.6190592022624628e-07,1.5475740999972913,PASS
SCHO_NFTF,F10,30,1029,4025030,30,500,30,-32,32,0.0,1.2462694032322474e-07,20.847870698067215,1.2462694032322474e-07,1.541661399998702,PASS
SCHO_NFTF,F11,1,1000,4025101,30,500,30,-600,600,0.0,9.837353154296125e-12,611.291864520307,9.837353154296125e-12,1.5768765999964671,PASS
SCHO_NFTF,F11,3,1002,4025103,30,500,30,-600,600,0.0,0.019565142332413465,643.4385152741779,0.019565142332413465,1.5264159000071231,PASS
SCHO_NFTF,F11,4,1003,4025104,30,500,30,-600,600,0.0,0.016843156342283505,640.6078006974948,0.016843156342283505,1.546172899994417,PASS
SCHO_NFTF,F11,5,1004,4025105,30,500,30,-600,600,0.0,1.6068035790794966e-11,644.4520744510511,1.6068035790794966e-11,1.523153200003435,PASS
SCHO_NFTF,F11,6,1005,4025106,30,500,30,-600,600,0.0,0.020796668505888904,620.4511952126913,0.020796668505888904,1.5099130000016885,PASS
SCHO_NFTF,F11,7,1006,4025107,30,500,30,-600,600,0.0,3.974087725566733e-11,632.8296368484805,3.974087725566733e-11,1.637882000009995,PASS
SCHO_NFTF,F11,8,1007,4025108,30,500,30,-600,600,0.0,0.050010078424617355,487.5405080335636,0.050010078424617355,1.6150953000033041,PASS
SCHO_NFTF,F11,10,1009,4025110,30,500,30,-600,600,0.0,0.016438388012170124,616.7396630786404,0.016438388012170124,1.6146585999958916,PASS
SCHO_NFTF,F11,9,1008,4025109,30,500,30,-600,600,0.0,9.360290320614695e-13,639.6684312970408,9.360290320614695e-13,1.6480554000008851,PASS
SCHO_NFTF,F11,13,1012,4025113,30,500,30,-600,600,0.0,0.14470676781276137,618.2400358748203,0.14470676781276137,1.5230153999873437,PASS
SCHO_NFTF,F11,11,1010,4025111,30,500,30,-600,600,0.0,0.025155434424847023,718.9807578130838,0.025155434424847023,1.5679863999976078,PASS
SCHO_NFTF,F11,12,1011,4025112,30,500,30,-600,600,0.0,6.002975894148221e-13,542.9069981974286,6.002975894148221e-13,1.5775955999997677,PASS
SCHO_NFTF,F11,14,1013,4025114,30,500,30,-600,600,0.0,0.020280664316485786,591.7962883432442,0.020280664316485786,1.5867288000008557,PASS
SCHO_NFTF,F11,17,1016,4025117,30,500,30,-600,600,0.0,1.1925227472175948e-10,658.3681797175631,1.1925227472175948e-10,1.688183799997205,PASS
SCHO_NFTF,F11,18,1017,4025118,30,500,30,-600,600,0.0,1.89637194836223e-12,635.4820188150104,1.89637194836223e-12,1.7110997999989195,PASS
SCHO_NFTF,F11,15,1014,4025115,30,500,30,-600,600,0.0,0.022427883403008164,563.9367128903148,0.022427883403008164,1.7564683000091463,PASS
SCHO_NFTF,F11,16,1015,4025116,30,500,30,-600,600,0.0,0.01905884029247762,549.6853975606296,0.01905884029247762,1.7345010999997612,PASS
SCHO_NFTF,F11,19,1018,4025119,30,500,30,-600,600,0.0,5.094147326190068e-12,538.2294864301934,5.094147326190068e-12,1.7795564999978524,PASS
SCHO_NFTF,F11,20,1019,4025120,30,500,30,-600,600,0.0,0.028461186378949677,711.0659999459813,0.028461186378949677,1.8034595999924932,PASS
SCHO_NFTF,F11,22,1021,4025122,30,500,30,-600,600,0.0,1.8148815783547434e-12,579.5492680434852,1.8148815783547434e-12,1.812279599995236,PASS
SCHO_NFTF,F11,21,1020,4025121,30,500,30,-600,600,0.0,9.501177622439627e-12,738.5383591240958,9.501177622439627e-12,1.8729905000072904,PASS
SCHO_NFTF,F11,25,1024,4025125,30,500,30,-600,600,0.0,7.596145934485321e-13,508.02875095473263,7.596145934485321e-13,1.6041302000085125,PASS
SCHO_NFTF,F11,26,1025,4025126,30,500,30,-600,600,0.0,1.3726464409558048e-11,609.8881515490872,1.3726464409558048e-11,1.6398836000007577,PASS
SCHO_NFTF,F11,23,1022,4025123,30,500,30,-600,600,0.0,0.13158476125081897,701.8372771154101,0.13158476125081897,1.67226129998744,PASS
SCHO_NFTF,F11,24,1023,4025124,30,500,30,-600,600,0.0,0.01068577446799035,649.0261533705124,0.01068577446799035,1.7185996000043815,PASS
SCHO_NFTF,F11,27,1026,4025127,30,500,30,-600,600,0.0,3.68594044175552e-14,614.144178110117,3.68594044175552e-14,1.6524781999905827,PASS
SCHO_NFTF,F11,29,1028,4025129,30,500,30,-600,600,0.0,0.022277132221363405,595.7920700073693,0.022277132221363405,1.6398209999897517,PASS
SCHO_NFTF,F11,28,1027,4025128,30,500,30,-600,600,0.0,7.793765632868599e-13,642.5333046872523,7.793765632868599e-13,1.6685040999873308,PASS
SCHO_NFTF,F11,30,1029,4025130,30,500,30,-600,600,0.0,0.02349673711365674,694.8702724214163,0.02349673711365674,1.6648625999951037,PASS
SCHO_NFTF,F12,4,1003,4025204,30,500,30,-50,50,0.0,0.2141820634714687,756082758.900649,0.2141820634714687,1.7315428000001702,PASS
SCHO_NFTF,F12,3,1002,4025203,30,500,30,-50,50,0.0,0.24185173609975258,677755348.7064486,0.24185173609975258,1.7974729999987176,PASS
SCHO_NFTF,F12,1,1000,4025201,30,500,30,-50,50,0.0,0.2631058995462197,577094378.3389748,0.2631058995462197,1.8914898000075482,PASS
SCHO_NFTF,F12,2,1001,4025202,30,500,30,-50,50,0.0,0.19779480850399853,579099359.0880492,0.19779480850399853,1.917316999999457,PASS
SCHO_NFTF,F12,5,1004,4025205,30,500,30,-50,50,0.0,0.11346948750969449,600899121.4082001,0.11346948750969449,1.8272032999957446,PASS
SCHO_NFTF,F12,7,1006,4025207,30,500,30,-50,50,0.0,0.18830338622056944,669437325.0641034,0.18830338622056944,1.746399499999825,PASS
SCHO_NFTF,F12,6,1005,4025206,30,500,30,-50,50,0.0,0.29102522001839287,613687382.5306401,0.29102522001839287,1.8079709000012372,PASS
SCHO_NFTF,F12,8,1007,4025208,30,500,30,-50,50,0.0,0.17706225074804696,465147296.24454856,0.17706225074804696,1.7332342000008794,PASS
SCHO_NFTF,F12,11,1010,4025211,30,500,30,-50,50,0.0,0.19072057163555042,673700231.5011019,0.19072057163555042,1.7288829000026453,PASS
SCHO_NFTF,F12,12,1011,4025212,30,500,30,-50,50,0.0,0.19421382130377554,354312759.8973637,0.19421382130377554,1.8121369000000414,PASS
SCHO_NFTF,F12,9,1008,4025209,30,500,30,-50,50,0.0,0.6857594817937903,673649374.2265142,0.6857594817937903,1.882179600012023,PASS
SCHO_NFTF,F12,10,1009,4025210,30,500,30,-50,50,0.0,0.25332507264223525,608345809.8432229,0.25332507264223525,1.9217070000013337,PASS
SCHO_NFTF,F12,13,1012,4025213,30,500,30,-50,50,0.0,0.11853155243952221,409264261.74945426,0.11853155243952221,1.7843719999946188,PASS
SCHO_NFTF,F12,15,1014,4025215,30,500,30,-50,50,0.0,0.18991527897956423,377991105.0550389,0.18991527897956423,1.7635844000033103,PASS
SCHO_NFTF,F12,14,1013,4025214,30,500,30,-50,50,0.0,0.34025895873975265,375026164.7994268,0.34025895873975265,1.8315013000101317,PASS
SCHO_NFTF,F12,16,1015,4025216,30,500,30,-50,50,0.0,0.2679586892822046,518663474.82455194,0.2679586892822046,1.8029103000008035,PASS
SCHO_NFTF,F12,19,1018,4025219,30,500,30,-50,50,0.0,0.40735084169684765,493317185.6586725,0.40735084169684765,1.7541039000061573,PASS
SCHO_NFTF,F12,20,1019,4025220,30,500,30,-50,50,0.0,0.22652822504604905,746482921.424925,0.22652822504604905,1.757560600002762,PASS
SCHO_NFTF,F12,18,1017,4025218,30,500,30,-50,50,0.0,0.2400184649241988,678910232.0700809,0.2400184649241988,1.8008841999981087,PASS
SCHO_NFTF,F12,17,1016,4025217,30,500,30,-50,50,0.0,0.15931137081726604,602516388.8524432,0.15931137081726604,1.82627410000714,PASS
SCHO_NFTF,F12,22,1021,4025222,30,500,30,-50,50,0.0,0.2703762786354265,566705999.5069873,0.2703762786354265,1.8423451999988174,PASS
SCHO_NFTF,F12,24,1023,4025224,30,500,30,-50,50,0.0,0.1660723221898705,557034073.9341952,0.1660723221898705,1.8361274000053527,PASS
SCHO_NFTF,F12,23,1022,4025223,30,500,30,-50,50,0.0,0.09123291798928629,527674663.0350982,0.09123291798928629,1.896515400003409,PASS
SCHO_NFTF,F12,21,1020,4025221,30,500,30,-50,50,0.0,0.27987220691364245,779891967.4951634,0.27987220691364245,1.9437697999965167,PASS
SCHO_NFTF,F12,25,1024,4025225,30,500,30,-50,50,0.0,0.2241307587870704,459268027.30294675,0.2241307587870704,1.7813458999880822,PASS
SCHO_NFTF,F12,26,1025,4025226,30,500,30,-50,50,0.0,0.2034474475418837,655610836.8316754,0.2034474475418837,1.7860117000091122,PASS
SCHO_NFTF,F12,28,1027,4025228,30,500,30,-50,50,0.0,0.11532775257860076,735612073.6667887,0.11532775257860076,1.8949290000018664,PASS
SCHO_NFTF,F12,27,1026,4025227,30,500,30,-50,50,0.0,0.3133036836834911,688380987.7444726,0.3133036836834911,1.983199100010097,PASS
SCHO_NFTF,F12,30,1029,4025230,30,500,30,-50,50,0.0,0.6494602687854103,638200031.739138,0.6494602687854103,1.821398300002329,PASS
SCHO_NFTF,F12,29,1028,4025229,30,500,30,-50,50,0.0,0.2299329867191977,694579575.2440028,0.2299329867191977,1.8949974999995902,PASS
SCHO_NFTF,F13,1,1000,4025301,30,500,30,-50,50,0.0,1.575842252543047,1121540604.907016,1.575842252543047,1.8412726999958977,PASS
SCHO_NFTF,F13,2,1001,4025302,30,500,30,-50,50,0.0,1.2558609325053978,1134393402.9122756,1.2558609325053978,1.8475838000013027,PASS
SCHO_NFTF,F13,4,1003,4025304,30,500,30,-50,50,0.0,1.9357677413711913,1409943019.8603163,1.9357677413711913,1.7487327999988338,PASS
SCHO_NFTF,F13,3,1002,4025303,30,500,30,-50,50,0.0,2.087649561629076,1279263460.7598147,2.087649561629076,1.8081760000059148,PASS
SCHO_NFTF,F13,5,1004,4025305,30,500,30,-50,50,0.0,1.7665571470908863,1170689608.5516968,1.7665571470908863,1.7810180000087712,PASS
SCHO_NFTF,F13,6,1005,4025306,30,500,30,-50,50,0.0,1.8140918404325654,1181621324.1665757,1.8140918404325654,1.7953439999982947,PASS
SCHO_NFTF,F13,7,1006,4025307,30,500,30,-50,50,0.0,2.0760251681808266,1268983075.2778127,2.0760251681808266,1.7861266999971122,PASS
SCHO_NFTF,F13,9,1008,4025309,30,500,30,-50,50,0.0,2.15171957331537,1296042042.9580178,2.15171957331537,1.7619095999980345,PASS
SCHO_NFTF,F13,8,1007,4025308,30,500,30,-50,50,0.0,2.0668181004090123,878154019.7635087,2.0668181004090123,1.8032972000073642,PASS
SCHO_NFTF,F13,10,1009,4025310,30,500,30,-50,50,0.0,2.046872572058303,1170491781.6147819,2.046872572058303,1.8017036000092048,PASS
SCHO_NFTF,F13,14,1013,4025314,30,500,30,-50,50,0.0,1.437727886520934,813623365.5838884,1.437727886520934,1.7541558999946574,PASS
SCHO_NFTF,F13,11,1010,4025311,30,500,30,-50,50,0.0,1.8844892886361835,1334005063.226532,1.8844892886361835,1.8051923000020906,PASS
SCHO_NFTF,F13,12,1011,4025312,30,500,30,-50,50,0.0,1.8983488296669486,746217004.1348709,1.8983488296669486,1.803515100007644,PASS
SCHO_NFTF,F13,13,1012,4025313,30,500,30,-50,50,0.0,1.654782949048354,902489281.0803057,1.654782949048354,1.84396199999901,PASS
SCHO_NFTF,F13,15,1014,4025315,30,500,30,-50,50,0.0,1.7474314385463652,781768070.7565104,1.7474314385463652,1.705981499995687,PASS
SCHO_NFTF,F13,16,1015,4025316,30,500,30,-50,50,0.0,1.7327322084927503,992639751.8319389,1.7327322084927503,1.7326535999891348,PASS
SCHO_NFTF,F13,17,1016,4025317,30,500,30,-50,50,0.0,1.6694325493606685,1200343935.016167,1.6694325493606685,1.8039149999967776,PASS
SCHO_NFTF,F13,18,1017,4025318,30,500,30,-50,50,0.0,1.6779223356659463,1270309810.4932654,1.6779223356659463,1.7624480999947991,PASS
SCHO_NFTF,F13,19,1018,4025319,30,500,30,-50,50,0.0,1.8556928381723243,985279769.8708252,1.8556928381723243,1.781629500008421,PASS
SCHO_NFTF,F13,22,1021,4025322,30,500,30,-50,50,0.0,1.9802412219809655,1071852585.7528108,1.9802412219809655,1.7766529000073206,PASS
SCHO_NFTF,F13,21,1020,4025321,30,500,30,-50,50,0.0,1.4776088233860982,1481567387.8877292,1.4776088233860982,1.8329843000101391,PASS
SCHO_NFTF,F13,20,1019,4025320,30,500,30,-50,50,0.0,1.5458865548679868,1427951455.304063,1.5458865548679868,1.8537331000115955,PASS
SCHO_NFTF,F13,23,1022,4025323,30,500,30,-50,50,0.0,1.4325568646255984,1057814591.9376878,1.4325568646255984,1.7663861000037286,PASS
SCHO_NFTF,F13,24,1023,4025324,30,500,30,-50,50,0.0,1.5709726448765082,1128834171.694078,1.5709726448765082,1.7966366000036942,PASS
SCHO_NFTF,F13,26,1025,4025326,30,500,30,-50,50,0.0,1.4027795026533842,1213450885.258651,1.4027795026533842,1.753727200004505,PASS
SCHO_NFTF,F13,25,1024,4025325,30,500,30,-50,50,0.0,2.0634356163223027,881544869.6646192,2.0634356163223027,1.777804900004412,PASS
SCHO_NFTF,F13,27,1026,4025327,30,500,30,-50,50,0.0,1.8716033594678594,1309554648.9066305,1.8716033594678594,1.7737170000036713,PASS
SCHO_NFTF,F13,30,1029,4025330,30,500,30,-50,50,0.0,1.423763980523611,1261783528.6462915,1.423763980523611,1.7957623999973293,PASS
SCHO_NFTF,F13,29,1028,4025329,30,500,30,-50,50,0.0,2.1783240670290973,1284594344.47724,2.1783240670290973,1.7982220000121742,PASS
SCHO_NFTF,F13,28,1027,4025328,30,500,30,-50,50,0.0,1.8320603925992007,1357932319.8784873,1.8320603925992007,1.8338951000041561,PASS
SCHO_NFTF,F14,1,1000,4025401,30,500,2,-65.536000000000001,65.536000000000001,1.0,2.982105156835159,473.71847520737606,2.982105156835159,0.4533796000032453,PASS
SCHO_NFTF,F14,3,1002,4025403,30,500,2,-65.536000000000001,65.536000000000001,1.0,2.9821051568685037,7.856359089361977,2.9821051568685037,0.4473727000004146,PASS
SCHO_NFTF,F14,2,1001,4025402,30,500,2,-65.536000000000001,65.536000000000001,1.0,10.763180666971277,20.799965995968776,10.763180666971277,0.46981700000469573,PASS
SCHO_NFTF,F14,4,1003,4025404,30,500,2,-65.536000000000001,65.536000000000001,1.0,2.982105157104295,7.991839953168932,2.982105157104295,0.49775229999795556,PASS
SCHO_NFTF,F14,5,1004,4025405,30,500,2,-65.536000000000001,65.536000000000001,1.0,10.763180667042608,24.322820508421295,10.763180667042608,0.4882930000021588,PASS
SCHO_NFTF,F14,6,1005,4025406,30,500,2,-65.536000000000001,65.536000000000001,1.0,2.9821051568266506,90.7409532963287,2.9821051568266506,0.4992703000025358,PASS
SCHO_NFTF,F14,8,1007,4025408,30,500,2,-65.536000000000001,65.536000000000001,1.0,2.982105156836103,21.481362099196957,2.982105156836103,0.49065530000370927,PASS
SCHO_NFTF,F14,7,1006,4025407,30,500,2,-65.536000000000001,65.536000000000001,1.0,0.9980039588965721,16.2842641081014,0.9980039588965721,0.49318260001018643,PASS
SCHO_NFTF,F14,11,1010,4025411,30,500,2,-65.536000000000001,65.536000000000001,1.0,0.9980038412471961,115.8570972449099,0.9980038412471961,0.45303509999939706,PASS
SCHO_NFTF,F14,10,1009,4025410,30,500,2,-65.536000000000001,65.536000000000001,1.0,2.982105156892949,15.108117071694181,2.982105156892949,0.487435999995796,PASS
SCHO_NFTF,F14,9,1008,4025409,30,500,2,-65.536000000000001,65.536000000000001,1.0,0.998006283305387,480.050865101365,0.998006283305387,0.5316974999877857,PASS
SCHO_NFTF,F14,12,1011,4025412,30,500,2,-65.536000000000001,65.536000000000001,1.0,12.670505811135566,16.441007314171465,12.670505811135566,0.49531659999047406,PASS
SCHO_NFTF,F14,13,1012,4025413,30,500,2,-65.536000000000001,65.536000000000001,1.0,2.9821051568310475,16.402755922508554,2.9821051568310475,0.5228099999949336,PASS
SCHO_NFTF,F14,14,1013,4025414,30,500,2,-65.536000000000001,65.536000000000001,1.0,10.763180666978773,73.97889205821518,10.763180666978773,0.49361629999475554,PASS
SCHO_NFTF,F14,16,1015,4025416,30,500,2,-65.536000000000001,65.536000000000001,1.0,10.763180666905944,17.659718800789545,10.763180666905944,0.5365180000080727,PASS
SCHO_NFTF,F14,15,1014,4025415,30,500,2,-65.536000000000001,65.536000000000001,1.0,0.9980038422129637,65.35361146386387,0.9980038422129637,0.5401270000002114,PASS
SCHO_NFTF,F14,18,1017,4025418,30,500,2,-65.536000000000001,65.536000000000001,1.0,10.763180667856009,237.59430741100795,10.763180667856009,0.4808319000003394,PASS
SCHO_NFTF,F14,17,1016,4025417,30,500,2,-65.536000000000001,65.536000000000001,1.0,0.9980038379615147,438.10288921782666,0.9980038379615147,0.530422499999986,PASS
SCHO_NFTF,F14,19,1018,4025419,30,500,2,-65.536000000000001,65.536000000000001,1.0,0.9980038413864124,2.286243956447089,0.9980038413864124,0.4807126999949105,PASS
SCHO_NFTF,F14,20,1019,4025420,30,500,2,-65.536000000000001,65.536000000000001,1.0,0.9980038384900684,179.17713904158902,0.9980038384900684,0.48279760000878014,PASS
SCHO_NFTF,F14,21,1020,4025421,30,500,2,-65.536000000000001,65.536000000000001,1.0,12.670505811135966,87.51907188492201,12.670505811135966,0.4683345000084955,PASS
SCHO_NFTF,F14,22,1021,4025422,30,500,2,-65.536000000000001,65.536000000000001,1.0,2.9821051569531893,29.199725330593285,2.9821051569531893,0.4735722000041278,PASS
SCHO_NFTF,F14,24,1023,4025424,30,500,2,-65.536000000000001,65.536000000000001,1.0,10.763180667288685,294.0509123316119,10.763180667288685,0.48412750000716187,PASS
SCHO_NFTF,F14,23,1022,4025423,30,500,2,-65.536000000000001,65.536000000000001,1.0,2.9821051568237165,9.804625661988586,2.9821051568237165,0.4866959999926621,PASS
SCHO_NFTF,F14,26,1025,4025426,30,500,2,-65.536000000000001,65.536000000000001,1.0,0.998003839212948,421.40232505995556,0.998003839212948,0.45824869998614304,PASS
SCHO_NFTF,F14,25,1024,4025425,30,500,2,-65.536000000000001,65.536000000000001,1.0,12.670505811135877,320.00268640700443,12.670505811135877,0.476865300006466,PASS
SCHO_NFTF,F14,28,1027,4025428,30,500,2,-65.536000000000001,65.536000000000001,1.0,10.763180667265765,160.2537413920019,10.763180667265765,0.46244869999645744,PASS
SCHO_NFTF,F14,27,1026,4025427,30,500,2,-65.536000000000001,65.536000000000001,1.0,2.9821051568174264,337.8200873186404,2.9821051568174264,0.4753017000039108,PASS
SCHO_NFTF,F15,2,1001,4025502,30,500,4,-5,5,0.0003,0.0008432958556705151,1.2717309895536486,0.0008432958556705151,0.4465301000018371,PASS
SCHO_NFTF,F15,1,1000,4025501,30,500,4,-5,5,0.0003,0.00036935339744310317,0.30191456608898665,0.00036935339744310317,0.46105749999696855,PASS
SCHO_NFTF,F14,30,1029,4025430,30,500,2,-65.536000000000001,65.536000000000001,1.0,0.9980038816571443,15.999537865751927,0.9980038816571443,0.4779338999942411,PASS
SCHO_NFTF,F14,29,1028,4025429,30,500,2,-65.536000000000001,65.536000000000001,1.0,0.9980039159410609,2.3576554955050417,0.9980039159410609,0.5271963999985019,PASS
SCHO_NFTF,F15,4,1003,4025504,30,500,4,-5,5,0.0003,0.0003612356554976074,0.1609090192272938,0.0003612356554976074,0.4016210000118008,PASS
SCHO_NFTF,F15,3,1002,4025503,30,500,4,-5,5,0.0003,0.0005745224978649444,0.3644888722730511,0.0005745224978649444,0.42457079999439884,PASS
SCHO_NFTF,F15,5,1004,4025505,30,500,4,-5,5,0.0003,0.0005160225312245781,0.12948702495992004,0.0005160225312245781,0.4376311999949394,PASS
SCHO_NFTF,F15,6,1005,4025506,30,500,4,-5,5,0.0003,0.0004708867851704532,0.12186464086944875,0.0004708867851704532,0.43077370000537485,PASS
SCHO_NFTF,F15,7,1006,4025507,30,500,4,-5,5,0.0003,0.0006118900551562516,0.12363760498402297,0.0006118900551562516,0.44432850000157487,PASS
SCHO_NFTF,F15,8,1007,4025508,30,500,4,-5,5,0.0003,0.0007732391547444269,0.09018764359449179,0.0007732391547444269,0.44228889999794774,PASS
SCHO_NFTF,F15,9,1008,4025509,30,500,4,-5,5,0.0003,0.0007047612988872678,2.2394826617102606,0.0007047612988872678,0.4387471999943955,PASS
SCHO_NFTF,F15,10,1009,4025510,30,500,4,-5,5,0.0003,0.000712680333920104,0.13877679138861554,0.000712680333920104,0.46162629999162164,PASS
SCHO_NFTF,F15,11,1010,4025511,30,500,4,-5,5,0.0003,0.0005667769544099963,0.03239128528085753,0.0005667769544099963,0.3979174999985844,PASS
SCHO_NFTF,F15,12,1011,4025512,30,500,4,-5,5,0.0003,0.0006214085115614082,0.23498015533649527,0.0006214085115614082,0.40284980001160875,PASS
SCHO_NFTF,F15,14,1013,4025514,30,500,4,-5,5,0.0003,0.0005074200719527214,0.1598298890496266,0.0005074200719527214,0.37587629999325145,PASS
SCHO_NFTF,F15,13,1012,4025513,30,500,4,-5,5,0.0003,0.0005453226385376708,0.1306304824855118,0.0005453226385376708,0.4132007000007434,PASS
SCHO_NFTF,F15,16,1015,4025516,30,500,4,-5,5,0.0003,0.0005820994915724234,2.092356457574675,0.0005820994915724234,0.40613390000362415,PASS
SCHO_NFTF,F15,15,1014,4025515,30,500,4,-5,5,0.0003,0.00033055968125821143,0.10205617825736528,0.00033055968125821143,0.4313536999979988,PASS
SCHO_NFTF,F15,18,1017,4025518,30,500,4,-5,5,0.0003,0.0005717979502168287,0.14977648977909336,0.0005717979502168287,0.4350298999925144,PASS
SCHO_NFTF,F15,17,1016,4025517,30,500,4,-5,5,0.0003,0.0005506736805611114,0.2605680364275185,0.0005506736805611114,0.46201199998904485,PASS
SCHO_NFTF,F15,19,1018,4025519,30,500,4,-5,5,0.0003,0.0004842579326643215,0.1985628632680977,0.0004842579326643215,0.3971376999979839,PASS
SCHO_NFTF,F15,20,1019,4025520,30,500,4,-5,5,0.0003,0.0005804757198863229,0.1359115073620081,0.0005804757198863229,0.4041339999967022,PASS
SCHO_NFTF,F15,21,1020,4025521,30,500,4,-5,5,0.0003,0.0006710913592258747,0.4954470688391197,0.0006710913592258747,0.46068770000420045,PASS
SCHO_NFTF,F15,22,1021,4025522,30,500,4,-5,5,0.0003,0.0007085901636482725,0.5524050984541609,0.0007085901636482725,0.43413529999088496,PASS
SCHO_NFTF,F15,23,1022,4025523,30,500,4,-5,5,0.0003,0.00043863844794574065,0.29407409982959576,0.00043863844794574065,0.43677449999086093,PASS
SCHO_NFTF,F15,25,1024,4025525,30,500,4,-5,5,0.0003,0.0003128376135295534,0.054825133501047195,0.0003128376135295534,0.4484108000033302,PASS
SCHO_NFTF,F15,26,1025,4025526,30,500,4,-5,5,0.0003,0.0003101093407002826,0.2996859951874783,0.0003101093407002826,0.46825649999664165,PASS
SCHO_NFTF,F15,24,1023,4025524,30,500,4,-5,5,0.0003,0.0007206044310217285,0.298411205199563,0.0007206044310217285,0.47887839999748394,PASS
SCHO_NFTF,F15,28,1027,4025528,30,500,4,-5,5,0.0003,0.00042336419918505367,0.03968409975464774,0.00042336419918505367,0.41684789999271743,PASS
SCHO_NFTF,F15,29,1028,4025529,30,500,4,-5,5,0.0003,0.000689787324494608,0.08098779060507648,0.000689787324494608,0.3956099999923026,PASS
SCHO_NFTF,F15,27,1026,4025527,30,500,4,-5,5,0.0003,0.0007353362949439826,0.08376195205332174,0.0007353362949439826,0.4679388999938965,PASS
SCHO_NFTF,F15,30,1029,4025530,30,500,4,-5,5,0.0003,0.0003483234021486878,0.14413165160408462,0.0003483234021486878,0.44379859999753535,PASS
SCHO_NFTF,F16,2,1001,4025602,30,500,2,-5,5,-1.0316,-1.0316255190399657,-0.027012733357646004,-1.0316255190399657,0.23476400000799913,PASS
SCHO_NFTF,F16,4,1003,4025604,30,500,2,-5,5,-1.0316,-1.031628436900496,-0.39997849461446167,-1.031628436900496,0.23654739999619778,PASS
SCHO_NFTF,F16,3,1002,4025603,30,500,2,-5,5,-1.0316,-1.0316283082193556,0.7607607404739891,-1.0316283082193556,0.2507900999917183,PASS
SCHO_NFTF,F16,1,1000,4025601,30,500,2,-5,5,-1.0316,-1.0316279291875676,2.181179457071373,-1.0316279291875676,0.25643740000668913,PASS
SCHO_NFTF,F16,7,1006,4025607,30,500,2,-5,5,-1.0316,-1.0316262786815589,-0.20638118856745086,-1.0316262786815589,0.1873654999944847,PASS
SCHO_NFTF,F16,8,1007,4025608,30,500,2,-5,5,-1.0316,-1.0316283142003309,-0.24021923047679472,-1.0316283142003309,0.19884620000084396,PASS
SCHO_NFTF,F16,6,1005,4025606,30,500,2,-5,5,-1.0316,-1.0316268072455355,-0.9735315253417971,-1.0316268072455355,0.22330469998996705,PASS
SCHO_NFTF,F16,5,1004,4025605,30,500,2,-5,5,-1.0316,-1.0316283848418717,-0.170143036311162,-1.0316283848418717,0.2300093000085326,PASS
SCHO_NFTF,F16,9,1008,4025609,30,500,2,-5,5,-1.0316,-1.0316262483058276,2.3278539991551703,-1.0316262483058276,0.2135685000102967,PASS
SCHO_NFTF,F16,10,1009,4025610,30,500,2,-5,5,-1.0316,-1.0316252465503146,1.0848751489960493,-1.0316252465503146,0.21354040000005625,PASS
SCHO_NFTF,F16,11,1010,4025611,30,500,2,-5,5,-1.0316,-1.0316279171077944,2.3611245635192675,-1.0316279171077944,0.2212015999975847,PASS
SCHO_NFTF,F16,12,1011,4025612,30,500,2,-5,5,-1.0316,-1.0316263437249158,-1.0303686554309606,-1.0316263437249158,0.22442450000380632,PASS
SCHO_NFTF,F16,13,1012,4025613,30,500,2,-5,5,-1.0316,-1.0316275178076653,1.5398855373431712,-1.0316275178076653,0.18724629998905584,PASS
SCHO_NFTF,F16,14,1013,4025614,30,500,2,-5,5,-1.0316,-1.0316148371993183,-0.8050538505238225,-1.0316148371993183,0.17861509999784175,PASS
SCHO_NFTF,F16,16,1015,4025616,30,500,2,-5,5,-1.0316,-1.0316238345819402,0.7787012712336405,-1.0316238345819402,0.20718130000750534,PASS
SCHO_NFTF,F16,15,1014,4025615,30,500,2,-5,5,-1.0316,-1.0316250355193042,0.23957312171001172,-1.0316250355193042,0.22008590000041295,PASS
SCHO_NFTF,F16,18,1017,4025618,30,500,2,-5,5,-1.0316,-1.031626633766365,1.6470124840433833,-1.031626633766365,0.21011369999905583,PASS
SCHO_NFTF,F16,17,1016,4025617,30,500,2,-5,5,-1.0316,-1.031628025909527,0.9570585820096484,-1.031628025909527,0.2503396999964025,PASS
SCHO_NFTF,F16,20,1019,4025620,30,500,2,-5,5,-1.0316,-1.0316277079839644,-0.9362291745164019,-1.0316277079839644,0.22442969999974594,PASS
SCHO_NFTF,F16,19,1018,4025619,30,500,2,-5,5,-1.0316,-1.031628057325702,0.7878546115016152,-1.031628057325702,0.2488137999898754,PASS
SCHO_NFTF,F16,21,1020,4025621,30,500,2,-5,5,-1.0316,-1.031627088582861,0.6778025610508492,-1.031627088582861,0.19465229999332223,PASS
SCHO_NFTF,F16,23,1022,4025623,30,500,2,-5,5,-1.0316,-1.0316281471663675,1.3326463850849646,-1.0316281471663675,0.190189900007681,PASS
SCHO_NFTF,F16,24,1023,4025624,30,500,2,-5,5,-1.0316,-1.0316205162476588,2.6557067430875065,-1.0316205162476588,0.17591190000530332,PASS
SCHO_NFTF,F16,22,1021,4025622,30,500,2,-5,5,-1.0316,-1.0316279491124616,1.5766615624712603,-1.0316279491124616,0.20548219999182038,PASS
SCHO_NFTF,F16,28,1027,4025628,30,500,2,-5,5,-1.0316,-1.031627947211156,0.6076326090253817,-1.031627947211156,0.1990661000018008,PASS
SCHO_NFTF,F16,27,1026,4025627,30,500,2,-5,5,-1.0316,-1.0316282208715344,-0.1512971369952485,-1.0316282208715344,0.2010246999998344,PASS
SCHO_NFTF,F16,25,1024,4025625,30,500,2,-5,5,-1.0316,-1.031626179047246,2.429026067201413,-1.031626179047246,0.23221439999178983,PASS
SCHO_NFTF,F16,26,1025,4025626,30,500,2,-5,5,-1.0316,-1.0316281536111325,21.49073996804959,-1.0316281536111325,0.23014690000854898,PASS
SCHO_NFTF,F16,29,1028,4025629,30,500,2,-5,5,-1.0316,-1.0316274875777407,-0.12993145689296656,-1.0316274875777407,0.17620739999983925,PASS
SCHO_NFTF,F16,30,1029,4025630,30,500,2,-5,5,-1.0316,-1.0316248444925473,2.6013826494536425,-1.0316248444925473,0.17970670000067912,PASS
SCHO_NFTF,F17,1,1000,4025701,30,500,2,-5;0,10;15,0.397887,0.39791482548909585,1.0638829597342436,0.39791482548909585,0.21621959999902174,PASS
SCHO_NFTF,F17,2,1001,4025702,30,500,2,-5;0,10;15,0.397887,0.3979008512336879,1.2443773973881989,0.3979008512336879,0.2194172999879811,PASS
SCHO_NFTF,F17,6,1005,4025706,30,500,2,-5;0,10;15,0.397887,0.39811702507016555,0.7328401017256851,0.39811702507016555,0.2276449000055436,PASS
SCHO_NFTF,F17,5,1004,4025705,30,500,2,-5;0,10;15,0.397887,0.39813852360122937,0.7300291394205143,0.39813852360122937,0.2307575999875553,PASS
SCHO_NFTF,F17,3,1002,4025703,30,500,2,-5;0,10;15,0.397887,0.39791781595395825,0.5710175662180976,0.39791781595395825,0.24316779999935534,PASS
SCHO_NFTF,F17,4,1003,4025704,30,500,2,-5;0,10;15,0.397887,0.39897925685264646,2.6652672686497105,0.39897925685264646,0.24736510000366252,PASS
SCHO_NFTF,F17,8,1007,4025708,30,500,2,-5;0,10;15,0.397887,0.3981851585305325,0.8184767311208248,0.3981851585305325,0.20095349999610335,PASS
SCHO_NFTF,F17,7,1006,4025707,30,500,2,-5;0,10;15,0.397887,0.39791949228383494,1.0302901000661695,0.39791949228383494,0.20842870000342373,PASS
SCHO_NFTF,F17,10,1009,4025710,30,500,2,-5;0,10;15,0.397887,0.3978919897500788,3.966514797561688,0.3978919897500788,0.19924250000622123,PASS
SCHO_NFTF,F17,9,1008,4025709,30,500,2,-5;0,10;15,0.397887,0.39803380622638684,1.6574038437894387,0.39803380622638684,0.20418559999961872,PASS
SCHO_NFTF,F17,12,1011,4025712,30,500,2,-5;0,10;15,0.397887,0.3979011073277725,4.005505020167275,0.3979011073277725,0.20847990000038408,PASS
SCHO_NFTF,F17,13,1012,4025713,30,500,2,-5;0,10;15,0.397887,0.3981578333542135,0.653014811080423,0.3981578333542135,0.22060860000783578,PASS
SCHO_NFTF,F17,11,1010,4025711,30,500,2,-5;0,10;15,0.397887,0.3979843676241739,0.9236150306333499,0.3979843676241739,0.2613532999966992,PASS
SCHO_NFTF,F17,14,1013,4025714,30,500,2,-5;0,10;15,0.397887,0.39806303415923594,1.2794390638585824,0.39806303415923594,0.25263459999405313,PASS
SCHO_NFTF,F17,15,1014,4025715,30,500,2,-5;0,10;15,0.397887,0.3981652651227634,0.5699043454949582,0.3981652651227634,0.19121810000797268,PASS
SCHO_NFTF,F17,16,1015,4025716,30,500,2,-5;0,10;15,0.397887,0.3982438985693548,0.5472008050952475,0.3982438985693548,0.18990549999580253,PASS
SCHO_NFTF,F17,17,1016,4025717,30,500,2,-5;0,10;15,0.397887,0.3978921908013824,1.9307324415435367,0.3978921908013824,0.20421670000359882,PASS
SCHO_NFTF,F17,18,1017,4025718,30,500,2,-5;0,10;15,0.397887,0.39818287776567196,1.6377791627432448,0.39818287776567196,0.20522309999796562,PASS
SCHO_NFTF,F17,19,1018,4025719,30,500,2,-5;0,10;15,0.397887,0.3981286794835466,1.8190149992010163,0.3981286794835466,0.21943620000092778,PASS
SCHO_NFTF,F17,21,1020,4025721,30,500,2,-5;0,10;15,0.397887,0.39789429978677227,2.247938566819121,0.39789429978677227,0.223562099999981,PASS
SCHO_NFTF,F17,20,1019,4025720,30,500,2,-5;0,10;15,0.397887,0.39802727568302565,0.4636423262601532,0.39802727568302565,0.23274539998965338,PASS
SCHO_NFTF,F17,22,1021,4025722,30,500,2,-5;0,10;15,0.397887,0.3980261183470972,1.8216716190815827,0.3980261183470972,0.23270229999616276,PASS
SCHO_NFTF,F17,24,1023,4025724,30,500,2,-5;0,10;15,0.397887,0.3991140515765039,14.151514125962425,0.3991140515765039,0.19343559999833815,PASS
SCHO_NFTF,F17,26,1025,4025726,30,500,2,-5;0,10;15,0.397887,0.3980011524777858,3.889306158017198,0.3980011524777858,0.2027096999954665,PASS
SCHO_NFTF,F17,23,1022,4025723,30,500,2,-5;0,10;15,0.397887,0.397997574239227,0.615174882056257,0.397997574239227,0.22902969999995548,PASS
SCHO_NFTF,F17,25,1024,4025725,30,500,2,-5;0,10;15,0.397887,0.3980185321199663,1.6869208412063283,0.3980185321199663,0.22159620000456925,PASS
SCHO_NFTF,F17,27,1026,4025727,30,500,2,-5;0,10;15,0.397887,0.3984061292268972,1.0566819945015116,0.3984061292268972,0.22287549999600742,PASS
SCHO_NFTF,F17,29,1028,4025729,30,500,2,-5;0,10;15,0.397887,0.398176349545718,2.4485590920128137,0.398176349545718,0.21540570000070147,PASS
SCHO_NFTF,F17,30,1029,4025730,30,500,2,-5;0,10;15,0.397887,0.3980266491253168,0.47798940625165187,0.3980266491253168,0.22963940000045113,PASS
SCHO_NFTF,F17,28,1027,4025728,30,500,2,-5;0,10;15,0.397887,0.39789361386428546,2.9510390763983754,0.39789361386428546,0.23691940000571776,PASS
SCHO_NFTF,F18,1,1000,4025801,30,500,2,-2,2,3.0,3.0000044096539864,81.38562380070489,3.0000044096539864,0.20555899999453686,PASS
SCHO_NFTF,F18,2,1001,4025802,30,500,2,-2,2,3.0,3.000016263128404,30.688673464406033,3.000016263128404,0.20884539998951368,PASS
SCHO_NFTF,F18,3,1002,4025803,30,500,2,-2,2,3.0,3.0000252245087125,34.965342142586636,3.0000252245087125,0.20342900000105146,PASS
SCHO_NFTF,F18,4,1003,4025804,30,500,2,-2,2,3.0,3.0000172772173763,93.48619771902435,3.0000172772173763,0.21000720000301953,PASS
SCHO_NFTF,F18,6,1005,4025806,30,500,2,-2,2,3.0,3.000003901589604,60.063618491605254,3.000003901589604,0.2315266000077827,PASS
SCHO_NFTF,F18,7,1006,4025807,30,500,2,-2,2,3.0,3.0000001432283177,5.7914370508281126,3.0000001432283177,0.22621490000165068,PASS
SCHO_NFTF,F18,5,1004,4025805,30,500,2,-2,2,3.0,3.000006017998278,50.082085355619114,3.000006017998278,0.25003909999213647,PASS
SCHO_NFTF,F18,8,1007,4025808,30,500,2,-2,2,3.0,3.00000013541971,64.59830186416433,3.00000013541971,0.2499050000042189,PASS
SCHO_NFTF,F18,9,1008,4025809,30,500,2,-2,2,3.0,3.000016034681534,25.521419373542102,3.000016034681534,0.19410749999224208,PASS
SCHO_NFTF,F18,10,1009,4025810,30,500,2,-2,2,3.0,3.0000565016206635,3.5313798537296646,3.0000565016206635,0.22504180000396445,PASS
SCHO_NFTF,F18,11,1010,4025811,30,500,2,-2,2,3.0,3.000021939837351,88.7536597773862,3.000021939837351,0.2255248000001302,PASS
SCHO_NFTF,F18,12,1011,4025812,30,500,2,-2,2,3.0,3.0000003306068312,39.964935115530984,3.0000003306068312,0.2383308999997098,PASS
SCHO_NFTF,F18,13,1012,4025813,30,500,2,-2,2,3.0,3.000000563088189,9.426190913628409,3.000000563088189,0.23781170000438578,PASS
SCHO_NFTF,F18,15,1014,4025815,30,500,2,-2,2,3.0,3.000000422168669,21.8168014034403,3.000000422168669,0.234552399997483,PASS
SCHO_NFTF,F18,16,1015,4025816,30,500,2,-2,2,3.0,3.000000869640531,329.91156437221537,3.000000869640531,0.2338891999970656,PASS
SCHO_NFTF,F18,14,1013,4025814,30,500,2,-2,2,3.0,3.0000002063560363,13.07568843364808,3.0000002063560363,0.26425490000110585,PASS
SCHO_NFTF,F18,17,1016,4025817,30,500,2,-2,2,3.0,3.0000161471103834,91.84738429723461,3.0000161471103834,0.2239153999980772,PASS
SCHO_NFTF,F18,19,1018,4025819,30,500,2,-2,2,3.0,3.0000028077246457,10.909611757157371,3.0000028077246457,0.20541450000018813,PASS
SCHO_NFTF,F18,18,1017,4025818,30,500,2,-2,2,3.0,3.000029500794219,195.47673454838912,3.000029500794219,0.23032149999926332,PASS
SCHO_NFTF,F18,20,1019,4025820,30,500,2,-2,2,3.0,3.000055622967704,273.7028443942355,3.000055622967704,0.21011770000040997,PASS
SCHO_NFTF,F18,21,1020,4025821,30,500,2,-2,2,3.0,3.0000050676391172,317.38163063086415,3.0000050676391172,0.21576610000920482,PASS
SCHO_NFTF,F18,23,1022,4025823,30,500,2,-2,2,3.0,3.000001488124497,77.76899365473201,3.000001488124497,0.2325655999884475,PASS
SCHO_NFTF,F18,24,1023,4025824,30,500,2,-2,2,3.0,3.0000105943077995,35.89485466192964,3.0000105943077995,0.2600759999913862,PASS
SCHO_NFTF,F18,22,1021,4025822,30,500,2,-2,2,3.0,3.000001373587558,66.7727554338801,3.000001373587558,0.2649591999943368,PASS
SCHO_NFTF,F18,25,1024,4025825,30,500,2,-2,2,3.0,3.000040173420885,77.76507019353373,3.000040173420885,0.20433810001122765,PASS
SCHO_NFTF,F18,26,1025,4025826,30,500,2,-2,2,3.0,3.0000100952315227,52.45697833328407,3.0000100952315227,0.19726929999887943,PASS
SCHO_NFTF,F18,27,1026,4025827,30,500,2,-2,2,3.0,3.000000248172879,64.85636849106568,3.000000248172879,0.23148950000177138,PASS
SCHO_NFTF,F18,28,1027,4025828,30,500,2,-2,2,3.0,3.0000001134312573,18.92539432381692,3.0000001134312573,0.2285078999993857,PASS
SCHO_NFTF,F18,29,1028,4025829,30,500,2,-2,2,3.0,3.0000135455951367,45.603141869610994,3.0000135455951367,0.267894200005685,PASS
SCHO_NFTF,F18,30,1029,4025830,30,500,2,-2,2,3.0,3.000000963286353,9.657899738468323,3.000000963286353,0.2837072999973316,PASS
SCHO_NFTF,F19,2,1001,4025902,30,500,3,0,1,-3.8628,-3.8551467397652726,-3.0010573399050178,-3.8551467397652726,0.7038275999948382,PASS
SCHO_NFTF,F19,1,1000,4025901,30,500,3,0,1,-3.8628,-3.8548974068386617,-2.8152364689429965,-3.8548974068386617,0.713145000001532,PASS
SCHO_NFTF,F19,3,1002,4025903,30,500,3,0,1,-3.8628,-3.8548178764009697,-3.725083575446613,-3.8548178764009697,0.6247215999901528,PASS
SCHO_NFTF,F19,4,1003,4025904,30,500,3,0,1,-3.8628,-3.862419445581245,-3.1461542137665415,-3.862419445581245,0.6568291000003228,PASS
SCHO_NFTF,F19,5,1004,4025905,30,500,3,0,1,-3.8628,-3.854776517297747,-3.639512885449389,-3.854776517297747,0.5666717999993125,PASS
SCHO_NFTF,F19,6,1005,4025906,30,500,3,0,1,-3.8628,-3.8585184088064857,-3.5964528439046646,-3.8585184088064857,0.5870691999880364,PASS
SCHO_NFTF,F19,7,1006,4025907,30,500,3,0,1,-3.8628,-3.8625792648726582,-3.5365431240230087,-3.8625792648726582,0.6866761000128463,PASS
SCHO_NFTF,F19,8,1007,4025908,30,500,3,0,1,-3.8628,-3.854551843361181,-3.371709865860915,-3.854551843361181,0.6526384999888251,PASS
SCHO_NFTF,F19,9,1008,4025909,30,500,3,0,1,-3.8628,-3.8625670524054203,-2.3770187007264147,-3.8625670524054203,0.6811425000050804,PASS
SCHO_NFTF,F19,10,1009,4025910,30,500,3,0,1,-3.8628,-3.8626495197548913,-3.6842803474191888,-3.8626495197548913,0.6771609999996144,PASS
SCHO_NFTF,F19,11,1010,4025911,30,500,3,0,1,-3.8628,-3.86265790418151,-3.3317115223347478,-3.86265790418151,0.6802132000011625,PASS
SCHO_NFTF,F19,12,1011,4025912,30,500,3,0,1,-3.8628,-3.862457186184779,-3.4451524449101667,-3.862457186184779,0.6702037999930326,PASS
SCHO_NFTF,F19,13,1012,4025913,30,500,3,0,1,-3.8628,-3.8622231586484315,-3.635871471826206,-3.8622231586484315,0.6869525000074646,PASS
SCHO_NFTF,F19,14,1013,4025914,30,500,3,0,1,-3.8628,-3.8624087007272734,-2.7738840559770095,-3.8624087007272734,0.6924435000109952,PASS
SCHO_NFTF,F19,15,1014,4025915,30,500,3,0,1,-3.8628,-3.8625436221050546,-3.0661071327576335,-3.8625436221050546,0.6010474000067916,PASS
SCHO_NFTF,F19,16,1015,4025916,30,500,3,0,1,-3.8628,-3.8548133523856736,-3.3706466472251426,-3.8548133523856736,0.6112327000009827,PASS
SCHO_NFTF,F19,17,1016,4025917,30,500,3,0,1,-3.8628,-3.8602634355351784,-2.5942404342513865,-3.8602634355351784,0.645923700009007,PASS
SCHO_NFTF,F19,18,1017,4025918,30,500,3,0,1,-3.8628,-3.854605697370255,-3.529350907698285,-3.854605697370255,0.6395470999996178,PASS
SCHO_NFTF,F19,19,1018,4025919,30,500,3,0,1,-3.8628,-3.8612342652741303,-3.399138298593093,-3.8612342652741303,0.6063114999997197,PASS
SCHO_NFTF,F19,22,1021,4025922,30,500,3,0,1,-3.8628,-3.85481194168611,-3.757311537153646,-3.85481194168611,0.6188743000093382,PASS
SCHO_NFTF,F19,20,1019,4025920,30,500,3,0,1,-3.8628,-3.8548303451694492,-2.937918383007861,-3.8548303451694492,0.6691615000017919,PASS
SCHO_NFTF,F19,21,1020,4025921,30,500,3,0,1,-3.8628,-3.8548526952953135,-2.5311476977977185,-3.8548526952953135,0.6400764999998501,PASS
SCHO_NFTF,F19,25,1024,4025925,30,500,3,0,1,-3.8628,-3.8606821387147745,-3.2314525429469114,-3.8606821387147745,0.6000943999970332,PASS
SCHO_NFTF,F19,23,1022,4025923,30,500,3,0,1,-3.8628,-3.862756416194415,-3.2132895898117337,-3.862756416194415,0.6381563000031747,PASS
SCHO_NFTF,F19,24,1023,4025924,30,500,3,0,1,-3.8628,-3.8626855725206264,-3.0648914677945323,-3.8626855725206264,0.6479996999987634,PASS
SCHO_NFTF,F19,26,1025,4025926,30,500,3,0,1,-3.8628,-3.862507538266459,-2.924795237972474,-3.862507538266459,0.634747599993716,PASS
SCHO_NFTF,F19,28,1027,4025928,30,500,3,0,1,-3.8628,-3.8624741823205166,-3.0773264067719293,-3.8624741823205166,0.5681486999965273,PASS
SCHO_NFTF,F19,29,1028,4025929,30,500,3,0,1,-3.8628,-3.8627253443257104,-2.805569559471893,-3.8627253443257104,0.5553686000057496,PASS
SCHO_NFTF,F19,30,1029,4025930,30,500,3,0,1,-3.8628,-3.8605601074296536,-3.661052938270577,-3.8605601074296536,0.5743730999965919,PASS
SCHO_NFTF,F19,27,1026,4025927,30,500,3,0,1,-3.8628,-3.859725990763652,-2.8590384198361467,-3.859725990763652,0.6421970999945188,PASS
SCHO_NFTF,F20,4,1003,4026004,30,500,6,0,1,-3.322,-3.0655046316845973,-1.4156844025488817,-3.0655046316845973,0.7227544000052148,PASS
SCHO_NFTF,F20,3,1002,4026003,30,500,6,0,1,-3.322,-3.132294611798006,-2.639546222318051,-3.132294611798006,0.7439716999942902,PASS
SCHO_NFTF,F20,1,1000,4026001,30,500,6,0,1,-3.322,-3.3055857211534247,-1.719657427599971,-3.3055857211534247,0.7672827000060352,PASS
SCHO_NFTF,F20,2,1001,4026002,30,500,6,0,1,-3.322,-3.313785046566793,-2.366607712192178,-3.313785046566793,0.7796366999973543,PASS
SCHO_NFTF,F20,7,1006,4026007,30,500,6,0,1,-3.322,-3.306443330624958,-1.3524600207773423,-3.306443330624958,0.6539598999952432,PASS
SCHO_NFTF,F20,6,1005,4026006,30,500,6,0,1,-3.322,-3.082328488729847,-0.9891623935739681,-3.082328488729847,0.7153073999943445,PASS
SCHO_NFTF,F20,5,1004,4026005,30,500,6,0,1,-3.322,-3.3104823872610423,-1.546975718287114,-3.3104823872610423,0.7641238999931375,PASS
SCHO_NFTF,F20,8,1007,4026008,30,500,6,0,1,-3.322,-3.3045512734143068,-1.1897588416913751,-3.3045512734143068,0.7588945000024978,PASS
SCHO_NFTF,F20,10,1009,4026010,30,500,6,0,1,-3.322,-3.1296123014803485,-1.5097145340696625,-3.1296123014803485,0.7139692999917315,PASS
SCHO_NFTF,F20,11,1010,4026011,30,500,6,0,1,-3.322,-3.3060259598937827,-0.6291784544978798,-3.3060259598937827,0.7161729999934323,PASS
SCHO_NFTF,F20,9,1008,4026009,30,500,6,0,1,-3.322,-3.133231719142781,-2.5573730477528325,-3.133231719142781,0.7654487000108929,PASS
SCHO_NFTF,F20,12,1011,4026012,30,500,6,0,1,-3.322,-3.1295960398914078,-1.3334487205410632,-3.1295960398914078,0.7596701999864308,PASS
SCHO_NFTF,F20,15,1014,4026015,30,500,6,0,1,-3.322,-3.076540285093067,-2.443957038960648,-3.076540285093067,0.6910810999979731,PASS
SCHO_NFTF,F20,14,1013,4026014,30,500,6,0,1,-3.322,-3.126961862146215,-1.8745849243144121,-3.126961862146215,0.7766321999952197,PASS
SCHO_NFTF,F20,16,1015,4026016,30,500,6,0,1,-3.322,-3.060391565490436,-1.42589448097107,-3.060391565490436,0.7416059000097448,PASS
SCHO_NFTF,F20,13,1012,4026013,30,500,6,0,1,-3.322,-3.3166271616676433,-1.0595512897021777,-3.3166271616676433,0.7987384000007296,PASS
SCHO_NFTF,F20,17,1016,4026017,30,500,6,0,1,-3.322,-3.0687534002025036,-0.7707250057888351,-3.0687534002025036,0.7180949000030523,PASS
SCHO_NFTF,F20,20,1019,4026020,30,500,6,0,1,-3.322,-2.836531528235208,-1.1694872668654595,-2.836531528235208,0.7127617000078317,PASS
SCHO_NFTF,F20,19,1018,4026019,30,500,6,0,1,-3.322,-3.3204705252859124,-1.6501266361374602,-3.3204705252859124,0.7397677999979351,PASS
SCHO_NFTF,F20,18,1017,4026018,30,500,6,0,1,-3.322,-3.3081466717560613,-1.2806836046999825,-3.3081466717560613,0.7707098999962909,PASS
SCHO_NFTF,F20,21,1020,4026021,30,500,6,0,1,-3.322,-3.0696429579479525,-1.3182646272649436,-3.0696429579479525,0.7084740999998758,PASS
SCHO_NFTF,F20,22,1021,4026022,30,500,6,0,1,-3.322,-3.0695554313050084,-1.9643777697330147,-3.0695554313050084,0.7478223000071011,PASS
SCHO_NFTF,F20,23,1022,4026023,30,500,6,0,1,-3.322,-3.129000045703047,-0.8292420221596318,-3.129000045703047,0.7400062999950023,PASS
SCHO_NFTF,F20,24,1023,4026024,30,500,6,0,1,-3.322,-3.0734725471069444,-1.66295644462256,-3.0734725471069444,0.761514800004079,PASS
SCHO_NFTF,F20,25,1024,4026025,30,500,6,0,1,-3.322,-3.1989473393501457,-0.9695628721775759,-3.1989473393501457,0.6973243999964325,PASS
SCHO_NFTF,F20,26,1025,4026026,30,500,6,0,1,-3.322,-3.0705103916786936,-1.6523507833992392,-3.0705103916786936,0.717156700004125,PASS
SCHO_NFTF,F20,27,1026,4026027,30,500,6,0,1,-3.322,-3.1246823565200406,-2.2223661928383214,-3.1246823565200406,0.7121064999955706,PASS
SCHO_NFTF,F20,28,1027,4026028,30,500,6,0,1,-3.322,-3.3135320574953218,-0.7602290577530897,-3.3135320574953218,0.7572742999909678,PASS
SCHO_NFTF,F21,1,1000,4026101,30,500,4,0,10,-10.1532,-9.984268180027358,-0.7856612453746614,-9.984268180027358,0.6336415999976452,PASS
SCHO_NFTF,F20,29,1028,4026029,30,500,6,0,1,-3.322,-3.3170773263835764,-1.1782094607932692,-3.3170773263835764,0.7014509000000544,PASS
SCHO_NFTF,F21,2,1001,4026102,30,500,4,0,10,-10.1532,-3.269989754468031,-0.255284514021552,-3.269989754468031,0.6506229999940842,PASS
SCHO_NFTF,F20,30,1029,4026030,30,500,6,0,1,-3.322,-3.305572912457609,-1.358077861654103,-3.305572912457609,0.7547861999919405,PASS
SCHO_NFTF,F21,4,1003,4026104,30,500,4,0,10,-10.1532,-4.3664187498982985,-0.3482705863990612,-4.3664187498982985,0.6430193999985931,PASS
SCHO_NFTF,F21,3,1002,4026103,30,500,4,0,10,-10.1532,-5.032010848977146,-0.7458813166548436,-5.032010848977146,0.6629973000090104,PASS
SCHO_NFTF,F21,6,1005,4026106,30,500,4,0,10,-10.1532,-8.936857861703801,-0.5910831778647738,-8.936857861703801,0.6423814000008861,PASS
SCHO_NFTF,F21,5,1004,4026105,30,500,4,0,10,-10.1532,-8.697785184352483,-0.42018439611118236,-8.697785184352483,0.6447721000004094,PASS
SCHO_NFTF,F21,7,1006,4026107,30,500,4,0,10,-10.1532,-9.327310399761863,-0.42913328296464676,-9.327310399761863,0.6029995999997482,PASS
SCHO_NFTF,F21,9,1008,4026109,30,500,4,0,10,-10.1532,-9.076599182840797,-0.3954824691564748,-9.076599182840797,0.5932575000042561,PASS
SCHO_NFTF,F21,10,1009,4026110,30,500,4,0,10,-10.1532,-9.619868447098396,-0.3873214329929367,-9.619868447098396,0.6145687999960501,PASS
SCHO_NFTF,F21,8,1007,4026108,30,500,4,0,10,-10.1532,-5.014703998114679,-0.5537203015819497,-5.014703998114679,0.652503399993293,PASS
SCHO_NFTF,F21,11,1010,4026111,30,500,4,0,10,-10.1532,-2.5168220414934934,-0.3122489822002593,-2.5168220414934934,0.6321325000026263,PASS
SCHO_NFTF,F21,13,1012,4026113,30,500,4,0,10,-10.1532,-9.203084867122424,-0.5398028645395757,-9.203084867122424,0.6462785999901826,PASS
SCHO_NFTF,F21,14,1013,4026114,30,500,4,0,10,-10.1532,-3.8519792367979213,-0.4533003470413142,-3.8519792367979213,0.6473855000076583,PASS
SCHO_NFTF,F21,12,1011,4026112,30,500,4,0,10,-10.1532,-8.985237153619256,-0.42577067910792477,-8.985237153619256,0.6689923999947496,PASS
SCHO_NFTF,F21,15,1014,4026115,30,500,4,0,10,-10.1532,-2.4078866893938233,-0.3593500916460118,-2.4078866893938233,0.6198357999965083,PASS
SCHO_NFTF,F21,16,1015,4026116,30,500,4,0,10,-10.1532,-8.838142847631456,-0.5643107717396479,-8.838142847631456,0.6193254999961937,PASS
SCHO_NFTF,F21,18,1017,4026118,30,500,4,0,10,-10.1532,-2.4949803426245065,-0.3187300785834754,-2.4949803426245065,0.6128724999871338,PASS
SCHO_NFTF,F21,17,1016,4026117,30,500,4,0,10,-10.1532,-8.635436812459222,-1.3126153292827127,-8.635436812459222,0.6479815000056988,PASS
SCHO_NFTF,F21,20,1019,4026120,30,500,4,0,10,-10.1532,-8.772308615125475,-0.556094779406882,-8.772308615125475,0.6727837999933399,PASS
SCHO_NFTF,F21,19,1018,4026119,30,500,4,0,10,-10.1532,-3.64659545181431,-0.4201398663247763,-3.64659545181431,0.7084926000097767,PASS
SCHO_NFTF,F21,21,1020,4026121,30,500,4,0,10,-10.1532,-2.735827894479314,-0.39892324222710235,-2.735827894479314,0.6875104000064312,PASS
SCHO_NFTF,F21,22,1021,4026122,30,500,4,0,10,-10.1532,-8.652243471216295,-0.8124729051033841,-8.652243471216295,0.6906852000101935,PASS
SCHO_NFTF,F21,23,1022,4026123,30,500,4,0,10,-10.1532,-4.730491977719832,-0.5751988255431095,-4.730491977719832,0.6028805999958422,PASS
SCHO_NFTF,F21,26,1025,4026126,30,500,4,0,10,-10.1532,-9.34619755160869,-0.3234823818806821,-9.34619755160869,0.6129114000068512,PASS
SCHO_NFTF,F21,24,1023,4026124,30,500,4,0,10,-10.1532,-2.5404099028294755,-0.36248300442977327,-2.5404099028294755,0.6652324000024237,PASS
SCHO_NFTF,F21,25,1024,4026125,30,500,4,0,10,-10.1532,-3.2612622466453005,-0.4078383896375593,-3.2612622466453005,0.6722036999999546,PASS
SCHO_NFTF,F21,28,1027,4026128,30,500,4,0,10,-10.1532,-8.602642479591045,-0.3986533020007952,-8.602642479591045,0.6337487999990117,PASS
SCHO_NFTF,F21,27,1026,4026127,30,500,4,0,10,-10.1532,-8.74238307411443,-0.29612421486392365,-8.74238307411443,0.6562168000091333,PASS
SCHO_NFTF,F21,29,1028,4026129,30,500,4,0,10,-10.1532,-9.145053535312792,-0.3985356486821531,-9.145053535312792,0.6537899999966612,PASS
SCHO_NFTF,F21,30,1029,4026130,30,500,4,0,10,-10.1532,-5.030952415336016,-0.36908201859372297,-5.030952415336016,0.6622353999991901,PASS
SCHO_NFTF,F22,1,1000,4026201,30,500,4,0,10,-10.4028,-10.240834171491526,-0.9317573703945224,-10.240834171491526,0.6876565999991726,PASS
SCHO_NFTF,F22,2,1001,4026202,30,500,4,0,10,-10.4028,-3.70092656909378,-0.9222716528520395,-3.70092656909378,0.7119459000095958,PASS
SCHO_NFTF,F22,3,1002,4026203,30,500,4,0,10,-10.4028,-5.064284889889031,-0.7773340207644487,-5.064284889889031,0.7161923999956343,PASS
SCHO_NFTF,F22,4,1003,4026204,30,500,4,0,10,-10.4028,-4.39514034529118,-0.370970802781476,-4.39514034529118,0.7112677999975858,PASS
SCHO_NFTF,F22,5,1004,4026205,30,500,4,0,10,-10.4028,-3.612807338289608,-0.5275828087880526,-3.612807338289608,0.7623831999953836,PASS
SCHO_NFTF,F22,8,1007,4026208,30,500,4,0,10,-10.4028,-5.0470362837074,-0.582643477675555,-5.0470362837074,0.7371367000014288,PASS
SCHO_NFTF,F22,7,1006,4026207,30,500,4,0,10,-10.4028,-9.471257580607483,-0.4985747392352459,-9.471257580607483,0.748882700005197,PASS
SCHO_NFTF,F22,6,1005,4026206,30,500,4,0,10,-10.4028,-3.604287929436319,-0.6964166048173347,-3.604287929436319,0.7773537000030046,PASS
SCHO_NFTF,F22,10,1009,4026210,30,500,4,0,10,-10.4028,-9.320530133668127,-0.5770862732792144,-9.320530133668127,0.659452699997928,PASS
SCHO_NFTF,F22,9,1008,4026209,30,500,4,0,10,-10.4028,-2.6382514177141756,-0.49284895953941,-2.6382514177141756,0.7475887000036892,PASS
SCHO_NFTF,F22,11,1010,4026211,30,500,4,0,10,-10.4028,-9.516126752113097,-0.4296436080947541,-9.516126752113097,0.723035399991204,PASS
SCHO_NFTF,F22,12,1011,4026212,30,500,4,0,10,-10.4028,-7.689397519219151,-0.5645985806520991,-7.689397519219151,0.7421067999966908,PASS
SCHO_NFTF,F22,14,1013,4026214,30,500,4,0,10,-10.4028,-9.578779285001582,-0.9848094857049149,-9.578779285001582,0.7358778000052553,PASS
SCHO_NFTF,F22,16,1015,4026216,30,500,4,0,10,-10.4028,-9.987758330576556,-0.6218257843354295,-9.987758330576556,0.7803186000091955,PASS
SCHO_NFTF,F22,13,1012,4026213,30,500,4,0,10,-10.4028,-9.467496390709874,-0.6449517732088035,-9.467496390709874,0.8026122000010218,PASS
SCHO_NFTF,F22,15,1014,4026215,30,500,4,0,10,-10.4028,-3.6712948877897733,-0.4103758613869799,-3.6712948877897733,0.8521182000113185,PASS
SCHO_NFTF,F22,17,1016,4026217,30,500,4,0,10,-10.4028,-8.873975525714616,-1.5765565707085023,-8.873975525714616,0.7651785000052769,PASS
SCHO_NFTF,F22,18,1017,4026218,30,500,4,0,10,-10.4028,-9.682049171290105,-0.44933832522368744,-9.682049171290105,0.786240599991288,PASS
SCHO_NFTF,F22,19,1018,4026219,30,500,4,0,10,-10.4028,-9.87074495462574,-0.5128377893703403,-9.87074495462574,0.7842838000069605,PASS
SCHO_NFTF,F22,20,1019,4026220,30,500,4,0,10,-10.4028,-9.710166816016523,-0.5828681600134475,-9.710166816016523,0.745203099999344,PASS
SCHO_NFTF,F22,23,1022,4026223,30,500,4,0,10,-10.4028,-4.759073653610292,-0.6086256797700836,-4.759073653610292,0.7346661000046879,PASS
SCHO_NFTF,F22,24,1023,4026224,30,500,4,0,10,-10.4028,-2.569049519302508,-0.46854024723853555,-2.569049519302508,0.7362361999985296,PASS
SCHO_NFTF,F22,22,1021,4026222,30,500,4,0,10,-10.4028,-8.889905681633575,-0.9797111395033686,-8.889905681633575,0.7755833999981405,PASS
SCHO_NFTF,F22,21,1020,4026221,30,500,4,0,10,-10.4028,-8.778557134122282,-1.121161539213936,-8.778557134122282,0.8165604999958305,PASS
SCHO_NFTF,F22,26,1025,4026226,30,500,4,0,10,-10.4028,-4.279097975203437,-0.4813761157500475,-4.279097975203437,0.7135616000014124,PASS
SCHO_NFTF,F22,25,1024,4026225,30,500,4,0,10,-10.4028,-7.527863489206026,-0.5048069121336105,-7.527863489206026,0.7254287000105251,PASS
SCHO_NFTF,F22,28,1027,4026228,30,500,4,0,10,-10.4028,-3.6984602331684338,-0.7157489465814115,-3.6984602331684338,0.6999238999997033,PASS
SCHO_NFTF,F22,27,1026,4026227,30,500,4,0,10,-10.4028,-9.341399456978612,-0.3899985277776262,-9.341399456978612,0.7515614000003552,PASS
SCHO_NFTF,F22,29,1028,4026229,30,500,4,0,10,-10.4028,-7.666179956230045,-0.7171582833042149,-7.666179956230045,0.7433070000115549,PASS
SCHO_NFTF,F22,30,1029,4026230,30,500,4,0,10,-10.4028,-8.56192973243473,-0.43985095714117073,-8.56192973243473,0.7463755999924615,PASS
SCHO_NFTF,F23,2,1001,4026302,30,500,4,0,10,-10.5363,-3.8131224422565837,-1.0008003304569233,-3.8131224422565837,0.8874240000004647,PASS
SCHO_NFTF,F23,1,1000,4026301,30,500,4,0,10,-10.5363,-10.373340473780386,-1.0238629556348218,-10.373340473780386,0.8961658999905922,PASS
SCHO_NFTF,F23,3,1002,4026303,30,500,4,0,10,-10.5363,-5.105771604449533,-0.8164625137143151,-5.105771604449533,0.8297712999919895,PASS
SCHO_NFTF,F23,4,1003,4026304,30,500,4,0,10,-10.5363,-3.6807923985070055,-0.5565675694250592,-3.6807923985070055,0.8818807999923592,PASS
SCHO_NFTF,F23,6,1005,4026306,30,500,4,0,10,-10.5363,-2.7381686312236986,-0.7414380430410371,-2.7381686312236986,0.831999400004861,PASS
SCHO_NFTF,F23,5,1004,4026305,30,500,4,0,10,-10.5363,-3.9120442320225264,-0.8454832942164738,-3.9120442320225264,0.8519318000035128,PASS
SCHO_NFTF,F23,7,1006,4026307,30,500,4,0,10,-10.5363,-9.599624048073737,-0.6872915656446693,-9.599624048073737,0.8982226000080118,PASS
SCHO_NFTF,F23,8,1007,4026308,30,500,4,0,10,-10.5363,-2.3850227361787573,-0.7874801856706389,-2.3850227361787573,0.9127931999973953,PASS
SCHO_NFTF,F23,10,1009,4026310,30,500,4,0,10,-10.5363,-9.457814917521723,-0.645758260380765,-9.457814917521723,0.9301583000051323,PASS
SCHO_NFTF,F23,9,1008,4026309,30,500,4,0,10,-10.5363,-2.7283541435750576,-0.5747711898984762,-2.7283541435750576,0.9321954999904847,PASS
SCHO_NFTF,F23,11,1010,4026311,30,500,4,0,10,-10.5363,-3.745338654298326,-0.4663841659661791,-3.745338654298326,0.8683764000015799,PASS
SCHO_NFTF,F23,14,1013,4026314,30,500,4,0,10,-10.5363,-9.637924992707326,-1.0997090054454173,-9.637924992707326,0.8524883999925805,PASS
SCHO_NFTF,F23,12,1011,4026312,30,500,4,0,10,-10.5363,-8.930199868081695,-0.823786750800087,-8.930199868081695,0.8825680000009015,PASS
SCHO_NFTF,F23,13,1012,4026313,30,500,4,0,10,-10.5363,-9.601272623891155,-0.7770502763168828,-9.601272623891155,0.8713189999980386,PASS
SCHO_NFTF,F23,18,1017,4026318,30,500,4,0,10,-10.5363,-9.813815116215993,-0.47569531546084826,-9.813815116215993,0.8316334999981336,PASS
SCHO_NFTF,F23,15,1014,4026315,30,500,4,0,10,-10.5363,-3.7942315892992613,-0.5002675730803412,-3.7942315892992613,0.8719588999956613,PASS
SCHO_NFTF,F23,17,1016,4026317,30,500,4,0,10,-10.5363,-9.01377455498408,-1.7597194378362429,-9.01377455498408,0.8639994999975897,PASS
SCHO_NFTF,F23,16,1015,4026316,30,500,4,0,10,-10.5363,-2.2557349746754483,-0.9043428755262034,-2.2557349746754483,0.8939645999926142,PASS
SCHO_NFTF,F23,19,1018,4026319,30,500,4,0,10,-10.5363,-3.7766054211237403,-0.5736082314038227,-3.7766054211237403,0.8179177999991225,PASS
SCHO_NFTF,F23,20,1019,4026320,30,500,4,0,10,-10.5363,-9.653128670912993,-0.6308786806539844,-9.653128670912993,0.8515694999950938,PASS
SCHO_NFTF,F23,21,1020,4026321,30,500,4,0,10,-10.5363,-8.913576132994226,-1.2125486530771716,-8.913576132994226,0.8613710999925388,PASS
SCHO_NFTF,F23,22,1021,4026322,30,500,4,0,10,-10.5363,-8.877953944808771,-1.0750391172262725,-8.877953944808771,0.8813605000032112,PASS
SCHO_NFTF,F23,24,1023,4026324,30,500,4,0,10,-10.5363,-2.8523798015737976,-0.7987194079905501,-2.8523798015737976,0.8744321999984095,PASS
SCHO_NFTF,F23,25,1024,4026325,30,500,4,0,10,-10.5363,-9.023359893088502,-0.6700425911086935,-9.023359893088502,0.8583638999989489,PASS
SCHO_NFTF,F23,23,1022,4026323,30,500,4,0,10,-10.5363,-3.569012007481178,-0.7229501803676563,-3.569012007481178,0.8954981999995653,PASS
SCHO_NFTF,F23,26,1025,4026326,30,500,4,0,10,-10.5363,-4.246060473968885,-0.6147683017235526,-4.246060473968885,0.8938280999864219,PASS
SCHO_NFTF,F23,28,1027,4026328,30,500,4,0,10,-10.5363,-8.98782764115106,-0.8946038920849877,-8.98782764115106,0.8508594000013545,PASS
SCHO_NFTF,F23,29,1028,4026329,30,500,4,0,10,-10.5363,-9.815484198735872,-0.8835439811854388,-9.815484198735872,0.8577777999889804,PASS
SCHO_NFTF,F23,27,1026,4026327,30,500,4,0,10,-10.5363,-8.479460828215782,-0.820457114634507,-8.479460828215782,0.8940582999930484,PASS
SCHO_NFTF,F23,30,1029,4026330,30,500,4,0,10,-10.5363,-9.587111846096672,-0.5471043607426501,-9.587111846096672,0.9001810000045225,PASS
SCHO_NSF,F1,1,1000,4024101,30,500,30,-100,100,0.0,0.0,67810.20717660758,0.0,1.2758131999871694,PASS
SCHO_NSF,F1,3,1002,4024103,30,500,30,-100,100,0.0,0.0,71382.05725267014,0.0,1.2765479999943636,PASS
SCHO_NSF,F1,2,1001,4024102,30,500,30,-100,100,0.0,0.0,70905.34012781148,0.0,1.2862190999876475,PASS
SCHO_NSF,F1,4,1003,4024104,30,500,30,-100,100,0.0,0.0,71067.53341075269,0.0,1.3094928999926196,PASS
SCHO_NSF,F1,5,1004,4024105,30,500,30,-100,100,0.0,0.0,71494.67494006979,0.0,1.2349494000081904,PASS
SCHO_NSF,F1,7,1006,4024107,30,500,30,-100,100,0.0,0.0,70203.2929860324,0.0,1.2342024999961723,PASS
SCHO_NSF,F1,6,1005,4024106,30,500,30,-100,100,0.0,0.0,68827.91056515143,0.0,1.2539800999948056,PASS
SCHO_NSF,F1,8,1007,4024108,30,500,30,-100,100,0.0,0.0,54060.05645133964,0.0,1.2880130999983521,PASS
SCHO_NSF,F1,9,1008,4024109,30,500,30,-100,100,0.0,0.0,70963.15903282672,0.0,1.2610850999917602,PASS
SCHO_NSF,F1,10,1009,4024110,30,500,30,-100,100,0.0,0.0,68415.51807348001,0.0,1.2503570999979274,PASS
SCHO_NSF,F1,11,1010,4024111,30,500,30,-100,100,0.0,0.0,79775.6397390009,0.0,1.2601842000003671,PASS
SCHO_NSF,F1,12,1011,4024112,30,500,30,-100,100,0.0,0.0,60211.88868860319,0.0,1.2798198999953456,PASS
SCHO_NSF,F1,13,1012,4024113,30,500,30,-100,100,0.0,0.0,68582.22618939156,0.0,1.1878361999988556,PASS
SCHO_NSF,F1,14,1013,4024114,30,500,30,-100,100,0.0,0.0,65644.03203813086,0.0,1.2312340999924345,PASS
SCHO_NSF,F1,16,1015,4024116,30,500,30,-100,100,0.0,0.0,60965.044173403294,0.0,1.2350680999952601,PASS
SCHO_NSF,F1,15,1014,4024115,30,500,30,-100,100,0.0,0.0,62548.52364809662,0.0,1.2653711000020849,PASS
SCHO_NSF,F1,17,1016,4024117,30,500,30,-100,100,0.0,0.0,73040.90885855701,0.0,1.236939499998698,PASS
SCHO_NSF,F1,19,1018,4024119,30,500,30,-100,100,0.0,0.0,59692.16515890604,0.0,1.221249700000044,PASS
SCHO_NSF,F1,20,1019,4024120,30,500,30,-100,100,0.0,0.0,78896.22221622002,0.0,1.2766458999976749,PASS
SCHO_NSF,F1,18,1017,4024118,30,500,30,-100,100,0.0,0.0,70498.00209305885,0.0,1.3365862000064226,PASS
SCHO_NSF,F1,21,1020,4024121,30,500,30,-100,100,0.0,0.0,81948.70656934404,0.0,1.2635332999925595,PASS
SCHO_NSF,F1,22,1021,4024122,30,500,30,-100,100,0.0,0.0,64283.25200493102,0.0,1.2630739000014728,PASS
SCHO_NSF,F1,23,1022,4024123,30,500,30,-100,100,0.0,0.0,77870.80856837892,0.0,1.2111769999901298,PASS
SCHO_NSF,F1,24,1023,4024124,30,500,30,-100,100,0.0,0.0,72002.90593091116,0.0,1.1807081000006292,PASS
SCHO_NSF,F1,26,1025,4024126,30,500,30,-100,100,0.0,0.0,67654.2390610096,0.0,1.3091791000042576,PASS
SCHO_NSF,F1,25,1024,4024125,30,500,30,-100,100,0.0,0.0,56336.5278763339,0.0,1.36110579999513,PASS
SCHO_NSF,F1,27,1026,4024127,30,500,30,-100,100,0.0,0.0,68127.13090112404,0.0,1.341549999997369,PASS
SCHO_NSF,F1,28,1027,4024128,30,500,30,-100,100,0.0,0.0,71281.47829858353,0.0,1.3748429999977816,PASS
SCHO_NSF,F2,1,1000,4024201,30,500,30,-10,10,0.0,0.0,360067002398.5346,0.0,1.2455110000009881,PASS
SCHO_NSF,F1,30,1029,4024130,30,500,30,-100,100,0.0,0.0,77096.69700709768,0.0,1.2575721000030171,PASS
SCHO_NSF,F1,29,1028,4024129,30,500,30,-100,100,0.0,0.0,66088.0070704646,0.0,1.3159392999950796,PASS
SCHO_NSF,F2,2,1001,4024202,30,500,30,-10,10,0.0,0.0,1715602834860.7356,0.0,1.2599666999885812,PASS
SCHO_NSF,F2,3,1002,4024203,30,500,30,-10,10,0.0,0.0,702308869043.374,0.0,1.2827877999952761,PASS
SCHO_NSF,F2,4,1003,4024204,30,500,30,-10,10,0.0,0.0,2634424742592.452,0.0,1.2716297000006307,PASS
SCHO_NSF,F2,5,1004,4024205,30,500,30,-10,10,0.0,0.0,2899651184.9231544,0.0,1.274326699989615,PASS
SCHO_NSF,F2,6,1005,4024206,30,500,30,-10,10,0.0,0.0,332841078922.353,0.0,1.4122330000100192,PASS
SCHO_NSF,F2,9,1008,4024209,30,500,30,-10,10,0.0,0.0,26401294709.697582,0.0,1.307743900004425,PASS
SCHO_NSF,F2,7,1006,4024207,30,500,30,-10,10,0.0,0.0,76547012233.40517,0.0,1.317751099995803,PASS
SCHO_NSF,F2,8,1007,4024208,30,500,30,-10,10,0.0,0.0,729704378291.7789,0.0,1.3595897000050172,PASS
SCHO_NSF,F2,10,1009,4024210,30,500,30,-10,10,0.0,0.0,713724413990.0226,0.0,1.2476868000085233,PASS
SCHO_NSF,F2,13,1012,4024213,30,500,30,-10,10,0.0,0.0,9593437258663.51,0.0,1.2280234000063501,PASS
SCHO_NSF,F2,11,1010,4024211,30,500,30,-10,10,0.0,0.0,80213629036800.12,0.0,1.2847657000093022,PASS
SCHO_NSF,F2,14,1013,4024214,30,500,30,-10,10,0.0,0.0,4038700082325.6636,0.0,1.3470458000083454,PASS
SCHO_NSF,F2,12,1011,4024212,30,500,30,-10,10,0.0,0.0,39939133237.937126,0.0,1.3661369000037666,PASS
SCHO_NSF,F2,15,1014,4024215,30,500,30,-10,10,0.0,0.0,22135772844271.426,0.0,1.22944809999899,PASS
SCHO_NSF,F2,16,1015,4024216,30,500,30,-10,10,0.0,0.0,34707708682.06033,0.0,1.2494315999938408,PASS
SCHO_NSF,F2,18,1017,4024218,30,500,30,-10,10,0.0,0.0,2748969363192.687,0.0,1.2442813999950886,PASS
SCHO_NSF,F2,17,1016,4024217,30,500,30,-10,10,0.0,0.0,2021349198795.503,0.0,1.2587618999968981,PASS
SCHO_NSF,F2,19,1018,4024219,30,500,30,-10,10,0.0,0.0,10392937112.024113,0.0,1.3070078000018839,PASS
SCHO_NSF,F2,20,1019,4024220,30,500,30,-10,10,0.0,0.0,47711548051367.61,0.0,1.328882200003136,PASS
SCHO_NSF,F2,22,1021,4024222,30,500,30,-10,10,0.0,0.0,7683677948828.628,0.0,1.339169300001231,PASS
SCHO_NSF,F2,21,1020,4024221,30,500,30,-10,10,0.0,0.0,102707326348.72324,0.0,1.3405148000019835,PASS
SCHO_NSF,F2,23,1022,4024223,30,500,30,-10,10,0.0,0.0,155737363148.78427,0.0,1.2990088000078686,PASS
SCHO_NSF,F2,26,1025,4024226,30,500,30,-10,10,0.0,0.0,68338205734834.914,0.0,1.3060699999914505,PASS
SCHO_NSF,F2,25,1024,4024225,30,500,30,-10,10,0.0,0.0,3865443685.5409384,0.0,1.312097799993353,PASS
SCHO_NSF,F2,24,1023,4024224,30,500,30,-10,10,0.0,0.0,1339473094382.0034,0.0,1.3637006000062684,PASS
SCHO_NSF,F2,27,1026,4024227,30,500,30,-10,10,0.0,0.0,67722205355.99468,0.0,1.4750117999938084,PASS
SCHO_NSF,F2,28,1027,4024228,30,500,30,-10,10,0.0,0.0,3236421004233.4863,0.0,1.5025792999949772,PASS
SCHO_NSF,F2,29,1028,4024229,30,500,30,-10,10,0.0,0.0,3305236700.5331717,0.0,1.4858703000063542,PASS
SCHO_NSF,F2,30,1029,4024230,30,500,30,-10,10,0.0,0.0,811737307015.2843,0.0,1.5038853000005474,PASS
SCHO_NSF,F3,1,1000,4024301,30,500,30,-100,100,0.0,0.0,106811.1871437447,0.0,1.469856499999878,PASS
SCHO_NSF,F3,2,1001,4024302,30,500,30,-100,100,0.0,0.0,228881.45062340857,0.0,1.4398262999893632,PASS
SCHO_NSF,F3,3,1002,4024303,30,500,30,-100,100,0.0,0.0,132408.1368091635,0.0,1.4587805999908596,PASS
SCHO_NSF,F3,4,1003,4024304,30,500,30,-100,100,0.0,0.0,252004.5370062454,0.0,1.4512328999990132,PASS
SCHO_NSF,F3,5,1004,4024305,30,500,30,-100,100,0.0,0.0,126006.68015739581,0.0,1.3557372999930521,PASS
SCHO_NSF,F3,7,1006,4024307,30,500,30,-100,100,0.0,0.0,133484.8315350889,0.0,1.3595662000006996,PASS
SCHO_NSF,F3,8,1007,4024308,30,500,30,-100,100,0.0,0.0,192911.98136862018,0.0,1.3907920000056038,PASS
SCHO_NSF,F3,6,1005,4024306,30,500,30,-100,100,0.0,0.0,121185.1674532735,0.0,1.4501381999871228,PASS
SCHO_NSF,F3,9,1008,4024309,30,500,30,-100,100,0.0,0.0,135241.10379381198,0.0,1.2911614000040572,PASS
SCHO_NSF,F3,11,1010,4024311,30,500,30,-100,100,0.0,0.0,258402.473983956,0.0,1.2554970000055619,PASS
SCHO_NSF,F3,10,1009,4024310,30,500,30,-100,100,0.0,0.0,107976.19188391927,0.0,1.3378361999930348,PASS
SCHO_NSF,F3,12,1011,4024312,30,500,30,-100,100,0.0,0.0,137478.41138112583,0.0,1.316675900001428,PASS
SCHO_NSF,F3,13,1012,4024313,30,500,30,-100,100,0.0,0.0,157787.82385873256,0.0,1.2202751000004355,PASS
SCHO_NSF,F3,15,1014,4024315,30,500,30,-100,100,0.0,0.0,221992.0552764344,0.0,1.216505700009293,PASS
SCHO_NSF,F3,14,1013,4024314,30,500,30,-100,100,0.0,0.0,166657.1711129854,0.0,1.3001856000046246,PASS
SCHO_NSF,F3,16,1015,4024316,30,500,30,-100,100,0.0,0.0,294151.3375734341,0.0,1.312841999999364,PASS
SCHO_NSF,F3,17,1016,4024317,30,500,30,-100,100,0.0,0.0,119365.44128648656,0.0,1.3449097999982769,PASS
SCHO_NSF,F3,19,1018,4024319,30,500,30,-100,100,0.0,0.0,244606.59772993292,0.0,1.2466011999931652,PASS
SCHO_NSF,F3,18,1017,4024318,30,500,30,-100,100,0.0,0.0,245433.61431170706,0.0,1.3114944999979343,PASS
SCHO_NSF,F3,20,1019,4024320,30,500,30,-100,100,0.0,0.0,161467.97997834763,0.0,1.2536417999945115,PASS
SCHO_NSF,F3,21,1020,4024321,30,500,30,-100,100,0.0,0.0,126211.38335020539,0.0,1.2926595999888377,PASS
SCHO_NSF,F3,24,1023,4024324,30,500,30,-100,100,0.0,0.0,113871.83421879425,0.0,1.3044358000042848,PASS
SCHO_NSF,F3,22,1021,4024322,30,500,30,-100,100,0.0,0.0,135794.76099693272,0.0,1.3460139999951934,PASS
SCHO_NSF,F3,23,1022,4024323,30,500,30,-100,100,0.0,0.0,163245.37719853327,0.0,1.3483264000096824,PASS
SCHO_NSF,F3,25,1024,4024325,30,500,30,-100,100,0.0,0.0,79356.08665120536,0.0,1.2269168000057107,PASS
SCHO_NSF,F3,26,1025,4024326,30,500,30,-100,100,0.0,0.0,123007.79353130393,0.0,1.2715085999952862,PASS
SCHO_NSF,F3,28,1027,4024328,30,500,30,-100,100,0.0,0.0,131384.1741233503,0.0,1.229165800003102,PASS
SCHO_NSF,F3,27,1026,4024327,30,500,30,-100,100,0.0,0.0,183635.15749931926,0.0,1.2855802999984007,PASS
SCHO_NSF,F4,2,1001,4024402,30,500,30,-100,100,0.0,0.0,88.23531594133786,0.0,1.1865789000003133,PASS
SCHO_NSF,F3,29,1028,4024329,30,500,30,-100,100,0.0,0.0,171958.72311027217,0.0,1.2120202999940375,PASS
SCHO_NSF,F4,1,1000,4024401,30,500,30,-100,100,0.0,0.0,89.41203274460929,0.0,1.216426799990586,PASS
SCHO_NSF,F3,30,1029,4024330,30,500,30,-100,100,0.0,0.0,90997.76111955676,0.0,1.2417772000044351,PASS
SCHO_NSF,F4,4,1003,4024404,30,500,30,-100,100,0.0,0.0,90.05593850015435,0.0,1.1934417999873403,PASS
SCHO_NSF,F4,3,1002,4024403,30,500,30,-100,100,0.0,0.0,90.93773968107635,0.0,1.2123454999964451,PASS
SCHO_NSF,F4,5,1004,4024405,30,500,30,-100,100,0.0,0.0,83.47974018645405,0.0,1.1924173000006704,PASS
SCHO_NSF,F4,6,1005,4024406,30,500,30,-100,100,0.0,0.0,87.42803920060479,0.0,1.22532310000679,PASS
SCHO_NSF,F4,7,1006,4024407,30,500,30,-100,100,0.0,0.0,89.67489840896681,0.0,1.278655100002652,PASS
SCHO_NSF,F4,8,1007,4024408,30,500,30,-100,100,0.0,0.0,88.56020743697258,0.0,1.2686848000012105,PASS
SCHO_NSF,F4,9,1008,4024409,30,500,30,-100,100,0.0,0.0,90.98182394999645,0.0,1.2729678000032436,PASS
SCHO_NSF,F4,10,1009,4024410,30,500,30,-100,100,0.0,0.0,88.62436437004385,0.0,1.2938290999882156,PASS
SCHO_NSF,F4,11,1010,4024411,30,500,30,-100,100,0.0,0.0,82.14021784717164,0.0,1.2101738000055775,PASS
SCHO_NSF,F4,12,1011,4024412,30,500,30,-100,100,0.0,0.0,87.6380567694806,0.0,1.248826299997745,PASS
SCHO_NSF,F4,13,1012,4024413,30,500,30,-100,100,0.0,0.0,81.54232198828862,0.0,1.2450343999953475,PASS
SCHO_NSF,F4,14,1013,4024414,30,500,30,-100,100,0.0,0.0,77.8379255985727,0.0,1.2602667000028305,PASS
SCHO_NSF,F4,15,1014,4024415,30,500,30,-100,100,0.0,0.0,77.5649543326395,0.0,1.2698242000042228,PASS
SCHO_NSF,F4,16,1015,4024416,30,500,30,-100,100,0.0,0.0,89.52145242027729,0.0,1.2723554999975022,PASS
SCHO_NSF,F4,17,1016,4024417,30,500,30,-100,100,0.0,0.0,89.68075670875115,0.0,1.2844684999872698,PASS
SCHO_NSF,F4,18,1017,4024418,30,500,30,-100,100,0.0,0.0,91.69265780583274,0.0,1.2897223999898415,PASS
SCHO_NSF,F4,19,1018,4024419,30,500,30,-100,100,0.0,0.0,87.81454527863241,0.0,1.2108461999887368,PASS
SCHO_NSF,F4,20,1019,4024420,30,500,30,-100,100,0.0,0.0,89.14712458834947,0.0,1.2283273999928497,PASS
SCHO_NSF,F4,21,1020,4024421,30,500,30,-100,100,0.0,0.0,93.48016114980666,0.0,1.1918693000043277,PASS
SCHO_NSF,F4,22,1021,4024422,30,500,30,-100,100,0.0,0.0,90.86947090420732,0.0,1.20153519998712,PASS
SCHO_NSF,F4,24,1023,4024424,30,500,30,-100,100,0.0,0.0,86.34666057993036,0.0,1.2085116000089329,PASS
SCHO_NSF,F4,23,1022,4024423,30,500,30,-100,100,0.0,0.0,86.36772034124569,0.0,1.222917699997197,PASS
SCHO_NSF,F4,26,1025,4024426,30,500,30,-100,100,0.0,0.0,92.17294370207554,0.0,1.2135357000079239,PASS
SCHO_NSF,F4,25,1024,4024425,30,500,30,-100,100,0.0,0.0,83.43944699892515,0.0,1.2205597000138368,PASS
SCHO_NSF,F4,27,1026,4024427,30,500,30,-100,100,0.0,0.0,90.2554612114578,0.0,1.2474286999931792,PASS
SCHO_NSF,F4,30,1029,4024430,30,500,30,-100,100,0.0,0.0,90.25056319313495,0.0,1.2738079999980982,PASS
SCHO_NSF,F4,29,1028,4024429,30,500,30,-100,100,0.0,0.0,88.97595126021793,0.0,1.28033829999913,PASS
SCHO_NSF,F4,28,1027,4024428,30,500,30,-100,100,0.0,0.0,88.89385763229512,0.0,1.2940381000080379,PASS
SCHO_NSF,F5,2,1001,4024502,30,500,30,-30,30,0.0,28.98700890891811,265509719.66763252,28.98700890891811,1.33733619999839,PASS
SCHO_NSF,F5,1,1000,4024501,30,500,30,-30,30,0.0,28.72236673050363,262803966.06144178,28.72236673050363,1.3543346999940695,PASS
SCHO_NSF,F5,4,1003,4024504,30,500,30,-30,30,0.0,28.96351993369917,314425104.8265708,28.96351993369917,1.3302507000043988,PASS
SCHO_NSF,F5,3,1002,4024503,30,500,30,-30,30,0.0,28.990700662488024,290152790.99322855,28.990700662488024,1.3792724999948405,PASS
SCHO_NSF,F5,6,1005,4024506,30,500,30,-30,30,0.0,28.990211178607286,275607877.05815667,28.990211178607286,1.284386999992421,PASS
SCHO_NSF,F5,7,1006,4024507,30,500,30,-30,30,0.0,28.990121417424547,275703968.057919,28.990121417424547,1.2735615999990841,PASS
SCHO_NSF,F5,5,1004,4024505,30,500,30,-30,30,0.0,28.93221737810882,264814459.6730534,28.93221737810882,1.3203748000087216,PASS
SCHO_NSF,F5,8,1007,4024508,30,500,30,-30,30,0.0,28.674011655775345,196990313.2842615,28.674011655775345,1.2423943000030704,PASS
SCHO_NSF,F5,11,1010,4024511,30,500,30,-30,30,0.0,28.99009815842618,311741780.6244718,28.99009815842618,1.2287406000104966,PASS
SCHO_NSF,F5,9,1008,4024509,30,500,30,-30,30,0.0,28.4525078848888,264277025.01725703,28.4525078848888,1.286983500001952,PASS
SCHO_NSF,F5,12,1011,4024512,30,500,30,-30,30,0.0,28.994237839982958,135783553.73670316,28.994237839982958,1.2687319000106072,PASS
SCHO_NSF,F5,10,1009,4024510,30,500,30,-30,30,0.0,28.121816143653003,275312500.08404154,28.121816143653003,1.295121899995138,PASS
SCHO_NSF,F5,13,1012,4024513,30,500,30,-30,30,0.0,28.940678965522864,223922765.9861003,28.940678965522864,1.2434642999869538,PASS
SCHO_NSF,F5,14,1013,4024514,30,500,30,-30,30,0.0,28.99628769706604,198137301.02750832,28.99628769706604,1.2642904999956954,PASS
SCHO_NSF,F5,15,1014,4024515,30,500,30,-30,30,0.0,28.99016928115574,199986599.631898,28.99016928115574,1.276318000003812,PASS
SCHO_NSF,F5,16,1015,4024516,30,500,30,-30,30,0.0,28.99558553579587,230963403.05164534,28.99558553579587,1.2894751999992877,PASS
SCHO_NSF,F5,18,1017,4024518,30,500,30,-30,30,0.0,27.78701275255827,261605126.34257632,27.78701275255827,1.2944434999953955,PASS
SCHO_NSF,F5,17,1016,4024517,30,500,30,-30,30,0.0,28.738336131828145,267563143.6435758,28.738336131828145,1.3908782999933464,PASS
SCHO_NSF,F5,19,1018,4024519,30,500,30,-30,30,0.0,28.990144337472923,235011607.0552513,28.990144337472923,1.3870099999912782,PASS
SCHO_NSF,F5,20,1019,4024520,30,500,30,-30,30,0.0,28.900430370076236,318067279.8984649,28.900430370076236,1.3992209000134608,PASS
SCHO_NSF,F5,21,1020,4024521,30,500,30,-30,30,0.0,28.99012477549019,320276562.2341088,28.99012477549019,1.3648796999914339,PASS
SCHO_NSF,F5,23,1022,4024523,30,500,30,-30,30,0.0,27.176759048170275,224106822.12627918,27.176759048170275,1.2904956999991555,PASS
SCHO_NSF,F5,22,1021,4024522,30,500,30,-30,30,0.0,28.994601161981635,250438783.368967,28.994601161981635,1.3458173999970313,PASS
SCHO_NSF,F5,24,1023,4024524,30,500,30,-30,30,0.0,28.99072900787344,272530389.63664186,28.99072900787344,1.419298599998001,PASS
SCHO_NSF,F5,26,1025,4024526,30,500,30,-30,30,0.0,28.77429015480618,272825950.8696747,28.77429015480618,1.3063784999976633,PASS
SCHO_NSF,F5,25,1024,4024525,30,500,30,-30,30,0.0,28.167247579383773,197086662.74910796,28.167247579383773,1.3211082000052556,PASS
SCHO_NSF,F5,28,1027,4024528,30,500,30,-30,30,0.0,28.995013981323762,306443111.17072505,28.995013981323762,1.309700600002543,PASS
SCHO_NSF,F5,27,1026,4024527,30,500,30,-30,30,0.0,28.99298586755062,289149958.1576517,28.99298586755062,1.311318600011873,PASS
SCHO_NSF,F6,2,1001,4024602,30,500,30,-100,100,0.0,0.0018233149126138028,70582.57089954114,0.0018233149126138028,1.2567799999960698,PASS
SCHO_NSF,F5,29,1028,4024529,30,500,30,-30,30,0.0,28.990203419422574,254911291.89617184,28.990203419422574,1.301223399990704,PASS
SCHO_NSF,F6,1,1000,4024601,30,500,30,-100,100,0.0,0.0025416165223021694,67909.83159949695,0.0025416165223021694,1.3141306999896187,PASS
SCHO_NSF,F5,30,1029,4024530,30,500,30,-30,30,0.0,28.992114748157597,297997041.8303026,28.992114748157597,1.342370700003812,PASS
SCHO_NSF,F6,3,1002,4024603,30,500,30,-100,100,0.0,4.0621332881529995,71353.455751133,4.0621332881529995,1.3059185999882175,PASS
SCHO_NSF,F6,4,1003,4024604,30,500,30,-100,100,0.0,0.0045086672039023135,71219.00386103941,0.0045086672039023135,1.315776100003859,PASS
SCHO_NSF,F6,5,1004,4024605,30,500,30,-100,100,0.0,0.0045692980232399025,71208.03386246378,0.0045692980232399025,1.3100609999964945,PASS
SCHO_NSF,F6,6,1005,4024606,30,500,30,-100,100,0.0,0.00029516065446696997,68955.29999951718,0.00029516065446696997,1.3200596000096994,PASS
SCHO_NSF,F6,8,1007,4024608,30,500,30,-100,100,0.0,4.098431953626941,54162.957873925516,4.098431953626941,1.2529966000001878,PASS
SCHO_NSF,F6,7,1006,4024607,30,500,30,-100,100,0.0,0.024633549024025633,70011.4366295226,0.024633549024025633,1.3007125000003725,PASS
SCHO_NSF,F6,9,1008,4024609,30,500,30,-100,100,0.0,3.8810462001821984,70501.21762803209,3.8810462001821984,1.2659206999960588,PASS
SCHO_NSF,F6,10,1009,4024610,30,500,30,-100,100,0.0,0.0960616454976224,68295.92181788973,0.0960616454976224,1.290710000001127,PASS
SCHO_NSF,F6,11,1010,4024611,30,500,30,-100,100,0.0,0.14045602825163606,79935.06488261481,0.14045602825163606,1.2567507000057958,PASS
SCHO_NSF,F6,14,1013,4024614,30,500,30,-100,100,0.0,4.7308524419761575,66078.30058116298,4.7308524419761575,1.2877146000100765,PASS
SCHO_NSF,F6,12,1011,4024612,30,500,30,-100,100,0.0,0.0006542060437833315,60343.443806650605,0.0006542060437833315,1.294176300012623,PASS
SCHO_NSF,F6,13,1012,4024613,30,500,30,-100,100,0.0,0.09190026204614718,68881.92519101789,0.09190026204614718,1.3258818999893265,PASS
SCHO_NSF,F6,15,1014,4024615,30,500,30,-100,100,0.0,0.0041792969725720965,62157.94499673396,0.0041792969725720965,1.2239575999992667,PASS
SCHO_NSF,F6,17,1016,4024617,30,500,30,-100,100,0.0,3.036634670737804,73031.55585073962,3.036634670737804,1.2750820999935968,PASS
SCHO_NSF,F6,16,1015,4024616,30,500,30,-100,100,0.0,0.12245142473500113,61089.234661411996,0.12245142473500113,1.3485688000073424,PASS
SCHO_NSF,F6,18,1017,4024618,30,500,30,-100,100,0.0,2.79509863680007,70606.59378046433,2.79509863680007,1.3482260000018869,PASS
SCHO_NSF,F6,19,1018,4024619,30,500,30,-100,100,0.0,0.0033485223423687007,59960.68287322056,0.0033485223423687007,1.2322425000020303,PASS
SCHO_NSF,F6,21,1020,4024621,30,500,30,-100,100,0.0,0.13285462206754686,81635.30658606326,0.13285462206754686,1.2503316000074847,PASS
SCHO_NSF,F6,20,1019,4024620,30,500,30,-100,100,0.0,4.126217745212911,79344.06586895653,4.126217745212911,1.2910172999982024,PASS
SCHO_NSF,F6,22,1021,4024622,30,500,30,-100,100,0.0,0.0608850738278092,64215.54876603678,0.0608850738278092,1.3264123999979347,PASS
SCHO_NSF,F6,25,1024,4024625,30,500,30,-100,100,0.0,3.3403648463091407,56465.69237297281,3.3403648463091407,1.2434624000015901,PASS
SCHO_NSF,F6,24,1023,4024624,30,500,30,-100,100,0.0,3.3103240051585816,72276.33926858637,3.3103240051585816,1.2934058999962872,PASS
SCHO_NSF,F6,23,1022,4024623,30,500,30,-100,100,0.0,0.2348365911126656,78086.57507584567,0.2348365911126656,1.348349899999448,PASS
SCHO_NSF,F6,26,1025,4024626,30,500,30,-100,100,0.0,3.585588318132656,67862.6591007802,3.585588318132656,1.3598978999943938,PASS
SCHO_NSF,F6,27,1026,4024627,30,500,30,-100,100,0.0,0.01564412877922029,68320.91352360474,0.01564412877922029,1.2203385000029812,PASS
SCHO_NSF,F6,30,1029,4024630,30,500,30,-100,100,0.0,0.01594703868310392,77102.38991476683,0.01594703868310392,1.2503630999999586,PASS
SCHO_NSF,F6,28,1027,4024628,30,500,30,-100,100,0.0,0.0006529652202021028,71067.99746945646,0.0006529652202021028,1.271568299998762,PASS
SCHO_NSF,F6,29,1028,4024629,30,500,30,-100,100,0.0,0.00368641552951167,66095.4100418736,0.00368641552951167,1.2978830999927595,PASS
SCHO_NSF,F7,1,1000,4024701,30,500,30,-1.28,1.28,0.0,9.45915362848826e-06,132.24256505296452,9.45915362848826e-06,1.3190929999982473,PASS
SCHO_NSF,F7,3,1002,4024703,30,500,30,-1.28,1.28,0.0,1.6784381334677967e-05,106.8866083511403,1.6784381334677967e-05,1.2751341999974102,PASS
SCHO_NSF,F7,4,1003,4024704,30,500,30,-1.28,1.28,0.0,7.080694142436172e-05,120.0123686763614,7.080694142436172e-05,1.2676609000045573,PASS
SCHO_NSF,F7,2,1001,4024702,30,500,30,-1.28,1.28,0.0,6.837286203809079e-05,129.07738590868695,6.837286203809079e-05,1.3549766000069212,PASS
SCHO_NSF,F7,5,1004,4024705,30,500,30,-1.28,1.28,0.0,0.0002432252979321925,128.77654886785405,0.0002432252979321925,1.2842496999946889,PASS
SCHO_NSF,F7,8,1007,4024708,30,500,30,-1.28,1.28,0.0,7.849740482446244e-05,89.84776718932376,7.849740482446244e-05,1.2843645000102697,PASS
SCHO_NSF,F7,6,1005,4024706,30,500,30,-1.28,1.28,0.0,0.0002044215615785161,95.90377798740067,0.0002044215615785161,1.3172307999921031,PASS
SCHO_NSF,F7,7,1006,4024707,30,500,30,-1.28,1.28,0.0,8.514306014872908e-05,109.43532753152996,8.514306014872908e-05,1.3447275000071386,PASS
SCHO_NSF,F7,9,1008,4024709,30,500,30,-1.28,1.28,0.0,1.5447923321199042e-05,112.92200132609992,1.5447923321199042e-05,1.3576518000045326,PASS
SCHO_NSF,F7,10,1009,4024710,30,500,30,-1.28,1.28,0.0,8.368433869609948e-05,124.61338032043707,8.368433869609948e-05,1.361376000000746,PASS
SCHO_NSF,F7,11,1010,4024711,30,500,30,-1.28,1.28,0.0,0.00021914311776938256,145.50908467686799,0.00021914311776938256,1.3513804999965942,PASS
SCHO_NSF,F7,12,1011,4024712,30,500,30,-1.28,1.28,0.0,0.00014672705711848977,88.02744560759177,0.00014672705711848977,1.3290934999968158,PASS
SCHO_NSF,F7,13,1012,4024713,30,500,30,-1.28,1.28,0.0,4.457786551659293e-05,109.2388515683827,4.457786551659293e-05,1.3037065000098664,PASS
SCHO_NSF,F7,14,1013,4024714,30,500,30,-1.28,1.28,0.0,2.8207178147332534e-05,125.18640614897903,2.8207178147332534e-05,1.3200120999972569,PASS
SCHO_NSF,F7,15,1014,4024715,30,500,30,-1.28,1.28,0.0,4.9591094465339935e-06,99.80960290906447,4.9591094465339935e-06,1.2951786999910837,PASS
SCHO_NSF,F7,16,1015,4024716,30,500,30,-1.28,1.28,0.0,0.00014586593514698265,118.50476153098273,0.00014586593514698265,1.3232873000088148,PASS
SCHO_NSF,F7,17,1016,4024717,30,500,30,-1.28,1.28,0.0,0.00057313278933524,142.86321654785507,0.00057313278933524,1.299653699999908,PASS
SCHO_NSF,F7,18,1017,4024718,30,500,30,-1.28,1.28,0.0,0.00021633445300472953,146.54341813360404,0.00021633445300472953,1.3176863999979105,PASS
SCHO_NSF,F7,19,1018,4024719,30,500,30,-1.28,1.28,0.0,0.00021026431482795704,129.37924729813335,0.00021026431482795704,1.320542600005865,PASS
SCHO_NSF,F7,20,1019,4024720,30,500,30,-1.28,1.28,0.0,2.5783503506016103e-05,134.11199381657298,2.5783503506016103e-05,1.2977566000045044,PASS
SCHO_NSF,F7,21,1020,4024721,30,500,30,-1.28,1.28,0.0,7.261338490871516e-05,134.48686620550905,7.261338490871516e-05,1.258699300000444,PASS
SCHO_NSF,F7,22,1021,4024722,30,500,30,-1.28,1.28,0.0,7.447946452421306e-05,97.89929812706661,7.447946452421306e-05,1.2843653000018094,PASS
SCHO_NSF,F7,24,1023,4024724,30,500,30,-1.28,1.28,0.0,0.00013413908657777807,134.83866130923477,0.00013413908657777807,1.3166173999925377,PASS
SCHO_NSF,F7,23,1022,4024723,30,500,30,-1.28,1.28,0.0,5.6976333538738544e-05,133.0436737145348,5.6976333538738544e-05,1.3382980000023963,PASS
SCHO_NSF,F7,25,1024,4024725,30,500,30,-1.28,1.28,0.0,0.00018987324554264884,105.12427574420931,0.00018987324554264884,1.3061119000049075,PASS
SCHO_NSF,F7,26,1025,4024726,30,500,30,-1.28,1.28,0.0,6.071988832667685e-05,144.99096006092753,6.071988832667685e-05,1.3072688999964157,PASS
SCHO_NSF,F7,27,1026,4024727,30,500,30,-1.28,1.28,0.0,0.00019470491795281486,135.53438780914385,0.00019470491795281486,1.3404441000020597,PASS
SCHO_NSF,F7,28,1027,4024728,30,500,30,-1.28,1.28,0.0,3.238470623567746e-05,93.82607923366973,3.238470623567746e-05,1.3477819999970961,PASS
SCHO_NSF,F8,1,1000,4024801,30,500,30,-500,500,-12569.487,-8928.185114442089,-2451.876014434408,-8928.185114442089,1.4220683000021381,PASS
SCHO_NSF,F8,2,1001,4024802,30,500,30,-500,500,-12569.487,-8559.996004418079,-2690.889994276502,-8559.996004418079,1.4628738000028534,PASS
SCHO_NSF,F7,30,1029,4024730,30,500,30,-1.28,1.28,0.0,0.000128178818000646,130.6949254804745,0.000128178818000646,1.4594154999940656,PASS
SCHO_NSF,F7,29,1028,4024729,30,500,30,-1.28,1.28,0.0,1.0751409406872803e-05,162.80296180734086,1.0751409406872803e-05,1.4905972999986261,PASS
SCHO_NSF,F8,3,1002,4024803,30,500,30,-500,500,-12569.487,-8894.88253623242,-1692.1826887752877,-8894.88253623242,1.4347578000015346,PASS
SCHO_NSF,F8,5,1004,4024805,30,500,30,-500,500,-12569.487,-8909.460377158031,-1605.4114947545195,-8909.460377158031,1.4506776999915019,PASS
SCHO_NSF,F8,4,1003,4024804,30,500,30,-500,500,-12569.487,-5392.981655402582,-2110.3517025625324,-5392.981655402582,1.4718919999868376,PASS
SCHO_NSF,F8,6,1005,4024806,30,500,30,-500,500,-12569.487,-5961.571629281483,-3595.6367869269293,-5961.571629281483,1.4469385999982478,PASS
SCHO_NSF,F8,7,1006,4024807,30,500,30,-500,500,-12569.487,-8895.683694968226,-1885.772866590057,-8895.683694968226,1.3149160000029951,PASS
SCHO_NSF,F8,8,1007,4024808,30,500,30,-500,500,-12569.487,-8344.828732350166,-1726.090940377079,-8344.828732350166,1.2906128999893554,PASS
SCHO_NSF,F8,9,1008,4024809,30,500,30,-500,500,-12569.487,-8276.783618965585,-2337.3316623373657,-8276.783618965585,1.2830958999984432,PASS
SCHO_NSF,F8,10,1009,4024810,30,500,30,-500,500,-12569.487,-6104.472412513265,-2623.8232741546635,-6104.472412513265,1.299501200002851,PASS
SCHO_NSF,F8,12,1011,4024812,30,500,30,-500,500,-12569.487,-5288.033297903562,-2334.5511967809016,-5288.033297903562,1.2665827999881003,PASS
SCHO_NSF,F8,14,1013,4024814,30,500,30,-500,500,-12569.487,-5539.290413966224,-1526.011739420307,-5539.290413966224,1.2738266000087606,PASS
SCHO_NSF,F8,13,1012,4024813,30,500,30,-500,500,-12569.487,-8755.453641909795,-2026.2048410858288,-8755.453641909795,1.3154653999954462,PASS
SCHO_NSF,F8,11,1010,4024811,30,500,30,-500,500,-12569.487,-5635.2195421529295,-1813.4049915384448,-5635.2195421529295,1.3257966999954078,PASS
SCHO_NSF,F8,16,1015,4024816,30,500,30,-500,500,-12569.487,-7559.074691550992,-1774.4957618865303,-7559.074691550992,1.3065744999912567,PASS
SCHO_NSF,F8,15,1014,4024815,30,500,30,-500,500,-12569.487,-5696.2735485694575,-1577.9245638457974,-5696.2735485694575,1.319687299997895,PASS
SCHO_NSF,F8,17,1016,4024817,30,500,30,-500,500,-12569.487,-6149.78678106293,-3022.774183385613,-6149.78678106293,1.3731423999997787,PASS
SCHO_NSF,F8,18,1017,4024818,30,500,30,-500,500,-12569.487,-5196.354319850541,-1613.727286315913,-5196.354319850541,1.3848754000064218,PASS
SCHO_NSF,F8,20,1019,4024820,30,500,30,-500,500,-12569.487,-5728.041856341591,-1937.2091609434265,-5728.041856341591,1.283947400006582,PASS
SCHO_NSF,F8,19,1018,4024819,30,500,30,-500,500,-12569.487,-5449.311340472585,-2231.4411955724777,-5449.311340472585,1.3323481999977957,PASS
SCHO_NSF,F8,21,1020,4024821,30,500,30,-500,500,-12569.487,-6313.37607799395,-2248.510909834675,-6313.37607799395,1.2659412999928463,PASS
SCHO_NSF,F8,22,1021,4024822,30,500,30,-500,500,-12569.487,-4959.839118475585,-1439.3070195018026,-4959.839118475585,1.305035900004441,PASS
SCHO_NSF,F8,26,1025,4024826,30,500,30,-500,500,-12569.487,-8555.298156696315,-1895.6942306135086,-8555.298156696315,1.265118999988772,PASS
SCHO_NSF,F8,24,1023,4024824,30,500,30,-500,500,-12569.487,-12563.578948952825,-1788.751013337049,-12563.578948952825,1.3084913000056986,PASS
SCHO_NSF,F8,23,1022,4024823,30,500,30,-500,500,-12569.487,-5516.760752366835,-2698.531601043908,-5516.760752366835,1.333334199996898,PASS
SCHO_NSF,F8,25,1024,4024825,30,500,30,-500,500,-12569.487,-8968.164759410376,-2207.6192588415524,-8968.164759410376,1.313974299991969,PASS
SCHO_NSF,F8,28,1027,4024828,30,500,30,-500,500,-12569.487,-12192.432433680435,-1823.0140943969723,-12192.432433680435,1.2727808999916306,PASS
SCHO_NSF,F8,27,1026,4024827,30,500,30,-500,500,-12569.487,-5733.54581027532,-1646.4051333176737,-5733.54581027532,1.307641599996714,PASS
SCHO_NSF,F8,29,1028,4024829,30,500,30,-500,500,-12569.487,-7504.22817902821,-1854.1744144476797,-7504.22817902821,1.2874360999994678,PASS
SCHO_NSF,F8,30,1029,4024830,30,500,30,-500,500,-12569.487,-6286.556638363751,-1702.2535651780167,-6286.556638363751,1.301072700007353,PASS
SCHO_NSF,F9,1,1000,4024901,30,500,30,-5.1200000000000001,5.1200000000000001,0.0,0.0,464.87493101018356,0.0,1.2646221999893896,PASS
SCHO_NSF,F9,3,1002,4024903,30,500,30,-5.1200000000000001,5.1200000000000001,0.0,0.0,424.39485150190137,0.0,1.288958500008448,PASS
SCHO_NSF,F9,2,1001,4024902,30,500,30,-5.1200000000000001,5.1200000000000001,0.0,0.0,384.5497490364953,0.0,1.3181526999978814,PASS
SCHO_NSF,F9,4,1003,4024904,30,500,30,-5.1200000000000001,5.1200000000000001,0.0,0.0,439.61790434394305,0.0,1.3135559999936959,PASS
SCHO_NSF,F9,5,1004,4024905,30,500,30,-5.1200000000000001,5.1200000000000001,0.0,0.0,448.7388944016657,0.0,1.2591661999904318,PASS
SCHO_NSF,F9,7,1006,4024907,30,500,30,-5.1200000000000001,5.1200000000000001,0.0,0.0,431.59183701137,0.0,1.251261199999135,PASS
SCHO_NSF,F9,8,1007,4024908,30,500,30,-5.1200000000000001,5.1200000000000001,0.0,0.0,365.8391088248434,0.0,1.2454756000079215,PASS
SCHO_NSF,F9,6,1005,4024906,30,500,30,-5.1200000000000001,5.1200000000000001,0.0,0.0,439.91283939992803,0.0,1.2974377000064123,PASS
SCHO_NSF,F9,9,1008,4024909,30,500,30,-5.1200000000000001,5.1200000000000001,0.0,0.0,448.1773913088544,0.0,1.303310599992983,PASS
SCHO_NSF,F9,10,1009,4024910,30,500,30,-5.1200000000000001,5.1200000000000001,0.0,0.0,467.3571333335915,0.0,1.270892200001981,PASS
SCHO_NSF,F9,11,1010,4024911,30,500,30,-5.1200000000000001,5.1200000000000001,0.0,0.0,447.2888938374598,0.0,1.3177905000047758,PASS
SCHO_NSF,F9,12,1011,4024912,30,500,30,-5.1200000000000001,5.1200000000000001,0.0,0.0,441.073286920272,0.0,1.3209772999980487,PASS
SCHO_NSF,F9,14,1013,4024914,30,500,30,-5.1200000000000001,5.1200000000000001,0.0,0.0,440.91474681676505,0.0,1.2545054999936838,PASS
SCHO_NSF,F9,13,1012,4024913,30,500,30,-5.1200000000000001,5.1200000000000001,0.0,0.0,434.02220260833974,0.0,1.2977969999919878,PASS
SCHO_NSF,F9,15,1014,4024915,30,500,30,-5.1200000000000001,5.1200000000000001,0.0,0.0,466.36406583587524,0.0,1.2532008999987738,PASS
SCHO_NSF,F9,16,1015,4024916,30,500,30,-5.1200000000000001,5.1200000000000001,0.0,0.0,433.86281469045554,0.0,1.2657832000113558,PASS
SCHO_NSF,F9,18,1017,4024918,30,500,30,-5.1200000000000001,5.1200000000000001,0.0,0.0,469.76371664050794,0.0,1.2371702999953413,PASS
SCHO_NSF,F9,17,1016,4024917,30,500,30,-5.1200000000000001,5.1200000000000001,0.0,0.0,422.02779107708176,0.0,1.253287299987278,PASS
SCHO_NSF,F9,20,1019,4024920,30,500,30,-5.1200000000000001,5.1200000000000001,0.0,0.0,458.030531975015,0.0,1.2706160999950953,PASS
SCHO_NSF,F9,19,1018,4024919,30,500,30,-5.1200000000000001,5.1200000000000001,0.0,0.0,414.6138424388559,0.0,1.2921846000099322,PASS
SCHO_NSF,F9,21,1020,4024921,30,500,30,-5.1200000000000001,5.1200000000000001,0.0,0.0,465.26417440798247,0.0,1.2263749999983702,PASS
SCHO_NSF,F9,22,1021,4024922,30,500,30,-5.1200000000000001,5.1200000000000001,0.0,0.0,441.34049530442945,0.0,1.2714220000052592,PASS
SCHO_NSF,F9,23,1022,4024923,30,500,30,-5.1200000000000001,5.1200000000000001,0.0,0.0,446.64097601097,0.0,1.2907135999994352,PASS
SCHO_NSF,F9,24,1023,4024924,30,500,30,-5.1200000000000001,5.1200000000000001,0.0,0.0,433.79837842386155,0.0,1.3149321999953827,PASS
SCHO_NSF,F9,25,1024,4024925,30,500,30,-5.1200000000000001,5.1200000000000001,0.0,0.0,408.9701533118642,0.0,1.3431066000048304,PASS
SCHO_NSF,F9,27,1026,4024927,30,500,30,-5.1200000000000001,5.1200000000000001,0.0,0.0,446.03906557516507,0.0,1.344912500004284,PASS
SCHO_NSF,F9,28,1027,4024928,30,500,30,-5.1200000000000001,5.1200000000000001,0.0,0.0,447.3494195224039,0.0,1.3438584999967134,PASS
SCHO_NSF,F9,26,1025,4024926,30,500,30,-5.1200000000000001,5.1200000000000001,0.0,0.0,473.6616560879741,0.0,1.3853473000053782,PASS
SCHO_NSF,F9,30,1029,4024930,30,500,30,-5.1200000000000001,5.1200000000000001,0.0,0.0,479.83128968283097,0.0,1.251143499990576,PASS
SCHO_NSF,F9,29,1028,4024929,30,500,30,-5.1200000000000001,5.1200000000000001,0.0,0.0,455.002187468864,0.0,1.3191695999994408,PASS
SCHO_NSF,F10,2,1001,4025002,30,500,30,-32,32,0.0,4.440892098500626e-16,20.80923383013385,4.440892098500626e-16,1.301460100003169,PASS
SCHO_NSF,F10,1,1000,4025001,30,500,30,-32,32,0.0,4.440892098500626e-16,20.764880617738655,4.440892098500626e-16,1.3399483999965014,PASS
SCHO_NSF,F10,3,1002,4025003,30,500,30,-32,32,0.0,4.440892098500626e-16,20.70259726914545,4.440892098500626e-16,1.3202029000094626,PASS
SCHO_NSF,F10,4,1003,4025004,30,500,30,-32,32,0.0,4.440892098500626e-16,20.685941618453114,4.440892098500626e-16,1.3686181999946712,PASS
SCHO_NSF,F10,5,1004,4025005,30,500,30,-32,32,0.0,4.440892098500626e-16,20.753180108678922,4.440892098500626e-16,1.3857213000010233,PASS
SCHO_NSF,F10,6,1005,4025006,30,500,30,-32,32,0.0,4.440892098500626e-16,20.739339682394206,4.440892098500626e-16,1.4111719999928027,PASS
SCHO_NSF,F10,7,1006,4025007,30,500,30,-32,32,0.0,4.440892098500626e-16,20.677331650145728,4.440892098500626e-16,1.3818514000013238,PASS
SCHO_NSF,F10,8,1007,4025008,30,500,30,-32,32,0.0,4.440892098500626e-16,20.30938002246911,4.440892098500626e-16,1.32101660000626,PASS
SCHO_NSF,F10,9,1008,4025009,30,500,30,-32,32,0.0,4.440892098500626e-16,20.6623323028609,4.440892098500626e-16,1.3186558000015793,PASS
SCHO_NSF,F10,10,1009,4025010,30,500,30,-32,32,0.0,4.440892098500626e-16,20.764014980012245,4.440892098500626e-16,1.3069031999912113,PASS
SCHO_NSF,F10,12,1011,4025012,30,500,30,-32,32,0.0,4.440892098500626e-16,20.569830881242734,4.440892098500626e-16,1.358714299989515,PASS
SCHO_NSF,F10,11,1010,4025011,30,500,30,-32,32,0.0,4.440892098500626e-16,20.873205110265417,4.440892098500626e-16,1.3803654999937862,PASS
SCHO_NSF,F10,14,1013,4025014,30,500,30,-32,32,0.0,4.440892098500626e-16,20.669354202190537,4.440892098500626e-16,1.3809592000034172,PASS
SCHO_NSF,F10,13,1012,4025013,30,500,30,-32,32,0.0,4.440892098500626e-16,20.566750205953976,4.440892098500626e-16,1.4218937999976333,PASS
SCHO_NSF,F10,16,1015,4025016,30,500,30,-32,32,0.0,4.440892098500626e-16,20.64013873956227,4.440892098500626e-16,1.332213400004548,PASS
SCHO_NSF,F10,18,1017,4025018,30,500,30,-32,32,0.0,4.440892098500626e-16,20.8269336510937,4.440892098500626e-16,1.2722677000128897,PASS
SCHO_NSF,F10,15,1014,4025015,30,500,30,-32,32,0.0,4.440892098500626e-16,20.49068213407767,4.440892098500626e-16,1.3990022000070894,PASS
SCHO_NSF,F10,17,1016,4025017,30,500,30,-32,32,0.0,4.440892098500626e-16,20.795292196710726,4.440892098500626e-16,1.3577078000089386,PASS
SCHO_NSF,F10,20,1019,4025020,30,500,30,-32,32,0.0,4.440892098500626e-16,20.753576885043977,4.440892098500626e-16,1.3002444000012474,PASS
SCHO_NSF,F10,19,1018,4025019,30,500,30,-32,32,0.0,4.440892098500626e-16,20.287777247273507,4.440892098500626e-16,1.3149123000039253,PASS
SCHO_NSF,F10,22,1021,4025022,30,500,30,-32,32,0.0,4.440892098500626e-16,20.583645012836215,4.440892098500626e-16,1.3370045000046957,PASS
SCHO_NSF,F10,21,1020,4025021,30,500,30,-32,32,0.0,4.440892098500626e-16,20.886822358893582,4.440892098500626e-16,1.3594544999941718,PASS
SCHO_NSF,F10,24,1023,4025024,30,500,30,-32,32,0.0,4.440892098500626e-16,20.702337522964704,4.440892098500626e-16,1.2651347000064561,PASS
SCHO_NSF,F10,23,1022,4025023,30,500,30,-32,32,0.0,4.440892098500626e-16,20.933352404055416,4.440892098500626e-16,1.284703500001342,PASS
SCHO_NSF,F10,25,1024,4025025,30,500,30,-32,32,0.0,4.440892098500626e-16,20.640145513776236,4.440892098500626e-16,1.27492589999747,PASS
SCHO_NSF,F10,26,1025,4025026,30,500,30,-32,32,0.0,4.440892098500626e-16,20.66064456706877,4.440892098500626e-16,1.2787714000005508,PASS
SCHO_NSF,F10,29,1028,4025029,30,500,30,-32,32,0.0,4.440892098500626e-16,20.542581961741753,4.440892098500626e-16,1.4429673999984516,PASS
SCHO_NSF,F10,27,1026,4025027,30,500,30,-32,32,0.0,4.440892098500626e-16,20.70523141613285,4.440892098500626e-16,1.5033891000057338,PASS
SCHO_NSF,F10,28,1027,4025028,30,500,30,-32,32,0.0,4.440892098500626e-16,20.792506436353648,4.440892098500626e-16,1.5075625000026776,PASS
SCHO_NSF,F10,30,1029,4025030,30,500,30,-32,32,0.0,4.440892098500626e-16,20.847870698067215,4.440892098500626e-16,1.509041299999808,PASS
SCHO_NSF,F11,2,1001,4025102,30,500,30,-600,600,0.0,0.0,639.1480611503106,0.0,1.3519307999958983,PASS
SCHO_NSF,F11,1,1000,4025101,30,500,30,-600,600,0.0,0.0,611.291864520307,0.0,1.364902200002689,PASS
SCHO_NSF,F11,3,1002,4025103,30,500,30,-600,600,0.0,0.0,643.4385152741779,0.0,1.336623299997882,PASS
SCHO_NSF,F11,4,1003,4025104,30,500,30,-600,600,0.0,0.0,640.6078006974948,0.0,1.3648147000058088,PASS
SCHO_NSF,F11,6,1005,4025106,30,500,30,-600,600,0.0,0.0,620.4511952126913,0.0,1.3563720999954967,PASS
SCHO_NSF,F11,5,1004,4025105,30,500,30,-600,600,0.0,0.0,644.4520744510511,0.0,1.4639048999961233,PASS
SCHO_NSF,F11,7,1006,4025107,30,500,30,-600,600,0.0,0.0,632.8296368484805,0.0,1.4167711999907624,PASS
SCHO_NSF,F11,8,1007,4025108,30,500,30,-600,600,0.0,0.0,487.5405080335636,0.0,1.452829899993958,PASS
SCHO_NSF,F11,9,1008,4025109,30,500,30,-600,600,0.0,0.0,639.6684312970408,0.0,1.3487484000070253,PASS
SCHO_NSF,F11,10,1009,4025110,30,500,30,-600,600,0.0,0.0,616.7396630786404,0.0,1.3116892999969423,PASS
SCHO_NSF,F11,11,1010,4025111,30,500,30,-600,600,0.0,0.0,718.9807578130838,0.0,1.403619599994272,PASS
SCHO_NSF,F11,12,1011,4025112,30,500,30,-600,600,0.0,0.0,542.9069981974286,0.0,1.3962424000055762,PASS
SCHO_NSF,F11,14,1013,4025114,30,500,30,-600,600,0.0,0.0,591.7962883432442,0.0,1.3215609000035329,PASS
SCHO_NSF,F11,13,1012,4025113,30,500,30,-600,600,0.0,0.0,618.2400358748203,0.0,1.358723999990616,PASS
SCHO_NSF,F11,15,1014,4025115,30,500,30,-600,600,0.0,0.0,563.9367128903148,0.0,1.3452473000070313,PASS
SCHO_NSF,F11,16,1015,4025116,30,500,30,-600,600,0.0,0.0,549.6853975606296,0.0,1.3506660999992164,PASS
SCHO_NSF,F11,17,1016,4025117,30,500,30,-600,600,0.0,0.0,658.3681797175631,0.0,1.2991361000022152,PASS
SCHO_NSF,F11,18,1017,4025118,30,500,30,-600,600,0.0,0.0,635.4820188150104,0.0,1.2851319999899715,PASS
SCHO_NSF,F11,20,1019,4025120,30,500,30,-600,600,0.0,0.0,711.0659999459813,0.0,1.2985457999893697,PASS
SCHO_NSF,F11,19,1018,4025119,30,500,30,-600,600,0.0,0.0,538.2294864301934,0.0,1.3399213999946369,PASS
SCHO_NSF,F11,21,1020,4025121,30,500,30,-600,600,0.0,0.0,738.5383591240958,0.0,1.2284511999896495,PASS
SCHO_NSF,F11,22,1021,4025122,30,500,30,-600,600,0.0,0.0,579.5492680434852,0.0,1.2824708999978611,PASS
SCHO_NSF,F11,24,1023,4025124,30,500,30,-600,600,0.0,0.0,649.0261533705124,0.0,1.3949710999877425,PASS
SCHO_NSF,F11,23,1022,4025123,30,500,30,-600,600,0.0,0.0,701.8372771154101,0.0,1.4054026000085287,PASS
SCHO_NSF,F11,25,1024,4025125,30,500,30,-600,600,0.0,0.0,508.02875095473263,0.0,1.3577221000014106,PASS
SCHO_NSF,F11,26,1025,4025126,30,500,30,-600,600,0.0,0.0,609.8881515490872,0.0,1.338896899993415,PASS
SCHO_NSF,F11,27,1026,4025127,30,500,30,-600,600,0.0,0.0,614.144178110117,0.0,1.2896791999955894,PASS
SCHO_NSF,F11,28,1027,4025128,30,500,30,-600,600,0.0,0.0,642.5333046872523,0.0,1.3021391999936895,PASS
SCHO_NSF,F11,29,1028,4025129,30,500,30,-600,600,0.0,0.0,595.7920700073693,0.0,1.358615799996187,PASS
SCHO_NSF,F11,30,1029,4025130,30,500,30,-600,600,0.0,0.0,694.8702724214163,0.0,1.3783988999930443,PASS
SCHO_NSF,F12,1,1000,4025201,30,500,30,-50,50,0.0,1.6038867351941102,577094378.3389748,1.6038867351941102,1.5195471000042744,PASS
SCHO_NSF,F12,2,1001,4025202,30,500,30,-50,50,0.0,1.9872992473827267e-06,579099359.0880492,1.9872992473827267e-06,1.529064999995171,PASS
SCHO_NSF,F12,4,1003,4025204,30,500,30,-50,50,0.0,0.6703633332507648,756082758.900649,0.6703633332507648,1.4975796999933664,PASS
SCHO_NSF,F12,3,1002,4025203,30,500,30,-50,50,0.0,1.4041536907684602,677755348.7064486,1.4041536907684602,1.5485719999996945,PASS
SCHO_NSF,F12,5,1004,4025205,30,500,30,-50,50,0.0,2.367465645004028e-06,600899121.4082001,2.367465645004028e-06,1.4205167000036454,PASS
SCHO_NSF,F12,6,1005,4025206,30,500,30,-50,50,0.0,2.3141091762485824e-06,613687382.5306401,2.3141091762485824e-06,1.4833556999947177,PASS
SCHO_NSF,F12,7,1006,4025207,30,500,30,-50,50,0.0,1.424699966722095e-06,669437325.0641034,1.424699966722095e-06,1.468340299994452,PASS
SCHO_NSF,F12,8,1007,4025208,30,500,30,-50,50,0.0,0.9991142935830182,465147296.24454856,0.9991142935830182,1.4633765000035055,PASS
SCHO_NSF,F12,10,1009,4025210,30,500,30,-50,50,0.0,0.9686485018665107,608345809.8432229,0.9686485018665107,1.527162700003828,PASS
SCHO_NSF,F12,9,1008,4025209,30,500,30,-50,50,0.0,2.0136364656803387e-06,673649374.2265142,2.0136364656803387e-06,1.566662199998973,PASS
SCHO_NSF,F12,12,1011,4025212,30,500,30,-50,50,0.0,1.137975496168786,354312759.8973637,1.137975496168786,1.4765370000095572,PASS
SCHO_NSF,F12,11,1010,4025211,30,500,30,-50,50,0.0,1.5925054459019393e-06,673700231.5011019,1.5925054459019393e-06,1.5109407999989344,PASS
SCHO_NSF,F12,14,1013,4025214,30,500,30,-50,50,0.0,1.864275736145562e-06,375026164.7994268,1.864275736145562e-06,1.4656613999977708,PASS
SCHO_NSF,F12,13,1012,4025213,30,500,30,-50,50,0.0,1.0444395389603367,409264261.74945426,1.0444395389603367,1.5358409999898868,PASS
SCHO_NSF,F12,16,1015,4025216,30,500,30,-50,50,0.0,1.5969835683828577,518663474.82455194,1.5969835683828577,1.4496207000047434,PASS
SCHO_NSF,F12,15,1014,4025215,30,500,30,-50,50,0.0,1.5969612999471907,377991105.0550389,1.5969612999471907,1.4733905000030063,PASS
SCHO_NSF,F12,18,1017,4025218,30,500,30,-50,50,0.0,1.5993079093910243,678910232.0700809,1.5993079093910243,1.4899794999946607,PASS
SCHO_NSF,F12,17,1016,4025217,30,500,30,-50,50,0.0,1.892198957264859e-06,602516388.8524432,1.892198957264859e-06,1.5098451999947429,PASS
SCHO_NSF,F12,20,1019,4025220,30,500,30,-50,50,0.0,1.6086762770796357,746482921.424925,1.6086762770796357,1.4721578000026057,PASS
SCHO_NSF,F12,19,1018,4025219,30,500,30,-50,50,0.0,0.3287556719831187,493317185.6586725,0.3287556719831187,1.5919476999988547,PASS
SCHO_NSF,F12,21,1020,4025221,30,500,30,-50,50,0.0,1.5859167915500483e-06,779891967.4951634,1.5859167915500483e-06,1.5413866000017151,PASS
SCHO_NSF,F12,22,1021,4025222,30,500,30,-50,50,0.0,0.1411920028406178,566705999.5069873,0.1411920028406178,1.581841599996551,PASS
SCHO_NSF,F12,25,1024,4025225,30,500,30,-50,50,0.0,1.118316708004902,459268027.30294675,1.118316708004902,1.996398200004478,PASS
SCHO_NSF,F12,24,1023,4025224,30,500,30,-50,50,0.0,1.0654083390495077,557034073.9341952,1.0654083390495077,2.033502200007206,PASS
SCHO_NSF,F12,23,1022,4025223,30,500,30,-50,50,0.0,1.6528324964814178,527674663.0350982,1.6528324964814178,2.058353399988846,PASS
SCHO_NSF,F12,26,1025,4025226,30,500,30,-50,50,0.0,1.6809293602751778e-06,655610836.8316754,1.6809293602751778e-06,2.077760299987858,PASS
SCHO_NSF,F12,27,1026,4025227,30,500,30,-50,50,0.0,1.8958867053504356e-06,688380987.7444726,1.8958867053504356e-06,1.6846710999961942,PASS
SCHO_NSF,F12,29,1028,4025229,30,500,30,-50,50,0.0,1.8351821474001997e-06,694579575.2440028,1.8351821474001997e-06,1.6808912999986205,PASS
SCHO_NSF,F12,28,1027,4025228,30,500,30,-50,50,0.0,2.0809884383171794e-06,735612073.6667887,2.0809884383171794e-06,1.6974887999967905,PASS
SCHO_NSF,F12,30,1029,4025230,30,500,30,-50,50,0.0,1.0585477660572964,638200031.739138,1.0585477660572964,1.7207717999990564,PASS
SCHO_NSF,F13,1,1000,4025301,30,500,30,-50,50,0.0,2.9124116636032125,1121540604.907016,2.9124116636032125,1.5027739999932237,PASS
SCHO_NSF,F13,3,1002,4025303,30,500,30,-50,50,0.0,0.4038752824369307,1279263460.7598147,0.4038752824369307,1.540737799994531,PASS
SCHO_NSF,F13,4,1003,4025304,30,500,30,-50,50,0.0,1.6663529887644897,1409943019.8603163,1.6663529887644897,1.552783899998758,PASS
SCHO_NSF,F13,2,1001,4025302,30,500,30,-50,50,0.0,2.8021090051358257,1134393402.9122756,2.8021090051358257,1.5632865000079619,PASS
SCHO_NSF,F13,5,1004,4025305,30,500,30,-50,50,0.0,2.209796220522432,1170689608.5516968,2.209796220522432,1.4521824999974342,PASS
SCHO_NSF,F13,6,1005,4025306,30,500,30,-50,50,0.0,1.9415442900917572,1181621324.1665757,1.9415442900917572,1.4859181999927387,PASS
SCHO_NSF,F13,7,1006,4025307,30,500,30,-50,50,0.0,2.926214781137801,1268983075.2778127,2.926214781137801,1.4724827999889385,PASS
SCHO_NSF,F13,8,1007,4025308,30,500,30,-50,50,0.0,3.284693880641795e-05,878154019.7635087,3.284693880641795e-05,1.4914718000072753,PASS
SCHO_NSF,F13,9,1008,4025309,30,500,30,-50,50,0.0,2.9145887029811433,1296042042.9580178,2.9145887029811433,1.7416501000116114,PASS
SCHO_NSF,F13,11,1010,4025311,30,500,30,-50,50,0.0,0.3393884569840768,1334005063.226532,0.3393884569840768,1.7392345999978716,PASS
SCHO_NSF,F13,10,1009,4025310,30,500,30,-50,50,0.0,2.9750215735818486,1170491781.6147819,2.9750215735818486,1.7682681000005687,PASS
SCHO_NSF,F13,12,1011,4025312,30,500,30,-50,50,0.0,2.4765807047842543,746217004.1348709,2.4765807047842543,1.7984625000099186,PASS
SCHO_NSF,F13,13,1012,4025313,30,500,30,-50,50,0.0,2.9415030714232313,902489281.0803057,2.9415030714232313,1.6520786000037333,PASS
SCHO_NSF,F13,15,1014,4025315,30,500,30,-50,50,0.0,2.9384636105308033,781768070.7565104,2.9384636105308033,1.672531499993056,PASS
SCHO_NSF,F13,14,1013,4025314,30,500,30,-50,50,0.0,2.2858033606246653,813623365.5838884,2.2858033606246653,1.7152886999974726,PASS
SCHO_NSF,F13,16,1015,4025316,30,500,30,-50,50,0.0,2.6290289017501927,992639751.8319389,2.6290289017501927,1.659973700006958,PASS
SCHO_NSF,F13,18,1017,4025318,30,500,30,-50,50,0.0,0.3283516887176454,1270309810.4932654,0.3283516887176454,1.5051779999921564,PASS
SCHO_NSF,F13,19,1018,4025319,30,500,30,-50,50,0.0,2.9092995298760442,985279769.8708252,2.9092995298760442,1.5374422000022605,PASS
SCHO_NSF,F13,20,1019,4025320,30,500,30,-50,50,0.0,2.7711638172680972,1427951455.304063,2.7711638172680972,1.5510405999957584,PASS
SCHO_NSF,F13,17,1016,4025317,30,500,30,-50,50,0.0,1.3715875838346263,1200343935.016167,1.3715875838346263,1.6048394999961602,PASS
SCHO_NSF,F13,21,1020,4025321,30,500,30,-50,50,0.0,2.599732173743193,1481567387.8877292,2.599732173743193,1.926984399993671,PASS
SCHO_NSF,F13,22,1021,4025322,30,500,30,-50,50,0.0,2.9444098626022237,1071852585.7528108,2.9444098626022237,1.9667757999995956,PASS
SCHO_NSF,F13,23,1022,4025323,30,500,30,-50,50,0.0,2.044742163979961,1057814591.9376878,2.044742163979961,1.9441862999956356,PASS
SCHO_NSF,F13,24,1023,4025324,30,500,30,-50,50,0.0,2.928875610137038,1128834171.694078,2.928875610137038,1.9400122999941232,PASS
SCHO_NSF,F13,25,1024,4025325,30,500,30,-50,50,0.0,2.9402942298551105e-05,881544869.6646192,2.9402942298551105e-05,1.6352383999910671,PASS
SCHO_NSF,F13,28,1027,4025328,30,500,30,-50,50,0.0,2.9979286396384097,1357932319.8784873,2.9979286396384097,1.6497414999903413,PASS
SCHO_NSF,F13,27,1026,4025327,30,500,30,-50,50,0.0,1.3378639538427586,1309554648.9066305,1.3378639538427586,1.6695531000004848,PASS
SCHO_NSF,F13,26,1025,4025326,30,500,30,-50,50,0.0,3.157633187155082e-05,1213450885.258651,3.157633187155082e-05,1.6829084000055445,PASS
SCHO_NSF,F14,1,1000,4025401,30,500,2,-65.536000000000001,65.536000000000001,1.0,2.982105171609845,473.71847520737606,2.982105171609845,0.5003552999987733,PASS
SCHO_NSF,F14,2,1001,4025402,30,500,2,-65.536000000000001,65.536000000000001,1.0,0.9980038402043915,20.799965995968776,0.9980038402043915,0.5060731999983545,PASS
SCHO_NSF,F13,30,1029,4025330,30,500,30,-50,50,0.0,2.99779885916654,1261783528.6462915,2.99779885916654,1.4451776000059908,PASS
SCHO_NSF,F13,29,1028,4025329,30,500,30,-50,50,0.0,1.560759309161089,1284594344.47724,1.560759309161089,1.4817818000010448,PASS
SCHO_NSF,F14,5,1004,4025405,30,500,2,-65.536000000000001,65.536000000000001,1.0,0.9980038383666235,24.322820508421295,0.9980038383666235,0.4913972000067588,PASS
SCHO_NSF,F14,3,1002,4025403,30,500,2,-65.536000000000001,65.536000000000001,1.0,3.968250105768485,7.856359089361977,3.968250105768485,0.5184233000036329,PASS
SCHO_NSF,F14,4,1003,4025404,30,500,2,-65.536000000000001,65.536000000000001,1.0,2.982105156816988,7.991839953168932,2.982105156816988,0.5082759000069927,PASS
SCHO_NSF,F14,6,1005,4025406,30,500,2,-65.536000000000001,65.536000000000001,1.0,2.9821051568175756,90.7409532963287,2.9821051568175756,0.4973483999929158,PASS
SCHO_NSF,F14,10,1009,4025410,30,500,2,-65.536000000000001,65.536000000000001,1.0,2.982105156820442,15.108117071694181,2.982105156820442,0.4554245000035735,PASS
SCHO_NSF,F14,8,1007,4025408,30,500,2,-65.536000000000001,65.536000000000001,1.0,12.670505811135914,21.481362099196957,12.670505811135914,0.5077615999907721,PASS
SCHO_NSF,F14,7,1006,4025407,30,500,2,-65.536000000000001,65.536000000000001,1.0,12.670505811135563,16.2842641081014,12.670505811135563,0.5183006000006571,PASS
SCHO_NSF,F14,9,1008,4025409,30,500,2,-65.536000000000001,65.536000000000001,1.0,0.9980038377947882,480.050865101365,0.9980038377947882,0.5225413000007393,PASS
SCHO_NSF,F14,11,1010,4025411,30,500,2,-65.536000000000001,65.536000000000001,1.0,0.998003837849928,115.8570972449099,0.998003837849928,0.4772973999934038,PASS
SCHO_NSF,F14,12,1011,4025412,30,500,2,-65.536000000000001,65.536000000000001,1.0,0.9980038387842582,16.441007314171465,0.9980038387842582,0.47436359999119304,PASS
SCHO_NSF,F14,14,1013,4025414,30,500,2,-65.536000000000001,65.536000000000001,1.0,12.670505811135616,73.97889205821518,12.670505811135616,0.47720969999500085,PASS
SCHO_NSF,F14,13,1012,4025413,30,500,2,-65.536000000000001,65.536000000000001,1.0,3.9682501056743464,16.402755922508554,3.9682501056743464,0.48422370001208037,PASS
SCHO_NSF,F14,15,1014,4025415,30,500,2,-65.536000000000001,65.536000000000001,1.0,0.9980038380119086,65.35361146386387,0.9980038380119086,0.4967669999896316,PASS
SCHO_NSF,F14,17,1016,4025417,30,500,2,-65.536000000000001,65.536000000000001,1.0,12.670505811135556,438.10288921782666,12.670505811135556,0.4627843999915058,PASS
SCHO_NSF,F14,16,1015,4025416,30,500,2,-65.536000000000001,65.536000000000001,1.0,0.9980038378121584,17.659718800789545,0.9980038378121584,0.48420859999896493,PASS
SCHO_NSF,F14,18,1017,4025418,30,500,2,-65.536000000000001,65.536000000000001,1.0,0.9980038390715841,237.59430741100795,0.9980038390715841,0.4831938999996055,PASS
SCHO_NSF,F14,20,1019,4025420,30,500,2,-65.536000000000001,65.536000000000001,1.0,2.982105156820899,179.17713904158902,2.982105156820899,0.4961137999925995,PASS
SCHO_NSF,F14,22,1021,4025422,30,500,2,-65.536000000000001,65.536000000000001,1.0,3.9682501056862534,29.199725330593285,3.9682501056862534,0.4922874000039883,PASS
SCHO_NSF,F14,19,1018,4025419,30,500,2,-65.536000000000001,65.536000000000001,1.0,0.9980038377979651,2.286243956447089,0.9980038377979651,0.5246268000046257,PASS
SCHO_NSF,F14,21,1020,4025421,30,500,2,-65.536000000000001,65.536000000000001,1.0,12.670505811135913,87.51907188492201,12.670505811135913,0.508806400001049,PASS
SCHO_NSF,F14,24,1023,4025424,30,500,2,-65.536000000000001,65.536000000000001,1.0,12.670505811135566,294.0509123316119,12.670505811135566,0.4540216000023065,PASS
SCHO_NSF,F14,23,1022,4025423,30,500,2,-65.536000000000001,65.536000000000001,1.0,3.968250105603271,9.804625661988586,3.968250105603271,0.4937294999981532,PASS
SCHO_NSF,F14,25,1024,4025425,30,500,2,-65.536000000000001,65.536000000000001,1.0,12.670505811692196,320.00268640700443,12.670505811692196,0.47858509999059606,PASS
SCHO_NSF,F14,26,1025,4025426,30,500,2,-65.536000000000001,65.536000000000001,1.0,0.9980038377945748,421.40232505995556,0.9980038377945748,0.47874390000652056,PASS
SCHO_NSF,F14,28,1027,4025428,30,500,2,-65.536000000000001,65.536000000000001,1.0,0.998003837819316,160.2537413920019,0.998003837819316,0.47695649998786394,PASS
SCHO_NSF,F14,27,1026,4025427,30,500,2,-65.536000000000001,65.536000000000001,1.0,12.670505811135914,337.8200873186404,12.670505811135914,0.4958728999918094,PASS
SCHO_NSF,F14,30,1029,4025430,30,500,2,-65.536000000000001,65.536000000000001,1.0,1.9920309002270387,15.999537865751927,1.9920309002270387,0.48016289999941364,PASS
SCHO_NSF,F14,29,1028,4025429,30,500,2,-65.536000000000001,65.536000000000001,1.0,1.9920309002223369,2.3576554955050417,1.9920309002223369,0.5011814999888884,PASS
SCHO_NSF,F15,1,1000,4025501,30,500,4,-5,5,0.0003,0.00034911845774558833,0.30191456608898665,0.00034911845774558833,0.3911853000026895,PASS
SCHO_NSF,F15,4,1003,4025504,30,500,4,-5,5,0.0003,0.0004149977942673923,0.1609090192272938,0.0004149977942673923,0.3823770000017248,PASS
SCHO_NSF,F15,3,1002,4025503,30,500,4,-5,5,0.0003,0.020364606960028963,0.3644888722730511,0.020364606960028963,0.41414870000153314,PASS
SCHO_NSF,F15,2,1001,4025502,30,500,4,-5,5,0.0003,0.0004235051486487341,1.2717309895536486,0.0004235051486487341,0.43367459998989943,PASS
SCHO_NSF,F15,5,1004,4025505,30,500,4,-5,5,0.0003,0.0004226704309085605,0.12948702495992004,0.0004226704309085605,0.3894287000002805,PASS
SCHO_NSF,F15,6,1005,4025506,30,500,4,-5,5,0.0003,0.0004372470477066378,0.12186464086944875,0.0004372470477066378,0.40803130000131205,PASS
SCHO_NSF,F15,7,1006,4025507,30,500,4,-5,5,0.0003,0.020952938791768738,0.12363760498402297,0.020952938791768738,0.3972253000101773,PASS
SCHO_NSF,F15,8,1007,4025508,30,500,4,-5,5,0.0003,0.00046659017250369933,0.09018764359449179,0.00046659017250369933,0.41187219999847,PASS
SCHO_NSF,F15,9,1008,4025509,30,500,4,-5,5,0.0003,0.020943580814785447,2.2394826617102606,0.020943580814785447,0.35611800001061056,PASS
SCHO_NSF,F15,10,1009,4025510,30,500,4,-5,5,0.0003,0.0885411862627589,0.13877679138861554,0.0885411862627589,0.39262529999541584,PASS
SCHO_NSF,F15,12,1011,4025512,30,500,4,-5,5,0.0003,0.00043987156977226967,0.23498015533649527,0.00043987156977226967,0.35835389999556355,PASS
SCHO_NSF,F15,11,1010,4025511,30,500,4,-5,5,0.0003,0.0007716685574514566,0.03239128528085753,0.0007716685574514566,0.3981406000093557,PASS
SCHO_NSF,F15,13,1012,4025513,30,500,4,-5,5,0.0003,0.020942139673837852,0.1306304824855118,0.020942139673837852,0.38507629999367055,PASS
SCHO_NSF,F15,14,1013,4025514,30,500,4,-5,5,0.0003,0.00030788962915948053,0.1598298890496266,0.00030788962915948053,0.38843389999237843,PASS
SCHO_NSF,F15,15,1014,4025515,30,500,4,-5,5,0.0003,0.0005667402307165191,0.10205617825736528,0.0005667402307165191,0.40847340000618715,PASS
SCHO_NSF,F15,16,1015,4025516,30,500,4,-5,5,0.0003,0.020942387541912966,2.092356457574675,0.020942387541912966,0.41576449999411125,PASS
SCHO_NSF,F15,18,1017,4025518,30,500,4,-5,5,0.0003,0.020364881194563516,0.14977648977909336,0.020364881194563516,0.40966710000066087,PASS
SCHO_NSF,F15,17,1016,4025517,30,500,4,-5,5,0.0003,0.0005766596059323891,0.2605680364275185,0.0005766596059323891,0.4365667000092799,PASS
SCHO_NSF,F15,19,1018,4025519,30,500,4,-5,5,0.0003,0.020364269281695848,0.1985628632680977,0.020364269281695848,0.403738400011207,PASS
SCHO_NSF,F15,20,1019,4025520,30,500,4,-5,5,0.0003,0.0004286211097888794,0.1359115073620081,0.0004286211097888794,0.3970042000000831,PASS
SCHO_NSF,F15,21,1020,4025521,30,500,4,-5,5,0.0003,0.020363837003474272,0.4954470688391197,0.020363837003474272,0.41916970000602305,PASS
SCHO_NSF,F15,23,1022,4025523,30,500,4,-5,5,0.0003,0.000447060633147929,0.29407409982959576,0.000447060633147929,0.4197699000069406,PASS
SCHO_NSF,F15,22,1021,4025522,30,500,4,-5,5,0.0003,0.00032475876991980366,0.5524050984541609,0.00032475876991980366,0.4502083999977913,PASS
SCHO_NSF,F15,24,1023,4025524,30,500,4,-5,5,0.0003,0.020363535871578547,0.298411205199563,0.020363535871578547,0.4803649000095902,PASS
SCHO_NSF,F15,26,1025,4025526,30,500,4,-5,5,0.0003,0.000308371096254722,0.2996859951874783,0.000308371096254722,0.39724520000163466,PASS
SCHO_NSF,F15,27,1026,4025527,30,500,4,-5,5,0.0003,0.0005407841153342732,0.08376195205332174,0.0005407841153342732,0.3834498999931384,PASS
SCHO_NSF,F15,25,1024,4025525,30,500,4,-5,5,0.0003,0.00034616259073553,0.054825133501047195,0.00034616259073553,0.4453125,PASS
SCHO_NSF,F15,28,1027,4025528,30,500,4,-5,5,0.0003,0.0003471841168064679,0.03968409975464774,0.0003471841168064679,0.4039984999981243,PASS
SCHO_NSF,F16,1,1000,4025601,30,500,2,-5,5,-1.0316,-1.0316284215197284,2.181179457071373,-1.0316284215197284,0.20867560000624508,PASS
SCHO_NSF,F16,2,1001,4025602,30,500,2,-5,5,-1.0316,-1.0316284425385827,-0.027012733357646004,-1.0316284425385827,0.24725929999840446,PASS
SCHO_NSF,F15,29,1028,4025529,30,500,4,-5,5,0.0003,0.02036357139209765,0.08098779060507648,0.02036357139209765,0.3866712000017287,PASS
SCHO_NSF,F16,3,1002,4025603,30,500,2,-5,5,-1.0316,-1.0316284371014652,0.7607607404739891,-1.0316284371014652,0.18239889999676961,PASS
SCHO_NSF,F15,30,1029,4025530,30,500,4,-5,5,0.0003,0.02094696066004528,0.14413165160408462,0.02094696066004528,0.43014189999666996,PASS
SCHO_NSF,F16,4,1003,4025604,30,500,2,-5,5,-1.0316,-1.031628439193525,-0.39997849461446167,-1.031628439193525,0.18620609999925364,PASS
SCHO_NSF,F16,5,1004,4025605,30,500,2,-5,5,-1.0316,-1.0316284531448396,-0.170143036311162,-1.0316284531448396,0.17034460000286344,PASS
SCHO_NSF,F16,6,1005,4025606,30,500,2,-5,5,-1.0316,-1.0316284352747076,-0.9735315253417971,-1.0316284352747076,0.16785509999317583,PASS
SCHO_NSF,F16,9,1008,4025609,30,500,2,-5,5,-1.0316,-1.0316284495518262,2.3278539991551703,-1.0316284495518262,0.2161779000016395,PASS
SCHO_NSF,F16,10,1009,4025610,30,500,2,-5,5,-1.0316,-1.0316284348764966,1.0848751489960493,-1.0316284348764966,0.20986529999936465,PASS
SCHO_NSF,F16,8,1007,4025608,30,500,2,-5,5,-1.0316,-1.031628396148029,-0.24021923047679472,-1.031628396148029,0.24083860000246204,PASS
SCHO_NSF,F16,7,1006,4025607,30,500,2,-5,5,-1.0316,-1.0316284373298308,-0.20638118856745086,-1.0316284373298308,0.24814039999910165,PASS
SCHO_NSF,F16,12,1011,4025612,30,500,2,-5,5,-1.0316,-1.0316283555651191,-1.0303686554309606,-1.0316283555651191,0.18949579999025445,PASS
SCHO_NSF,F16,11,1010,4025611,30,500,2,-5,5,-1.0316,-1.031628444449567,2.3611245635192675,-1.031628444449567,0.19416640000417829,PASS
SCHO_NSF,F16,14,1013,4025614,30,500,2,-5,5,-1.0316,-1.0316283984968253,-0.8050538505238225,-1.0316283984968253,0.2163672000024235,PASS
SCHO_NSF,F16,13,1012,4025613,30,500,2,-5,5,-1.0316,-1.0316284287149977,1.5398855373431712,-1.0316284287149977,0.2250798000022769,PASS
SCHO_NSF,F16,15,1014,4025615,30,500,2,-5,5,-1.0316,-1.0316284290342035,0.23957312171001172,-1.0316284290342035,0.2107250999979442,PASS
SCHO_NSF,F16,17,1016,4025617,30,500,2,-5,5,-1.0316,-1.0316284464558958,0.9570585820096484,-1.0316284464558958,0.2077566000079969,PASS
SCHO_NSF,F16,18,1017,4025618,30,500,2,-5,5,-1.0316,-1.03162838068034,1.6470124840433833,-1.03162838068034,0.19969779999519233,PASS
SCHO_NSF,F16,16,1015,4025616,30,500,2,-5,5,-1.0316,-1.0316284472064068,0.7787012712336405,-1.0316284472064068,0.21706680000352208,PASS
SCHO_NSF,F16,20,1019,4025620,30,500,2,-5,5,-1.0316,-1.0316283787547529,-0.9362291745164019,-1.0316283787547529,0.1893539000011515,PASS
SCHO_NSF,F16,19,1018,4025619,30,500,2,-5,5,-1.0316,-1.0316284046791273,0.7878546115016152,-1.0316284046791273,0.20187619999342132,PASS
SCHO_NSF,F16,21,1020,4025621,30,500,2,-5,5,-1.0316,-1.0316284128830773,0.6778025610508492,-1.0316284128830773,0.1894616999925347,PASS
SCHO_NSF,F16,22,1021,4025622,30,500,2,-5,5,-1.0316,-1.0316284528948594,1.5766615624712603,-1.0316284528948594,0.1929524000006495,PASS
SCHO_NSF,F16,23,1022,4025623,30,500,2,-5,5,-1.0316,-1.031628433241261,1.3326463850849646,-1.031628433241261,0.21191289999114815,PASS
SCHO_NSF,F16,24,1023,4025624,30,500,2,-5,5,-1.0316,-1.031628299704665,2.6557067430875065,-1.031628299704665,0.21196040000359062,PASS
SCHO_NSF,F16,25,1024,4025625,30,500,2,-5,5,-1.0316,-1.0316284252252625,2.429026067201413,-1.0316284252252625,0.21675140000297688,PASS
SCHO_NSF,F16,26,1025,4025626,30,500,2,-5,5,-1.0316,-1.0316284299849394,21.49073996804959,-1.0316284299849394,0.2190897000109544,PASS
SCHO_NSF,F16,28,1027,4025628,30,500,2,-5,5,-1.0316,-1.0316284503859527,0.6076326090253817,-1.0316284503859527,0.17849249999562744,PASS
SCHO_NSF,F16,27,1026,4025627,30,500,2,-5,5,-1.0316,-1.031628451108203,-0.1512971369952485,-1.031628451108203,0.18962659999669995,PASS
SCHO_NSF,F16,30,1029,4025630,30,500,2,-5,5,-1.0316,-1.0316284520066357,2.6013826494536425,-1.0316284520066357,0.17333200000575744,PASS
SCHO_NSF,F16,29,1028,4025629,30,500,2,-5,5,-1.0316,-1.031628437511188,-0.12993145689296656,-1.031628437511188,0.18326160000287928,PASS
SCHO_NSF,F17,2,1001,4025702,30,500,2,-5;0,10;15,0.397887,0.397888318444501,1.2443773973881989,0.397888318444501,0.21549450000748038,PASS
SCHO_NSF,F17,3,1002,4025703,30,500,2,-5;0,10;15,0.397887,0.39788762345099293,0.5710175662180976,0.39788762345099293,0.21726699999999255,PASS
SCHO_NSF,F17,1,1000,4025701,30,500,2,-5;0,10;15,0.397887,0.39788781361163394,1.0638829597342436,0.39788781361163394,0.25750830001197755,PASS
SCHO_NSF,F17,4,1003,4025704,30,500,2,-5;0,10;15,0.397887,0.3978884493612078,2.6652672686497105,0.3978884493612078,0.23641139999381267,PASS
SCHO_NSF,F17,6,1005,4025706,30,500,2,-5;0,10;15,0.397887,0.3978889127290888,0.7328401017256851,0.3978889127290888,0.19092839999939315,PASS
SCHO_NSF,F17,5,1004,4025705,30,500,2,-5;0,10;15,0.397887,0.39789265889437253,0.7300291394205143,0.39789265889437253,0.20603989998926409,PASS
SCHO_NSF,F17,7,1006,4025707,30,500,2,-5;0,10;15,0.397887,0.3978880436673595,1.0302901000661695,0.3978880436673595,0.1907223000016529,PASS
SCHO_NSF,F17,8,1007,4025708,30,500,2,-5;0,10;15,0.397887,0.39788758169646066,0.8184767311208248,0.39788758169646066,0.20170459999644663,PASS
SCHO_NSF,F17,10,1009,4025710,30,500,2,-5;0,10;15,0.397887,0.39788817797287557,3.966514797561688,0.39788817797287557,0.2161121999961324,PASS
SCHO_NSF,F17,11,1010,4025711,30,500,2,-5;0,10;15,0.397887,0.397887664342937,0.9236150306333499,0.397887664342937,0.2138898999983212,PASS
SCHO_NSF,F17,9,1008,4025709,30,500,2,-5;0,10;15,0.397887,0.3978881055830943,1.6574038437894387,0.3978881055830943,0.23487269999168348,PASS
SCHO_NSF,F17,12,1011,4025712,30,500,2,-5;0,10;15,0.397887,0.39788782489761765,4.005505020167275,0.39788782489761765,0.23104900000907946,PASS
SCHO_NSF,F17,15,1014,4025715,30,500,2,-5;0,10;15,0.397887,0.3978924532233101,0.5699043454949582,0.3978924532233101,0.1851386999915121,PASS
SCHO_NSF,F17,13,1012,4025713,30,500,2,-5;0,10;15,0.397887,0.3978946833269621,0.653014811080423,0.3978946833269621,0.2044263999996474,PASS
SCHO_NSF,F17,14,1013,4025714,30,500,2,-5;0,10;15,0.397887,0.39788925357636096,1.2794390638585824,0.39788925357636096,0.1958262999978615,PASS
SCHO_NSF,F17,16,1015,4025716,30,500,2,-5;0,10;15,0.397887,0.3978888938836942,0.5472008050952475,0.3978888938836942,0.1805711000051815,PASS
SCHO_NSF,F17,18,1017,4025718,30,500,2,-5;0,10;15,0.397887,0.3978877162358998,1.6377791627432448,0.3978877162358998,0.21429980000539217,PASS
SCHO_NSF,F17,19,1018,4025719,30,500,2,-5;0,10;15,0.397887,0.3978875014612129,1.8190149992010163,0.3978875014612129,0.21886219999578316,PASS
SCHO_NSF,F17,17,1016,4025717,30,500,2,-5;0,10;15,0.397887,0.39788745375809853,1.9307324415435367,0.39788745375809853,0.22800160000042524,PASS
SCHO_NSF,F17,20,1019,4025720,30,500,2,-5;0,10;15,0.397887,0.3978884636303288,0.4636423262601532,0.3978884636303288,0.2234974000020884,PASS
SCHO_NSF,F17,21,1020,4025721,30,500,2,-5;0,10;15,0.397887,0.3978897060712985,2.247938566819121,0.3978897060712985,0.18635190000350121,PASS
SCHO_NSF,F17,24,1023,4025724,30,500,2,-5;0,10;15,0.397887,0.397887877633881,14.151514125962425,0.397887877633881,0.18151369999395683,PASS
SCHO_NSF,F17,22,1021,4025722,30,500,2,-5;0,10;15,0.397887,0.39789550260796425,1.8216716190815827,0.39789550260796425,0.2054748000082327,PASS
SCHO_NSF,F17,23,1022,4025723,30,500,2,-5;0,10;15,0.397887,0.3978876112562695,0.615174882056257,0.3978876112562695,0.20712430001003668,PASS
SCHO_NSF,F17,26,1025,4025726,30,500,2,-5;0,10;15,0.397887,0.39788792347900426,3.889306158017198,0.39788792347900426,0.20789190000505187,PASS
SCHO_NSF,F17,25,1024,4025725,30,500,2,-5;0,10;15,0.397887,0.3978873909919489,1.6869208412063283,0.3978873909919489,0.2157912000111537,PASS
SCHO_NSF,F17,27,1026,4025727,30,500,2,-5;0,10;15,0.397887,0.3978887744240325,1.0566819945015116,0.3978887744240325,0.21807010000338778,PASS
SCHO_NSF,F17,28,1027,4025728,30,500,2,-5;0,10;15,0.397887,0.39788759926183737,2.9510390763983754,0.39788759926183737,0.22318420000374317,PASS
SCHO_NSF,F17,29,1028,4025729,30,500,2,-5;0,10;15,0.397887,0.39789532995420096,2.4485590920128137,0.39789532995420096,0.2033340999914799,PASS
SCHO_NSF,F17,30,1029,4025730,30,500,2,-5;0,10;15,0.397887,0.39788806794572373,0.47798940625165187,0.39788806794572373,0.20952129999932367,PASS
SCHO_NSF,F18,1,1000,4025801,30,500,2,-2,2,3.0,3.0000022988778055,81.38562380070489,3.0000022988778055,0.2057658999983687,PASS
SCHO_NSF,F18,2,1001,4025802,30,500,2,-2,2,3.0,27.55740406814445,30.688673464406033,27.55740406814445,0.22135900000284892,PASS
SCHO_NSF,F18,3,1002,4025803,30,500,2,-2,2,3.0,3.00000468817846,34.965342142586636,3.00000468817846,0.22541679999267217,PASS
SCHO_NSF,F18,4,1003,4025804,30,500,2,-2,2,3.0,3.0000034958222677,93.48619771902435,3.0000034958222677,0.22741490000043996,PASS
SCHO_NSF,F18,6,1005,4025806,30,500,2,-2,2,3.0,3.0000001258761224,60.063618491605254,3.0000001258761224,0.23251370000070892,PASS
SCHO_NSF,F18,5,1004,4025805,30,500,2,-2,2,3.0,3.00000318743583,50.082085355619114,3.00000318743583,0.2521359999955166,PASS
SCHO_NSF,F18,8,1007,4025808,30,500,2,-2,2,3.0,3.000001313868441,64.59830186416433,3.000001313868441,0.20727590000024065,PASS
SCHO_NSF,F18,7,1006,4025807,30,500,2,-2,2,3.0,3.0000031002946557,5.7914370508281126,3.0000031002946557,0.2209275999921374,PASS
SCHO_NSF,F18,9,1008,4025809,30,500,2,-2,2,3.0,3.000008488276878,25.521419373542102,3.000008488276878,0.19306070001039188,PASS
SCHO_NSF,F18,10,1009,4025810,30,500,2,-2,2,3.0,3.0000031072959357,3.5313798537296646,3.0000031072959357,0.19709729999885894,PASS
SCHO_NSF,F18,11,1010,4025811,30,500,2,-2,2,3.0,3.0000015250260486,88.7536597773862,3.0000015250260486,0.21711840000352822,PASS
SCHO_NSF,F18,12,1011,4025812,30,500,2,-2,2,3.0,3.0000098253113054,39.964935115530984,3.0000098253113054,0.22310089999518823,PASS
SCHO_NSF,F18,14,1013,4025814,30,500,2,-2,2,3.0,3.0000013112365167,13.07568843364808,3.0000013112365167,0.23173939999833237,PASS
SCHO_NSF,F18,13,1012,4025813,30,500,2,-2,2,3.0,3.0000029415981766,9.426190913628409,3.0000029415981766,0.23262589999649208,PASS
SCHO_NSF,F18,15,1014,4025815,30,500,2,-2,2,3.0,3.0000045987208903,21.8168014034403,3.0000045987208903,0.21542649999901187,PASS
SCHO_NSF,F18,16,1015,4025816,30,500,2,-2,2,3.0,3.0000007239842525,329.91156437221537,3.0000007239842525,0.1985729000007268,PASS
SCHO_NSF,F18,17,1016,4025817,30,500,2,-2,2,3.0,3.0000032665218566,91.84738429723461,3.0000032665218566,0.20416419999673963,PASS
SCHO_NSF,F18,18,1017,4025818,30,500,2,-2,2,3.0,3.7891861523413173,195.47673454838912,3.7891861523413173,0.2121601999970153,PASS
SCHO_NSF,F18,20,1019,4025820,30,500,2,-2,2,3.0,18.319909141153293,273.7028443942355,18.319909141153293,0.24335730000166222,PASS
SCHO_NSF,F18,19,1018,4025819,30,500,2,-2,2,3.0,3.000005551406713,10.909611757157371,3.000005551406713,0.2583524999936344,PASS
SCHO_NSF,F18,21,1020,4025821,30,500,2,-2,2,3.0,92.03450038773764,317.38163063086415,92.03450038773764,0.2510548000136623,PASS
SCHO_NSF,F18,22,1021,4025822,30,500,2,-2,2,3.0,3.0000096286698756,66.7727554338801,3.0000096286698756,0.26462989998981357,PASS
SCHO_NSF,F18,23,1022,4025823,30,500,2,-2,2,3.0,20.059333551151294,77.76899365473201,20.059333551151294,0.23140840000996832,PASS
SCHO_NSF,F18,24,1023,4025824,30,500,2,-2,2,3.0,30.000003915635205,35.89485466192964,30.000003915635205,0.23713380000845063,PASS
SCHO_NSF,F18,25,1024,4025825,30,500,2,-2,2,3.0,3.0000104680838975,77.76507019353373,3.0000104680838975,0.2419312000129139,PASS
SCHO_NSF,F18,26,1025,4025826,30,500,2,-2,2,3.0,3.00000124009563,52.45697833328407,3.00000124009563,0.232392300007632,PASS
SCHO_NSF,F18,29,1028,4025829,30,500,2,-2,2,3.0,6.1528237990458265,45.603141869610994,6.1528237990458265,0.21020649999263696,PASS
SCHO_NSF,F18,27,1026,4025827,30,500,2,-2,2,3.0,3.000000837597007,64.85636849106568,3.000000837597007,0.2371240999927977,PASS
SCHO_NSF,F18,28,1027,4025828,30,500,2,-2,2,3.0,3.0000016092644604,18.92539432381692,3.0000016092644604,0.23284939999575727,PASS
SCHO_NSF,F18,30,1029,4025830,30,500,2,-2,2,3.0,3.0000147905079046,9.657899738468323,3.0000147905079046,0.2339374000002863,PASS
SCHO_NSF,F19,4,1003,4025904,30,500,3,0,1,-3.8628,-3.86277402167619,-3.1461542137665415,-3.86277402167619,0.49701370000548195,PASS
SCHO_NSF,F19,3,1002,4025903,30,500,3,0,1,-3.8628,-3.8627788463918717,-3.725083575446613,-3.8627788463918717,0.531273800006602,PASS
SCHO_NSF,F19,1,1000,4025901,30,500,3,0,1,-3.8628,-3.862775399778593,-2.8152364689429965,-3.862775399778593,0.5647191999887582,PASS
SCHO_NSF,F19,2,1001,4025902,30,500,3,0,1,-3.8628,-3.8551156279111636,-3.0010573399050178,-3.8551156279111636,0.5720237000059569,PASS
SCHO_NSF,F19,7,1006,4025907,30,500,3,0,1,-3.8628,-3.862778199358774,-3.5365431240230087,-3.862778199358774,0.5798467999993591,PASS
SCHO_NSF,F19,6,1005,4025906,30,500,3,0,1,-3.8628,-3.862766371907922,-3.5964528439046646,-3.862766371907922,0.5910912999970606,PASS
SCHO_NSF,F19,5,1004,4025905,30,500,3,0,1,-3.8628,-3.8627619430686444,-3.639512885449389,-3.8627619430686444,0.6068540999985998,PASS
SCHO_NSF,F19,8,1007,4025908,30,500,3,0,1,-3.8628,-3.8627717120962144,-3.371709865860915,-3.8627717120962144,0.601273799999035,PASS
SCHO_NSF,F19,12,1011,4025912,30,500,3,0,1,-3.8628,-3.8627394847100143,-3.4451524449101667,-3.8627394847100143,0.5520697000029031,PASS
SCHO_NSF,F19,9,1008,4025909,30,500,3,0,1,-3.8628,-3.8627747479133347,-2.3770187007264147,-3.8627747479133347,0.5750737999915145,PASS
SCHO_NSF,F19,10,1009,4025910,30,500,3,0,1,-3.8628,-3.8627764660600676,-3.6842803474191888,-3.8627764660600676,0.5726117000012891,PASS
SCHO_NSF,F19,11,1010,4025911,30,500,3,0,1,-3.8628,-3.8627647493221007,-3.3317115223347478,-3.8627647493221007,0.5952044000005117,PASS
SCHO_NSF,F19,16,1015,4025916,30,500,3,0,1,-3.8628,-3.8627784053826364,-3.3706466472251426,-3.8627784053826364,0.554395499988459,PASS
SCHO_NSF,F19,13,1012,4025913,30,500,3,0,1,-3.8628,-3.8627796592277917,-3.635871471826206,-3.8627796592277917,0.5983988999942085,PASS
SCHO_NSF,F19,15,1014,4025915,30,500,3,0,1,-3.8628,-3.862776784763687,-3.0661071327576335,-3.862776784763687,0.5971920999872964,PASS
SCHO_NSF,F19,14,1013,4025914,30,500,3,0,1,-3.8628,-3.8627695321675475,-2.7738840559770095,-3.8627695321675475,0.6148261999915121,PASS
SCHO_NSF,F19,18,1017,4025918,30,500,3,0,1,-3.8628,-3.862777456512618,-3.529350907698285,-3.862777456512618,0.5702428000076907,PASS
SCHO_NSF,F19,19,1018,4025919,30,500,3,0,1,-3.8628,-3.862776644015735,-3.399138298593093,-3.862776644015735,0.5432085000065854,PASS
SCHO_NSF,F19,17,1016,4025917,30,500,3,0,1,-3.8628,-3.8627528788657592,-2.5942404342513865,-3.8627528788657592,0.591238599998178,PASS
SCHO_NSF,F19,20,1019,4025920,30,500,3,0,1,-3.8628,-3.8627772471450568,-2.937918383007861,-3.8627772471450568,0.5703861000074539,PASS
SCHO_NSF,F19,21,1020,4025921,30,500,3,0,1,-3.8628,-3.862771793698636,-2.5311476977977185,-3.862771793698636,0.5773322000022745,PASS
SCHO_NSF,F19,23,1022,4025923,30,500,3,0,1,-3.8628,-3.862777496501058,-3.2132895898117337,-3.862777496501058,0.5559789999970235,PASS
SCHO_NSF,F19,22,1021,4025922,30,500,3,0,1,-3.8628,-3.862778472412812,-3.757311537153646,-3.862778472412812,0.569438699996681,PASS
SCHO_NSF,F19,24,1023,4025924,30,500,3,0,1,-3.8628,-3.8627770750134314,-3.0648914677945323,-3.8627770750134314,0.5807904999965103,PASS
SCHO_NSF,F19,25,1024,4025925,30,500,3,0,1,-3.8628,-3.8627685589097402,-3.2314525429469114,-3.8627685589097402,0.5552534000016749,PASS
SCHO_NSF,F19,28,1027,4025928,30,500,3,0,1,-3.8628,-3.8627777211055063,-3.0773264067719293,-3.8627777211055063,0.5282638000062434,PASS
SCHO_NSF,F19,27,1026,4025927,30,500,3,0,1,-3.8628,-3.862762760491351,-2.8590384198361467,-3.862762760491351,0.5750647999957437,PASS
SCHO_NSF,F19,26,1025,4025926,30,500,3,0,1,-3.8628,-3.8627696392737096,-2.924795237972474,-3.8627696392737096,0.58946350000042,PASS
SCHO_NSF,F19,30,1029,4025930,30,500,3,0,1,-3.8628,-3.8627730735632,-3.661052938270577,-3.8627730735632,0.5461773999995785,PASS
SCHO_NSF,F19,29,1028,4025929,30,500,3,0,1,-3.8628,-3.8627704245110364,-2.805569559471893,-3.8627704245110364,0.562543399995775,PASS
SCHO_NSF,F20,1,1000,4026001,30,500,6,0,1,-3.322,-3.3222515468007576,-1.719657427599971,-3.3222515468007576,0.7001751999923727,PASS
SCHO_NSF,F20,2,1001,4026002,30,500,6,0,1,-3.322,-3.3220623274691112,-2.366607712192178,-3.3220623274691112,0.6908136000129161,PASS
SCHO_NSF,F20,3,1002,4026003,30,500,6,0,1,-3.322,-3.20296323699623,-2.639546222318051,-3.20296323699623,0.6836034000007203,PASS
SCHO_NSF,F20,4,1003,4026004,30,500,6,0,1,-3.322,-3.3220388286250357,-1.4156844025488817,-3.3220388286250357,0.7104025000007823,PASS
SCHO_NSF,F20,6,1005,4026006,30,500,6,0,1,-3.322,-3.20309976184209,-0.9891623935739681,-3.20309976184209,0.6683132000034675,PASS
SCHO_NSF,F20,5,1004,4026005,30,500,6,0,1,-3.322,-3.321992102172734,-1.546975718287114,-3.321992102172734,0.7334304999967571,PASS
SCHO_NSF,F20,8,1007,4026008,30,500,6,0,1,-3.322,-3.3214874069859035,-1.1897588416913751,-3.3214874069859035,0.7109340000024531,PASS
SCHO_NSF,F20,7,1006,4026007,30,500,6,0,1,-3.322,-3.321976400997976,-1.3524600207773423,-3.321976400997976,0.7407745000091381,PASS
SCHO_NSF,F20,9,1008,4026009,30,500,6,0,1,-3.322,-3.2029607556999835,-2.5573730477528325,-3.2029607556999835,0.7408868999918923,PASS
SCHO_NSF,F20,10,1009,4026010,30,500,6,0,1,-3.322,-3.202945400252002,-1.5097145340696625,-3.202945400252002,0.7663260000117589,PASS
SCHO_NSF,F20,12,1011,4026012,30,500,6,0,1,-3.322,-3.2029719232494127,-1.3334487205410632,-3.2029719232494127,0.6552297000016551,PASS
SCHO_NSF,F20,11,1010,4026011,30,500,6,0,1,-3.322,-3.3221926244588094,-0.6291784544978798,-3.3221926244588094,0.6765532999997959,PASS
SCHO_NSF,F20,13,1012,4026013,30,500,6,0,1,-3.322,-3.3219822051518646,-1.0595512897021777,-3.3219822051518646,0.6530148000019835,PASS
SCHO_NSF,F20,14,1013,4026014,30,500,6,0,1,-3.322,-3.203040316960902,-1.8745849243144121,-3.203040316960902,0.6551827999937814,PASS
SCHO_NSF,F20,15,1014,4026015,30,500,6,0,1,-3.322,-3.2029639035435276,-2.443957038960648,-3.2029639035435276,0.6965817000018433,PASS
SCHO_NSF,F20,16,1015,4026016,30,500,6,0,1,-3.322,-3.3221965756296874,-1.42589448097107,-3.3221965756296874,0.7086411000054795,PASS
SCHO_NSF,F20,17,1016,4026017,30,500,6,0,1,-3.322,-3.3220284636615864,-0.7707250057888351,-3.3220284636615864,0.7259821999905398,PASS
SCHO_NSF,F20,18,1017,4026018,30,500,6,0,1,-3.322,-3.3220563294923324,-1.2806836046999825,-3.3220563294923324,0.7304145999951288,PASS
SCHO_NSF,F20,19,1018,4026019,30,500,6,0,1,-3.322,-3.3219019257116558,-1.6501266361374602,-3.3219019257116558,0.6981172999949194,PASS
SCHO_NSF,F20,22,1021,4026022,30,500,6,0,1,-3.322,-3.322106588384362,-1.9643777697330147,-3.322106588384362,0.6911101000005146,PASS
SCHO_NSF,F20,21,1020,4026021,30,500,6,0,1,-3.322,-3.3221914324597828,-1.3182646272649436,-3.3221914324597828,0.7066857000027085,PASS
SCHO_NSF,F20,20,1019,4026020,30,500,6,0,1,-3.322,-3.3220836596119017,-1.1694872668654595,-3.3220836596119017,0.7314776999992318,PASS
SCHO_NSF,F20,23,1022,4026023,30,500,6,0,1,-3.322,-3.202806450898171,-0.8292420221596318,-3.202806450898171,0.6695540999935474,PASS
SCHO_NSF,F20,24,1023,4026024,30,500,6,0,1,-3.322,-3.0767613506480807,-1.66295644462256,-3.0767613506480807,0.6919909999996889,PASS
SCHO_NSF,F20,26,1025,4026026,30,500,6,0,1,-3.322,-3.322138770850335,-1.6523507833992392,-3.322138770850335,0.739458600000944,PASS
SCHO_NSF,F20,25,1024,4026025,30,500,6,0,1,-3.322,-3.322111788092632,-0.9695628721775759,-3.322111788092632,0.7434603000001516,PASS
SCHO_NSF,F20,27,1026,4026027,30,500,6,0,1,-3.322,-3.2030389446076994,-2.2223661928383214,-3.2030389446076994,0.6959865999961039,PASS
SCHO_NSF,F20,28,1027,4026028,30,500,6,0,1,-3.322,-3.32198325260951,-0.7602290577530897,-3.32198325260951,0.685499900006107,PASS
SCHO_NSF,F20,30,1029,4026030,30,500,6,0,1,-3.322,-3.3218942592480207,-1.358077861654103,-3.3218942592480207,0.6417284999915864,PASS
SCHO_NSF,F20,29,1028,4026029,30,500,6,0,1,-3.322,-3.3221395607541173,-1.1782094607932692,-3.3221395607541173,0.6695253999932902,PASS
SCHO_NSF,F21,1,1000,4026101,30,500,4,0,10,-10.1532,-10.147050798342175,-0.7856612453746614,-10.147050798342175,0.6068047000007937,PASS
SCHO_NSF,F21,3,1002,4026103,30,500,4,0,10,-10.1532,-5.054965550225084,-0.7458813166548436,-5.054965550225084,0.6300534000038169,PASS
SCHO_NSF,F21,2,1001,4026102,30,500,4,0,10,-10.1532,-5.099564425236979,-0.255284514021552,-5.099564425236979,0.6529796000104398,PASS
SCHO_NSF,F21,4,1003,4026104,30,500,4,0,10,-10.1532,-5.090558432511107,-0.3482705863990612,-5.090558432511107,0.6555194999964442,PASS
SCHO_NSF,F21,5,1004,4026105,30,500,4,0,10,-10.1532,-10.131297529750695,-0.42018439611118236,-10.131297529750695,0.5919449000066379,PASS
SCHO_NSF,F21,6,1005,4026106,30,500,4,0,10,-10.1532,-10.144406158752085,-0.5910831778647738,-10.144406158752085,0.5746409999992466,PASS
SCHO_NSF,F21,8,1007,4026108,30,500,4,0,10,-10.1532,-5.055033746669787,-0.5537203015819497,-5.055033746669787,0.5637828999897465,PASS
SCHO_NSF,F21,7,1006,4026107,30,500,4,0,10,-10.1532,-10.132057721336432,-0.42913328296464676,-10.132057721336432,0.5873894999967888,PASS
SCHO_NSF,F21,9,1008,4026109,30,500,4,0,10,-10.1532,-10.15307521194154,-0.3954824691564748,-10.15307521194154,0.5837542999943253,PASS
SCHO_NSF,F21,12,1011,4026112,30,500,4,0,10,-10.1532,-10.150341851127596,-0.42577067910792477,-10.150341851127596,0.562785400004941,PASS
SCHO_NSF,F21,10,1009,4026110,30,500,4,0,10,-10.1532,-10.13647228650159,-0.3873214329929367,-10.13647228650159,0.6352576000062982,PASS
SCHO_NSF,F21,11,1010,4026111,30,500,4,0,10,-10.1532,-10.150015516146818,-0.3122489822002593,-10.150015516146818,0.6438355999998748,PASS
SCHO_NSF,F21,14,1013,4026114,30,500,4,0,10,-10.1532,-10.149594981619266,-0.4533003470413142,-10.149594981619266,0.5361391999904299,PASS
SCHO_NSF,F21,13,1012,4026113,30,500,4,0,10,-10.1532,-10.152841713163676,-0.5398028645395757,-10.152841713163676,0.5912672000122257,PASS
SCHO_NSF,F21,15,1014,4026115,30,500,4,0,10,-10.1532,-10.133912186656078,-0.3593500916460118,-10.133912186656078,0.5653787000046577,PASS
SCHO_NSF,F21,16,1015,4026116,30,500,4,0,10,-10.1532,-10.134986653357934,-0.5643107717396479,-10.134986653357934,0.556519899997511,PASS
SCHO_NSF,F21,18,1017,4026118,30,500,4,0,10,-10.1532,-5.100312155184785,-0.3187300785834754,-5.100312155184785,0.5740910000022268,PASS
SCHO_NSF,F21,17,1016,4026117,30,500,4,0,10,-10.1532,-10.1415183275605,-1.3126153292827127,-10.1415183275605,0.5890078999946127,PASS
SCHO_NSF,F21,20,1019,4026120,30,500,4,0,10,-10.1532,-5.098144691711184,-0.556094779406882,-5.098144691711184,0.5725308999972185,PASS
SCHO_NSF,F21,19,1018,4026119,30,500,4,0,10,-10.1532,-10.11883650604753,-0.4201398663247763,-10.11883650604753,0.5831635999929858,PASS
SCHO_NSF,F21,23,1022,4026123,30,500,4,0,10,-10.1532,-5.086238634554027,-0.5751988255431095,-5.086238634554027,0.5772996000014246,PASS
SCHO_NSF,F21,21,1020,4026121,30,500,4,0,10,-10.1532,-10.148130698233526,-0.39892324222710235,-10.148130698233526,0.5838260999880731,PASS
SCHO_NSF,F21,24,1023,4026124,30,500,4,0,10,-10.1532,-10.148534949460728,-0.36248300442977327,-10.148534949460728,0.5735171000123955,PASS
SCHO_NSF,F21,22,1021,4026122,30,500,4,0,10,-10.1532,-10.133595129026519,-0.8124729051033841,-10.133595129026519,0.6002309000032255,PASS
SCHO_NSF,F21,25,1024,4026125,30,500,4,0,10,-10.1532,-10.152737993166348,-0.4078383896375593,-10.152737993166348,0.695613299991237,PASS
SCHO_NSF,F21,27,1026,4026127,30,500,4,0,10,-10.1532,-10.131846447445632,-0.29612421486392365,-10.131846447445632,0.6951934000098845,PASS
SCHO_NSF,F21,28,1027,4026128,30,500,4,0,10,-10.1532,-10.12242325023119,-0.3986533020007952,-10.12242325023119,0.6986994000035338,PASS
SCHO_NSF,F21,26,1025,4026126,30,500,4,0,10,-10.1532,-10.153179590406182,-0.3234823818806821,-10.153179590406182,0.7232482999970671,PASS
SCHO_NSF,F21,30,1029,4026130,30,500,4,0,10,-10.1532,-5.055021937396364,-0.36908201859372297,-5.055021937396364,0.6420167000032961,PASS
SCHO_NSF,F21,29,1028,4026129,30,500,4,0,10,-10.1532,-10.144544471165261,-0.3985356486821531,-10.144544471165261,0.6582733999966877,PASS
SCHO_NSF,F22,1,1000,4026201,30,500,4,0,10,-10.4028,-10.400664077877643,-0.9317573703945224,-10.400664077877643,0.7436278999957722,PASS
SCHO_NSF,F22,2,1001,4026202,30,500,4,0,10,-10.4028,-10.389909252841312,-0.9222716528520395,-10.389909252841312,0.7298385999893071,PASS
SCHO_NSF,F22,3,1002,4026203,30,500,4,0,10,-10.4028,-5.087438659271799,-0.7773340207644487,-5.087438659271799,0.8434555999992881,PASS
SCHO_NSF,F22,5,1004,4026205,30,500,4,0,10,-10.4028,-10.381251028552743,-0.5275828087880526,-10.381251028552743,0.8310534000047483,PASS
SCHO_NSF,F22,4,1003,4026204,30,500,4,0,10,-10.4028,-5.118641487617084,-0.370970802781476,-5.118641487617084,0.8366573000093922,PASS
SCHO_NSF,F22,6,1005,4026206,30,500,4,0,10,-10.4028,-10.394008453014296,-0.6964166048173347,-10.394008453014296,0.8240685000055237,PASS
SCHO_NSF,F22,7,1006,4026207,30,500,4,0,10,-10.4028,-10.400669853676815,-0.4985747392352459,-10.400669853676815,0.7905444000061834,PASS
SCHO_NSF,F22,10,1009,4026210,30,500,4,0,10,-10.4028,-10.401567444785911,-0.5770862732792144,-10.401567444785911,0.7912212999945041,PASS
SCHO_NSF,F22,9,1008,4026209,30,500,4,0,10,-10.4028,-10.402821947400746,-0.49284895953941,-10.402821947400746,0.7971783000102732,PASS
SCHO_NSF,F22,8,1007,4026208,30,500,4,0,10,-10.4028,-5.087519024349813,-0.582643477675555,-5.087519024349813,0.8062684000033187,PASS
SCHO_NSF,F22,11,1010,4026211,30,500,4,0,10,-10.4028,-10.399646828499584,-0.4296436080947541,-10.399646828499584,0.7428609999915352,PASS
SCHO_NSF,F22,14,1013,4026214,30,500,4,0,10,-10.4028,-10.38164178079942,-0.9848094857049149,-10.38164178079942,0.74869029999536,PASS
SCHO_NSF,F22,12,1011,4026212,30,500,4,0,10,-10.4028,-10.402562608178455,-0.5645985806520991,-10.402562608178455,0.7823129999887897,PASS
SCHO_NSF,F22,13,1012,4026213,30,500,4,0,10,-10.4028,-10.402461534902177,-0.6449517732088035,-10.402461534902177,0.7885645999922417,PASS
SCHO_NSF,F22,15,1014,4026215,30,500,4,0,10,-10.4028,-10.384733358137026,-0.4103758613869799,-10.384733358137026,0.7438327999989269,PASS
SCHO_NSF,F22,16,1015,4026216,30,500,4,0,10,-10.4028,-10.39168271278276,-0.6218257843354295,-10.39168271278276,0.7855570999963675,PASS
SCHO_NSF,F22,18,1017,4026218,30,500,4,0,10,-10.4028,-10.40280929136144,-0.44933832522368744,-10.40280929136144,0.7692890000034822,PASS
SCHO_NSF,F22,17,1016,4026217,30,500,4,0,10,-10.4028,-10.391560900730411,-1.5765565707085023,-10.391560900730411,0.7925248999963515,PASS
SCHO_NSF,F22,19,1018,4026219,30,500,4,0,10,-10.4028,-10.401867221467201,-0.5128377893703403,-10.401867221467201,0.758225899990066,PASS
SCHO_NSF,F22,21,1020,4026221,30,500,4,0,10,-10.4028,-10.402393869142351,-1.121161539213936,-10.402393869142351,0.727169399993727,PASS
SCHO_NSF,F22,20,1019,4026220,30,500,4,0,10,-10.4028,-5.126248551014691,-0.5828681600134475,-5.126248551014691,0.7511396000045352,PASS
SCHO_NSF,F22,22,1021,4026222,30,500,4,0,10,-10.4028,-10.38806752211645,-0.9797111395033686,-10.38806752211645,0.7896477000031155,PASS
SCHO_NSF,F22,24,1023,4026224,30,500,4,0,10,-10.4028,-10.395718790295815,-0.46854024723853555,-10.395718790295815,0.653785099988454,PASS
SCHO_NSF,F22,25,1024,4026225,30,500,4,0,10,-10.4028,-10.398679674968397,-0.5048069121336105,-10.398679674968397,0.6808558000047924,PASS
SCHO_NSF,F22,23,1022,4026223,30,500,4,0,10,-10.4028,-5.114202051121284,-0.6086256797700836,-5.114202051121284,0.7421541999938199,PASS
SCHO_NSF,F22,26,1025,4026226,30,500,4,0,10,-10.4028,-5.087622099850181,-0.4813761157500475,-5.087622099850181,0.7048709000082454,PASS
SCHO_NSF,F22,30,1029,4026230,30,500,4,0,10,-10.4028,-10.402816130899184,-0.43985095714117073,-10.402816130899184,0.6864266999909887,PASS
SCHO_NSF,F22,28,1027,4026228,30,500,4,0,10,-10.4028,-10.39641325912726,-0.7157489465814115,-10.39641325912726,0.7215495000127703,PASS
SCHO_NSF,F22,29,1028,4026229,30,500,4,0,10,-10.4028,-10.395951157186834,-0.7171582833042149,-10.395951157186834,0.7328158999880543,PASS
SCHO_NSF,F22,27,1026,4026227,30,500,4,0,10,-10.4028,-10.381905577942105,-0.3899985277776262,-10.381905577942105,0.7438944000023184,PASS
SCHO_NSF,F23,4,1003,4026304,30,500,4,0,10,-10.5363,-10.515340974889424,-0.5565675694250592,-10.515340974889424,0.8544615999999223,PASS
SCHO_NSF,F23,2,1001,4026302,30,500,4,0,10,-10.5363,-10.523352195212478,-1.0008003304569233,-10.523352195212478,0.8901435000007041,PASS
SCHO_NSF,F23,1,1000,4026301,30,500,4,0,10,-10.5363,-10.534059872990436,-1.0238629556348218,-10.534059872990436,0.9215682999929413,PASS
SCHO_NSF,F23,3,1002,4026303,30,500,4,0,10,-10.5363,-5.12822626451271,-0.8164625137143151,-5.12822626451271,0.8872383999987505,PASS
SCHO_NSF,F23,5,1004,4026305,30,500,4,0,10,-10.5363,-10.510870274172262,-0.8454832942164738,-10.510870274172262,0.8540556999942055,PASS
SCHO_NSF,F23,6,1005,4026306,30,500,4,0,10,-10.5363,-10.52733071052911,-0.7414380430410371,-10.52733071052911,0.860209099992062,PASS
SCHO_NSF,F23,8,1007,4026308,30,500,4,0,10,-10.5363,-10.528929302253182,-0.7874801856706389,-10.528929302253182,0.8619336999981897,PASS
SCHO_NSF,F23,7,1006,4026307,30,500,4,0,10,-10.5363,-10.534065745123572,-0.6872915656446693,-10.534065745123572,0.8694580000010319,PASS
SCHO_NSF,F23,10,1009,4026310,30,500,4,0,10,-10.5363,-10.529155438787699,-0.645758260380765,-10.529155438787699,0.7802720000036061,PASS
SCHO_NSF,F23,9,1008,4026309,30,500,4,0,10,-10.5363,-10.536185052565235,-0.5747711898984762,-10.536185052565235,0.822465999997803,PASS
SCHO_NSF,F23,12,1011,4026312,30,500,4,0,10,-10.5363,-10.536005364449432,-0.823786750800087,-10.536005364449432,0.7796445999993011,PASS
SCHO_NSF,F23,11,1010,4026311,30,500,4,0,10,-10.5363,-10.520553831990243,-0.4663841659661791,-10.520553831990243,0.8016646000032779,PASS
SCHO_NSF,F23,13,1012,4026313,30,500,4,0,10,-10.5363,-10.535899837003724,-0.7770502763168828,-10.535899837003724,0.8304206000029808,PASS
SCHO_NSF,F23,14,1013,4026314,30,500,4,0,10,-10.5363,-10.515601750778506,-1.0997090054454173,-10.515601750778506,0.8336658000043826,PASS
SCHO_NSF,F23,15,1014,4026315,30,500,4,0,10,-10.5363,-10.536283367854647,-0.5002675730803412,-10.536283367854647,0.852546699999948,PASS
SCHO_NSF,F23,16,1015,4026316,30,500,4,0,10,-10.5363,-10.532839410354574,-0.9043428755262034,-10.532839410354574,0.877283299996634,PASS
SCHO_NSF,F23,17,1016,4026317,30,500,4,0,10,-10.5363,-10.524429685087908,-1.7597194378362429,-10.524429685087908,0.8336506000050576,PASS
SCHO_NSF,F23,18,1017,4026318,30,500,4,0,10,-10.5363,-10.536271429119774,-0.47569531546084826,-10.536271429119774,0.8070265999995172,PASS
SCHO_NSF,F23,19,1018,4026319,30,500,4,0,10,-10.5363,-10.53528709357135,-0.5736082314038227,-10.53528709357135,0.825126999989152,PASS
SCHO_NSF,F23,20,1019,4026320,30,500,4,0,10,-10.5363,-5.173176100195394,-0.6308786806539844,-5.173176100195394,0.8782442999945488,PASS
SCHO_NSF,F23,21,1020,4026321,30,500,4,0,10,-10.5363,-10.535893496047432,-1.2125486530771716,-10.535893496047432,0.84128399999463,PASS
SCHO_NSF,F23,22,1021,4026322,30,500,4,0,10,-10.5363,-10.521649082187995,-1.0750391172262725,-10.521649082187995,0.8238217999896733,PASS
SCHO_NSF,F23,24,1023,4026324,30,500,4,0,10,-10.5363,-2.870210509617502,-0.7987194079905501,-2.870210509617502,0.83223500000895,PASS
SCHO_NSF,F23,23,1022,4026323,30,500,4,0,10,-10.5363,-10.535746717838325,-0.7229501803676563,-10.535746717838325,0.924629700006335,PASS
SCHO_NSF,F23,25,1024,4026325,30,500,4,0,10,-10.5363,-10.53603945833805,-0.6700425911086935,-10.53603945833805,0.8382955999986734,PASS
SCHO_NSF,F23,27,1026,4026327,30,500,4,0,10,-10.5363,-2.869025826362884,-0.820457114634507,-2.869025826362884,0.8254259000095772,PASS
SCHO_NSF,F23,26,1025,4026326,30,500,4,0,10,-10.5363,-10.531275092439616,-0.6147683017235526,-10.531275092439616,0.8448051000013947,PASS
SCHO_NSF,F23,28,1027,4026328,30,500,4,0,10,-10.5363,-10.524135611635176,-0.8946038920849877,-10.524135611635176,0.8571661999885691,PASS
SCHO_NSF,F23,29,1028,4026329,30,500,4,0,10,-10.5363,-10.529631178651444,-0.8835439811854388,-10.529631178651444,0.8339631999988342,PASS
SCHO_NSF,F23,30,1029,4026330,30,500,4,0,10,-10.5363,-10.536279059188075,-0.5471043607426501,-10.536279059188075,0.8544067999901017,PASS
SCHO_NFF,F1,2,1001,4024102,30,500,30,-100,100,0.0,6.166001667717334e-14,70905.34012781148,6.166001667717334e-14,1.4717728999967221,PASS
SCHO_NFF,F1,1,1000,4024101,30,500,30,-100,100,0.0,1.6541523752105554e-13,67810.20717660758,1.6541523752105554e-13,1.5177063000010094,PASS
SCHO_NFF,F1,3,1002,4024103,30,500,30,-100,100,0.0,2.7814698074229887e-13,71382.05725267014,2.7814698074229887e-13,1.4801327000022866,PASS
SCHO_NFF,F1,4,1003,4024104,30,500,30,-100,100,0.0,2.0533383322315952e-13,71067.53341075269,2.0533383322315952e-13,1.5003109999961453,PASS
SCHO_NFF,F1,6,1005,4024106,30,500,30,-100,100,0.0,6.397716720602863e-14,68827.91056515143,6.397716720602863e-14,1.5088107000046875,PASS
SCHO_NFF,F1,5,1004,4024105,30,500,30,-100,100,0.0,3.3343890255371037e-12,71494.67494006979,3.3343890255371037e-12,1.5456275999895297,PASS
SCHO_NFF,F1,10,1009,4024110,30,500,30,-100,100,0.0,9.522760305611725e-14,68415.51807348001,9.522760305611725e-14,1.5775251000013668,PASS
SCHO_NFF,F1,8,1007,4024108,30,500,30,-100,100,0.0,1.3306203144048193e-12,54060.05645133964,1.3306203144048193e-12,1.5930282000044826,PASS
SCHO_NFF,F1,9,1008,4024109,30,500,30,-100,100,0.0,3.796962934902999e-12,70963.15903282672,3.796962934902999e-12,1.6067005999939283,PASS
SCHO_NFF,F1,7,1006,4024107,30,500,30,-100,100,0.0,1.6777936599246118e-13,70203.2929860324,1.6777936599246118e-13,1.6266882000054466,PASS
SCHO_NFF,F1,11,1010,4024111,30,500,30,-100,100,0.0,7.975662373025824e-16,79775.6397390009,7.975662373025824e-16,1.6499394999991637,PASS
SCHO_NFF,F1,14,1013,4024114,30,500,30,-100,100,0.0,3.3454264742693812e-12,65644.03203813086,3.3454264742693812e-12,1.6701104999956442,PASS
SCHO_NFF,F1,13,1012,4024113,30,500,30,-100,100,0.0,7.368460338554404e-13,68582.22618939156,7.368460338554404e-13,1.7104189999954542,PASS
SCHO_NFF,F1,12,1011,4024112,30,500,30,-100,100,0.0,3.3723732779227195e-16,60211.88868860319,3.3723732779227195e-16,1.7410066000011284,PASS
SCHO_NFF,F1,16,1015,4024116,30,500,30,-100,100,0.0,1.1924291990293826e-13,60965.044173403294,1.1924291990293826e-13,1.5943030000053113,PASS
SCHO_NFF,F1,15,1014,4024115,30,500,30,-100,100,0.0,1.5280718029307832e-13,62548.52364809662,1.5280718029307832e-13,1.6063212999870302,PASS
SCHO_NFF,F1,18,1017,4024118,30,500,30,-100,100,0.0,4.896694778565137e-13,70498.00209305885,4.896694778565137e-13,1.5907337000098778,PASS
SCHO_NFF,F1,17,1016,4024117,30,500,30,-100,100,0.0,1.2363797244670056e-13,73040.90885855701,1.2363797244670056e-13,1.594895499991253,PASS
SCHO_NFF,F1,21,1020,4024121,30,500,30,-100,100,0.0,2.6449411986197798e-14,81948.70656934404,2.6449411986197798e-14,1.5969049999985145,PASS
SCHO_NFF,F1,19,1018,4024119,30,500,30,-100,100,0.0,2.149597762228863e-11,59692.16515890604,2.149597762228863e-11,1.6929010000021663,PASS
SCHO_NFF,F1,20,1019,4024120,30,500,30,-100,100,0.0,1.6183836754454173e-12,78896.22221622002,1.6183836754454173e-12,1.6966334000026109,PASS
SCHO_NFF,F1,22,1021,4024122,30,500,30,-100,100,0.0,1.2438306833355979e-17,64283.25200493102,1.2438306833355979e-17,1.7048126000008779,PASS
SCHO_NFF,F1,23,1022,4024123,30,500,30,-100,100,0.0,5.061117202211016e-12,77870.80856837892,5.061117202211016e-12,1.524092899999232,PASS
SCHO_NFF,F1,26,1025,4024126,30,500,30,-100,100,0.0,2.313745559116762e-13,67654.2390610096,2.313745559116762e-13,1.5473751999961678,PASS
SCHO_NFF,F1,24,1023,4024124,30,500,30,-100,100,0.0,1.3937423051998348e-12,72002.90593091116,1.3937423051998348e-12,1.6019840000080876,PASS
SCHO_NFF,F1,25,1024,4024125,30,500,30,-100,100,0.0,7.626319281907481e-13,56336.5278763339,7.626319281907481e-13,1.7214951000059955,PASS
SCHO_NFF,F1,27,1026,4024127,30,500,30,-100,100,0.0,1.2273131327845755e-12,68127.13090112404,1.2273131327845755e-12,1.6447422000055667,PASS
SCHO_NFF,F1,28,1027,4024128,30,500,30,-100,100,0.0,1.461450324146345e-16,71281.47829858353,1.461450324146345e-16,1.6658065999945393,PASS
SCHO_NFF,F1,29,1028,4024129,30,500,30,-100,100,0.0,1.7350799075612195e-12,66088.0070704646,1.7350799075612195e-12,1.6767172000108985,PASS
SCHO_NFF,F1,30,1029,4024130,30,500,30,-100,100,0.0,1.2671028716519832e-12,77096.69700709768,1.2671028716519832e-12,1.6815962999971816,PASS
SCHO_NFF,F2,3,1002,4024203,30,500,30,-10,10,0.0,8.479668270077705e-09,702308869043.374,8.479668270077705e-09,1.5444778999953996,PASS
SCHO_NFF,F2,2,1001,4024202,30,500,30,-10,10,0.0,1.3115584294396713e-08,1715602834860.7356,1.3115584294396713e-08,1.5747730000002775,PASS
SCHO_NFF,F2,1,1000,4024201,30,500,30,-10,10,0.0,1.2624161325468752e-09,360067002398.5346,1.2624161325468752e-09,1.5940969999937806,PASS
SCHO_NFF,F2,4,1003,4024204,30,500,30,-10,10,0.0,7.262535819350417e-09,2634424742592.452,7.262535819350417e-09,1.5520570000080625,PASS
SCHO_NFF,F2,6,1005,4024206,30,500,30,-10,10,0.0,2.2030757694396342e-08,332841078922.353,2.2030757694396342e-08,1.6452979000023333,PASS
SCHO_NFF,F2,8,1007,4024208,30,500,30,-10,10,0.0,7.505217306874931e-09,729704378291.7789,7.505217306874931e-09,1.6582262000010815,PASS
SCHO_NFF,F2,7,1006,4024207,30,500,30,-10,10,0.0,1.5856655971000997e-08,76547012233.40517,1.5856655971000997e-08,1.6944661000015913,PASS
SCHO_NFF,F2,5,1004,4024205,30,500,30,-10,10,0.0,6.808760028482784e-09,2899651184.9231544,6.808760028482784e-09,1.70302799998899,PASS
SCHO_NFF,F2,9,1008,4024209,30,500,30,-10,10,0.0,1.1898981690607259e-08,26401294709.697582,1.1898981690607259e-08,1.6260525999969104,PASS
SCHO_NFF,F2,10,1009,4024210,30,500,30,-10,10,0.0,1.4498543593786715e-08,713724413990.0226,1.4498543593786715e-08,1.6088577000045916,PASS
SCHO_NFF,F2,12,1011,4024212,30,500,30,-10,10,0.0,9.124841178958481e-10,39939133237.937126,9.124841178958481e-10,1.5920099999930244,PASS
SCHO_NFF,F2,11,1010,4024211,30,500,30,-10,10,0.0,1.871842882759919e-08,80213629036800.12,1.871842882759919e-08,1.6173475999967195,PASS
SCHO_NFF,F2,13,1012,4024213,30,500,30,-10,10,0.0,1.9673713790142194e-08,9593437258663.51,1.9673713790142194e-08,1.6830917000042973,PASS
SCHO_NFF,F2,16,1015,4024216,30,500,30,-10,10,0.0,5.885914803086155e-08,34707708682.06033,5.885914803086155e-08,1.6559769000014057,PASS
SCHO_NFF,F2,15,1014,4024215,30,500,30,-10,10,0.0,1.1041648484197232e-08,22135772844271.426,1.1041648484197232e-08,1.741046199997072,PASS
SCHO_NFF,F2,14,1013,4024214,30,500,30,-10,10,0.0,1.8011388877585892e-08,4038700082325.6636,1.8011388877585892e-08,1.786527100004605,PASS
SCHO_NFF,F2,19,1018,4024219,30,500,30,-10,10,0.0,1.61322314328309e-08,10392937112.024113,1.61322314328309e-08,1.5123566999973264,PASS
SCHO_NFF,F2,17,1016,4024217,30,500,30,-10,10,0.0,7.73481022281752e-09,2021349198795.503,7.73481022281752e-09,1.5380296999937855,PASS
SCHO_NFF,F2,20,1019,4024220,30,500,30,-10,10,0.0,2.6559871831691142e-08,47711548051367.61,2.6559871831691142e-08,1.534013500000583,PASS
SCHO_NFF,F2,18,1017,4024218,30,500,30,-10,10,0.0,4.864405651029694e-09,2748969363192.687,4.864405651029694e-09,1.5881787999969674,PASS
SCHO_NFF,F2,21,1020,4024221,30,500,30,-10,10,0.0,2.0063257304528895e-09,102707326348.72324,2.0063257304528895e-09,1.6112224999960745,PASS
SCHO_NFF,F2,22,1021,4024222,30,500,30,-10,10,0.0,1.3839511220528302e-10,7683677948828.628,1.3839511220528302e-10,1.641129900002852,PASS
SCHO_NFF,F2,23,1022,4024223,30,500,30,-10,10,0.0,2.104195135175934e-08,155737363148.78427,2.104195135175934e-08,1.6223701999988407,PASS
SCHO_NFF,F2,24,1023,4024224,30,500,30,-10,10,0.0,1.8764834618348103e-08,1339473094382.0034,1.8764834618348103e-08,1.6767631999973673,PASS
SCHO_NFF,F2,25,1024,4024225,30,500,30,-10,10,0.0,7.578004408733964e-10,3865443685.5409384,7.578004408733964e-10,1.590296499998658,PASS
SCHO_NFF,F2,27,1026,4024227,30,500,30,-10,10,0.0,4.010043742172291e-09,67722205355.99468,4.010043742172291e-09,1.5671416000113823,PASS
SCHO_NFF,F2,28,1027,4024228,30,500,30,-10,10,0.0,8.640903325264042e-10,3236421004233.4863,8.640903325264042e-10,1.5800844999903347,PASS
SCHO_NFF,F2,26,1025,4024226,30,500,30,-10,10,0.0,3.5085288915572758e-09,68338205734834.914,3.5085288915572758e-09,1.6679391999932704,PASS
SCHO_NFF,F2,29,1028,4024229,30,500,30,-10,10,0.0,6.7484110619067676e-09,3305236700.5331717,6.7484110619067676e-09,1.7054223000013735,PASS
SCHO_NFF,F2,30,1029,4024230,30,500,30,-10,10,0.0,3.29858227317085e-09,811737307015.2843,3.29858227317085e-09,1.7124619999958668,PASS
SCHO_NFF,F3,1,1000,4024301,30,500,30,-100,100,0.0,0.01370903052275771,106811.1871437447,0.01370903052275771,1.703518400012399,PASS
SCHO_NFF,F3,2,1001,4024302,30,500,30,-100,100,0.0,0.0008478402021623845,228881.45062340857,0.0008478402021623845,1.6761377999937395,PASS
SCHO_NFF,F3,3,1002,4024303,30,500,30,-100,100,0.0,1.2805447987003425e-05,132408.1368091635,1.2805447987003425e-05,1.5487002000008943,PASS
SCHO_NFF,F3,5,1004,4024305,30,500,30,-100,100,0.0,0.265860954716639,126006.68015739581,0.265860954716639,1.5018406000017421,PASS
SCHO_NFF,F3,4,1003,4024304,30,500,30,-100,100,0.0,0.0006766787567704477,252004.5370062454,0.0006766787567704477,1.5761220999993384,PASS
SCHO_NFF,F3,6,1005,4024306,30,500,30,-100,100,0.0,0.0064276463695978545,121185.1674532735,0.0064276463695978545,1.5917519000067841,PASS
SCHO_NFF,F3,7,1006,4024307,30,500,30,-100,100,0.0,0.008711282653549488,133484.8315350889,0.008711282653549488,1.715543099999195,PASS
SCHO_NFF,F3,9,1008,4024309,30,500,30,-100,100,0.0,0.000539274830688305,135241.10379381198,0.000539274830688305,1.6691351999907056,PASS
SCHO_NFF,F3,8,1007,4024308,30,500,30,-100,100,0.0,7.315481848970006e-05,192911.98136862018,7.315481848970006e-05,1.7601806000020588,PASS
SCHO_NFF,F3,10,1009,4024310,30,500,30,-100,100,0.0,0.001283433864304458,107976.19188391927,0.001283433864304458,1.7569726999936393,PASS
SCHO_NFF,F3,13,1012,4024313,30,500,30,-100,100,0.0,0.004112519824691537,157787.82385873256,0.004112519824691537,1.511704299991834,PASS
SCHO_NFF,F3,11,1010,4024311,30,500,30,-100,100,0.0,0.07154850358375651,258402.473983956,0.07154850358375651,1.5712738000001991,PASS
SCHO_NFF,F3,12,1011,4024312,30,500,30,-100,100,0.0,0.0020713576217595503,137478.41138112583,0.0020713576217595503,1.575887099999818,PASS
SCHO_NFF,F3,14,1013,4024314,30,500,30,-100,100,0.0,0.1617112290995802,166657.1711129854,0.1617112290995802,1.6207527000078699,PASS
SCHO_NFF,F3,15,1014,4024315,30,500,30,-100,100,0.0,8.517649916248843e-05,221992.0552764344,8.517649916248843e-05,1.7053728000028059,PASS
SCHO_NFF,F3,16,1015,4024316,30,500,30,-100,100,0.0,2.848366922682195,294151.3375734341,2.848366922682195,1.7439347000035923,PASS
SCHO_NFF,F3,17,1016,4024317,30,500,30,-100,100,0.0,0.009077373628391372,119365.44128648656,0.009077373628391372,1.742467799995211,PASS
SCHO_NFF,F3,18,1017,4024318,30,500,30,-100,100,0.0,0.0012135918695701442,245433.61431170706,0.0012135918695701442,1.7064288999972632,PASS
SCHO_NFF,F3,19,1018,4024319,30,500,30,-100,100,0.0,0.005308158712835162,244606.59772993292,0.005308158712835162,1.5855931999976747,PASS
SCHO_NFF,F3,21,1020,4024321,30,500,30,-100,100,0.0,0.00032375558838199884,126211.38335020539,0.00032375558838199884,1.5738754000049084,PASS
SCHO_NFF,F3,22,1021,4024322,30,500,30,-100,100,0.0,0.3036723101891896,135794.76099693272,0.3036723101891896,1.5684212999913143,PASS
SCHO_NFF,F3,20,1019,4024320,30,500,30,-100,100,0.0,0.13374211813847553,161467.97997834763,0.13374211813847553,1.6268649999983609,PASS
SCHO_NFF,F3,24,1023,4024324,30,500,30,-100,100,0.0,2.1697602237201406e-07,113871.83421879425,2.1697602237201406e-07,1.6425362000009045,PASS
SCHO_NFF,F3,26,1025,4024326,30,500,30,-100,100,0.0,0.007321894854648801,123007.79353130393,0.007321894854648801,1.603832799999509,PASS
SCHO_NFF,F3,23,1022,4024323,30,500,30,-100,100,0.0,0.018506241485358503,163245.37719853327,0.018506241485358503,1.7316334999923129,PASS
SCHO_NFF,F3,25,1024,4024325,30,500,30,-100,100,0.0,0.002635193927115553,79356.08665120536,0.002635193927115553,1.8038519999972777,PASS
SCHO_NFF,F3,28,1027,4024328,30,500,30,-100,100,0.0,0.0025823098258363555,131384.1741233503,0.0025823098258363555,1.5748383000027388,PASS
SCHO_NFF,F3,30,1029,4024330,30,500,30,-100,100,0.0,0.01111474262598419,90997.76111955676,0.01111474262598419,1.571019899987732,PASS
SCHO_NFF,F3,27,1026,4024327,30,500,30,-100,100,0.0,0.11798864076906532,183635.15749931926,0.11798864076906532,1.6528016999945976,PASS
SCHO_NFF,F3,29,1028,4024329,30,500,30,-100,100,0.0,0.01080685394664129,171958.72311027217,0.01080685394664129,1.6486927999940235,PASS
SCHO_NFF,F4,1,1000,4024401,30,500,30,-100,100,0.0,0.001775881910173713,89.41203274460929,0.001775881910173713,1.9347716999909608,PASS
SCHO_NFF,F4,2,1001,4024402,30,500,30,-100,100,0.0,0.0003626778594393537,88.23531594133786,0.0003626778594393537,1.9381996000010986,PASS
SCHO_NFF,F4,3,1002,4024403,30,500,30,-100,100,0.0,0.001011518936164471,90.93773968107635,0.001011518936164471,1.909730600003968,PASS
SCHO_NFF,F4,4,1003,4024404,30,500,30,-100,100,0.0,0.000518393259227276,90.05593850015435,0.000518393259227276,1.9261953999957768,PASS
SCHO_NFF,F4,5,1004,4024405,30,500,30,-100,100,0.0,0.000608905781125401,83.47974018645405,0.000608905781125401,1.6648850000055972,PASS
SCHO_NFF,F4,6,1005,4024406,30,500,30,-100,100,0.0,0.00031546359486548547,87.42803920060479,0.00031546359486548547,1.6680521999951452,PASS
SCHO_NFF,F4,7,1006,4024407,30,500,30,-100,100,0.0,0.0015448219304824507,89.67489840896681,0.0015448219304824507,1.6667808000056539,PASS
SCHO_NFF,F4,8,1007,4024408,30,500,30,-100,100,0.0,0.00271174568919721,88.56020743697258,0.00271174568919721,1.7109906999976374,PASS
SCHO_NFF,F4,9,1008,4024409,30,500,30,-100,100,0.0,0.000410625546074285,90.98182394999645,0.000410625546074285,1.752588100003777,PASS
SCHO_NFF,F4,11,1010,4024411,30,500,30,-100,100,0.0,0.0014499415226661345,82.14021784717164,0.0014499415226661345,1.7119772000005469,PASS
SCHO_NFF,F4,10,1009,4024410,30,500,30,-100,100,0.0,0.016133430497584138,88.62436437004385,0.016133430497584138,1.7338712000055239,PASS
SCHO_NFF,F4,12,1011,4024412,30,500,30,-100,100,0.0,0.0017863259545857452,87.6380567694806,0.0017863259545857452,1.7189280000020517,PASS
SCHO_NFF,F4,16,1015,4024416,30,500,30,-100,100,0.0,0.00024083881762986854,89.52145242027729,0.00024083881762986854,1.5056811999966158,PASS
SCHO_NFF,F4,15,1014,4024415,30,500,30,-100,100,0.0,0.0002099654823004697,77.5649543326395,0.0002099654823004697,1.512530699998024,PASS
SCHO_NFF,F4,14,1013,4024414,30,500,30,-100,100,0.0,0.004853665822253375,77.8379255985727,0.004853665822253375,1.5253127000032691,PASS
SCHO_NFF,F4,13,1012,4024413,30,500,30,-100,100,0.0,8.374714309190375e-05,81.54232198828862,8.374714309190375e-05,1.5900177000003168,PASS
SCHO_NFF,F4,17,1016,4024417,30,500,30,-100,100,0.0,0.004596403810547941,89.68075670875115,0.004596403810547941,1.58585000000312,PASS
SCHO_NFF,F4,19,1018,4024419,30,500,30,-100,100,0.0,3.1121552614778336e-06,87.81454527863241,3.1121552614778336e-06,1.6017678000062006,PASS
SCHO_NFF,F4,18,1017,4024418,30,500,30,-100,100,0.0,6.280230089198192e-07,91.69265780583274,6.280230089198192e-07,1.617865599997458,PASS
SCHO_NFF,F4,20,1019,4024420,30,500,30,-100,100,0.0,0.00023841997717135698,89.14712458834947,0.00023841997717135698,1.6066357999952743,PASS
SCHO_NFF,F4,21,1020,4024421,30,500,30,-100,100,0.0,0.0005084363034772417,93.48016114980666,0.0005084363034772417,1.439842799998587,PASS
SCHO_NFF,F4,22,1021,4024422,30,500,30,-100,100,0.0,0.0003583225904064558,90.86947090420732,0.0003583225904064558,1.4408951999939745,PASS
SCHO_NFF,F4,24,1023,4024424,30,500,30,-100,100,0.0,0.0027022680549401057,86.34666057993036,0.0027022680549401057,1.4590853000117932,PASS
SCHO_NFF,F4,23,1022,4024423,30,500,30,-100,100,0.0,0.001133497008857801,86.36772034124569,0.001133497008857801,1.4664408000098774,PASS
SCHO_NFF,F4,25,1024,4024425,30,500,30,-100,100,0.0,0.0047940105899316144,83.43944699892515,0.0047940105899316144,1.5294244000106119,PASS
SCHO_NFF,F4,26,1025,4024426,30,500,30,-100,100,0.0,2.081086824622106e-05,92.17294370207554,2.081086824622106e-05,1.5193490000092424,PASS
SCHO_NFF,F4,28,1027,4024428,30,500,30,-100,100,0.0,2.6992317414334195e-05,88.89385763229512,2.6992317414334195e-05,1.4933625000121538,PASS
SCHO_NFF,F4,27,1026,4024427,30,500,30,-100,100,0.0,0.007033180616079713,90.2554612114578,0.007033180616079713,1.533920500005479,PASS
SCHO_NFF,F4,29,1028,4024429,30,500,30,-100,100,0.0,1.6369401336775023e-05,88.97595126021793,1.6369401336775023e-05,1.4887851000094088,PASS
SCHO_NFF,F4,30,1029,4024430,30,500,30,-100,100,0.0,0.00012027340938663462,90.25056319313495,0.00012027340938663462,1.5240068999992218,PASS
SCHO_NFF,F5,1,1000,4024501,30,500,30,-30,30,0.0,27.17004626536248,262803966.06144178,27.17004626536248,1.5598604999977397,PASS
SCHO_NFF,F5,2,1001,4024502,30,500,30,-30,30,0.0,28.597366056845612,265509719.66763252,28.597366056845612,1.5669373999990057,PASS
SCHO_NFF,F5,3,1002,4024503,30,500,30,-30,30,0.0,27.985550442416773,290152790.99322855,27.985550442416773,1.6376438999868697,PASS
SCHO_NFF,F5,4,1003,4024504,30,500,30,-30,30,0.0,26.63567084408094,314425104.8265708,26.63567084408094,1.6297224999871105,PASS
SCHO_NFF,F5,5,1004,4024505,30,500,30,-30,30,0.0,28.002041256611594,264814459.6730534,28.002041256611594,1.6436454000067897,PASS
SCHO_NFF,F5,6,1005,4024506,30,500,30,-30,30,0.0,28.02094381059566,275607877.05815667,28.02094381059566,1.690047299998696,PASS
SCHO_NFF,F5,8,1007,4024508,30,500,30,-30,30,0.0,28.827653575002728,196990313.2842615,28.827653575002728,1.5687736999971094,PASS
SCHO_NFF,F5,9,1008,4024509,30,500,30,-30,30,0.0,28.0462077462319,264277025.01725703,28.0462077462319,1.5851805000129389,PASS
SCHO_NFF,F5,10,1009,4024510,30,500,30,-30,30,0.0,28.80179368288766,275312500.08404154,28.80179368288766,1.5836023000010755,PASS
SCHO_NFF,F5,7,1006,4024507,30,500,30,-30,30,0.0,28.59374363388589,275703968.057919,28.59374363388589,1.6292648000089685,PASS
SCHO_NFF,F5,14,1013,4024514,30,500,30,-30,30,0.0,28.82900106171138,198137301.02750832,28.82900106171138,1.6219545999920228,PASS
SCHO_NFF,F5,12,1011,4024512,30,500,30,-30,30,0.0,28.58376164544287,135783553.73670316,28.58376164544287,1.6467966999916825,PASS
SCHO_NFF,F5,11,1010,4024511,30,500,30,-30,30,0.0,28.018803029470018,311741780.6244718,28.018803029470018,1.6783998000028078,PASS
SCHO_NFF,F5,13,1012,4024513,30,500,30,-30,30,0.0,27.25745197862135,223922765.9861003,27.25745197862135,1.7177724000066519,PASS
SCHO_NFF,F5,15,1014,4024515,30,500,30,-30,30,0.0,26.911153863460125,199986599.631898,26.911153863460125,1.5533549999963725,PASS
SCHO_NFF,F5,16,1015,4024516,30,500,30,-30,30,0.0,28.848978563900616,230963403.05164534,28.848978563900616,1.5804516000061994,PASS
SCHO_NFF,F5,18,1017,4024518,30,500,30,-30,30,0.0,28.6469032071562,261605126.34257632,28.6469032071562,1.5707659000036074,PASS
SCHO_NFF,F5,17,1016,4024517,30,500,30,-30,30,0.0,27.982103629494127,267563143.6435758,27.982103629494127,1.5765227999945637,PASS
SCHO_NFF,F5,21,1020,4024521,30,500,30,-30,30,0.0,27.199687969288938,320276562.2341088,27.199687969288938,1.637818100003642,PASS
SCHO_NFF,F5,20,1019,4024520,30,500,30,-30,30,0.0,26.471646413831472,318067279.8984649,26.471646413831472,1.649428300006548,PASS
SCHO_NFF,F5,22,1021,4024522,30,500,30,-30,30,0.0,27.972340225191466,250438783.368967,27.972340225191466,1.6539990000019316,PASS
SCHO_NFF,F5,19,1018,4024519,30,500,30,-30,30,0.0,28.00710850629555,235011607.0552513,28.00710850629555,1.715844599995762,PASS
SCHO_NFF,F5,24,1023,4024524,30,500,30,-30,30,0.0,28.61445468136699,272530389.63664186,28.61445468136699,1.5049867000052473,PASS
SCHO_NFF,F5,23,1022,4024523,30,500,30,-30,30,0.0,28.613900587107047,224106822.12627918,28.613900587107047,1.5673635999992257,PASS
SCHO_NFF,F5,25,1024,4024525,30,500,30,-30,30,0.0,26.89909918357035,197086662.74910796,26.89909918357035,1.5518095000006724,PASS
SCHO_NFF,F5,26,1025,4024526,30,500,30,-30,30,0.0,28.669329745266726,272825950.8696747,28.669329745266726,1.5949096999975154,PASS
SCHO_NFF,F5,27,1026,4024527,30,500,30,-30,30,0.0,27.191385438715546,289149958.1576517,27.191385438715546,1.6204488000075798,PASS
SCHO_NFF,F5,28,1027,4024528,30,500,30,-30,30,0.0,28.819735299752796,306443111.17072505,28.819735299752796,1.6900446000072407,PASS
SCHO_NFF,F5,30,1029,4024530,30,500,30,-30,30,0.0,27.939016447997712,297997041.8303026,27.939016447997712,1.666454899997916,PASS
SCHO_NFF,F5,29,1028,4024529,30,500,30,-30,30,0.0,28.595038106187925,254911291.89617184,28.595038106187925,1.715487800000119,PASS
SCHO_NFF,F6,1,1000,4024601,30,500,30,-100,100,0.0,2.0481969541775427,67909.83159949695,2.0481969541775427,1.5677250000007916,PASS
SCHO_NFF,F6,4,1003,4024604,30,500,30,-100,100,0.0,0.0003570688390393735,71219.00386103941,0.0003570688390393735,1.534862400003476,PASS
SCHO_NFF,F6,2,1001,4024602,30,500,30,-100,100,0.0,0.8883376944197481,70582.57089954114,0.8883376944197481,1.5769934999989346,PASS
SCHO_NFF,F6,3,1002,4024603,30,500,30,-100,100,0.0,3.1179540076071106,71353.455751133,3.1179540076071106,1.575059599999804,PASS
SCHO_NFF,F6,5,1004,4024605,30,500,30,-100,100,0.0,6.008150266834695e-05,71208.03386246378,6.008150266834695e-05,1.6499437000020407,PASS
SCHO_NFF,F6,6,1005,4024606,30,500,30,-100,100,0.0,0.027239945547018973,68955.29999951718,0.027239945547018973,1.676360299999942,PASS
SCHO_NFF,F6,7,1006,4024607,30,500,30,-100,100,0.0,2.5974571487016953,70011.4366295226,2.5974571487016953,1.6940453999995952,PASS
SCHO_NFF,F6,8,1007,4024608,30,500,30,-100,100,0.0,0.00021999178565243002,54162.957873925516,0.00021999178565243002,1.7249824999889825,PASS
SCHO_NFF,F6,12,1011,4024612,30,500,30,-100,100,0.0,3.0598592505761664,60343.443806650605,3.0598592505761664,1.5045131000078982,PASS
SCHO_NFF,F6,11,1010,4024611,30,500,30,-100,100,0.0,0.12366047298470956,79935.06488261481,0.12366047298470956,1.5585718000074849,PASS
SCHO_NFF,F6,9,1008,4024609,30,500,30,-100,100,0.0,3.5789399909285815,70501.21762803209,3.5789399909285815,1.669445400009863,PASS
SCHO_NFF,F6,10,1009,4024610,30,500,30,-100,100,0.0,0.01576953819137561,68295.92181788973,0.01576953819137561,1.6732576000067638,PASS
SCHO_NFF,F6,14,1013,4024614,30,500,30,-100,100,0.0,0.11372550886246925,66078.30058116298,0.11372550886246925,1.5728979999985313,PASS
SCHO_NFF,F6,13,1012,4024613,30,500,30,-100,100,0.0,0.00027966206004791897,68881.92519101789,0.00027966206004791897,1.6836594000051264,PASS
SCHO_NFF,F6,16,1015,4024616,30,500,30,-100,100,0.0,2.861351126906409,61089.234661411996,2.861351126906409,1.628641500006779,PASS
SCHO_NFF,F6,15,1014,4024615,30,500,30,-100,100,0.0,2.7990364806659603e-05,62157.94499673396,2.7990364806659603e-05,1.6928238999971654,PASS
SCHO_NFF,F6,17,1016,4024617,30,500,30,-100,100,0.0,2.3523095712143083,73031.55585073962,2.3523095712143083,1.491096199999447,PASS
SCHO_NFF,F6,18,1017,4024618,30,500,30,-100,100,0.0,2.8683127973370963,70606.59378046433,2.8683127973370963,1.485864699992817,PASS
SCHO_NFF,F6,20,1019,4024620,30,500,30,-100,100,0.0,1.5702144830363725,79344.06586895653,1.5702144830363725,1.499964300004649,PASS
SCHO_NFF,F6,19,1018,4024619,30,500,30,-100,100,0.0,3.5864922884570363,59960.68287322056,3.5864922884570363,1.5725835999910487,PASS
SCHO_NFF,F6,22,1021,4024622,30,500,30,-100,100,0.0,2.6613348115907782,64215.54876603678,2.6613348115907782,1.5535704999929294,PASS
SCHO_NFF,F6,21,1020,4024621,30,500,30,-100,100,0.0,1.9450277987726048,81635.30658606326,1.9450277987726048,1.578301100002136,PASS
SCHO_NFF,F6,23,1022,4024623,30,500,30,-100,100,0.0,2.5681385126445663e-07,78086.57507584567,2.5681385126445663e-07,1.575208099995507,PASS
SCHO_NFF,F6,24,1023,4024624,30,500,30,-100,100,0.0,2.0201174386331795,72276.33926858637,2.0201174386331795,1.6148766999976942,PASS
SCHO_NFF,F6,25,1024,4024625,30,500,30,-100,100,0.0,0.0012437799358556594,56465.69237297281,0.0012437799358556594,1.509982300005504,PASS
SCHO_NFF,F6,26,1025,4024626,30,500,30,-100,100,0.0,0.0005168772525850202,67862.6591007802,0.0005168772525850202,1.4781217999989167,PASS
SCHO_NFF,F6,28,1027,4024628,30,500,30,-100,100,0.0,2.0946940844728834,71067.99746945646,2.0946940844728834,1.487285499999416,PASS
SCHO_NFF,F6,27,1026,4024627,30,500,30,-100,100,0.0,2.7685091095210903,68320.91352360474,2.7685091095210903,1.532363100006478,PASS
SCHO_NFF,F6,29,1028,4024629,30,500,30,-100,100,0.0,0.23863727113627806,66095.4100418736,0.23863727113627806,1.6643691999925068,PASS
SCHO_NFF,F6,30,1029,4024630,30,500,30,-100,100,0.0,0.039960486698113494,77102.38991476683,0.039960486698113494,1.7100570000038715,PASS
SCHO_NFF,F7,1,1000,4024701,30,500,30,-1.28,1.28,0.0,9.463518824782967e-06,132.24256505296452,9.463518824782967e-06,1.80817579998984,PASS
SCHO_NFF,F7,2,1001,4024702,30,500,30,-1.28,1.28,0.0,6.837350979170027e-05,129.07738590868695,6.837350979170027e-05,1.81614169999375,PASS
SCHO_NFF,F7,6,1005,4024706,30,500,30,-1.28,1.28,0.0,0.0006290567080621124,95.90377798740067,0.0006290567080621124,1.5325617999915266,PASS
SCHO_NFF,F7,4,1003,4024704,30,500,30,-1.28,1.28,0.0,7.080694215659555e-05,120.0123686763614,7.080694215659555e-05,1.534541299988632,PASS
SCHO_NFF,F7,3,1002,4024703,30,500,30,-1.28,1.28,0.0,2.7638191576558743e-05,106.8866083511403,2.7638191576558743e-05,1.5914890000130981,PASS
SCHO_NFF,F7,5,1004,4024705,30,500,30,-1.28,1.28,0.0,0.00045975816583966817,128.77654886785405,0.00045975816583966817,1.5916008000058355,PASS
SCHO_NFF,F7,8,1007,4024708,30,500,30,-1.28,1.28,0.0,0.0019060164234021334,89.84776718932376,0.0019060164234021334,1.6520887999940896,PASS
SCHO_NFF,F7,7,1006,4024707,30,500,30,-1.28,1.28,0.0,0.0001333628673684034,109.43532753152996,0.0001333628673684034,1.7352937999967253,PASS
SCHO_NFF,F7,10,1009,4024710,30,500,30,-1.28,1.28,0.0,0.00038130406822417566,124.61338032043707,0.00038130406822417566,1.7445471999963047,PASS
SCHO_NFF,F7,9,1008,4024709,30,500,30,-1.28,1.28,0.0,1.8477672929568103e-05,112.92200132609992,1.8477672929568103e-05,1.8050858999922639,PASS
SCHO_NFF,F7,13,1012,4024713,30,500,30,-1.28,1.28,0.0,4.4578166527457716e-05,109.2388515683827,4.4578166527457716e-05,1.5194969000003766,PASS
SCHO_NFF,F7,14,1013,4024714,30,500,30,-1.28,1.28,0.0,0.015112087857034657,125.18640614897903,0.015112087857034657,1.5540238999965368,PASS
SCHO_NFF,F7,11,1010,4024711,30,500,30,-1.28,1.28,0.0,0.00021914365930174052,145.50908467686799,0.00021914365930174052,1.5858393999951659,PASS
SCHO_NFF,F7,12,1011,4024712,30,500,30,-1.28,1.28,0.0,0.00041173692574426163,88.02744560759177,0.00041173692574426163,1.6365046999999322,PASS
SCHO_NFF,F7,15,1014,4024715,30,500,30,-1.28,1.28,0.0,0.0028026885700555143,99.80960290906447,0.0028026885700555143,1.68023600000015,PASS
SCHO_NFF,F7,16,1015,4024716,30,500,30,-1.28,1.28,0.0,0.010976273097651361,118.50476153098273,0.010976273097651361,1.670983999996679,PASS
SCHO_NFF,F7,17,1016,4024717,30,500,30,-1.28,1.28,0.0,0.0038849679021435053,142.86321654785507,0.0038849679021435053,1.728551399995922,PASS
SCHO_NFF,F7,18,1017,4024718,30,500,30,-1.28,1.28,0.0,0.001723907662039131,146.54341813360404,0.001723907662039131,1.6898835000029067,PASS
SCHO_NFF,F7,21,1020,4024721,30,500,30,-1.28,1.28,0.0,0.0014204707698064422,134.48686620550905,0.0014204707698064422,1.518871099993703,PASS
SCHO_NFF,F7,22,1021,4024722,30,500,30,-1.28,1.28,0.0,7.447946452421323e-05,97.89929812706661,7.447946452421323e-05,1.544573399994988,PASS
SCHO_NFF,F7,20,1019,4024720,30,500,30,-1.28,1.28,0.0,0.015298942402827732,134.11199381657298,0.015298942402827732,1.5981646000000183,PASS
SCHO_NFF,F7,19,1018,4024719,30,500,30,-1.28,1.28,0.0,0.0005935829748715512,129.37924729813335,0.0005935829748715512,1.657110100000864,PASS
SCHO_NFF,F7,23,1022,4024723,30,500,30,-1.28,1.28,0.0,5.697650681529166e-05,133.0436737145348,5.697650681529166e-05,1.7482022999902256,PASS
SCHO_NFF,F7,25,1024,4024725,30,500,30,-1.28,1.28,0.0,0.0008300364083163296,105.12427574420931,0.0008300364083163296,1.7294962000014493,PASS
SCHO_NFF,F7,24,1023,4024724,30,500,30,-1.28,1.28,0.0,0.00021649980909147686,134.83866130923477,0.00021649980909147686,1.7805118000105722,PASS
SCHO_NFF,F7,26,1025,4024726,30,500,30,-1.28,1.28,0.0,6.0763592689536936e-05,144.99096006092753,6.0763592689536936e-05,1.7450876000075368,PASS
SCHO_NFF,F7,30,1029,4024730,30,500,30,-1.28,1.28,0.0,0.00721350459497341,130.6949254804745,0.00721350459497341,1.5842682999937097,PASS
SCHO_NFF,F7,27,1026,4024727,30,500,30,-1.28,1.28,0.0,0.0027272665483666354,135.53438780914385,0.0027272665483666354,1.630264099992928,PASS
SCHO_NFF,F7,28,1027,4024728,30,500,30,-1.28,1.28,0.0,0.0031224500173171192,93.82607923366973,0.0031224500173171192,1.6140425000048708,PASS
SCHO_NFF,F7,29,1028,4024729,30,500,30,-1.28,1.28,0.0,2.314727299385584e-05,162.80296180734086,2.314727299385584e-05,1.6248224999872036,PASS
SCHO_NFF,F8,1,1000,4024801,30,500,30,-500,500,-12569.487,-3596.635962374575,-2451.876014434408,-3596.635962374575,1.6342384000017773,PASS
SCHO_NFF,F8,2,1001,4024802,30,500,30,-500,500,-12569.487,-3606.569912270369,-2690.889994276502,-3606.569912270369,1.66254590000608,PASS
SCHO_NFF,F8,3,1002,4024803,30,500,30,-500,500,-12569.487,-8626.044262424088,-1692.1826887752877,-8626.044262424088,1.6663632999989204,PASS
SCHO_NFF,F8,4,1003,4024804,30,500,30,-500,500,-12569.487,-3374.3249141398232,-2110.3517025625324,-3374.3249141398232,1.6908887999888975,PASS
SCHO_NFF,F8,5,1004,4024805,30,500,30,-500,500,-12569.487,-4052.8865308464037,-1605.4114947545195,-4052.8865308464037,1.7117833999946015,PASS
SCHO_NFF,F8,7,1006,4024807,30,500,30,-500,500,-12569.487,-3976.1105007403703,-1885.772866590057,-3976.1105007403703,1.7067696000012802,PASS
SCHO_NFF,F8,8,1007,4024808,30,500,30,-500,500,-12569.487,-4395.894767997684,-1726.090940377079,-4395.894767997684,1.7185795999976108,PASS
SCHO_NFF,F8,6,1005,4024806,30,500,30,-500,500,-12569.487,-12569.419805727886,-3595.6367869269293,-12569.419805727886,1.731945799998357,PASS
SCHO_NFF,F8,10,1009,4024810,30,500,30,-500,500,-12569.487,-4291.235112811076,-2623.8232741546635,-4291.235112811076,2.1117668000078993,PASS
SCHO_NFF,F8,9,1008,4024809,30,500,30,-500,500,-12569.487,-8902.399175416365,-2337.3316623373657,-8902.399175416365,2.131846400006907,PASS
SCHO_NFF,F8,11,1010,4024811,30,500,30,-500,500,-12569.487,-4023.46697665943,-1813.4049915384448,-4023.46697665943,2.1032383999991,PASS
SCHO_NFF,F8,12,1011,4024812,30,500,30,-500,500,-12569.487,-4104.438987165143,-2334.5511967809016,-4104.438987165143,2.1395253999944543,PASS
SCHO_NFF,F8,13,1012,4024813,30,500,30,-500,500,-12569.487,-3470.7524796686175,-2026.2048410858288,-3470.7524796686175,1.5430702000012388,PASS
SCHO_NFF,F8,14,1013,4024814,30,500,30,-500,500,-12569.487,-12512.43545285126,-1526.011739420307,-12512.43545285126,1.6264012000028742,PASS
SCHO_NFF,F8,15,1014,4024815,30,500,30,-500,500,-12569.487,-6050.96330732508,-1577.9245638457974,-6050.96330732508,1.6334055000043008,PASS
SCHO_NFF,F8,16,1015,4024816,30,500,30,-500,500,-12569.487,-3847.089102548745,-1774.4957618865303,-3847.089102548745,1.6460626000043703,PASS
SCHO_NFF,F8,17,1016,4024817,30,500,30,-500,500,-12569.487,-12559.119244677855,-3022.774183385613,-12559.119244677855,1.6515112000051886,PASS
SCHO_NFF,F8,18,1017,4024818,30,500,30,-500,500,-12569.487,-5644.263084942075,-1613.727286315913,-5644.263084942075,1.679424600006314,PASS
SCHO_NFF,F8,19,1018,4024819,30,500,30,-500,500,-12569.487,-3496.1947590274563,-2231.4411955724777,-3496.1947590274563,1.7190407999878516,PASS
SCHO_NFF,F8,20,1019,4024820,30,500,30,-500,500,-12569.487,-3965.5296768719986,-1937.2091609434265,-3965.5296768719986,1.7504361000028439,PASS
SCHO_NFF,F8,22,1021,4024822,30,500,30,-500,500,-12569.487,-4163.224626059225,-1439.3070195018026,-4163.224626059225,1.5444961000030162,PASS
SCHO_NFF,F8,24,1023,4024824,30,500,30,-500,500,-12569.487,-6055.2819870348285,-1788.751013337049,-6055.2819870348285,1.5357260000018869,PASS
SCHO_NFF,F8,23,1022,4024823,30,500,30,-500,500,-12569.487,-3264.0425344306154,-2698.531601043908,-3264.0425344306154,1.5416633999993792,PASS
SCHO_NFF,F8,21,1020,4024821,30,500,30,-500,500,-12569.487,-3926.918566218082,-2248.510909834675,-3926.918566218082,1.5863065000012284,PASS
SCHO_NFF,F8,25,1024,4024825,30,500,30,-500,500,-12569.487,-4810.592124589116,-2207.6192588415524,-4810.592124589116,1.6219045000034384,PASS
SCHO_NFF,F8,26,1025,4024826,30,500,30,-500,500,-12569.487,-8997.104525658226,-1895.6942306135086,-8997.104525658226,1.6485927999892738,PASS
SCHO_NFF,F8,28,1027,4024828,30,500,30,-500,500,-12569.487,-12249.139051526894,-1823.0140943969723,-12249.139051526894,1.6543308999971487,PASS
SCHO_NFF,F8,27,1026,4024827,30,500,30,-500,500,-12569.487,-4656.369227204374,-1646.4051333176737,-4656.369227204374,1.6956378999893786,PASS
SCHO_NFF,F9,2,1001,4024902,30,500,30,-5.1200000000000001,5.1200000000000001,0.0,5.666578317686799e-13,384.5497490364953,5.666578317686799e-13,1.531762800004799,PASS
SCHO_NFF,F8,29,1028,4024829,30,500,30,-500,500,-12569.487,-9004.068180327764,-1854.1744144476797,-9004.068180327764,1.5556590000051074,PASS
SCHO_NFF,F8,30,1029,4024830,30,500,30,-500,500,-12569.487,-5030.657144341944,-1702.2535651780167,-5030.657144341944,1.5740205999900354,PASS
SCHO_NFF,F9,1,1000,4024901,30,500,30,-5.1200000000000001,5.1200000000000001,0.0,0.001274218934659288,464.87493101018356,0.001274218934659288,1.57559819999733,PASS
SCHO_NFF,F9,6,1005,4024906,30,500,30,-5.1200000000000001,5.1200000000000001,0.0,0.0,439.91283939992803,0.0,1.6345006999908946,PASS
SCHO_NFF,F9,3,1002,4024903,30,500,30,-5.1200000000000001,5.1200000000000001,0.0,3.457101982462518e-08,424.39485150190137,3.457101982462518e-08,1.6813114999968093,PASS
SCHO_NFF,F9,4,1003,4024904,30,500,30,-5.1200000000000001,5.1200000000000001,0.0,5.3290705182007514e-14,439.61790434394305,5.3290705182007514e-14,1.6665845999959856,PASS
SCHO_NFF,F9,5,1004,4024905,30,500,30,-5.1200000000000001,5.1200000000000001,0.0,1.3677947663381929e-13,448.7388944016657,1.3677947663381929e-13,1.6537339000060456,PASS
SCHO_NFF,F9,9,1008,4024909,30,500,30,-5.1200000000000001,5.1200000000000001,0.0,3.6256144423256185,448.1773913088544,3.6256144423256185,1.4902568999968935,PASS
SCHO_NFF,F9,7,1006,4024907,30,500,30,-5.1200000000000001,5.1200000000000001,0.0,1.6983747741505795e-11,431.59183701137,1.6983747741505795e-11,1.5052692999888677,PASS
SCHO_NFF,F9,10,1009,4024910,30,500,30,-5.1200000000000001,5.1200000000000001,0.0,1.1142908817873831e-10,467.3571333335915,1.1142908817873831e-10,1.4993691999989096,PASS
SCHO_NFF,F9,8,1007,4024908,30,500,30,-5.1200000000000001,5.1200000000000001,0.0,0.07714372823671667,365.8391088248434,0.07714372823671667,1.510226500002318,PASS
SCHO_NFF,F9,12,1011,4024912,30,500,30,-5.1200000000000001,5.1200000000000001,0.0,1.2576606422953773e-12,441.073286920272,1.2576606422953773e-12,1.6413255000079516,PASS
SCHO_NFF,F9,11,1010,4024911,30,500,30,-5.1200000000000001,5.1200000000000001,0.0,6.963318810448982e-13,447.2888938374598,6.963318810448982e-13,1.6655771000077948,PASS
SCHO_NFF,F9,13,1012,4024913,30,500,30,-5.1200000000000001,5.1200000000000001,0.0,4.2422175994261124e-08,434.02220260833974,4.2422175994261124e-08,1.668581500009168,PASS
SCHO_NFF,F9,14,1013,4024914,30,500,30,-5.1200000000000001,5.1200000000000001,0.0,4.2603964800491667e-10,440.91474681676505,4.2603964800491667e-10,1.7087350000074366,PASS
SCHO_NFF,F9,16,1015,4024916,30,500,30,-5.1200000000000001,5.1200000000000001,0.0,4.2066623784364765e-07,433.86281469045554,4.2066623784364765e-07,1.4720602000015788,PASS
SCHO_NFF,F9,15,1014,4024915,30,500,30,-5.1200000000000001,5.1200000000000001,0.0,2.2382096176443156e-13,466.36406583587524,2.2382096176443156e-13,1.503553100003046,PASS
SCHO_NFF,F9,17,1016,4024917,30,500,30,-5.1200000000000001,5.1200000000000001,0.0,8.162359677044151e-12,422.02779107708176,8.162359677044151e-12,1.485073799995007,PASS
SCHO_NFF,F9,18,1017,4024918,30,500,30,-5.1200000000000001,5.1200000000000001,0.0,3.0319454147331726e-07,469.76371664050794,3.0319454147331726e-07,1.519238900000346,PASS
SCHO_NFF,F9,19,1018,4024919,30,500,30,-5.1200000000000001,5.1200000000000001,0.0,3.161915174132446e-12,414.6138424388559,3.161915174132446e-12,1.544309599994449,PASS
SCHO_NFF,F9,21,1020,4024921,30,500,30,-5.1200000000000001,5.1200000000000001,0.0,1.2975228706781667,465.26417440798247,1.2975228706781667,1.5487444000027608,PASS
SCHO_NFF,F9,20,1019,4024920,30,500,30,-5.1200000000000001,5.1200000000000001,0.0,2.322916777686146e-05,458.030531975015,2.322916777686146e-05,1.567891700004111,PASS
SCHO_NFF,F9,22,1021,4024922,30,500,30,-5.1200000000000001,5.1200000000000001,0.0,0.04320692527992165,441.34049530442945,0.04320692527992165,1.568204399998649,PASS
SCHO_NFF,F9,23,1022,4024923,30,500,30,-5.1200000000000001,5.1200000000000001,0.0,0.0,446.64097601097,0.0,1.5328682999970624,PASS
SCHO_NFF,F9,24,1023,4024924,30,500,30,-5.1200000000000001,5.1200000000000001,0.0,2.369233698118478e-09,433.79837842386155,2.369233698118478e-09,1.5585295999917435,PASS
SCHO_NFF,F9,25,1024,4024925,30,500,30,-5.1200000000000001,5.1200000000000001,0.0,3.348450405837866e-10,408.9701533118642,3.348450405837866e-10,1.5362639999948442,PASS
SCHO_NFF,F9,26,1025,4024926,30,500,30,-5.1200000000000001,5.1200000000000001,0.0,9.056325167122736e-06,473.6616560879741,9.056325167122736e-06,1.5741312000027392,PASS
SCHO_NFF,F9,27,1026,4024927,30,500,30,-5.1200000000000001,5.1200000000000001,0.0,2.715375636727778,446.03906557516507,2.715375636727778,1.6593995000002906,PASS
SCHO_NFF,F9,29,1028,4024929,30,500,30,-5.1200000000000001,5.1200000000000001,0.0,4.6564530009618466e-10,455.002187468864,4.6564530009618466e-10,1.7262250000057975,PASS
SCHO_NFF,F9,28,1027,4024928,30,500,30,-5.1200000000000001,5.1200000000000001,0.0,0.04358181302805164,447.3494195224039,0.04358181302805164,1.8054055999964476,PASS
SCHO_NFF,F9,30,1029,4024930,30,500,30,-5.1200000000000001,5.1200000000000001,0.0,6.531832852374464e-09,479.83128968283097,6.531832852374464e-09,1.765366300009191,PASS
SCHO_NFF,F10,2,1001,4025002,30,500,30,-32,32,0.0,6.309259998893424e-07,20.80923383013385,6.309259998893424e-07,1.5565349999960745,PASS
SCHO_NFF,F10,4,1003,4025004,30,500,30,-32,32,0.0,5.6200140097217854e-08,20.685941618453114,5.6200140097217854e-08,1.559707199994591,PASS
SCHO_NFF,F10,3,1002,4025003,30,500,30,-32,32,0.0,1.5671959419094605e-07,20.70259726914545,1.5671959419094605e-07,1.6143171999865444,PASS
SCHO_NFF,F10,1,1000,4025001,30,500,30,-32,32,0.0,4.826262500756684e-09,20.764880617738655,4.826262500756684e-09,1.6368537999951513,PASS
SCHO_NFF,F10,5,1004,4025005,30,500,30,-32,32,0.0,2.9419442570954857e-07,20.753180108678922,2.9419442570954857e-07,1.6920940999989398,PASS
SCHO_NFF,F10,6,1005,4025006,30,500,30,-32,32,0.0,8.807609264138705e-08,20.739339682394206,8.807609264138705e-08,1.7462362000078429,PASS
SCHO_NFF,F10,7,1006,4025007,30,500,30,-32,32,0.0,9.628925257132437e-08,20.677331650145728,9.628925257132437e-08,1.727522700006375,PASS
SCHO_NFF,F10,8,1007,4025008,30,500,30,-32,32,0.0,8.627050052112395e-08,20.30938002246911,8.627050052112395e-08,1.7441590999951586,PASS
SCHO_NFF,F10,10,1009,4025010,30,500,30,-32,32,0.0,2.2888326300929407e-07,20.764014980012245,2.2888326300929407e-07,1.5719561000005342,PASS
SCHO_NFF,F10,9,1008,4025009,30,500,30,-32,32,0.0,2.9701337611598433e-07,20.6623323028609,2.9701337611598433e-07,1.5758900000073481,PASS
SCHO_NFF,F10,12,1011,4025012,30,500,30,-32,32,0.0,3.8321225748205734e-08,20.569830881242734,3.8321225748205734e-08,1.5759041999990586,PASS
SCHO_NFF,F10,11,1010,4025011,30,500,30,-32,32,0.0,2.0667521427597535e-07,20.873205110265417,2.0667521427597535e-07,1.579414199994062,PASS
SCHO_NFF,F10,13,1012,4025013,30,500,30,-32,32,0.0,4.333877687834331e-07,20.566750205953976,4.333877687834331e-07,1.7178414999943925,PASS
SCHO_NFF,F10,14,1013,4025014,30,500,30,-32,32,0.0,3.841051610109503e-08,20.669354202190537,3.841051610109503e-08,1.7445027000067057,PASS
SCHO_NFF,F10,15,1014,4025015,30,500,30,-32,32,0.0,1.5721234136734097e-07,20.49068213407767,1.5721234136734097e-07,1.7446465999964857,PASS
SCHO_NFF,F10,16,1015,4025016,30,500,30,-32,32,0.0,4.896394938391779e-07,20.64013873956227,4.896394938391779e-07,1.7542678999889176,PASS
SCHO_NFF,F10,19,1018,4025019,30,500,30,-32,32,0.0,3.5280841403917407e-07,20.287777247273507,3.5280841403917407e-07,1.5730009999970207,PASS
SCHO_NFF,F10,17,1016,4025017,30,500,30,-32,32,0.0,1.4383952562369018e-07,20.795292196710726,1.4383952562369018e-07,1.6638380999938818,PASS
SCHO_NFF,F10,18,1017,4025018,30,500,30,-32,32,0.0,4.420470465227311e-07,20.8269336510937,4.420470465227311e-07,1.6796179999946617,PASS
SCHO_NFF,F10,20,1019,4025020,30,500,30,-32,32,0.0,4.1287258456534914e-07,20.753576885043977,4.1287258456534914e-07,1.708826499991119,PASS
SCHO_NFF,F10,21,1020,4025021,30,500,30,-32,32,0.0,1.0906459779747024e-07,20.886822358893582,1.0906459779747024e-07,1.618425099994056,PASS
SCHO_NFF,F10,24,1023,4025024,30,500,30,-32,32,0.0,1.339064508165677e-07,20.702337522964704,1.339064508165677e-07,1.702800599989132,PASS
SCHO_NFF,F10,23,1022,4025023,30,500,30,-32,32,0.0,2.1270765104830502e-07,20.933352404055416,2.1270765104830502e-07,1.764423100001295,PASS
SCHO_NFF,F10,22,1021,4025022,30,500,30,-32,32,0.0,1.9126907746525035e-07,20.583645012836215,1.9126907746525035e-07,1.842084399992018,PASS
SCHO_NFF,F10,27,1026,4025027,30,500,30,-32,32,0.0,1.7033916499542556e-09,20.70523141613285,1.7033916499542556e-09,1.6028444999974454,PASS
SCHO_NFF,F10,26,1025,4025026,30,500,30,-32,32,0.0,2.734531858727962e-07,20.66064456706877,2.734531858727962e-07,1.6475959999952465,PASS
SCHO_NFF,F10,28,1027,4025028,30,500,30,-32,32,0.0,9.988168558905386e-08,20.792506436353648,9.988168558905386e-08,1.6688546999939717,PASS
SCHO_NFF,F10,25,1024,4025025,30,500,30,-32,32,0.0,3.4006208382564296e-07,20.640145513776236,3.4006208382564296e-07,1.6900034999998752,PASS
SCHO_NFF,F10,29,1028,4025029,30,500,30,-32,32,0.0,2.1022004137449812e-08,20.542581961741753,2.1022004137449812e-08,1.788250400000834,PASS
SCHO_NFF,F11,1,1000,4025101,30,500,30,-600,600,0.0,6.317169010117141e-14,611.291864520307,6.317169010117141e-14,1.757367099999101,PASS
SCHO_NFF,F10,30,1029,4025030,30,500,30,-32,32,0.0,7.273294899690086e-08,20.847870698067215,7.273294899690086e-08,1.8063376000063727,PASS
SCHO_NFF,F11,2,1001,4025102,30,500,30,-600,600,0.0,1.2178036357113342e-12,639.1480611503106,1.2178036357113342e-12,1.7735633999982383,PASS
SCHO_NFF,F11,4,1003,4025104,30,500,30,-600,600,0.0,0.016843156342283505,640.6078006974948,0.016843156342283505,1.6019613000098616,PASS
SCHO_NFF,F11,3,1002,4025103,30,500,30,-600,600,0.0,9.418012825501698e-06,643.4385152741779,9.418012825501698e-06,1.6230095999926561,PASS
SCHO_NFF,F11,6,1005,4025106,30,500,30,-600,600,0.0,1.7367249539379515e-05,620.4511952126913,1.7367249539379515e-05,1.6252031000040006,PASS
SCHO_NFF,F11,5,1004,4025105,30,500,30,-600,600,0.0,3.497202527569243e-14,644.4520744510511,3.497202527569243e-14,1.7491891999961808,PASS
SCHO_NFF,F11,8,1007,4025108,30,500,30,-600,600,0.0,0.050010078424617355,487.5405080335636,0.050010078424617355,1.7843719000084093,PASS
SCHO_NFF,F11,7,1006,4025107,30,500,30,-600,600,0.0,3.1941116418465754e-13,632.8296368484805,3.1941116418465754e-13,1.8398913999990327,PASS
SCHO_NFF,F11,10,1009,4025110,30,500,30,-600,600,0.0,0.016438388012170124,616.7396630786404,0.016438388012170124,1.7544124999985797,PASS
SCHO_NFF,F11,9,1008,4025109,30,500,30,-600,600,0.0,8.992806499463768e-15,639.6684312970408,8.992806499463768e-15,1.8889180999976816,PASS
SCHO_NFF,F11,12,1011,4025112,30,500,30,-600,600,0.0,2.220446049250313e-16,542.9069981974286,2.220446049250313e-16,1.581526900001336,PASS
SCHO_NFF,F11,14,1013,4025114,30,500,30,-600,600,0.0,0.020280664316485786,591.7962883432442,0.020280664316485786,1.6122559000068577,PASS
SCHO_NFF,F11,11,1010,4025111,30,500,30,-600,600,0.0,4.79393191810118e-11,718.9807578130838,4.79393191810118e-11,1.659471000006306,PASS
SCHO_NFF,F11,13,1012,4025113,30,500,30,-600,600,0.0,0.14470676781276137,618.2400358748203,0.14470676781276137,1.6297878000041237,PASS
SCHO_NFF,F11,15,1014,4025115,30,500,30,-600,600,0.0,0.022427883403008164,563.9367128903148,0.022427883403008164,1.7148122999933548,PASS
SCHO_NFF,F11,16,1015,4025116,30,500,30,-600,600,0.0,4.5270128288477096e-05,549.6853975606296,4.5270128288477096e-05,1.7789948000136064,PASS
SCHO_NFF,F11,18,1017,4025118,30,500,30,-600,600,0.0,5.662137425588298e-15,635.4820188150104,5.662137425588298e-15,1.7623339999991003,PASS
SCHO_NFF,F11,17,1016,4025117,30,500,30,-600,600,0.0,1.9884094371036554e-13,658.3681797175631,1.9884094371036554e-13,1.7928568000061205,PASS
SCHO_NFF,F11,19,1018,4025119,30,500,30,-600,600,0.0,2.453592884421596e-14,538.2294864301934,2.453592884421596e-14,1.6295960999996169,PASS
SCHO_NFF,F11,20,1019,4025120,30,500,30,-600,600,0.0,4.9256470594727375e-05,711.0659999459813,4.9256470594727375e-05,1.6289830000023358,PASS
SCHO_NFF,F11,21,1020,4025121,30,500,30,-600,600,0.0,5.96189764223709e-14,738.5383591240958,5.96189764223709e-14,1.6490729999932228,PASS
SCHO_NFF,F11,22,1021,4025122,30,500,30,-600,600,0.0,3.6193270602780103e-14,579.5492680434852,3.6193270602780103e-14,1.6490176999941468,PASS
SCHO_NFF,F11,26,1025,4025126,30,500,30,-600,600,0.0,8.881784197001252e-16,609.8881515490872,8.881784197001252e-16,1.670521700012614,PASS
SCHO_NFF,F11,24,1023,4025124,30,500,30,-600,600,0.0,0.01068577446799035,649.0261533705124,0.01068577446799035,1.7006193999986863,PASS
SCHO_NFF,F11,23,1022,4025123,30,500,30,-600,600,0.0,0.13158476125081897,701.8372771154101,0.13158476125081897,1.7056682999973418,PASS
SCHO_NFF,F11,25,1024,4025125,30,500,30,-600,600,0.0,2.55351295663786e-15,508.02875095473263,2.55351295663786e-15,1.7084763000020757,PASS
SCHO_NFF,F11,28,1027,4025128,30,500,30,-600,600,0.0,0.0,642.5333046872523,0.0,1.598458300009952,PASS
SCHO_NFF,F11,27,1026,4025127,30,500,30,-600,600,0.0,1.1102230246251565e-16,614.144178110117,1.1102230246251565e-16,1.6132880999939516,PASS
SCHO_NFF,F11,30,1029,4025130,30,500,30,-600,600,0.0,4.337689252231769e-08,694.8702724214163,4.337689252231769e-08,1.6080204000027152,PASS
SCHO_NFF,F11,29,1028,4025129,30,500,30,-600,600,0.0,1.3007254828778514e-08,595.7920700073693,1.3007254828778514e-08,1.6316488000011304,PASS
SCHO_NFF,F12,2,1001,4025202,30,500,30,-50,50,0.0,1.2708696534405688e-06,579099359.0880492,1.2708696534405688e-06,1.8847128999914275,PASS
SCHO_NFF,F12,1,1000,4025201,30,500,30,-50,50,0.0,9.558971872879097e-08,577094378.3389748,9.558971872879097e-08,1.9180028999981005,PASS
SCHO_NFF,F12,4,1003,4025204,30,500,30,-50,50,0.0,6.167424488157921e-10,756082758.900649,6.167424488157921e-10,1.9112081000057515,PASS
SCHO_NFF,F12,3,1002,4025203,30,500,30,-50,50,0.0,4.279271049692528e-09,677755348.7064486,4.279271049692528e-09,1.9796670999930939,PASS
SCHO_NFF,F12,6,1005,4025206,30,500,30,-50,50,0.0,3.07279211239712e-07,613687382.5306401,3.07279211239712e-07,1.8345210999978008,PASS
SCHO_NFF,F12,8,1007,4025208,30,500,30,-50,50,0.0,1.1025278007653185e-06,465147296.24454856,1.1025278007653185e-06,1.8396729999949457,PASS
SCHO_NFF,F12,5,1004,4025205,30,500,30,-50,50,0.0,1.415375156655277e-07,600899121.4082001,1.415375156655277e-07,1.9276060000120196,PASS
SCHO_NFF,F12,7,1006,4025207,30,500,30,-50,50,0.0,3.617335625648183e-07,669437325.0641034,3.617335625648183e-07,1.9810142000060296,PASS
SCHO_NFF,F12,9,1008,4025209,30,500,30,-50,50,0.0,0.6857594817937903,673649374.2265142,0.6857594817937903,2.329586499996367,PASS
SCHO_NFF,F12,10,1009,4025210,30,500,30,-50,50,0.0,2.462177710917969e-07,608345809.8432229,2.462177710917969e-07,2.4009373000008054,PASS
SCHO_NFF,F12,11,1010,4025211,30,500,30,-50,50,0.0,6.496889306661839e-08,673700231.5011019,6.496889306661839e-08,2.4174322000035318,PASS
SCHO_NFF,F12,12,1011,4025212,30,500,30,-50,50,0.0,2.560155294351615e-07,354312759.8973637,2.560155294351615e-07,2.3941824000066845,PASS
SCHO_NFF,F12,14,1013,4025214,30,500,30,-50,50,0.0,1.516736897919924e-07,375026164.7994268,1.516736897919924e-07,1.9240749000018695,PASS
SCHO_NFF,F12,13,1012,4025213,30,500,30,-50,50,0.0,7.869681864208034e-08,409264261.74945426,7.869681864208034e-08,1.9428108000138309,PASS
SCHO_NFF,F12,16,1015,4025216,30,500,30,-50,50,0.0,5.836813151412421e-07,518663474.82455194,5.836813151412421e-07,1.9337937000091188,PASS
SCHO_NFF,F12,15,1014,4025215,30,500,30,-50,50,0.0,6.056287045764562e-07,377991105.0550389,6.056287045764562e-07,1.9376874000008684,PASS
SCHO_NFF,F12,17,1016,4025217,30,500,30,-50,50,0.0,8.356375984781465e-07,602516388.8524432,8.356375984781465e-07,2.1290594000020064,PASS
SCHO_NFF,F12,20,1019,4025220,30,500,30,-50,50,0.0,3.6459077934469693e-09,746482921.424925,3.6459077934469693e-09,2.1470915999962017,PASS
SCHO_NFF,F12,19,1018,4025219,30,500,30,-50,50,0.0,4.988538836287714e-07,493317185.6586725,4.988538836287714e-07,2.1512421000079485,PASS
SCHO_NFF,F12,18,1017,4025218,30,500,30,-50,50,0.0,2.35000874654329e-06,678910232.0700809,2.35000874654329e-06,2.202213500000653,PASS
SCHO_NFF,F12,22,1021,4025222,30,500,30,-50,50,0.0,4.117055672680976e-07,566705999.5069873,4.117055672680976e-07,1.7486778000020422,PASS
SCHO_NFF,F12,21,1020,4025221,30,500,30,-50,50,0.0,1.295404651964433e-07,779891967.4951634,1.295404651964433e-07,1.7936704000021564,PASS
SCHO_NFF,F12,24,1023,4025224,30,500,30,-50,50,0.0,2.382744176904512e-06,557034073.9341952,2.382744176904512e-06,1.8312892999965698,PASS
SCHO_NFF,F12,23,1022,4025223,30,500,30,-50,50,0.0,5.185768023261536e-07,527674663.0350982,5.185768023261536e-07,1.8332782999932533,PASS
SCHO_NFF,F12,25,1024,4025225,30,500,30,-50,50,0.0,5.547481734038986e-07,459268027.30294675,5.547481734038986e-07,1.9134332999965409,PASS
SCHO_NFF,F12,26,1025,4025226,30,500,30,-50,50,0.0,2.6415314671861497e-09,655610836.8316754,2.6415314671861497e-09,1.9954730999888852,PASS
SCHO_NFF,F12,27,1026,4025227,30,500,30,-50,50,0.0,3.6717902014995585e-06,688380987.7444726,3.6717902014995585e-06,1.9733697999909054,PASS
SCHO_NFF,F12,28,1027,4025228,30,500,30,-50,50,0.0,3.881238303817046e-08,735612073.6667887,3.881238303817046e-08,2.0115113999927416,PASS
SCHO_NFF,F12,29,1028,4025229,30,500,30,-50,50,0.0,1.3513329027210101e-06,694579575.2440028,1.3513329027210101e-06,1.7166847000044072,PASS
SCHO_NFF,F13,1,1000,4025301,30,500,30,-50,50,0.0,0.31099790483221984,1121540604.907016,0.31099790483221984,1.7143228000059025,PASS
SCHO_NFF,F12,30,1029,4025230,30,500,30,-50,50,0.0,0.6494602687854103,638200031.739138,0.6494602687854103,1.7488721999980044,PASS
SCHO_NFF,F13,2,1001,4025302,30,500,30,-50,50,0.0,1.2558609325053978,1134393402.9122756,1.2558609325053978,1.731835200000205,PASS
SCHO_NFF,F13,5,1004,4025305,30,500,30,-50,50,0.0,1.5894429485152916e-06,1170689608.5516968,1.5894429485152916e-06,1.83541649999097,PASS
SCHO_NFF,F13,6,1005,4025306,30,500,30,-50,50,0.0,1.2726591360083703e-06,1181621324.1665757,1.2726591360083703e-06,1.911266399998567,PASS
SCHO_NFF,F13,3,1002,4025303,30,500,30,-50,50,0.0,2.087649561629076,1279263460.7598147,2.087649561629076,1.9936764000012772,PASS
SCHO_NFF,F13,4,1003,4025304,30,500,30,-50,50,0.0,1.3209485674978918,1409943019.8603163,1.3209485674978918,1.9551023000094574,PASS
SCHO_NFF,F13,9,1008,4025309,30,500,30,-50,50,0.0,2.15171957331537,1296042042.9580178,2.15171957331537,1.7713653999962844,PASS
SCHO_NFF,F13,8,1007,4025308,30,500,30,-50,50,0.0,2.0668181004090123,878154019.7635087,2.0668181004090123,1.8146357000077842,PASS
SCHO_NFF,F13,10,1009,4025310,30,500,30,-50,50,0.0,2.046872572058303,1170491781.6147819,2.046872572058303,1.8111230000067735,PASS
SCHO_NFF,F13,7,1006,4025307,30,500,30,-50,50,0.0,2.0760251681808266,1268983075.2778127,2.0760251681808266,1.8820488000055775,PASS
SCHO_NFF,F13,13,1012,4025313,30,500,30,-50,50,0.0,1.654782949048354,902489281.0803057,1.654782949048354,1.9837300000071991,PASS
SCHO_NFF,F13,14,1013,4025314,30,500,30,-50,50,0.0,0.28581718934461164,813623365.5838884,0.28581718934461164,1.9632297000061953,PASS
SCHO_NFF,F13,11,1010,4025311,30,500,30,-50,50,0.0,1.6331484978555614e-06,1334005063.226532,1.6331484978555614e-06,2.1193946999992477,PASS
SCHO_NFF,F13,12,1011,4025312,30,500,30,-50,50,0.0,1.8983488296669486,746217004.1348709,1.8983488296669486,2.0974935999984154,PASS
SCHO_NFF,F13,15,1014,4025315,30,500,30,-50,50,0.0,1.4960022230633112e-05,781768070.7565104,1.4960022230633112e-05,1.7659748000005493,PASS
SCHO_NFF,F13,16,1015,4025316,30,500,30,-50,50,0.0,1.3227477216889039,992639751.8319389,1.3227477216889039,1.809099399994011,PASS
SCHO_NFF,F13,17,1016,4025317,30,500,30,-50,50,0.0,1.3265946644975606,1200343935.016167,1.3265946644975606,1.8282484999945154,PASS
SCHO_NFF,F13,18,1017,4025318,30,500,30,-50,50,0.0,1.6779223356659463,1270309810.4932654,1.6779223356659463,1.873689399988507,PASS
SCHO_NFF,F13,20,1019,4025320,30,500,30,-50,50,0.0,1.5458865548679868,1427951455.304063,1.5458865548679868,1.9688765999890165,PASS
SCHO_NFF,F13,19,1018,4025319,30,500,30,-50,50,0.0,2.0498376177677867e-07,985279769.8708252,2.0498376177677867e-07,2.0740093999920646,PASS
SCHO_NFF,F13,21,1020,4025321,30,500,30,-50,50,0.0,0.26705858619787803,1481567387.8877292,0.26705858619787803,2.0459835000074236,PASS
SCHO_NFF,F13,22,1021,4025322,30,500,30,-50,50,0.0,1.9802412219809655,1071852585.7528108,1.9802412219809655,2.023049600000377,PASS
SCHO_NFF,F13,23,1022,4025323,30,500,30,-50,50,0.0,0.07991359072753884,1057814591.9376878,0.07991359072753884,1.8425409000046784,PASS
SCHO_NFF,F13,26,1025,4025326,30,500,30,-50,50,0.0,1.4027795026533842,1213450885.258651,1.4027795026533842,1.8448080999951344,PASS
SCHO_NFF,F13,24,1023,4025324,30,500,30,-50,50,0.0,6.412804812504116e-07,1128834171.694078,6.412804812504116e-07,1.9101290999969933,PASS
SCHO_NFF,F13,25,1024,4025325,30,500,30,-50,50,0.0,2.0634356163223027,881544869.6646192,2.0634356163223027,1.8917080999963218,PASS
SCHO_NFF,F13,27,1026,4025327,30,500,30,-50,50,0.0,1.8716033594678594,1309554648.9066305,1.8716033594678594,2.1044859000103315,PASS
SCHO_NFF,F13,28,1027,4025328,30,500,30,-50,50,0.0,1.8320603925992007,1357932319.8784873,1.8320603925992007,2.1243384000117658,PASS
SCHO_NFF,F13,29,1028,4025329,30,500,30,-50,50,0.0,4.352785543773762e-05,1284594344.47724,4.352785543773762e-05,2.1155446999910055,PASS
SCHO_NFF,F13,30,1029,4025330,30,500,30,-50,50,0.0,1.423763980523611,1261783528.6462915,1.423763980523611,2.1323679000051925,PASS
SCHO_NFF,F14,1,1000,4025401,30,500,2,-65.536000000000001,65.536000000000001,1.0,2.982105156835159,473.71847520737606,2.982105156835159,0.5192736000026343,PASS
SCHO_NFF,F14,2,1001,4025402,30,500,2,-65.536000000000001,65.536000000000001,1.0,0.9980038378560384,20.799965995968776,0.9980038378560384,0.5298007000092184,PASS
SCHO_NFF,F14,4,1003,4025404,30,500,2,-65.536000000000001,65.536000000000001,1.0,2.982105157104295,7.991839953168932,2.982105157104295,0.5223807000002125,PASS
SCHO_NFF,F14,3,1002,4025403,30,500,2,-65.536000000000001,65.536000000000001,1.0,2.9821051568685037,7.856359089361977,2.9821051568685037,0.5295116000052076,PASS
SCHO_NFF,F14,7,1006,4025407,30,500,2,-65.536000000000001,65.536000000000001,1.0,0.9980038387085719,16.2842641081014,0.9980038387085719,0.4769838000065647,PASS
SCHO_NFF,F14,5,1004,4025405,30,500,2,-65.536000000000001,65.536000000000001,1.0,0.9980038378344815,24.322820508421295,0.9980038378344815,0.535977699997602,PASS
SCHO_NFF,F14,6,1005,4025406,30,500,2,-65.536000000000001,65.536000000000001,1.0,2.9821051568266506,90.7409532963287,2.9821051568266506,0.5198718000028748,PASS
SCHO_NFF,F14,8,1007,4025408,30,500,2,-65.536000000000001,65.536000000000001,1.0,2.982105156836103,21.481362099196957,2.982105156836103,0.506181499993545,PASS
SCHO_NFF,F14,9,1008,4025409,30,500,2,-65.536000000000001,65.536000000000001,1.0,0.9980038377945962,480.050865101365,0.9980038377945962,0.5107648999983212,PASS
SCHO_NFF,F14,10,1009,4025410,30,500,2,-65.536000000000001,65.536000000000001,1.0,2.982105156892949,15.108117071694181,2.982105156892949,0.507915200010757,PASS
SCHO_NFF,F14,11,1010,4025411,30,500,2,-65.536000000000001,65.536000000000001,1.0,0.9980038378488237,115.8570972449099,0.9980038378488237,0.5030647999956273,PASS
SCHO_NFF,F14,12,1011,4025412,30,500,2,-65.536000000000001,65.536000000000001,1.0,12.670505811135557,16.441007314171465,12.670505811135557,0.5318197999877157,PASS
SCHO_NFF,F14,13,1012,4025413,30,500,2,-65.536000000000001,65.536000000000001,1.0,2.9821051568310475,16.402755922508554,2.9821051568310475,0.4997888999932911,PASS
SCHO_NFF,F14,14,1013,4025414,30,500,2,-65.536000000000001,65.536000000000001,1.0,0.9980038378080889,73.97889205821518,0.9980038378080889,0.48748939999495633,PASS
SCHO_NFF,F14,16,1015,4025416,30,500,2,-65.536000000000001,65.536000000000001,1.0,0.9980038378309241,17.659718800789545,0.9980038378309241,0.5057382000086363,PASS
SCHO_NFF,F14,15,1014,4025415,30,500,2,-65.536000000000001,65.536000000000001,1.0,0.9980038377961958,65.35361146386387,0.9980038377961958,0.537093899998581,PASS
SCHO_NFF,F14,17,1016,4025417,30,500,2,-65.536000000000001,65.536000000000001,1.0,0.9980038378450077,438.10288921782666,0.9980038378450077,0.5482907999976305,PASS
SCHO_NFF,F14,18,1017,4025418,30,500,2,-65.536000000000001,65.536000000000001,1.0,0.9980038378003921,237.59430741100795,0.9980038378003921,0.5431890000036219,PASS
SCHO_NFF,F14,19,1018,4025419,30,500,2,-65.536000000000001,65.536000000000001,1.0,0.9980038380261738,2.286243956447089,0.9980038380261738,0.5600011999922572,PASS
SCHO_NFF,F14,20,1019,4025420,30,500,2,-65.536000000000001,65.536000000000001,1.0,0.9980038377994699,179.17713904158902,0.9980038377994699,0.5815771999914432,PASS
SCHO_NFF,F14,21,1020,4025421,30,500,2,-65.536000000000001,65.536000000000001,1.0,12.67050581113592,87.51907188492201,12.67050581113592,0.5367248999973526,PASS
SCHO_NFF,F14,22,1021,4025422,30,500,2,-65.536000000000001,65.536000000000001,1.0,2.9821051569531893,29.199725330593285,2.9821051569531893,0.5362499999901047,PASS
SCHO_NFF,F14,23,1022,4025423,30,500,2,-65.536000000000001,65.536000000000001,1.0,2.9821051568237165,9.804625661988586,2.9821051568237165,0.5225887999986298,PASS
SCHO_NFF,F14,24,1023,4025424,30,500,2,-65.536000000000001,65.536000000000001,1.0,0.9980038402109462,294.0509123316119,0.9980038402109462,0.5300896999979159,PASS
SCHO_NFF,F14,26,1025,4025426,30,500,2,-65.536000000000001,65.536000000000001,1.0,0.9980038378011187,421.40232505995556,0.9980038378011187,0.5080891999969026,PASS
SCHO_NFF,F14,25,1024,4025425,30,500,2,-65.536000000000001,65.536000000000001,1.0,12.670505811135557,320.00268640700443,12.670505811135557,0.5532867000001715,PASS
SCHO_NFF,F14,28,1027,4025428,30,500,2,-65.536000000000001,65.536000000000001,1.0,0.998003837813964,160.2537413920019,0.998003837813964,0.5367290000140201,PASS
SCHO_NFF,F14,27,1026,4025427,30,500,2,-65.536000000000001,65.536000000000001,1.0,2.9821051568174264,337.8200873186404,2.9821051568174264,0.5385379000072135,PASS
SCHO_NFF,F15,2,1001,4025502,30,500,4,-5,5,0.0003,0.000391135226620658,1.2717309895536486,0.000391135226620658,0.4237946999928681,PASS
SCHO_NFF,F14,29,1028,4025429,30,500,2,-65.536000000000001,65.536000000000001,1.0,0.9980038378258884,2.3576554955050417,0.9980038378258884,0.4910385999974096,PASS
SCHO_NFF,F14,30,1029,4025430,30,500,2,-65.536000000000001,65.536000000000001,1.0,0.9980038378047804,15.999537865751927,0.9980038378047804,0.47839059999387246,PASS
SCHO_NFF,F15,1,1000,4025501,30,500,4,-5,5,0.0003,0.00036935339744310317,0.30191456608898665,0.00036935339744310317,0.4649517000070773,PASS
SCHO_NFF,F15,5,1004,4025505,30,500,4,-5,5,0.0003,0.00040733496767752874,0.12948702495992004,0.00040733496767752874,0.4783188000001246,PASS
SCHO_NFF,F15,4,1003,4025504,30,500,4,-5,5,0.0003,0.00045007957915036014,0.1609090192272938,0.00045007957915036014,0.4955878000037046,PASS
SCHO_NFF,F15,3,1002,4025503,30,500,4,-5,5,0.0003,0.000322033443103205,0.3644888722730511,0.000322033443103205,0.5056064000091283,PASS
SCHO_NFF,F15,6,1005,4025506,30,500,4,-5,5,0.0003,0.00038870162791277,0.12186464086944875,0.00038870162791277,0.5003117000014754,PASS
SCHO_NFF,F15,7,1006,4025507,30,500,4,-5,5,0.0003,0.0003900357013927037,0.12363760498402297,0.0003900357013927037,0.440803200006485,PASS
SCHO_NFF,F15,8,1007,4025508,30,500,4,-5,5,0.0003,0.0007732391547444269,0.09018764359449179,0.0007732391547444269,0.44654579999041744,PASS
SCHO_NFF,F15,9,1008,4025509,30,500,4,-5,5,0.0003,0.00039689705603978274,2.2394826617102606,0.00039689705603978274,0.43721049999294337,PASS
SCHO_NFF,F15,10,1009,4025510,30,500,4,-5,5,0.0003,0.0006002811847052871,0.13877679138861554,0.0006002811847052871,0.4852812000026461,PASS
SCHO_NFF,F15,11,1010,4025511,30,500,4,-5,5,0.0003,0.00039030633314817315,0.03239128528085753,0.00039030633314817315,0.43886829999974,PASS
SCHO_NFF,F15,12,1011,4025512,30,500,4,-5,5,0.0003,0.00045730058946346535,0.23498015533649527,0.00045730058946346535,0.4327734000107739,PASS
SCHO_NFF,F15,13,1012,4025513,30,500,4,-5,5,0.0003,0.0003867035081247463,0.1306304824855118,0.0003867035081247463,0.48313259999849834,PASS
SCHO_NFF,F15,14,1013,4025514,30,500,4,-5,5,0.0003,0.0005417434850744405,0.1598298890496266,0.0005417434850744405,0.5070274000026984,PASS
SCHO_NFF,F15,15,1014,4025515,30,500,4,-5,5,0.0003,0.00033055968125821143,0.10205617825736528,0.00033055968125821143,0.4248507000011159,PASS
SCHO_NFF,F15,16,1015,4025516,30,500,4,-5,5,0.0003,0.0004432927886551077,2.092356457574675,0.0004432927886551077,0.43266489999950863,PASS
SCHO_NFF,F15,17,1016,4025517,30,500,4,-5,5,0.0003,0.0003752085057279605,0.2605680364275185,0.0003752085057279605,0.43322690000059083,PASS
SCHO_NFF,F15,18,1017,4025518,30,500,4,-5,5,0.0003,0.0003937320431157827,0.14977648977909336,0.0003937320431157827,0.41234159999294207,PASS
SCHO_NFF,F15,19,1018,4025519,30,500,4,-5,5,0.0003,0.0003978126870881637,0.1985628632680977,0.0003978126870881637,0.4432290999975521,PASS
SCHO_NFF,F15,21,1020,4025521,30,500,4,-5,5,0.0003,0.0003816345472672074,0.4954470688391197,0.0003816345472672074,0.43585770000936463,PASS
SCHO_NFF,F15,20,1019,4025520,30,500,4,-5,5,0.0003,0.0004836460701260768,0.1359115073620081,0.0004836460701260768,0.46783639999921434,PASS
SCHO_NFF,F15,22,1021,4025522,30,500,4,-5,5,0.0003,0.0003641045282285053,0.5524050984541609,0.0003641045282285053,0.4537112999969395,PASS
SCHO_NFF,F15,23,1022,4025523,30,500,4,-5,5,0.0003,0.0005039748911667044,0.29407409982959576,0.0005039748911667044,0.4314336999959778,PASS
SCHO_NFF,F15,25,1024,4025525,30,500,4,-5,5,0.0003,0.0003128376135295534,0.054825133501047195,0.0003128376135295534,0.4284103999962099,PASS
SCHO_NFF,F15,24,1023,4025524,30,500,4,-5,5,0.0003,0.0003938727699825681,0.298411205199563,0.0003938727699825681,0.4484002999961376,PASS
SCHO_NFF,F15,26,1025,4025526,30,500,4,-5,5,0.0003,0.0003101093407002826,0.2996859951874783,0.0003101093407002826,0.4466418999945745,PASS
SCHO_NFF,F15,30,1029,4025530,30,500,4,-5,5,0.0003,0.0003432772015472974,0.14413165160408462,0.0003432772015472974,0.4483595000056084,PASS
SCHO_NFF,F15,27,1026,4025527,30,500,4,-5,5,0.0003,0.0004077996818683681,0.08376195205332174,0.0004077996818683681,0.48235800000838935,PASS
SCHO_NFF,F15,29,1028,4025529,30,500,4,-5,5,0.0003,0.00039584535032290624,0.08098779060507648,0.00039584535032290624,0.46798580000177026,PASS
SCHO_NFF,F15,28,1027,4025528,30,500,4,-5,5,0.0003,0.0005066655485745143,0.03968409975464774,0.0005066655485745143,0.4873996999958763,PASS
SCHO_NFF,F16,4,1003,4025604,30,500,2,-5,5,-1.0316,-1.031628436900496,-0.39997849461446167,-1.031628436900496,0.20113640000636224,PASS
SCHO_NFF,F16,3,1002,4025603,30,500,2,-5,5,-1.0316,-1.0316283082193556,0.7607607404739891,-1.0316283082193556,0.20400030000018887,PASS
SCHO_NFF,F16,1,1000,4025601,30,500,2,-5,5,-1.0316,-1.0316279291875676,2.181179457071373,-1.0316279291875676,0.22657990000152495,PASS
SCHO_NFF,F16,2,1001,4025602,30,500,2,-5,5,-1.0316,-1.0316255190399657,-0.027012733357646004,-1.0316255190399657,0.2265378000010969,PASS
SCHO_NFF,F16,6,1005,4025606,30,500,2,-5,5,-1.0316,-1.0316268072455355,-0.9735315253417971,-1.0316268072455355,0.24439709998841863,PASS
SCHO_NFF,F16,5,1004,4025605,30,500,2,-5,5,-1.0316,-1.0316283848418717,-0.170143036311162,-1.0316283848418717,0.2709279999980936,PASS
SCHO_NFF,F16,8,1007,4025608,30,500,2,-5,5,-1.0316,-1.0316283142003309,-0.24021923047679472,-1.0316283142003309,0.2542818000074476,PASS
SCHO_NFF,F16,7,1006,4025607,30,500,2,-5,5,-1.0316,-1.0316262786815589,-0.20638118856745086,-1.0316262786815589,0.2675381000008201,PASS
SCHO_NFF,F16,9,1008,4025609,30,500,2,-5,5,-1.0316,-1.0316262483058276,2.3278539991551703,-1.0316262483058276,0.21325400000205263,PASS
SCHO_NFF,F16,10,1009,4025610,30,500,2,-5,5,-1.0316,-1.0316252465503146,1.0848751489960493,-1.0316252465503146,0.22926249999727588,PASS
SCHO_NFF,F16,11,1010,4025611,30,500,2,-5,5,-1.0316,-1.0316279171077944,2.3611245635192675,-1.0316279171077944,0.22037369999452494,PASS
SCHO_NFF,F16,12,1011,4025612,30,500,2,-5,5,-1.0316,-1.0316263437249158,-1.0303686554309606,-1.0316263437249158,0.22158769999805372,PASS
SCHO_NFF,F16,13,1012,4025613,30,500,2,-5,5,-1.0316,-1.0316275178076653,1.5398855373431712,-1.0316275178076653,0.2368958000006387,PASS
SCHO_NFF,F16,14,1013,4025614,30,500,2,-5,5,-1.0316,-1.0316148371993183,-0.8050538505238225,-1.0316148371993183,0.24532729999918956,PASS
SCHO_NFF,F16,15,1014,4025615,30,500,2,-5,5,-1.0316,-1.0316250355193042,0.23957312171001172,-1.0316250355193042,0.24381529999664053,PASS
SCHO_NFF,F16,16,1015,4025616,30,500,2,-5,5,-1.0316,-1.0316238345819402,0.7787012712336405,-1.0316238345819402,0.2507425000076182,PASS
SCHO_NFF,F16,17,1016,4025617,30,500,2,-5,5,-1.0316,-1.031628025909527,0.9570585820096484,-1.031628025909527,0.22073260000615846,PASS
SCHO_NFF,F16,18,1017,4025618,30,500,2,-5,5,-1.0316,-1.031626633766365,1.6470124840433833,-1.031626633766365,0.23973459999251645,PASS
SCHO_NFF,F16,19,1018,4025619,30,500,2,-5,5,-1.0316,-1.031628057325702,0.7878546115016152,-1.031628057325702,0.23262970001087524,PASS
SCHO_NFF,F16,20,1019,4025620,30,500,2,-5,5,-1.0316,-1.0316277079839644,-0.9362291745164019,-1.0316277079839644,0.21945940000296105,PASS
SCHO_NFF,F16,23,1022,4025623,30,500,2,-5,5,-1.0316,-1.0316281471663675,1.3326463850849646,-1.0316281471663675,0.22003720000793692,PASS
SCHO_NFF,F16,21,1020,4025621,30,500,2,-5,5,-1.0316,-1.031627088582861,0.6778025610508492,-1.031627088582861,0.24654189999273513,PASS
SCHO_NFF,F16,22,1021,4025622,30,500,2,-5,5,-1.0316,-1.0316279491124616,1.5766615624712603,-1.0316279491124616,0.2571989999996731,PASS
SCHO_NFF,F16,24,1023,4025624,30,500,2,-5,5,-1.0316,-1.0316205162476588,2.6557067430875065,-1.0316205162476588,0.2594941999996081,PASS
SCHO_NFF,F16,25,1024,4025625,30,500,2,-5,5,-1.0316,-1.031626179047246,2.429026067201413,-1.031626179047246,0.22379129999899305,PASS
SCHO_NFF,F16,26,1025,4025626,30,500,2,-5,5,-1.0316,-1.0316281536111325,21.49073996804959,-1.0316281536111325,0.22342080000089481,PASS
SCHO_NFF,F16,27,1026,4025627,30,500,2,-5,5,-1.0316,-1.0316282208715344,-0.1512971369952485,-1.0316282208715344,0.22194770000351127,PASS
SCHO_NFF,F16,28,1027,4025628,30,500,2,-5,5,-1.0316,-1.031627947211156,0.6076326090253817,-1.031627947211156,0.22505619999719784,PASS
SCHO_NFF,F16,29,1028,4025629,30,500,2,-5,5,-1.0316,-1.0316274875777407,-0.12993145689296656,-1.0316274875777407,0.2270122000045376,PASS
SCHO_NFF,F16,30,1029,4025630,30,500,2,-5,5,-1.0316,-1.0316248444925473,2.6013826494536425,-1.0316248444925473,0.23694610000529792,PASS
SCHO_NFF,F17,2,1001,4025702,30,500,2,-5;0,10;15,0.397887,0.3979008512336879,1.2443773973881989,0.3979008512336879,0.23023710001143627,PASS
SCHO_NFF,F17,1,1000,4025701,30,500,2,-5;0,10;15,0.397887,0.39791482548909585,1.0638829597342436,0.39791482548909585,0.23888309999892954,PASS
SCHO_NFF,F17,4,1003,4025704,30,500,2,-5;0,10;15,0.397887,0.39897925685264646,2.6652672686497105,0.39897925685264646,0.21253769999020733,PASS
SCHO_NFF,F17,3,1002,4025703,30,500,2,-5;0,10;15,0.397887,0.39791781595395825,0.5710175662180976,0.39791781595395825,0.23710919999575708,PASS
SCHO_NFF,F17,5,1004,4025705,30,500,2,-5;0,10;15,0.397887,0.39813852360122937,0.7300291394205143,0.39813852360122937,0.21156320000591222,PASS
SCHO_NFF,F17,6,1005,4025706,30,500,2,-5;0,10;15,0.397887,0.39811702507016555,0.7328401017256851,0.39811702507016555,0.2320391999965068,PASS
SCHO_NFF,F17,8,1007,4025708,30,500,2,-5;0,10;15,0.397887,0.3981851585305325,0.8184767311208248,0.3981851585305325,0.21713390000513755,PASS
SCHO_NFF,F17,7,1006,4025707,30,500,2,-5;0,10;15,0.397887,0.39791949228383494,1.0302901000661695,0.39791949228383494,0.2319380000117235,PASS
SCHO_NFF,F17,9,1008,4025709,30,500,2,-5;0,10;15,0.397887,0.39803380622638684,1.6574038437894387,0.39803380622638684,0.231471800012514,PASS
SCHO_NFF,F17,10,1009,4025710,30,500,2,-5;0,10;15,0.397887,0.3978919897500788,3.966514797561688,0.3978919897500788,0.23823370000172872,PASS
SCHO_NFF,F17,12,1011,4025712,30,500,2,-5;0,10;15,0.397887,0.3979011073277725,4.005505020167275,0.3979011073277725,0.21178409999993164,PASS
SCHO_NFF,F17,11,1010,4025711,30,500,2,-5;0,10;15,0.397887,0.3979843676241739,0.9236150306333499,0.3979843676241739,0.23520759999519214,PASS
SCHO_NFF,F17,13,1012,4025713,30,500,2,-5;0,10;15,0.397887,0.3981578333542135,0.653014811080423,0.3981578333542135,0.21132869999564718,PASS
SCHO_NFF,F17,14,1013,4025714,30,500,2,-5;0,10;15,0.397887,0.39806303415923594,1.2794390638585824,0.39806303415923594,0.20701079998980276,PASS
SCHO_NFF,F17,15,1014,4025715,30,500,2,-5;0,10;15,0.397887,0.3981652651227634,0.5699043454949582,0.3981652651227634,0.24627209999016486,PASS
SCHO_NFF,F17,18,1017,4025718,30,500,2,-5;0,10;15,0.397887,0.39818287776567196,1.6377791627432448,0.39818287776567196,0.23563199999625795,PASS
SCHO_NFF,F17,17,1016,4025717,30,500,2,-5;0,10;15,0.397887,0.3978921908013824,1.9307324415435367,0.3978921908013824,0.24720979999983683,PASS
SCHO_NFF,F17,16,1015,4025716,30,500,2,-5;0,10;15,0.397887,0.3982438985693548,0.5472008050952475,0.3982438985693548,0.2505215999990469,PASS
SCHO_NFF,F17,19,1018,4025719,30,500,2,-5;0,10;15,0.397887,0.3981286794835466,1.8190149992010163,0.3981286794835466,0.2304087999946205,PASS
SCHO_NFF,F17,20,1019,4025720,30,500,2,-5;0,10;15,0.397887,0.39802727568302565,0.4636423262601532,0.39802727568302565,0.221927799997502,PASS
SCHO_NFF,F17,21,1020,4025721,30,500,2,-5;0,10;15,0.397887,0.39789429978677227,2.247938566819121,0.39789429978677227,0.2205814999906579,PASS
SCHO_NFF,F17,22,1021,4025722,30,500,2,-5;0,10;15,0.397887,0.3980261183470972,1.8216716190815827,0.3980261183470972,0.2365066000056686,PASS
SCHO_NFF,F17,23,1022,4025723,30,500,2,-5;0,10;15,0.397887,0.397997574239227,0.615174882056257,0.397997574239227,0.2537319000111893,PASS
SCHO_NFF,F17,24,1023,4025724,30,500,2,-5;0,10;15,0.397887,0.3991140515765039,14.151514125962425,0.3991140515765039,0.2501353000116069,PASS
SCHO_NFF,F17,25,1024,4025725,30,500,2,-5;0,10;15,0.397887,0.3980185321199663,1.6869208412063283,0.3980185321199663,0.25482950000150595,PASS
SCHO_NFF,F17,26,1025,4025726,30,500,2,-5;0,10;15,0.397887,0.3980011524777858,3.889306158017198,0.3980011524777858,0.2595835999964038,PASS
SCHO_NFF,F17,28,1027,4025728,30,500,2,-5;0,10;15,0.397887,0.39789361386428546,2.9510390763983754,0.39789361386428546,0.21098259999416769,PASS
SCHO_NFF,F17,27,1026,4025727,30,500,2,-5;0,10;15,0.397887,0.3984061292268972,1.0566819945015116,0.3984061292268972,0.23972340000909753,PASS
SCHO_NFF,F17,29,1028,4025729,30,500,2,-5;0,10;15,0.397887,0.398176349545718,2.4485590920128137,0.398176349545718,0.2147240999911446,PASS
SCHO_NFF,F17,30,1029,4025730,30,500,2,-5;0,10;15,0.397887,0.3980266491253168,0.47798940625165187,0.3980266491253168,0.21409069999936037,PASS
SCHO_NFF,F18,1,1000,4025801,30,500,2,-2,2,3.0,3.0000044096539864,81.38562380070489,3.0000044096539864,0.25431489999755286,PASS
SCHO_NFF,F18,2,1001,4025802,30,500,2,-2,2,3.0,3.000016263128404,30.688673464406033,3.000016263128404,0.25453780000680126,PASS
SCHO_NFF,F18,4,1003,4025804,30,500,2,-2,2,3.0,3.0000172772173763,93.48619771902435,3.0000172772173763,0.24744530000316445,PASS
SCHO_NFF,F18,3,1002,4025803,30,500,2,-2,2,3.0,3.0000252245087125,34.965342142586636,3.0000252245087125,0.2566690999956336,PASS
SCHO_NFF,F18,5,1004,4025805,30,500,2,-2,2,3.0,3.000006017998278,50.082085355619114,3.000006017998278,0.23704320000251755,PASS
SCHO_NFF,F18,8,1007,4025808,30,500,2,-2,2,3.0,3.00000013541971,64.59830186416433,3.00000013541971,0.20710490000783466,PASS
SCHO_NFF,F18,7,1006,4025807,30,500,2,-2,2,3.0,3.0000001432283177,5.7914370508281126,3.0000001432283177,0.23495749999710824,PASS
SCHO_NFF,F18,6,1005,4025806,30,500,2,-2,2,3.0,3.000003901589604,60.063618491605254,3.000003901589604,0.24069849999796133,PASS
SCHO_NFF,F18,9,1008,4025809,30,500,2,-2,2,3.0,3.000016034681534,25.521419373542102,3.000016034681534,0.22922819999803323,PASS
SCHO_NFF,F18,10,1009,4025810,30,500,2,-2,2,3.0,3.0000565016206635,3.5313798537296646,3.0000565016206635,0.2379374000011012,PASS
SCHO_NFF,F18,11,1010,4025811,30,500,2,-2,2,3.0,3.000021939837351,88.7536597773862,3.000021939837351,0.2370327999960864,PASS
SCHO_NFF,F18,12,1011,4025812,30,500,2,-2,2,3.0,3.0000003306068312,39.964935115530984,3.0000003306068312,0.2381294000078924,PASS
SCHO_NFF,F18,13,1012,4025813,30,500,2,-2,2,3.0,3.000000563088189,9.426190913628409,3.000000563088189,0.22958099999232218,PASS
SCHO_NFF,F18,14,1013,4025814,30,500,2,-2,2,3.0,3.0000002063560363,13.07568843364808,3.0000002063560363,0.23117490000731777,PASS
SCHO_NFF,F18,15,1014,4025815,30,500,2,-2,2,3.0,3.000000422168669,21.8168014034403,3.000000422168669,0.23000300000421703,PASS
SCHO_NFF,F18,16,1015,4025816,30,500,2,-2,2,3.0,3.000000869640531,329.91156437221537,3.000000869640531,0.25313460000324994,PASS
SCHO_NFF,F18,17,1016,4025817,30,500,2,-2,2,3.0,3.0000161471103834,91.84738429723461,3.0000161471103834,0.24011319999408443,PASS
SCHO_NFF,F18,19,1018,4025819,30,500,2,-2,2,3.0,3.0000028077246457,10.909611757157371,3.0000028077246457,0.2593406999949366,PASS
SCHO_NFF,F18,18,1017,4025818,30,500,2,-2,2,3.0,3.000029500794219,195.47673454838912,3.000029500794219,0.2766315000044415,PASS
SCHO_NFF,F18,20,1019,4025820,30,500,2,-2,2,3.0,3.000055622967704,273.7028443942355,3.000055622967704,0.27775280000059865,PASS
SCHO_NFF,F18,21,1020,4025821,30,500,2,-2,2,3.0,3.0000050676391172,317.38163063086415,3.0000050676391172,0.26484350000100676,PASS
SCHO_NFF,F18,22,1021,4025822,30,500,2,-2,2,3.0,3.000001373587558,66.7727554338801,3.000001373587558,0.23340969999844674,PASS
SCHO_NFF,F18,23,1022,4025823,30,500,2,-2,2,3.0,3.000001488124497,77.76899365473201,3.000001488124497,0.23576060000050347,PASS
SCHO_NFF,F18,24,1023,4025824,30,500,2,-2,2,3.0,3.0000105943077995,35.89485466192964,3.0000105943077995,0.24620350000623148,PASS
SCHO_NFF,F18,26,1025,4025826,30,500,2,-2,2,3.0,3.0000100952315227,52.45697833328407,3.0000100952315227,0.2453207999933511,PASS
SCHO_NFF,F18,25,1024,4025825,30,500,2,-2,2,3.0,3.000040173420885,77.76507019353373,3.000040173420885,0.2734016000031261,PASS
SCHO_NFF,F18,27,1026,4025827,30,500,2,-2,2,3.0,3.000000248172879,64.85636849106568,3.000000248172879,0.2666919000039343,PASS
SCHO_NFF,F18,28,1027,4025828,30,500,2,-2,2,3.0,3.0000001134312573,18.92539432381692,3.0000001134312573,0.2649137999978848,PASS
SCHO_NFF,F18,29,1028,4025829,30,500,2,-2,2,3.0,3.0000135455951367,45.603141869610994,3.0000135455951367,0.2161976999923354,PASS
SCHO_NFF,F18,30,1029,4025830,30,500,2,-2,2,3.0,3.000000963286353,9.657899738468323,3.000000963286353,0.2297134999971604,PASS
SCHO_NFF,F19,1,1000,4025901,30,500,3,0,1,-3.8628,-3.8548974068386617,-2.8152364689429965,-3.8548974068386617,0.5582709000009345,PASS
SCHO_NFF,F19,2,1001,4025902,30,500,3,0,1,-3.8628,-3.8551467397652726,-3.0010573399050178,-3.8551467397652726,0.5700707000069087,PASS
SCHO_NFF,F19,5,1004,4025905,30,500,3,0,1,-3.8628,-3.854776517297747,-3.639512885449389,-3.854776517297747,0.576238799985731,PASS
SCHO_NFF,F19,3,1002,4025903,30,500,3,0,1,-3.8628,-3.8548178764009697,-3.725083575446613,-3.8548178764009697,0.608348499998101,PASS
SCHO_NFF,F19,4,1003,4025904,30,500,3,0,1,-3.8628,-3.862419445581245,-3.1461542137665415,-3.862419445581245,0.6101594000065234,PASS
SCHO_NFF,F19,6,1005,4025906,30,500,3,0,1,-3.8628,-3.8585184088064857,-3.5964528439046646,-3.8585184088064857,0.6042597000050591,PASS
SCHO_NFF,F19,8,1007,4025908,30,500,3,0,1,-3.8628,-3.854551843361181,-3.371709865860915,-3.854551843361181,0.5363382000068668,PASS
SCHO_NFF,F19,10,1009,4025910,30,500,3,0,1,-3.8628,-3.8626495197548913,-3.6842803474191888,-3.8626495197548913,0.5851737999910256,PASS
SCHO_NFF,F19,9,1008,4025909,30,500,3,0,1,-3.8628,-3.8625670524054203,-2.3770187007264147,-3.8625670524054203,0.6016685999929905,PASS
SCHO_NFF,F19,7,1006,4025907,30,500,3,0,1,-3.8628,-3.8625792648726582,-3.5365431240230087,-3.8625792648726582,0.6355922000075225,PASS
SCHO_NFF,F19,14,1013,4025914,30,500,3,0,1,-3.8628,-3.8624087007272734,-2.7738840559770095,-3.8624087007272734,0.5970387000124902,PASS
SCHO_NFF,F19,11,1010,4025911,30,500,3,0,1,-3.8628,-3.86265790418151,-3.3317115223347478,-3.86265790418151,0.6249093999940669,PASS
SCHO_NFF,F19,12,1011,4025912,30,500,3,0,1,-3.8628,-3.862457186184779,-3.4451524449101667,-3.862457186184779,0.6282410999992862,PASS
SCHO_NFF,F19,13,1012,4025913,30,500,3,0,1,-3.8628,-3.8622231586484315,-3.635871471826206,-3.8622231586484315,0.6584743999992497,PASS
SCHO_NFF,F19,16,1015,4025916,30,500,3,0,1,-3.8628,-3.8548133523856736,-3.3706466472251426,-3.8548133523856736,0.5632325000042329,PASS
SCHO_NFF,F19,17,1016,4025917,30,500,3,0,1,-3.8628,-3.8602634355351784,-2.5942404342513865,-3.8602634355351784,0.5503170999872964,PASS
SCHO_NFF,F19,15,1014,4025915,30,500,3,0,1,-3.8628,-3.8625436221050546,-3.0661071327576335,-3.8625436221050546,0.5929986999981338,PASS
SCHO_NFF,F19,18,1017,4025918,30,500,3,0,1,-3.8628,-3.854605697370255,-3.529350907698285,-3.854605697370255,0.5800483000057284,PASS
SCHO_NFF,F19,21,1020,4025921,30,500,3,0,1,-3.8628,-3.8548526952953135,-2.5311476977977185,-3.8548526952953135,0.559929099996225,PASS
SCHO_NFF,F19,22,1021,4025922,30,500,3,0,1,-3.8628,-3.85481194168611,-3.757311537153646,-3.85481194168611,0.5949792999890633,PASS
SCHO_NFF,F19,20,1019,4025920,30,500,3,0,1,-3.8628,-3.8548303451694492,-2.937918383007861,-3.8548303451694492,0.6190332999976818,PASS
SCHO_NFF,F19,19,1018,4025919,30,500,3,0,1,-3.8628,-3.8612342652741303,-3.399138298593093,-3.8612342652741303,0.649906300008297,PASS
SCHO_NFF,F19,23,1022,4025923,30,500,3,0,1,-3.8628,-3.862756416194415,-3.2132895898117337,-3.862756416194415,0.5571649999910733,PASS
SCHO_NFF,F19,25,1024,4025925,30,500,3,0,1,-3.8628,-3.8606821387147745,-3.2314525429469114,-3.8606821387147745,0.565227999992203,PASS
SCHO_NFF,F19,26,1025,4025926,30,500,3,0,1,-3.8628,-3.862507538266459,-2.924795237972474,-3.862507538266459,0.5676328999979887,PASS
SCHO_NFF,F19,24,1023,4025924,30,500,3,0,1,-3.8628,-3.8626855725206264,-3.0648914677945323,-3.8626855725206264,0.620074200007366,PASS
SCHO_NFF,F19,30,1029,4025930,30,500,3,0,1,-3.8628,-3.8605601074296536,-3.661052938270577,-3.8605601074296536,0.5869782000081614,PASS
SCHO_NFF,F19,27,1026,4025927,30,500,3,0,1,-3.8628,-3.859725990763652,-2.8590384198361467,-3.859725990763652,0.6273241000017151,PASS
SCHO_NFF,F19,28,1027,4025928,30,500,3,0,1,-3.8628,-3.8624741823205166,-3.0773264067719293,-3.8624741823205166,0.6186770000058459,PASS
SCHO_NFF,F19,29,1028,4025929,30,500,3,0,1,-3.8628,-3.8627253443257104,-2.805569559471893,-3.8627253443257104,0.6192515000002459,PASS
SCHO_NFF,F20,1,1000,4026001,30,500,6,0,1,-3.322,-3.3055857211534247,-1.719657427599971,-3.3055857211534247,0.6984271999972407,PASS
SCHO_NFF,F20,2,1001,4026002,30,500,6,0,1,-3.322,-3.313785046566793,-2.366607712192178,-3.313785046566793,0.7051037999917753,PASS
SCHO_NFF,F20,3,1002,4026003,30,500,6,0,1,-3.322,-3.132294611798006,-2.639546222318051,-3.132294611798006,0.728359199987608,PASS
SCHO_NFF,F20,4,1003,4026004,30,500,6,0,1,-3.322,-3.0655046316845973,-1.4156844025488817,-3.0655046316845973,0.7284591000061482,PASS
SCHO_NFF,F20,5,1004,4026005,30,500,6,0,1,-3.322,-3.3104823872610423,-1.546975718287114,-3.3104823872610423,0.866497499999241,PASS
SCHO_NFF,F20,6,1005,4026006,30,500,6,0,1,-3.322,-3.082328488729847,-0.9891623935739681,-3.082328488729847,0.883616199993412,PASS
SCHO_NFF,F20,7,1006,4026007,30,500,6,0,1,-3.322,-3.306443330624958,-1.3524600207773423,-3.306443330624958,0.8772419000015361,PASS
SCHO_NFF,F20,8,1007,4026008,30,500,6,0,1,-3.322,-3.3045512734143068,-1.1897588416913751,-3.3045512734143068,0.8959944000089308,PASS
SCHO_NFF,F20,9,1008,4026009,30,500,6,0,1,-3.322,-3.133231719142781,-2.5573730477528325,-3.133231719142781,0.815310199992382,PASS
SCHO_NFF,F20,11,1010,4026011,30,500,6,0,1,-3.322,-3.3060259598937827,-0.6291784544978798,-3.3060259598937827,0.807916199992178,PASS
SCHO_NFF,F20,10,1009,4026010,30,500,6,0,1,-3.322,-3.1296123014803485,-1.5097145340696625,-3.1296123014803485,0.8447983999940334,PASS
SCHO_NFF,F20,12,1011,4026012,30,500,6,0,1,-3.322,-3.1295960398914078,-1.3334487205410632,-3.1295960398914078,0.8607060999929672,PASS
SCHO_NFF,F20,13,1012,4026013,30,500,6,0,1,-3.322,-3.3166271616676433,-1.0595512897021777,-3.3166271616676433,0.9042463999940082,PASS
SCHO_NFF,F20,15,1014,4026015,30,500,6,0,1,-3.322,-3.076540285093067,-2.443957038960648,-3.076540285093067,0.9056819999968866,PASS
SCHO_NFF,F20,14,1013,4026014,30,500,6,0,1,-3.322,-3.126961862146215,-1.8745849243144121,-3.126961862146215,0.9272209999908227,PASS
SCHO_NFF,F20,16,1015,4026016,30,500,6,0,1,-3.322,-3.060391565490436,-1.42589448097107,-3.060391565490436,0.9277921999891987,PASS
SCHO_NFF,F20,17,1016,4026017,30,500,6,0,1,-3.322,-3.0687534002025036,-0.7707250057888351,-3.0687534002025036,0.7986208999936935,PASS
SCHO_NFF,F20,18,1017,4026018,30,500,6,0,1,-3.322,-3.3081466717560613,-1.2806836046999825,-3.3081466717560613,0.8036923999898136,PASS
SCHO_NFF,F20,19,1018,4026019,30,500,6,0,1,-3.322,-3.3204705252859124,-1.6501266361374602,-3.3204705252859124,0.7988965999975335,PASS
SCHO_NFF,F20,20,1019,4026020,30,500,6,0,1,-3.322,-2.836531528235208,-1.1694872668654595,-2.836531528235208,0.791211799994926,PASS
SCHO_NFF,F20,21,1020,4026021,30,500,6,0,1,-3.322,-3.0696429579479525,-1.3182646272649436,-3.0696429579479525,0.7851480999961495,PASS
SCHO_NFF,F20,23,1022,4026023,30,500,6,0,1,-3.322,-3.129000045703047,-0.8292420221596318,-3.129000045703047,0.7577561000071,PASS
SCHO_NFF,F20,22,1021,4026022,30,500,6,0,1,-3.322,-3.0695554313050084,-1.9643777697330147,-3.0695554313050084,0.7715046999946935,PASS
SCHO_NFF,F20,24,1023,4026024,30,500,6,0,1,-3.322,-3.0734725471069444,-1.66295644462256,-3.0734725471069444,0.7938405000022613,PASS
SCHO_NFF,F20,27,1026,4026027,30,500,6,0,1,-3.322,-3.1246823565200406,-2.2223661928383214,-3.1246823565200406,0.7071220999932848,PASS
SCHO_NFF,F20,26,1025,4026026,30,500,6,0,1,-3.322,-3.0705103916786936,-1.6523507833992392,-3.0705103916786936,0.7586114000005182,PASS
SCHO_NFF,F20,25,1024,4026025,30,500,6,0,1,-3.322,-3.1989473393501457,-0.9695628721775759,-3.1989473393501457,0.8028133000043454,PASS
SCHO_NFF,F20,28,1027,4026028,30,500,6,0,1,-3.322,-3.3135320574953218,-0.7602290577530897,-3.3135320574953218,0.7759125000011409,PASS
SCHO_NFF,F21,2,1001,4026102,30,500,4,0,10,-10.1532,-5.099910717643589,-0.255284514021552,-5.099910717643589,0.6720891000004485,PASS
SCHO_NFF,F21,1,1000,4026101,30,500,4,0,10,-10.1532,-10.152160697178335,-0.7856612453746614,-10.152160697178335,0.6876166000001831,PASS
SCHO_NFF,F20,30,1029,4026030,30,500,6,0,1,-3.322,-3.305572912457609,-1.358077861654103,-3.305572912457609,0.7706005000072764,PASS
SCHO_NFF,F20,29,1028,4026029,30,500,6,0,1,-3.322,-3.3170773263835764,-1.1782094607932692,-3.3170773263835764,0.817343400005484,PASS
SCHO_NFF,F21,4,1003,4026104,30,500,4,0,10,-10.1532,-5.092661615549376,-0.3482705863990612,-5.092661615549376,0.5682565000024624,PASS
SCHO_NFF,F21,3,1002,4026103,30,500,4,0,10,-10.1532,-5.055197292263256,-0.7458813166548436,-5.055197292263256,0.630097500004922,PASS
SCHO_NFF,F21,5,1004,4026105,30,500,4,0,10,-10.1532,-10.148125837014979,-0.42018439611118236,-10.148125837014979,0.6617074000096181,PASS
SCHO_NFF,F21,6,1005,4026106,30,500,4,0,10,-10.1532,-10.13392867470565,-0.5910831778647738,-10.13392867470565,0.6434063000051538,PASS
SCHO_NFF,F21,9,1008,4026109,30,500,4,0,10,-10.1532,-10.152894577993903,-0.3954824691564748,-10.152894577993903,0.6251721000007819,PASS
SCHO_NFF,F21,7,1006,4026107,30,500,4,0,10,-10.1532,-10.152885170814884,-0.42913328296464676,-10.152885170814884,0.6591999000083888,PASS
SCHO_NFF,F21,8,1007,4026108,30,500,4,0,10,-10.1532,-5.055196309293526,-0.5537203015819497,-5.055196309293526,0.673018499990576,PASS
SCHO_NFF,F21,10,1009,4026110,30,500,4,0,10,-10.1532,-10.138325457012069,-0.3873214329929367,-10.138325457012069,0.6833372999972198,PASS
SCHO_NFF,F21,12,1011,4026112,30,500,4,0,10,-10.1532,-10.15219161818324,-0.42577067910792477,-10.15219161818324,0.6400768000021344,PASS
SCHO_NFF,F21,11,1010,4026111,30,500,4,0,10,-10.1532,-10.1518360720251,-0.3122489822002593,-10.1518360720251,0.663519499998074,PASS
SCHO_NFF,F21,13,1012,4026113,30,500,4,0,10,-10.1532,-10.153148034803872,-0.5398028645395757,-10.153148034803872,0.6430992999958107,PASS
SCHO_NFF,F21,14,1013,4026114,30,500,4,0,10,-10.1532,-5.10067716356597,-0.4533003470413142,-5.10067716356597,0.6319739000027766,PASS
SCHO_NFF,F21,15,1014,4026115,30,500,4,0,10,-10.1532,-5.099015738068425,-0.3593500916460118,-5.099015738068425,0.6244642999954522,PASS
SCHO_NFF,F21,17,1016,4026117,30,500,4,0,10,-10.1532,-10.152437400179892,-1.3126153292827127,-10.152437400179892,0.636713999992935,PASS
SCHO_NFF,F21,18,1017,4026118,30,500,4,0,10,-10.1532,-5.0985652384033076,-0.3187300785834754,-5.0985652384033076,0.6401509999996051,PASS
SCHO_NFF,F21,16,1015,4026116,30,500,4,0,10,-10.1532,-10.153194259919797,-0.5643107717396479,-10.153194259919797,0.6525321999943117,PASS
SCHO_NFF,F21,19,1018,4026119,30,500,4,0,10,-10.1532,-5.1007202195842005,-0.4201398663247763,-5.1007202195842005,0.6262302999966778,PASS
SCHO_NFF,F21,21,1020,4026121,30,500,4,0,10,-10.1532,-5.0981612963608365,-0.39892324222710235,-5.0981612963608365,0.6124254000023939,PASS
SCHO_NFF,F21,22,1021,4026122,30,500,4,0,10,-10.1532,-10.147583714354164,-0.8124729051033841,-10.147583714354164,0.6323291000007885,PASS
SCHO_NFF,F21,20,1019,4026120,30,500,4,0,10,-10.1532,-10.152706947056975,-0.556094779406882,-10.152706947056975,0.6619656999973813,PASS
SCHO_NFF,F21,24,1023,4026124,30,500,4,0,10,-10.1532,-2.6828230250123157,-0.36248300442977327,-2.6828230250123157,0.691712899992126,PASS
SCHO_NFF,F21,25,1024,4026125,30,500,4,0,10,-10.1532,-5.0973238172288005,-0.4078383896375593,-5.0973238172288005,0.6892084999999497,PASS
SCHO_NFF,F21,23,1022,4026123,30,500,4,0,10,-10.1532,-5.094295585743961,-0.5751988255431095,-5.094295585743961,0.7120692000025883,PASS
SCHO_NFF,F21,26,1025,4026126,30,500,4,0,10,-10.1532,-10.150202289370208,-0.3234823818806821,-10.150202289370208,0.7404558999987785,PASS
SCHO_NFF,F21,27,1026,4026127,30,500,4,0,10,-10.1532,-10.14199400489625,-0.29612421486392365,-10.14199400489625,0.6179848999890964,PASS
SCHO_NFF,F21,29,1028,4026129,30,500,4,0,10,-10.1532,-10.146623304707946,-0.3985356486821531,-10.146623304707946,0.6478200999990804,PASS
SCHO_NFF,F21,28,1027,4026128,30,500,4,0,10,-10.1532,-10.137994353693655,-0.3986533020007952,-10.137994353693655,0.6697872000077041,PASS
SCHO_NFF,F21,30,1029,4026130,30,500,4,0,10,-10.1532,-5.055165899543802,-0.36908201859372297,-5.055165899543802,0.6535904000047594,PASS
SCHO_NFF,F22,1,1000,4026201,30,500,4,0,10,-10.4028,-10.401788987273633,-0.9317573703945224,-10.401788987273633,0.7258086999936495,PASS
SCHO_NFF,F22,3,1002,4026203,30,500,4,0,10,-10.4028,-5.087669490917286,-0.7773340207644487,-5.087669490917286,0.7306458999955794,PASS
SCHO_NFF,F22,4,1003,4026204,30,500,4,0,10,-10.4028,-5.120805028217092,-0.370970802781476,-5.120805028217092,0.7517192000086652,PASS
SCHO_NFF,F22,2,1001,4026202,30,500,4,0,10,-10.4028,-3.70092656909378,-0.9222716528520395,-3.70092656909378,0.8064898000011453,PASS
SCHO_NFF,F22,5,1004,4026205,30,500,4,0,10,-10.4028,-10.391591976694189,-0.5275828087880526,-10.391591976694189,0.6906979000050342,PASS
SCHO_NFF,F22,6,1005,4026206,30,500,4,0,10,-10.4028,-3.604287929436319,-0.6964166048173347,-3.604287929436319,0.7586422000022139,PASS
SCHO_NFF,F22,7,1006,4026207,30,500,4,0,10,-10.4028,-10.391101300636855,-0.4985747392352459,-10.391101300636855,0.7818873000069289,PASS
SCHO_NFF,F22,8,1007,4026208,30,500,4,0,10,-10.4028,-5.087671606107432,-0.582643477675555,-5.087671606107432,0.7705725999985589,PASS
SCHO_NFF,F22,9,1008,4026209,30,500,4,0,10,-10.4028,-2.7517083970005194,-0.49284895953941,-2.7517083970005194,0.7398300000058953,PASS
SCHO_NFF,F22,10,1009,4026210,30,500,4,0,10,-10.4028,-10.399697976766344,-0.5770862732792144,-10.399697976766344,0.7596670999919297,PASS
SCHO_NFF,F22,12,1011,4026212,30,500,4,0,10,-10.4028,-10.398574975443747,-0.5645985806520991,-10.398574975443747,0.7733368999906816,PASS
SCHO_NFF,F22,11,1010,4026211,30,500,4,0,10,-10.4028,-10.40259867584613,-0.4296436080947541,-10.40259867584613,0.8029706000088481,PASS
SCHO_NFF,F22,14,1013,4026214,30,500,4,0,10,-10.4028,-10.40160052701443,-0.9848094857049149,-10.40160052701443,0.7224825000012061,PASS
SCHO_NFF,F22,13,1012,4026213,30,500,4,0,10,-10.4028,-10.402788272139285,-0.6449517732088035,-10.402788272139285,0.7748089999950025,PASS
SCHO_NFF,F22,15,1014,4026215,30,500,4,0,10,-10.4028,-3.6712948877897733,-0.4103758613869799,-3.6712948877897733,0.7499745999957668,PASS
SCHO_NFF,F22,16,1015,4026216,30,500,4,0,10,-10.4028,-10.387241025650908,-0.6218257843354295,-10.387241025650908,0.7357041999930516,PASS
SCHO_NFF,F22,17,1016,4026217,30,500,4,0,10,-10.4028,-10.402065040333266,-1.5765565707085023,-10.402065040333266,0.745662600005744,PASS
SCHO_NFF,F22,18,1017,4026218,30,500,4,0,10,-10.4028,-10.400199809992914,-0.44933832522368744,-10.400199809992914,0.7616701000079047,PASS
SCHO_NFF,F22,20,1019,4026220,30,500,4,0,10,-10.4028,-10.401685720612459,-0.5828681600134475,-10.401685720612459,0.7569284999917727,PASS
SCHO_NFF,F22,19,1018,4026219,30,500,4,0,10,-10.4028,-10.398314643679502,-0.5128377893703403,-10.398314643679502,0.7792614999925718,PASS
SCHO_NFF,F22,22,1021,4026222,30,500,4,0,10,-10.4028,-10.39725854270421,-0.9797111395033686,-10.39725854270421,0.688729899993632,PASS
SCHO_NFF,F22,21,1020,4026221,30,500,4,0,10,-10.4028,-10.401106794340942,-1.121161539213936,-10.401106794340942,0.7255313000059687,PASS
SCHO_NFF,F22,23,1022,4026223,30,500,4,0,10,-10.4028,-5.1224344266010515,-0.6086256797700836,-5.1224344266010515,0.7233535999985179,PASS
SCHO_NFF,F22,24,1023,4026224,30,500,4,0,10,-10.4028,-2.7518279319946313,-0.46854024723853555,-2.7518279319946313,0.7229787000105716,PASS
SCHO_NFF,F22,26,1025,4026226,30,500,4,0,10,-10.4028,-5.128061765552907,-0.4813761157500475,-5.128061765552907,0.7381294999941019,PASS
SCHO_NFF,F22,28,1027,4026228,30,500,4,0,10,-10.4028,-10.37187786910586,-0.7157489465814115,-10.37187786910586,0.7442873999971198,PASS
SCHO_NFF,F22,25,1024,4026225,30,500,4,0,10,-10.4028,-10.395650052217363,-0.5048069121336105,-10.395650052217363,0.769500499998685,PASS
SCHO_NFF,F22,27,1026,4026227,30,500,4,0,10,-10.4028,-10.402217253396065,-0.3899985277776262,-10.402217253396065,0.797865799991996,PASS
SCHO_NFF,F22,29,1028,4026229,30,500,4,0,10,-10.4028,-10.397209350628891,-0.7171582833042149,-10.397209350628891,0.6979033000097843,PASS
SCHO_NFF,F22,30,1029,4026230,30,500,4,0,10,-10.4028,-10.402767889594339,-0.43985095714117073,-10.402767889594339,0.7958211999939522,PASS
SCHO_NFF,F23,2,1001,4026302,30,500,4,0,10,-10.5363,-3.8131224422565837,-1.0008003304569233,-3.8131224422565837,0.8426996999914991,PASS
SCHO_NFF,F23,1,1000,4026301,30,500,4,0,10,-10.5363,-10.535306293817978,-1.0238629556348218,-10.535306293817978,0.9069100000051549,PASS
SCHO_NFF,F23,6,1005,4026306,30,500,4,0,10,-10.5363,-2.8692832143100206,-0.7414380430410371,-2.8692832143100206,0.8479259000014281,PASS
SCHO_NFF,F23,3,1002,4026303,30,500,4,0,10,-10.5363,-5.128475270896851,-0.8164625137143151,-5.128475270896851,0.9213270999898668,PASS
SCHO_NFF,F23,5,1004,4026305,30,500,4,0,10,-10.5363,-10.53493680383275,-0.8454832942164738,-10.53493680383275,0.9170624999969732,PASS
SCHO_NFF,F23,4,1003,4026304,30,500,4,0,10,-10.5363,-2.8711038656064973,-0.5565675694250592,-2.8711038656064973,0.9570109000051161,PASS
SCHO_NFF,F23,7,1006,4026307,30,500,4,0,10,-10.5363,-10.5325099067943,-0.6872915656446693,-10.5325099067943,0.8266373000078602,PASS
SCHO_NFF,F23,8,1007,4026308,30,500,4,0,10,-10.5363,-2.8710234738073024,-0.7874801856706389,-2.8710234738073024,0.8585938000032911,PASS
SCHO_NFF,F23,9,1008,4026309,30,500,4,0,10,-10.5363,-2.871103207442858,-0.5747711898984762,-2.871103207442858,0.8908325999946101,PASS
SCHO_NFF,F23,10,1009,4026310,30,500,4,0,10,-10.5363,-10.533159159284956,-0.645758260380765,-10.533159159284956,0.904838699992979,PASS
SCHO_NFF,F23,11,1010,4026311,30,500,4,0,10,-10.5363,-3.745338654298326,-0.4663841659661791,-3.745338654298326,0.9325549000059254,PASS
SCHO_NFF,F23,13,1012,4026313,30,500,4,0,10,-10.5363,-10.536297059227605,-0.7770502763168828,-10.536297059227605,0.9354239999956917,PASS
SCHO_NFF,F23,14,1013,4026314,30,500,4,0,10,-10.5363,-10.529888596824096,-1.0997090054454173,-10.529888596824096,0.9522846000036225,PASS
SCHO_NFF,F23,12,1011,4026312,30,500,4,0,10,-10.5363,-10.534920297371418,-0.823786750800087,-10.534920297371418,0.9803022000123747,PASS
SCHO_NFF,F23,15,1014,4026315,30,500,4,0,10,-10.5363,-3.7942315892992613,-0.5002675730803412,-3.7942315892992613,0.8907390000094892,PASS
SCHO_NFF,F23,18,1017,4026318,30,500,4,0,10,-10.5363,-10.53361428012494,-0.47569531546084826,-10.53361428012494,0.8670154999999795,PASS
SCHO_NFF,F23,16,1015,4026316,30,500,4,0,10,-10.5363,-2.870504783820984,-0.9043428755262034,-2.870504783820984,0.8964698000054341,PASS
SCHO_NFF,F23,17,1016,4026317,30,500,4,0,10,-10.5363,-10.535575201607818,-1.7597194378362429,-10.535575201607818,0.9401924999983748,PASS
SCHO_NFF,F23,21,1020,4026321,30,500,4,0,10,-10.5363,-10.534535326667235,-1.2125486530771716,-10.534535326667235,0.8650552999897627,PASS
SCHO_NFF,F23,22,1021,4026322,30,500,4,0,10,-10.5363,-10.535083873800588,-1.0750391172262725,-10.535083873800588,0.87658029999875,PASS
SCHO_NFF,F23,19,1018,4026319,30,500,4,0,10,-10.5363,-3.715249716803241,-0.5736082314038227,-3.715249716803241,0.9293061999924248,PASS
SCHO_NFF,F23,20,1019,4026320,30,500,4,0,10,-10.5363,-10.526689487444749,-0.6308786806539844,-10.526689487444749,0.9414065000019036,PASS
SCHO_NFF,F23,23,1022,4026323,30,500,4,0,10,-10.5363,-3.569012007481178,-0.7229501803676563,-3.569012007481178,0.9222417999990284,PASS
SCHO_NFF,F23,24,1023,4026324,30,500,4,0,10,-10.5363,-5.175595343733731,-0.7987194079905501,-5.175595343733731,0.9183281000005081,PASS
SCHO_NFF,F23,25,1024,4026325,30,500,4,0,10,-10.5363,-10.52871516479775,-0.6700425911086935,-10.52871516479775,0.9249050000071293,PASS
SCHO_NFF,F23,26,1025,4026326,30,500,4,0,10,-10.5363,-5.173218923647327,-0.6147683017235526,-5.173218923647327,0.8941297999990638,PASS
SCHO_NFF,F23,30,1029,4026330,30,500,4,0,10,-10.5363,-10.527192349587017,-0.5471043607426501,-10.527192349587017,0.8563794999936363,PASS
SCHO_NFF,F23,27,1026,4026327,30,500,4,0,10,-10.5363,-10.532772576497623,-0.820457114634507,-10.532772576497623,0.8815377999999328,PASS
SCHO_NFF,F23,28,1027,4026328,30,500,4,0,10,-10.5363,-10.535144793127555,-0.8946038920849877,-10.535144793127555,0.872429099996225,PASS
SCHO_NFF,F23,29,1028,4026329,30,500,4,0,10,-10.5363,-10.53006840775778,-0.8835439811854388,-10.53006840775778,0.9297007999994094,PASS
