Variant,Function,Run,OptimizerSeed,ObjectiveSeed,Population,MaxIter,Dimension,BestScore,Curve0,CurveLast,ElapsedSeconds,Status
V1,F1,2,1001,4024102,30,500,30,0.0,70905.34012781148,0.0,1.634947699989425,PASS
V1,F1,1,1000,4024101,30,500,30,0.0,67810.20717660758,0.0,1.6703866999887396,PASS
V1,F1,3,1002,4024103,30,500,30,0.0,71382.05725267014,0.0,1.6551910000125645,PASS
V1,F1,4,1003,4024104,30,500,30,0.0,71067.53341075269,0.0,1.6932300000044052,PASS
V1,F1,6,1005,4024106,30,500,30,0.0,68827.91056515143,0.0,1.5784688999992795,PASS
V1,F1,5,1004,4024105,30,500,30,0.0,71494.67494006979,0.0,1.622695300000487,PASS
V1,F1,8,1007,4024108,30,500,30,0.0,54060.05645133964,0.0,1.6584616000036476,PASS
V1,F1,7,1006,4024107,30,500,30,0.0,70203.2929860324,0.0,1.7149184000008972,PASS
V1,F1,12,1011,4024112,30,500,30,0.0,60211.88868860319,0.0,1.6762753999937559,PASS
V1,F1,9,1008,4024109,30,500,30,0.0,70963.15903282672,0.0,1.7558350000035716,PASS
V1,F1,10,1009,4024110,30,500,30,0.0,68415.51807348001,0.0,1.769010599993635,PASS
V1,F1,11,1010,4024111,30,500,30,0.0,79775.6397390009,0.0,1.7615573999937624,PASS
V1,F1,16,1015,4024116,30,500,30,0.0,60965.044173403294,0.0,1.6323867000028258,PASS
V1,F1,13,1012,4024113,30,500,30,0.0,68582.22618939156,0.0,1.7289206999994349,PASS
V1,F1,14,1013,4024114,30,500,30,0.0,65644.03203813086,0.0,1.7542511000065133,PASS
V1,F1,15,1014,4024115,30,500,30,0.0,62548.52364809662,0.0,1.7743572000035783,PASS
V1,F1,17,1016,4024117,30,500,30,0.0,73040.90885855701,0.0,1.746795300001395,PASS
V1,F1,20,1019,4024120,30,500,30,0.0,78896.22221622002,0.0,1.8046055999875534,PASS
V1,F1,19,1018,4024119,30,500,30,0.0,59692.16515890604,0.0,1.8123606000008294,PASS
V1,F1,18,1017,4024118,30,500,30,0.0,70498.00209305885,0.0,1.8256177000002936,PASS
V1,F1,21,1020,4024121,30,500,30,0.0,81948.70656934404,0.0,1.8301882999949157,PASS
V1,F1,23,1022,4024123,30,500,30,0.0,77870.80856837892,0.0,1.7974186000064947,PASS
V1,F1,22,1021,4024122,30,500,30,0.0,64283.25200493102,0.0,1.9675570000108564,PASS
V1,F1,24,1023,4024124,30,500,30,0.0,72002.90593091116,0.0,1.9827344000077574,PASS
V1,F1,28,1027,4024128,30,500,30,0.0,71281.47829858353,0.0,1.7479166999983136,PASS
V1,F1,27,1026,4024127,30,500,30,0.0,68127.13090112404,0.0,1.7567267999984324,PASS
V1,F1,26,1025,4024126,30,500,30,0.0,67654.2390610096,0.0,1.8265053999930387,PASS
V1,F1,25,1024,4024125,30,500,30,0.0,56336.5278763339,0.0,1.8513174999970943,PASS
V1,F1,30,1029,4024130,30,500,30,0.0,77096.69700709768,0.0,1.8147304999874905,PASS
V1,F1,29,1028,4024129,30,500,30,0.0,66088.0070704646,0.0,1.8783512999943923,PASS
V1,F2,1,1000,4024201,30,500,30,0.0,360067002398.5346,0.0,1.8276635000074748,PASS
V1,F2,2,1001,4024202,30,500,30,0.0,1715602834860.7356,0.0,1.832144200001494,PASS
V1,F2,3,1002,4024203,30,500,30,0.0,702308869043.374,0.0,1.8311372000025585,PASS
V1,F2,6,1005,4024206,30,500,30,0.0,332841078922.353,0.0,1.8265400999953272,PASS
V1,F2,4,1003,4024204,30,500,30,0.0,2634424742592.452,0.0,1.8897329000028549,PASS
V1,F2,5,1004,4024205,30,500,30,0.0,2899651184.9231544,0.0,1.9192874000000302,PASS
V1,F2,8,1007,4024208,30,500,30,0.0,729704378291.7789,0.0,1.8069268000108423,PASS
V1,F2,7,1006,4024207,30,500,30,0.0,76547012233.40517,0.0,1.8733192999934545,PASS
V1,F2,9,1008,4024209,30,500,30,0.0,26401294709.697582,0.0,1.8256658000027528,PASS
V1,F2,10,1009,4024210,30,500,30,0.0,713724413990.0226,0.0,1.763913999995566,PASS
V1,F2,11,1010,4024211,30,500,30,0.0,80213629036800.12,0.0,1.7966195000044536,PASS
V1,F2,12,1011,4024212,30,500,30,0.0,39939133237.937126,0.0,1.800733499985654,PASS
V1,F2,13,1012,4024213,30,500,30,0.0,9593437258663.51,0.0,1.7943043999985093,PASS
V1,F2,14,1013,4024214,30,500,30,0.0,4038700082325.6636,0.0,1.7984676000050968,PASS
V1,F2,16,1015,4024216,30,500,30,0.0,34707708682.06033,0.0,1.7323002999910386,PASS
V1,F2,15,1014,4024215,30,500,30,0.0,22135772844271.426,0.0,1.7949446999991778,PASS
V1,F2,17,1016,4024217,30,500,30,0.0,2021349198795.503,0.0,1.795636499999091,PASS
V1,F2,18,1017,4024218,30,500,30,0.0,2748969363192.687,0.0,1.8916044999932637,PASS
V1,F2,19,1018,4024219,30,500,30,0.0,10392937112.024113,0.0,2.0862425999948755,PASS
V1,F2,20,1019,4024220,30,500,30,0.0,47711548051367.61,0.0,2.059343599990825,PASS
V1,F2,22,1021,4024222,30,500,30,0.0,7683677948828.628,0.0,2.0858013999968534,PASS
V1,F2,21,1020,4024221,30,500,30,0.0,102707326348.72324,0.0,2.111489699993399,PASS
V1,F2,23,1022,4024223,30,500,30,0.0,155737363148.78427,0.0,2.0197561999957543,PASS
V1,F2,25,1024,4024225,30,500,30,0.0,3865443685.5409384,0.0,2.00552149998839,PASS
V1,F2,26,1025,4024226,30,500,30,0.0,68338205734834.914,0.0,1.9999102000001585,PASS
V1,F2,24,1023,4024224,30,500,30,0.0,1339473094382.0034,0.0,2.08150490000844,PASS
V1,F2,27,1026,4024227,30,500,30,0.0,67722205355.99468,0.0,1.8804009000014048,PASS
V1,F2,28,1027,4024228,30,500,30,0.0,3236421004233.4863,0.0,1.915257599990582,PASS
V1,F2,29,1028,4024229,30,500,30,0.0,3305236700.5331717,0.0,1.9386230999953113,PASS
V1,F2,30,1029,4024230,30,500,30,0.0,811737307015.2843,0.0,1.9309112000046298,PASS
V1,F3,1,1000,4024301,30,500,30,0.0,106811.1871437447,0.0,1.785653099999763,PASS
V1,F3,3,1002,4024303,30,500,30,0.0,132408.1368091635,0.0,1.77657210000325,PASS
V1,F3,2,1001,4024302,30,500,30,0.0,228881.45062340857,0.0,1.845115900010569,PASS
V1,F3,4,1003,4024304,30,500,30,0.0,252004.5370062454,0.0,1.8184031999990111,PASS
V1,F3,6,1005,4024306,30,500,30,0.0,121185.1674532735,0.0,1.771754500005045,PASS
V1,F3,7,1006,4024307,30,500,30,0.0,133484.8315350889,0.0,1.796084300003713,PASS
V1,F3,5,1004,4024305,30,500,30,0.0,126006.68015739581,0.0,1.8326552000071388,PASS
V1,F3,8,1007,4024308,30,500,30,0.0,192911.98136862018,0.0,1.89129650000541,PASS
V1,F3,9,1008,4024309,30,500,30,0.0,135241.10379381198,0.0,1.791147899988573,PASS
V1,F3,11,1010,4024311,30,500,30,0.0,258402.473983956,0.0,1.779290399994352,PASS
V1,F3,10,1009,4024310,30,500,30,0.0,107976.19188391927,0.0,1.8232308000006014,PASS
V1,F3,12,1011,4024312,30,500,30,0.0,137478.41138112583,0.0,1.7976913000020431,PASS
V1,F3,16,1015,4024316,30,500,30,0.0,294151.3375734341,0.0,1.7591045000008307,PASS
V1,F3,13,1012,4024313,30,500,30,0.0,157787.82385873256,0.0,1.8025407000095583,PASS
V1,F3,14,1013,4024314,30,500,30,0.0,166657.1711129854,0.0,1.8048870000056922,PASS
V1,F3,15,1014,4024315,30,500,30,0.0,221992.0552764344,0.0,1.8335197999986121,PASS
V1,F3,18,1017,4024318,30,500,30,0.0,245433.61431170706,0.0,1.7351587000011932,PASS
V1,F3,19,1018,4024319,30,500,30,0.0,244606.59772993292,0.0,1.730673600002774,PASS
V1,F3,17,1016,4024317,30,500,30,0.0,119365.44128648656,0.0,1.7905780999863055,PASS
V1,F3,20,1019,4024320,30,500,30,0.0,161467.97997834763,0.0,1.798533099994529,PASS
V1,F3,23,1022,4024323,30,500,30,0.0,163245.37719853327,0.0,1.7512301999959163,PASS
V1,F3,22,1021,4024322,30,500,30,0.0,135794.76099693272,0.0,1.7871666999999434,PASS
V1,F3,24,1023,4024324,30,500,30,0.0,113871.83421879425,0.0,1.815277400004561,PASS
V1,F3,21,1020,4024321,30,500,30,0.0,126211.38335020539,0.0,1.8461260999902152,PASS
V1,F3,25,1024,4024325,30,500,30,0.0,79356.08665120536,0.0,1.7410894999920856,PASS
V1,F3,26,1025,4024326,30,500,30,0.0,123007.79353130393,0.0,1.767237499996554,PASS
V1,F3,28,1027,4024328,30,500,30,0.0,131384.1741233503,0.0,1.732546100000036,PASS
V1,F3,27,1026,4024327,30,500,30,0.0,183635.15749931926,0.0,1.754097199998796,PASS
V1,F4,2,1001,4024402,30,500,30,0.0,88.23531594133786,0.0,1.6799077000032412,PASS
V1,F3,29,1028,4024329,30,500,30,0.0,171958.72311027217,0.0,1.7400636000093073,PASS
V1,F3,30,1029,4024330,30,500,30,0.0,90997.76111955676,0.0,1.7379449000000022,PASS
V1,F4,1,1000,4024401,30,500,30,0.0,89.41203274460929,0.0,1.7530800999957137,PASS
V1,F4,3,1002,4024403,30,500,30,0.0,90.93773968107635,0.0,1.677555600006599,PASS
V1,F4,4,1003,4024404,30,500,30,0.0,90.05593850015435,0.0,1.680235799998627,PASS
V1,F4,5,1004,4024405,30,500,30,0.0,83.47974018645405,0.0,1.7114895999984583,PASS
V1,F4,6,1005,4024406,30,500,30,0.0,87.42803920060479,0.0,1.6806595999951242,PASS
V1,F4,10,1009,4024410,30,500,30,1.02576e-318,88.62436437004385,1.02576e-318,1.6631984999985434,PASS
V1,F4,7,1006,4024407,30,500,30,0.0,89.67489840896681,0.0,1.7223656999995,PASS
V1,F4,8,1007,4024408,30,500,30,0.0,88.56020743697258,0.0,1.7598430999933043,PASS
V1,F4,9,1008,4024409,30,500,30,0.0,90.98182394999645,0.0,1.7571718999970471,PASS
V1,F4,11,1010,4024411,30,500,30,0.0,82.14021784717164,0.0,1.7011472999874968,PASS
V1,F4,14,1013,4024414,30,500,30,0.0,77.8379255985727,0.0,1.6608307999995304,PASS
V1,F4,12,1011,4024412,30,500,30,0.0,87.6380567694806,0.0,1.7252568999974756,PASS
V1,F4,13,1012,4024413,30,500,30,0.0,81.54232198828862,0.0,1.6968290000077104,PASS
V1,F4,15,1014,4024415,30,500,30,0.0,77.5649543326395,0.0,1.7382358000031672,PASS
V1,F4,17,1016,4024417,30,500,30,0.0,89.68075670875115,0.0,1.7109962999966228,PASS
V1,F4,18,1017,4024418,30,500,30,0.0,91.69265780583274,0.0,1.7191126000107033,PASS
V1,F4,16,1015,4024416,30,500,30,0.0,89.52145242027729,0.0,1.7730272000044351,PASS
V1,F4,21,1020,4024421,30,500,30,0.0,93.48016114980666,0.0,1.6406835000088904,PASS
V1,F4,20,1019,4024420,30,500,30,0.0,89.14712458834947,0.0,1.678094399991096,PASS
V1,F4,19,1018,4024419,30,500,30,0.0,87.81454527863241,0.0,1.7296160000114469,PASS
V1,F4,22,1021,4024422,30,500,30,0.0,90.86947090420732,0.0,1.6960006000008434,PASS
V1,F4,25,1024,4024425,30,500,30,0.0,83.43944699892515,0.0,1.7059041000029538,PASS
V1,F4,24,1023,4024424,30,500,30,0.0,86.34666057993036,0.0,1.7592221000086283,PASS
V1,F4,23,1022,4024423,30,500,30,0.0,86.36772034124569,0.0,1.7840430999931414,PASS
V1,F4,26,1025,4024426,30,500,30,0.0,92.17294370207554,0.0,1.8187305000028573,PASS
V1,F4,28,1027,4024428,30,500,30,0.0,88.89385763229512,0.0,1.6675191999966046,PASS
V1,F4,27,1026,4024427,30,500,30,0.0,90.2554612114578,0.0,1.7246451000100933,PASS
V1,F4,30,1029,4024430,30,500,30,0.0,90.25056319313495,0.0,1.6156895000021905,PASS
V1,F4,29,1028,4024429,30,500,30,0.0,88.97595126021793,0.0,1.6687819999933708,PASS
V1,F5,4,1003,4024504,30,500,30,28.826214399504863,314425104.8265708,28.826214399504863,1.7159939000121085,PASS
V1,F5,2,1001,4024502,30,500,30,28.64230324415114,265509719.66763252,28.64230324415114,1.7806807000015397,PASS
V1,F5,1,1000,4024501,30,500,30,27.92522843573846,262803966.06144178,27.92522843573846,1.8329465999995591,PASS
V1,F5,3,1002,4024503,30,500,30,26.711592204135204,290152790.99322855,26.711592204135204,1.8254714000067906,PASS
V1,F5,5,1004,4024505,30,500,30,28.80468113068543,264814459.6730534,28.80468113068543,1.7788361999992048,PASS
V1,F5,6,1005,4024506,30,500,30,27.986054810712886,275607877.05815667,27.986054810712886,1.818493099999614,PASS
V1,F5,7,1006,4024507,30,500,30,28.824510933652114,275703968.057919,28.824510933652114,1.7749915000022156,PASS
V1,F5,8,1007,4024508,30,500,30,27.99937555177982,196990313.2842615,27.99937555177982,1.7891949000040768,PASS
V1,F5,11,1010,4024511,30,500,30,26.056079496446582,311741780.6244718,26.056079496446582,1.8308446000010008,PASS
V1,F5,10,1009,4024510,30,500,30,27.90296966254044,275312500.08404154,27.90296966254044,1.857017399990582,PASS
V1,F5,12,1011,4024512,30,500,30,28.657622386729578,135783553.73670316,28.657622386729578,1.8563102999905823,PASS
V1,F5,9,1008,4024509,30,500,30,27.984903150885547,264277025.01725703,27.984903150885547,1.9006247999932384,PASS
V1,F5,14,1013,4024514,30,500,30,28.762649256889755,198137301.02750832,28.762649256889755,1.7414739999949234,PASS
V1,F5,13,1012,4024513,30,500,30,28.755537922079284,223922765.9861003,28.755537922079284,1.7728046999982325,PASS
V1,F5,15,1014,4024515,30,500,30,27.83707159266255,199986599.631898,27.83707159266255,1.7955765000078827,PASS
V1,F5,16,1015,4024516,30,500,30,27.14249923293043,230963403.05164534,27.14249923293043,1.8107981000066502,PASS
V1,F5,19,1018,4024519,30,500,30,28.866596212968567,235011607.0552513,28.866596212968567,1.6955238999944413,PASS
V1,F5,17,1016,4024517,30,500,30,27.233797922112245,267563143.6435758,27.233797922112245,1.7953290000004927,PASS
V1,F5,18,1017,4024518,30,500,30,28.859025130354,261605126.34257632,28.859025130354,1.794052900004317,PASS
V1,F5,20,1019,4024520,30,500,30,28.173400549620226,318067279.8984649,28.173400549620226,1.784094799993909,PASS
V1,F5,21,1020,4024521,30,500,30,28.809137028708275,320276562.2341088,28.809137028708275,1.7716368999972474,PASS
V1,F5,23,1022,4024523,30,500,30,28.00551703205017,224106822.12627918,28.00551703205017,1.7345226000034017,PASS
V1,F5,24,1023,4024524,30,500,30,28.856542727366655,272530389.63664186,28.856542727366655,1.7830850000027567,PASS
V1,F5,22,1021,4024522,30,500,30,28.971878251216225,250438783.368967,28.971878251216225,1.8162593000015477,PASS
V1,F5,27,1026,4024527,30,500,30,28.09403720117838,289149958.1576517,28.09403720117838,1.7004498000023887,PASS
V1,F5,25,1024,4024525,30,500,30,28.16845759318202,197086662.74910796,28.16845759318202,1.7387105999951018,PASS
V1,F5,28,1027,4024528,30,500,30,28.66345701966568,306443111.17072505,28.66345701966568,1.7404824999975972,PASS
V1,F5,26,1025,4024526,30,500,30,28.87787135512256,272825950.8696747,28.87787135512256,1.7508930000039982,PASS
V1,F6,1,1000,4024601,30,500,30,0.13224493110755925,67909.83159949695,0.13224493110755925,1.6620534999965457,PASS
V1,F6,2,1001,4024602,30,500,30,0.08456744454183789,70582.57089954114,0.08456744454183789,1.6730580000003101,PASS
V1,F5,29,1028,4024529,30,500,30,27.98136697764828,254911291.89617184,27.98136697764828,1.726795900001889,PASS
V1,F5,30,1029,4024530,30,500,30,28.65815052394188,297997041.8303026,28.65815052394188,1.7024435000057565,PASS
V1,F6,6,1005,4024606,30,500,30,0.002525403987699008,68955.29999951718,0.002525403987699008,1.6927509999950416,PASS
V1,F6,4,1003,4024604,30,500,30,0.02912326303528942,71219.00386103941,0.02912326303528942,1.802378000007593,PASS
V1,F6,3,1002,4024603,30,500,30,0.08973866976771264,71353.455751133,0.08973866976771264,1.8406526000035228,PASS
V1,F6,5,1004,4024605,30,500,30,0.11767006716088171,71208.03386246378,0.11767006716088171,1.8134315000061179,PASS
V1,F6,7,1006,4024607,30,500,30,0.04406766079513431,70011.4366295226,0.04406766079513431,1.7107287000108045,PASS
V1,F6,9,1008,4024609,30,500,30,0.22809576317691474,70501.21762803209,0.22809576317691474,1.6946655999927316,PASS
V1,F6,8,1007,4024608,30,500,30,0.009095028098678124,54162.957873925516,0.009095028098678124,1.712799000000814,PASS
V1,F6,10,1009,4024610,30,500,30,0.0069268121645745815,68295.92181788973,0.0069268121645745815,1.6989690000045812,PASS
V1,F6,11,1010,4024611,30,500,30,0.006149042415475529,79935.06488261481,0.006149042415475529,1.7923910999961663,PASS
V1,F6,12,1011,4024612,30,500,30,0.10656426465133065,60343.443806650605,0.10656426465133065,1.7912480999948457,PASS
V1,F6,13,1012,4024613,30,500,30,0.05831247152398244,68881.92519101789,0.05831247152398244,1.78207200000179,PASS
V1,F6,14,1013,4024614,30,500,30,2.795625823702431,66078.30058116298,2.795625823702431,1.8030591999995522,PASS
V1,F6,17,1016,4024617,30,500,30,0.16096400271178393,73031.55585073962,0.16096400271178393,2.147258099997998,PASS
V1,F6,15,1014,4024615,30,500,30,0.11395224243169397,62157.94499673396,0.11395224243169397,2.2083816999947885,PASS
V1,F6,16,1015,4024616,30,500,30,0.09245704222953725,61089.234661411996,0.09245704222953725,2.1969323999946937,PASS
V1,F6,18,1017,4024618,30,500,30,0.24770452170318416,70606.59378046433,0.24770452170318416,2.185366800011252,PASS
V1,F6,19,1018,4024619,30,500,30,2.5154857621927746,59960.68287322056,2.5154857621927746,1.9212406000006013,PASS
V1,F6,21,1020,4024621,30,500,30,0.23981013849824578,81635.30658606326,0.23981013849824578,1.8916272999922512,PASS
V1,F6,20,1019,4024620,30,500,30,0.00040578070580927974,79344.06586895653,0.00040578070580927974,1.909425599995302,PASS
V1,F6,22,1021,4024622,30,500,30,1.0279552726750338,64215.54876603678,1.0279552726750338,1.9221813000040129,PASS
V1,F6,23,1022,4024623,30,500,30,0.01584607903515296,78086.57507584567,0.01584607903515296,1.7714254000020446,PASS
V1,F6,25,1024,4024625,30,500,30,0.01893394468252728,56465.69237297281,0.01893394468252728,1.786204899995937,PASS
V1,F6,24,1023,4024624,30,500,30,0.03744643051192537,72276.33926858637,0.03744643051192537,1.813165300001856,PASS
V1,F6,26,1025,4024626,30,500,30,0.0004023862139803313,67862.6591007802,0.0004023862139803313,1.7921021000074688,PASS
V1,F6,27,1026,4024627,30,500,30,1.4605680776787864,68320.91352360474,1.4605680776787864,1.7417122000042582,PASS
V1,F6,29,1028,4024629,30,500,30,0.003611737072860626,66095.4100418736,0.003611737072860626,1.7636319000012008,PASS
V1,F6,28,1027,4024628,30,500,30,0.016237240788757597,71067.99746945646,0.016237240788757597,1.8303211999882478,PASS
V1,F6,30,1029,4024630,30,500,30,0.0016868334238646686,77102.38991476683,0.0016868334238646686,1.8423129000002518,PASS
V1,F7,1,1000,4024701,30,500,30,9.45915362848826e-06,132.24256505296452,9.45915362848826e-06,1.7206010999943828,PASS
V1,F7,2,1001,4024702,30,500,30,6.837286203809079e-05,129.07738590868695,6.837286203809079e-05,1.7148514000000432,PASS
V1,F7,3,1002,4024703,30,500,30,1.6784381334677967e-05,106.8866083511403,1.6784381334677967e-05,1.6739124000014272,PASS
V1,F7,4,1003,4024704,30,500,30,7.080694142436172e-05,120.0123686763614,7.080694142436172e-05,1.7533480999991298,PASS
V1,F7,8,1007,4024708,30,500,30,7.849740482449914e-05,89.84776718932376,7.849740482449914e-05,1.742072699998971,PASS
V1,F7,6,1005,4024706,30,500,30,0.0002044215615785161,95.90377798740067,0.0002044215615785161,1.7682394000003114,PASS
V1,F7,5,1004,4024705,30,500,30,0.0002432252979321925,128.77654886785405,0.0002432252979321925,1.8084276000008686,PASS
V1,F7,7,1006,4024707,30,500,30,8.514306014872908e-05,109.43532753152996,8.514306014872908e-05,1.8035128000046825,PASS
V1,F7,10,1009,4024710,30,500,30,8.368433869609948e-05,124.61338032043707,8.368433869609948e-05,1.7551007000001846,PASS
V1,F7,9,1008,4024709,30,500,30,1.5447923321199042e-05,112.92200132609992,1.5447923321199042e-05,1.8278535999997985,PASS
V1,F7,11,1010,4024711,30,500,30,0.00021914311776938256,145.50908467686799,0.00021914311776938256,1.8124906000011833,PASS
V1,F7,12,1011,4024712,30,500,30,0.00014672705711848977,88.02744560759177,0.00014672705711848977,1.8103337000065949,PASS
V1,F7,13,1012,4024713,30,500,30,4.457786551659293e-05,109.2388515683827,4.457786551659293e-05,1.7230176000011852,PASS
V1,F7,16,1015,4024716,30,500,30,0.00014586593514698265,118.50476153098273,0.00014586593514698265,1.710637800002587,PASS
V1,F7,14,1013,4024714,30,500,30,2.8207178147332534e-05,125.18640614897903,2.8207178147332534e-05,1.8252085000131046,PASS
V1,F7,15,1014,4024715,30,500,30,4.9591094465339935e-06,99.80960290906447,4.9591094465339935e-06,1.8172510000003967,PASS
V1,F7,18,1017,4024718,30,500,30,0.00021633445300472986,146.54341813360404,0.00021633445300472986,1.7163881000014953,PASS
V1,F7,20,1019,4024720,30,500,30,2.5783503506016103e-05,134.11199381657298,2.5783503506016103e-05,1.6799115000030724,PASS
V1,F7,17,1016,4024717,30,500,30,0.00057313278933524,142.86321654785507,0.00057313278933524,1.8141880000039237,PASS
V1,F7,19,1018,4024719,30,500,30,0.00025940679644620435,129.37924729813335,0.00025940679644620435,1.7234695000079228,PASS
V1,F7,21,1020,4024721,30,500,30,7.261338490871516e-05,134.48686620550905,7.261338490871516e-05,2.0623414000001503,PASS
V1,F7,24,1023,4024724,30,500,30,0.00013413908657777807,134.83866130923477,0.00013413908657777807,2.0599951000040164,PASS
V1,F7,23,1022,4024723,30,500,30,5.6976333538738544e-05,133.0436737145348,5.6976333538738544e-05,2.1055071000009775,PASS
V1,F7,22,1021,4024722,30,500,30,7.447946452421306e-05,97.89929812706661,7.447946452421306e-05,2.143470299997716,PASS
V1,F7,25,1024,4024725,30,500,30,0.00018987324554264884,105.12427574420931,0.00018987324554264884,2.1232693000056315,PASS
V1,F7,26,1025,4024726,30,500,30,6.071988832667685e-05,144.99096006092753,6.071988832667685e-05,2.1965113999904133,PASS
V1,F7,27,1026,4024727,30,500,30,0.00019470491795281486,135.53438780914385,0.00019470491795281486,2.228756600001361,PASS
V1,F7,28,1027,4024728,30,500,30,3.238470623567746e-05,93.82607923366973,3.238470623567746e-05,2.240885099992738,PASS
V1,F8,1,1000,4024801,30,500,30,-5982.562320043999,-2451.876014434408,-5982.562320043999,2.1564325999934226,PASS
V1,F8,2,1001,4024802,30,500,30,-5299.129330283742,-2690.889994276502,-5299.129330283742,2.188943699991796,PASS
V1,F7,29,1028,4024729,30,500,30,1.0751409406872803e-05,162.80296180734086,1.0751409406872803e-05,2.1888017999881413,PASS
V1,F7,30,1029,4024730,30,500,30,0.000128178818000646,130.6949254804745,0.000128178818000646,2.1915757000097074,PASS
V1,F8,3,1002,4024803,30,500,30,-5143.470475311303,-1692.1826887752877,-5143.470475311303,2.310907999999472,PASS
V1,F8,4,1003,4024804,30,500,30,-5224.854867688941,-2110.3517025625324,-5224.854867688941,2.29560370001127,PASS
V1,F8,5,1004,4024805,30,500,30,-8925.278999167782,-1605.4114947545195,-8925.278999167782,2.3235299000079976,PASS
V1,F8,6,1005,4024806,30,500,30,-12422.952980293492,-3595.6367869269293,-12422.952980293492,2.3821570000000065,PASS
V1,F8,7,1006,4024807,30,500,30,-5866.174835715812,-1885.772866590057,-5866.174835715812,1.7652610000077402,PASS
V1,F8,8,1007,4024808,30,500,30,-7771.6817476047745,-1726.090940377079,-7771.6817476047745,1.8053056999924593,PASS
V1,F8,9,1008,4024809,30,500,30,-5828.450528089994,-2337.3316623373657,-5828.450528089994,1.8284121999895433,PASS
V1,F8,10,1009,4024810,30,500,30,-6050.995614904377,-2623.8232741546635,-6050.995614904377,1.865001799989841,PASS
V1,F8,11,1010,4024811,30,500,30,-5260.440113660806,-1813.4049915384448,-5260.440113660806,2.058074900007341,PASS
V1,F8,13,1012,4024813,30,500,30,-5758.444035915572,-2026.2048410858288,-5758.444035915572,2.151654300003429,PASS
V1,F8,14,1013,4024814,30,500,30,-12532.351636176289,-1526.011739420307,-12532.351636176289,2.1200945999880787,PASS
V1,F8,12,1011,4024812,30,500,30,-5465.931590285007,-2334.5511967809016,-5465.931590285007,2.1937174999911804,PASS
V1,F8,15,1014,4024815,30,500,30,-5179.388925026719,-1577.9245638457974,-5179.388925026719,1.82696359998954,PASS
V1,F8,17,1016,4024817,30,500,30,-11593.090245401292,-3022.774183385613,-11593.090245401292,1.8113766000024043,PASS
V1,F8,18,1017,4024818,30,500,30,-11559.436057660389,-1613.727286315913,-11559.436057660389,1.8351714000018546,PASS
V1,F8,16,1015,4024816,30,500,30,-5930.4837620858325,-1774.4957618865303,-5930.4837620858325,1.8614185999904294,PASS
V1,F8,19,1018,4024819,30,500,30,-4773.656853662033,-2231.4411955724777,-4773.656853662033,1.984994500002358,PASS
V1,F8,20,1019,4024820,30,500,30,-4797.520034485213,-1937.2091609434265,-4797.520034485213,1.9807087000081083,PASS
V1,F8,22,1021,4024822,30,500,30,-5615.930040884716,-1439.3070195018026,-5615.930040884716,2.073986999996123,PASS
V1,F8,21,1020,4024821,30,500,30,-5981.558155322325,-2248.510909834675,-5981.558155322325,2.0886085999954958,PASS
V1,F8,26,1025,4024826,30,500,30,-7279.291487252793,-1895.6942306135086,-7279.291487252793,1.8541084000025876,PASS
V1,F8,25,1024,4024825,30,500,30,-5858.642743320145,-2207.6192588415524,-5858.642743320145,1.856719500006875,PASS
V1,F8,24,1023,4024824,30,500,30,-6549.306850557432,-1788.751013337049,-6549.306850557432,1.875160900002811,PASS
V1,F8,23,1022,4024823,30,500,30,-5435.609070757397,-2698.531601043908,-5435.609070757397,1.8798507000028621,PASS
V1,F8,29,1028,4024829,30,500,30,-7819.205789792977,-1854.1744144476797,-7819.205789792977,2.023311700002523,PASS
V1,F8,27,1026,4024827,30,500,30,-4098.901904184803,-1646.4051333176737,-4098.901904184803,2.1051087000087136,PASS
V1,F8,30,1029,4024830,30,500,30,-8419.326566114309,-1702.2535651780167,-8419.326566114309,2.1040242000017315,PASS
V1,F8,28,1027,4024828,30,500,30,-12225.024652929811,-1823.0140943969723,-12225.024652929811,2.1263175000058254,PASS
V1,F9,4,1003,4024904,30,500,30,0.0,439.61790434394305,0.0,1.8340756000106921,PASS
V1,F9,1,1000,4024901,30,500,30,0.0,464.87493101018356,0.0,1.858463099997607,PASS
V1,F9,2,1001,4024902,30,500,30,0.0,384.5497490364953,0.0,1.859971099998802,PASS
V1,F9,3,1002,4024903,30,500,30,0.0,424.39485150190137,0.0,1.8849988000001758,PASS
V1,F9,7,1006,4024907,30,500,30,0.0,431.59183701137,0.0,1.8950057000038214,PASS
V1,F9,6,1005,4024906,30,500,30,0.0,439.91283939992803,0.0,2.0346835999953328,PASS
V1,F9,8,1007,4024908,30,500,30,0.0,365.8391088248434,0.0,2.0527378999977373,PASS
V1,F9,5,1004,4024905,30,500,30,0.0,448.7388944016657,0.0,2.1065835999906994,PASS
V1,F9,9,1008,4024909,30,500,30,0.0,448.1773913088544,0.0,1.8127183000033256,PASS
V1,F9,11,1010,4024911,30,500,30,0.0,447.2888938374598,0.0,1.7746099999931175,PASS
V1,F9,10,1009,4024910,30,500,30,0.0,467.3571333335915,0.0,1.8209079999942333,PASS
V1,F9,12,1011,4024912,30,500,30,0.0,441.073286920272,0.0,1.856222299989895,PASS
V1,F9,13,1012,4024913,30,500,30,0.0,434.02220260833974,0.0,2.099539200004074,PASS
V1,F9,14,1013,4024914,30,500,30,0.0,440.91474681676505,0.0,2.1315195000061067,PASS
V1,F9,15,1014,4024915,30,500,30,0.0,466.36406583587524,0.0,2.1521940999955405,PASS
V1,F9,16,1015,4024916,30,500,30,0.0,433.86281469045554,0.0,2.177246200008085,PASS
V1,F9,19,1018,4024919,30,500,30,0.0,414.6138424388559,0.0,1.7070788999990327,PASS
V1,F9,18,1017,4024918,30,500,30,0.0,469.76371664050794,0.0,1.7480741000035778,PASS
V1,F9,17,1016,4024917,30,500,30,0.0,422.02779107708176,0.0,1.7876313999877311,PASS
V1,F9,20,1019,4024920,30,500,30,0.0,458.030531975015,0.0,1.807485800003633,PASS
V1,F9,21,1020,4024921,30,500,30,0.0,465.26417440798247,0.0,2.054048199992394,PASS
V1,F9,22,1021,4024922,30,500,30,0.0,441.34049530442945,0.0,2.1147003000078257,PASS
V1,F9,23,1022,4024923,30,500,30,0.0,446.64097601097,0.0,2.0911476999899605,PASS
V1,F9,24,1023,4024924,30,500,30,0.0,433.79837842386155,0.0,2.1063261999952374,PASS
V1,F9,28,1027,4024928,30,500,30,0.0,447.3494195224039,0.0,1.7540555000014137,PASS
V1,F9,27,1026,4024927,30,500,30,0.0,446.03906557516507,0.0,1.7869891000009375,PASS
V1,F9,25,1024,4024925,30,500,30,0.0,408.9701533118642,0.0,1.8227609000023222,PASS
V1,F9,26,1025,4024926,30,500,30,0.0,473.6616560879741,0.0,1.8574195000110194,PASS
V1,F9,29,1028,4024929,30,500,30,0.0,455.002187468864,0.0,2.0652418000099715,PASS
V1,F9,30,1029,4024930,30,500,30,0.0,479.83128968283097,0.0,2.057384699990507,PASS
V1,F10,1,1000,4025001,30,500,30,4.440892098500626e-16,20.764880617738655,4.440892098500626e-16,2.131273199993302,PASS
V1,F10,2,1001,4025002,30,500,30,4.440892098500626e-16,20.80923383013385,4.440892098500626e-16,2.2606535000086296,PASS
V1,F10,6,1005,4025006,30,500,30,4.440892098500626e-16,20.739339682394206,4.440892098500626e-16,2.1188031999918167,PASS
V1,F10,3,1002,4025003,30,500,30,4.440892098500626e-16,20.70259726914545,4.440892098500626e-16,2.1837322999926982,PASS
V1,F10,5,1004,4025005,30,500,30,4.440892098500626e-16,20.753180108678922,4.440892098500626e-16,2.1332522000011522,PASS
V1,F10,4,1003,4025004,30,500,30,4.440892098500626e-16,20.685941618453114,4.440892098500626e-16,2.1809524999989662,PASS
V1,F10,9,1008,4025009,30,500,30,4.440892098500626e-16,20.6623323028609,4.440892098500626e-16,2.586223600010271,PASS
V1,F10,7,1006,4025007,30,500,30,4.440892098500626e-16,20.677331650145728,4.440892098500626e-16,2.6028382000076817,PASS
V1,F10,10,1009,4025010,30,500,30,4.440892098500626e-16,20.764014980012245,4.440892098500626e-16,2.5750772999890614,PASS
V1,F10,8,1007,4025008,30,500,30,4.440892098500626e-16,20.30938002246911,4.440892098500626e-16,2.649568499997258,PASS
V1,F10,11,1010,4025011,30,500,30,4.440892098500626e-16,20.873205110265417,4.440892098500626e-16,1.839831499994034,PASS
V1,F10,12,1011,4025012,30,500,30,4.440892098500626e-16,20.569830881242734,4.440892098500626e-16,1.846843399995123,PASS
V1,F10,13,1012,4025013,30,500,30,4.440892098500626e-16,20.566750205953976,4.440892098500626e-16,1.873181500006467,PASS
V1,F10,14,1013,4025014,30,500,30,4.440892098500626e-16,20.669354202190537,4.440892098500626e-16,1.922813600001973,PASS
V1,F10,15,1014,4025015,30,500,30,4.440892098500626e-16,20.49068213407767,4.440892098500626e-16,2.124937599990517,PASS
V1,F10,16,1015,4025016,30,500,30,4.440892098500626e-16,20.64013873956227,4.440892098500626e-16,2.1740265999978874,PASS
V1,F10,17,1016,4025017,30,500,30,4.440892098500626e-16,20.795292196710726,4.440892098500626e-16,2.1604377000039676,PASS
V1,F10,18,1017,4025018,30,500,30,4.440892098500626e-16,20.8269336510937,4.440892098500626e-16,2.167069300005096,PASS
V1,F10,19,1018,4025019,30,500,30,4.440892098500626e-16,20.287777247273507,4.440892098500626e-16,1.7905640999961179,PASS
V1,F10,20,1019,4025020,30,500,30,4.440892098500626e-16,20.753576885043977,4.440892098500626e-16,1.7826169999898411,PASS
V1,F10,21,1020,4025021,30,500,30,4.440892098500626e-16,20.886822358893582,4.440892098500626e-16,1.8347777000017231,PASS
V1,F10,22,1021,4025022,30,500,30,4.440892098500626e-16,20.583645012836215,4.440892098500626e-16,1.887252599990461,PASS
V1,F10,23,1022,4025023,30,500,30,4.440892098500626e-16,20.933352404055416,4.440892098500626e-16,2.1833207000017865,PASS
V1,F10,24,1023,4025024,30,500,30,4.440892098500626e-16,20.702337522964704,4.440892098500626e-16,2.166943899996113,PASS
V1,F10,25,1024,4025025,30,500,30,4.440892098500626e-16,20.640145513776236,4.440892098500626e-16,2.1192506999941543,PASS
V1,F10,26,1025,4025026,30,500,30,4.440892098500626e-16,20.66064456706877,4.440892098500626e-16,2.2170287999906577,PASS
V1,F10,27,1026,4025027,30,500,30,4.440892098500626e-16,20.70523141613285,4.440892098500626e-16,1.7481945000035921,PASS
V1,F10,29,1028,4025029,30,500,30,4.440892098500626e-16,20.542581961741753,4.440892098500626e-16,1.8026887999876635,PASS
V1,F10,28,1027,4025028,30,500,30,4.440892098500626e-16,20.792506436353648,4.440892098500626e-16,1.8180999000032898,PASS
V1,F10,30,1029,4025030,30,500,30,4.440892098500626e-16,20.847870698067215,4.440892098500626e-16,1.8639908999903128,PASS
V1,F11,1,1000,4025101,30,500,30,0.0,611.291864520307,0.0,2.204068899998674,PASS
V1,F11,2,1001,4025102,30,500,30,0.0,639.1480611503106,0.0,2.212936700001592,PASS
V1,F11,3,1002,4025103,30,500,30,0.0,643.4385152741779,0.0,2.2725869999994757,PASS
V1,F11,4,1003,4025104,30,500,30,0.0,640.6078006974948,0.0,2.25365199999942,PASS
V1,F11,5,1004,4025105,30,500,30,0.0,644.4520744510511,0.0,1.856281600004877,PASS
V1,F11,7,1006,4025107,30,500,30,0.0,632.8296368484805,0.0,1.8416501000028802,PASS
V1,F11,6,1005,4025106,30,500,30,0.0,620.4511952126913,0.0,1.8540530999889597,PASS
V1,F11,8,1007,4025108,30,500,30,0.0,487.5405080335636,0.0,1.9021902999957092,PASS
V1,F11,11,1010,4025111,30,500,30,0.0,718.9807578130838,0.0,2.1129811000137124,PASS
V1,F11,12,1011,4025112,30,500,30,0.0,542.9069981974286,0.0,2.086542899996857,PASS
V1,F11,10,1009,4025110,30,500,30,0.0,616.7396630786404,0.0,2.178066899999976,PASS
V1,F11,9,1008,4025109,30,500,30,0.0,639.6684312970408,0.0,2.179624700002023,PASS
V1,F11,16,1015,4025116,30,500,30,0.0,549.6853975606296,0.0,1.7905762000009418,PASS
V1,F11,13,1012,4025113,30,500,30,0.0,618.2400358748203,0.0,1.863028599997051,PASS
V1,F11,15,1014,4025115,30,500,30,0.0,563.9367128903148,0.0,1.841642800005502,PASS
V1,F11,14,1013,4025114,30,500,30,0.0,591.7962883432442,0.0,1.9170573000010336,PASS
V1,F11,17,1016,4025117,30,500,30,0.0,658.3681797175631,0.0,2.018133699995815,PASS
V1,F11,19,1018,4025119,30,500,30,0.0,538.2294864301934,0.0,2.091417299991008,PASS
V1,F11,18,1017,4025118,30,500,30,0.0,635.4820188150104,0.0,2.1707675000070594,PASS
V1,F11,20,1019,4025120,30,500,30,0.0,711.0659999459813,0.0,2.1241011999954935,PASS
V1,F11,24,1023,4025124,30,500,30,0.0,649.0261533705124,0.0,1.7401758000050904,PASS
V1,F11,22,1021,4025122,30,500,30,0.0,579.5492680434852,0.0,1.800710199997411,PASS
V1,F11,21,1020,4025121,30,500,30,0.0,738.5383591240958,0.0,1.8311287999968044,PASS
V1,F11,23,1022,4025123,30,500,30,0.0,701.8372771154101,0.0,1.814684600001783,PASS
V1,F11,25,1024,4025125,30,500,30,0.0,508.02875095473263,0.0,2.095797899994068,PASS
V1,F11,27,1026,4025127,30,500,30,0.0,614.144178110117,0.0,2.1633130999980494,PASS
V1,F11,26,1025,4025126,30,500,30,0.0,609.8881515490872,0.0,2.200467899994692,PASS
V1,F11,28,1027,4025128,30,500,30,0.0,642.5333046872523,0.0,2.1966746999969473,PASS
V1,F11,29,1028,4025129,30,500,30,0.0,595.7920700073693,0.0,1.9110344000073383,PASS
V1,F11,30,1029,4025130,30,500,30,0.0,694.8702724214163,0.0,1.9259348000050522,PASS
V1,F12,1,1000,4025201,30,500,30,0.9771383198629738,577094378.3389748,0.9771383198629738,2.0892672000045422,PASS
V1,F12,2,1001,4025202,30,500,30,1.2364346315650488e-06,579099359.0880492,1.2364346315650488e-06,2.124347000004491,PASS
V1,F12,4,1003,4025204,30,500,30,2.2236864169059253e-06,756082758.900649,2.2236864169059253e-06,2.4417302000074415,PASS
V1,F12,3,1002,4025203,30,500,30,0.35779631343143836,677755348.7064486,0.35779631343143836,2.478915899991989,PASS
V1,F12,5,1004,4025205,30,500,30,1.2139890895495417e-06,600899121.4082001,1.2139890895495417e-06,2.417577700005495,PASS
V1,F12,6,1005,4025206,30,500,30,2.361557371638052e-06,613687382.5306401,2.361557371638052e-06,2.4876758999889717,PASS
V1,F12,7,1006,4025207,30,500,30,1.525194696394407,669437325.0641034,1.525194696394407,2.071781999999075,PASS
V1,F12,8,1007,4025208,30,500,30,1.8090131905561675e-06,465147296.24454856,1.8090131905561675e-06,2.081982899995637,PASS
V1,F12,10,1009,4025210,30,500,30,1.8167390925407982e-06,608345809.8432229,1.8167390925407982e-06,2.0720122000057017,PASS
V1,F12,9,1008,4025209,30,500,30,1.587166565247637e-06,673649374.2265142,1.587166565247637e-06,2.0928800999972736,PASS
V1,F12,12,1011,4025212,30,500,30,0.628016825357324,354312759.8973637,0.628016825357324,2.561458899988793,PASS
V1,F12,14,1013,4025214,30,500,30,1.6716082281472738e-06,375026164.7994268,1.6716082281472738e-06,2.5808220000035362,PASS
V1,F12,13,1012,4025213,30,500,30,2.2011844736384406e-06,409264261.74945426,2.2011844736384406e-06,2.6051160999923013,PASS
V1,F12,11,1010,4025211,30,500,30,0.24194466268290965,673700231.5011019,0.24194466268290965,2.625202099996386,PASS
V1,F12,15,1014,4025215,30,500,30,0.3884077372590731,377991105.0550389,0.3884077372590731,2.1315267000027234,PASS
V1,F12,18,1017,4025218,30,500,30,0.49024863865770807,678910232.0700809,0.49024863865770807,2.1093085000029532,PASS
V1,F12,17,1016,4025217,30,500,30,1.9725212336325854e-06,602516388.8524432,1.9725212336325854e-06,2.1625102999969386,PASS
V1,F12,16,1015,4025216,30,500,30,2.3385297437264804e-06,518663474.82455194,2.3385297437264804e-06,2.1668981999973767,PASS
V1,F12,19,1018,4025219,30,500,30,1.9789138267221343e-06,493317185.6586725,1.9789138267221343e-06,2.6521971999900416,PASS
V1,F12,20,1019,4025220,30,500,30,1.8584379878538582e-06,746482921.424925,1.8584379878538582e-06,2.648269599987543,PASS
V1,F12,21,1020,4025221,30,500,30,1.8824732529198567e-06,779891967.4951634,1.8824732529198567e-06,2.6557348999922397,PASS
V1,F12,22,1021,4025222,30,500,30,1.8237999780664147e-06,566705999.5069873,1.8237999780664147e-06,2.71114509999461,PASS
V1,F12,24,1023,4025224,30,500,30,2.852828296338511e-06,557034073.9341952,2.852828296338511e-06,2.0902053999889176,PASS
V1,F12,23,1022,4025223,30,500,30,1.1147370210949457,527674663.0350982,1.1147370210949457,2.136307199994917,PASS
V1,F12,25,1024,4025225,30,500,30,0.16084187286338059,459268027.30294675,0.16084187286338059,2.111504699991201,PASS
V1,F12,26,1025,4025226,30,500,30,0.28630822008342205,655610836.8316754,0.28630822008342205,2.138217400002759,PASS
V1,F12,27,1026,4025227,30,500,30,0.623703644823954,688380987.7444726,0.623703644823954,2.5564913999987766,PASS
V1,F12,30,1029,4025230,30,500,30,1.0893171623885523e-06,638200031.739138,1.0893171623885523e-06,2.6390336000040406,PASS
V1,F12,29,1028,4025229,30,500,30,1.9902676149756675e-06,694579575.2440028,1.9902676149756675e-06,2.693802499998128,PASS
V1,F12,28,1027,4025228,30,500,30,1.82311942989915e-06,735612073.6667887,1.82311942989915e-06,2.7094413000013446,PASS
V1,F13,1,1000,4025301,30,500,30,1.32970491002889,1121540604.907016,1.32970491002889,1.9648868000076618,PASS
V1,F13,3,1002,4025303,30,500,30,1.8071491593739837,1279263460.7598147,1.8071491593739837,1.973411600003601,PASS
V1,F13,4,1003,4025304,30,500,30,1.9297900706728788,1409943019.8603163,1.9297900706728788,2.092291100008879,PASS
V1,F13,2,1001,4025302,30,500,30,2.095767526421654e-05,1134393402.9122756,2.095767526421654e-05,2.1186493999994127,PASS
V1,F13,5,1004,4025305,30,500,30,2.039577933391476,1170689608.5516968,2.039577933391476,2.551439799994114,PASS
V1,F13,6,1005,4025306,30,500,30,0.13196559124899276,1181621324.1665757,0.13196559124899276,2.595700499994564,PASS
V1,F13,8,1007,4025308,30,500,30,1.9595874285291595,878154019.7635087,1.9595874285291595,2.5981417000002693,PASS
V1,F13,7,1006,4025307,30,500,30,2.69728161524406e-05,1268983075.2778127,2.69728161524406e-05,2.6144265000039013,PASS
V1,F13,12,1011,4025312,30,500,30,1.8266818659946964,746217004.1348709,1.8266818659946964,2.3946957000007387,PASS
V1,F13,9,1008,4025309,30,500,30,1.4807100083651008,1296042042.9580178,1.4807100083651008,2.468084699998144,PASS
V1,F13,10,1009,4025310,30,500,30,2.021472618815771,1170491781.6147819,2.021472618815771,2.4289511000097264,PASS
V1,F13,11,1010,4025311,30,500,30,2.0476926337124493,1334005063.226532,2.0476926337124493,2.467900699994061,PASS
V1,F13,13,1012,4025313,30,500,30,1.5908675725022825,902489281.0803057,1.5908675725022825,2.948639300011564,PASS
V1,F13,14,1013,4025314,30,500,30,2.54019588914696e-05,813623365.5838884,2.54019588914696e-05,2.973232199990889,PASS
V1,F13,15,1014,4025315,30,500,30,2.2244462544559562,781768070.7565104,2.2244462544559562,2.9551959999953397,PASS
V1,F13,16,1015,4025316,30,500,30,1.7053044544059863,992639751.8319389,1.7053044544059863,2.924877400000696,PASS
V1,F13,18,1017,4025318,30,500,30,0.061460300693028595,1270309810.4932654,0.061460300693028595,2.022736899991287,PASS
V1,F13,17,1016,4025317,30,500,30,2.1220016165537148,1200343935.016167,2.1220016165537148,2.0546226000005845,PASS
V1,F13,19,1018,4025319,30,500,30,0.11443167822598842,985279769.8708252,0.11443167822598842,2.0448150000011083,PASS
V1,F13,20,1019,4025320,30,500,30,1.8036089506423174,1427951455.304063,1.8036089506423174,2.05365200000233,PASS
V1,F13,23,1022,4025323,30,500,30,2.561781094335206,1057814591.9376878,2.561781094335206,2.496140100003686,PASS
V1,F13,24,1023,4025324,30,500,30,3.001041965943564e-05,1128834171.694078,3.001041965943564e-05,2.5212968999985605,PASS
V1,F13,21,1020,4025321,30,500,30,2.624484305224971e-05,1481567387.8877292,2.624484305224971e-05,2.587019800004782,PASS
V1,F13,22,1021,4025322,30,500,30,2.4498410927443603,1071852585.7528108,2.4498410927443603,2.629623899993021,PASS
V1,F13,26,1025,4025326,30,500,30,0.3288162737746242,1213450885.258651,0.3288162737746242,1.9231560999905923,PASS
V1,F13,25,1024,4025325,30,500,30,1.41713156126967,881544869.6646192,1.41713156126967,1.994039299999713,PASS
V1,F13,27,1026,4025327,30,500,30,3.855370693805042e-05,1309554648.9066305,3.855370693805042e-05,1.9746298999962164,PASS
V1,F13,28,1027,4025328,30,500,30,2.3707474990833055,1357932319.8784873,2.3707474990833055,1.983903200001805,PASS
V1,F14,2,1001,4025402,30,500,2,0.9980038377945764,20.799965995968776,0.9980038377945764,0.4954192000004696,PASS
V1,F14,1,1000,4025401,30,500,2,2.9821051568167842,473.71847520737606,2.9821051568167842,0.5231494000036037,PASS
V1,F13,29,1028,4025329,30,500,30,2.8105098435778704,1284594344.47724,2.8105098435778704,2.2300634999992326,PASS
V1,F13,30,1029,4025330,30,500,30,2.357585786472641,1261783528.6462915,2.357585786472641,2.2389753999887034,PASS
V1,F14,3,1002,4025403,30,500,2,2.982105156816676,7.856359089361977,2.982105156816676,0.46845300000859424,PASS
V1,F14,5,1004,4025405,30,500,2,0.9980038391581074,24.322820508421295,0.9980038391581074,0.49037959999986924,PASS
V1,F14,4,1003,4025404,30,500,2,0.9980038377944962,7.991839953168932,0.9980038377944962,0.5286029999988386,PASS
V1,F14,6,1005,4025406,30,500,2,2.9821051568202117,90.7409532963287,2.9821051568202117,0.5421620999986771,PASS
V1,F14,8,1007,4025408,30,500,2,12.670505811135554,21.481362099196957,12.670505811135554,0.46428949999972247,PASS
V1,F14,7,1006,4025407,30,500,2,0.9980038378109859,16.2842641081014,0.9980038378109859,0.5421093999902951,PASS
V1,F14,10,1009,4025410,30,500,2,2.982105156817191,15.108117071694181,2.982105156817191,0.47939529998984654,PASS
V1,F14,9,1008,4025409,30,500,2,0.9980038377948243,480.050865101365,0.9980038377948243,0.5334905000054277,PASS
V1,F14,12,1011,4025412,30,500,2,0.9980038378565135,16.441007314171465,0.9980038378565135,0.5243072000012035,PASS
V1,F14,11,1010,4025411,30,500,2,2.9821051568167696,115.8570972449099,2.9821051568167696,0.5444246999977622,PASS
V1,F14,14,1013,4025414,30,500,2,12.670505811135616,73.97889205821518,12.670505811135616,0.5331502999906661,PASS
V1,F14,13,1012,4025413,30,500,2,2.9821051568168246,16.402755922508554,2.9821051568168246,0.5758690000075148,PASS
V1,F14,15,1014,4025415,30,500,2,0.998003837794469,65.35361146386387,0.998003837794469,0.5158147000038298,PASS
V1,F14,16,1015,4025416,30,500,2,0.9980038383939414,17.659718800789545,0.9980038383939414,0.5064688999991631,PASS
V1,F14,17,1016,4025417,30,500,2,0.9980038377959031,438.10288921782666,0.9980038377959031,0.5025801000010688,PASS
V1,F14,18,1017,4025418,30,500,2,0.9980038379503501,237.59430741100795,0.9980038379503501,0.48565460000827443,PASS
V1,F14,21,1020,4025421,30,500,2,12.670505811135556,87.51907188492201,12.670505811135556,0.5043627999984892,PASS
V1,F14,20,1019,4025420,30,500,2,2.9821051568168575,179.17713904158902,2.9821051568168575,0.5273027000075672,PASS
V1,F14,19,1018,4025419,30,500,2,0.9980038377944538,2.286243956447089,0.9980038377944538,0.5587515000079293,PASS
V1,F14,22,1021,4025422,30,500,2,2.9821051568167016,29.199725330593285,2.9821051568167016,0.5301312999945367,PASS
V1,F14,23,1022,4025423,30,500,2,2.9821051568195434,9.804625661988586,2.9821051568195434,0.4782100000011269,PASS
V1,F14,26,1025,4025426,30,500,2,0.9980038377998665,421.40232505995556,0.9980038377998665,0.5086341999995057,PASS
V1,F14,25,1024,4025425,30,500,2,12.670505811135913,320.00268640700443,12.670505811135913,0.5097695000004023,PASS
V1,F14,24,1023,4025424,30,500,2,0.9980038388218965,294.0509123316119,0.9980038388218965,0.5245445000036852,PASS
V1,F14,27,1026,4025427,30,500,2,12.670505811135556,337.8200873186404,12.670505811135556,0.4870511000044644,PASS
V1,F14,29,1028,4025429,30,500,2,0.9980038377948446,2.3576554955050417,0.9980038377948446,0.5213115999940783,PASS
V1,F14,30,1029,4025430,30,500,2,0.9980038377948557,15.999537865751927,0.9980038377948557,0.5560056999966037,PASS
V1,F14,28,1027,4025428,30,500,2,0.9980038378288753,160.2537413920019,0.9980038378288753,0.5594118000008166,PASS
V1,F15,1,1000,4025501,30,500,4,0.0003370612244433482,0.30191456608898665,0.0003370612244433482,0.4629766999860294,PASS
V1,F15,3,1002,4025503,30,500,4,0.0003149892521527396,0.3644888722730511,0.0003149892521527396,0.4621684000012465,PASS
V1,F15,2,1001,4025502,30,500,4,0.00031787173923477496,1.2717309895536486,0.00031787173923477496,0.5043957000016235,PASS
V1,F15,4,1003,4025504,30,500,4,0.00030775220590381635,0.1609090192272938,0.00030775220590381635,0.48088069999357685,PASS
V1,F15,5,1004,4025505,30,500,4,0.0003591094865182019,0.12948702495992004,0.0003591094865182019,0.5054945000010775,PASS
V1,F15,7,1006,4025507,30,500,4,0.020942774987845626,0.12363760498402297,0.020942774987845626,0.5144293999910587,PASS
V1,F15,8,1007,4025508,30,500,4,0.0003374400998205418,0.09018764359449179,0.0003374400998205418,0.5087524999980815,PASS
V1,F15,6,1005,4025506,30,500,4,0.00030959839685824013,0.12186464086944875,0.00030959839685824013,0.5710030999907758,PASS
V1,F15,9,1008,4025509,30,500,4,0.020535638296655046,2.2394826617102606,0.020535638296655046,0.45305469998857006,PASS
V1,F15,10,1009,4025510,30,500,4,0.0003142221776952278,0.13877679138861554,0.0003142221776952278,0.443783099995926,PASS
V1,F15,11,1010,4025511,30,500,4,0.00031107453844435946,0.03239128528085753,0.00031107453844435946,0.4485100000019884,PASS
V1,F15,12,1011,4025512,30,500,4,0.0003101125099798946,0.23498015533649527,0.0003101125099798946,0.46007400000235066,PASS
V1,F15,15,1014,4025515,30,500,4,0.0003092177675517216,0.10205617825736528,0.0003092177675517216,0.47473440000612754,PASS
V1,F15,14,1013,4025514,30,500,4,0.00031997701158454104,0.1598298890496266,0.00031997701158454104,0.4833700999879511,PASS
V1,F15,16,1015,4025516,30,500,4,0.020364042481327095,2.092356457574675,0.020364042481327095,0.48326529999030754,PASS
V1,F15,13,1012,4025513,30,500,4,0.020363870994001512,0.1306304824855118,0.020363870994001512,0.49176590000570286,PASS
V1,F15,20,1019,4025520,30,500,4,0.00030905905551380035,0.1359115073620081,0.00030905905551380035,0.4339800000016112,PASS
V1,F15,18,1017,4025518,30,500,4,0.020367703128367665,0.14977648977909336,0.020367703128367665,0.4472176999988733,PASS
V1,F15,17,1016,4025517,30,500,4,0.0003289099874432119,0.2605680364275185,0.0003289099874432119,0.4573796000040602,PASS
V1,F15,19,1018,4025519,30,500,4,0.0203649563217082,0.1985628632680977,0.0203649563217082,0.4581244000000879,PASS
V1,F15,21,1020,4025521,30,500,4,0.02036348001470539,0.4954470688391197,0.02036348001470539,0.49044120000326075,PASS
V1,F15,22,1021,4025522,30,500,4,0.000325571600825186,0.5524050984541609,0.000325571600825186,0.4943061000085436,PASS
V1,F15,23,1022,4025523,30,500,4,0.00031955800615583583,0.29407409982959576,0.00031955800615583583,0.5022221000108402,PASS
V1,F15,24,1023,4025524,30,500,4,0.020363826333715623,0.298411205199563,0.020363826333715623,0.5219100999966031,PASS
V1,F15,25,1024,4025525,30,500,4,0.0003288977581955267,0.054825133501047195,0.0003288977581955267,0.46965199999976903,PASS
V1,F15,26,1025,4025526,30,500,4,0.00032451326681607945,0.2996859951874783,0.00032451326681607945,0.4457567000063136,PASS
V1,F15,27,1026,4025527,30,500,4,0.0003158695469377272,0.08376195205332174,0.0003158695469377272,0.4685730000055628,PASS
V1,F15,28,1027,4025528,30,500,4,0.00030987236657673115,0.03968409975464774,0.00030987236657673115,0.460620600002585,PASS
V1,F16,2,1001,4025602,30,500,2,-1.0316284532453197,-0.027012733357646004,-1.0316284532453197,0.2554511000053026,PASS
V1,F16,1,1000,4025601,30,500,2,-1.0316284523181756,2.181179457071373,-1.0316284523181756,0.27615639999567065,PASS
V1,F15,29,1028,4025529,30,500,4,0.020368662785999754,0.08098779060507648,0.020368662785999754,0.4736040999996476,PASS
V1,F16,4,1003,4025604,30,500,2,-1.0316284534882711,-0.39997849461446167,-1.0316284534882711,0.204282399994554,PASS
V1,F16,3,1002,4025603,30,500,2,-1.0316284505155042,0.7607607404739891,-1.0316284505155042,0.23113300000841264,PASS
V1,F15,30,1029,4025530,30,500,4,0.020941920857886955,0.14413165160408462,0.020941920857886955,0.5162221000064164,PASS
V1,F16,5,1004,4025605,30,500,2,-1.031628440008179,-0.170143036311162,-1.031628440008179,0.2019916999997804,PASS
V1,F16,6,1005,4025606,30,500,2,-1.0316284422511366,-0.9735315253417971,-1.0316284422511366,0.19496429999708198,PASS
V1,F16,7,1006,4025607,30,500,2,-1.0316284534882534,-0.20638118856745086,-1.0316284534882534,0.25492530000337865,PASS
V1,F16,8,1007,4025608,30,500,2,-1.0316284534879627,-0.24021923047679472,-1.0316284534879627,0.2563603000016883,PASS
V1,F16,10,1009,4025610,30,500,2,-1.0316284534824998,1.0848751489960493,-1.0316284534824998,0.25176709999504965,PASS
V1,F16,9,1008,4025609,30,500,2,-1.0316284534223699,2.3278539991551703,-1.0316284534223699,0.2613978000008501,PASS
V1,F16,11,1010,4025611,30,500,2,-1.0316284534858475,2.3611245635192675,-1.0316284534858475,0.23564530001021922,PASS
V1,F16,13,1012,4025613,30,500,2,-1.031628450708876,1.5398855373431712,-1.031628450708876,0.21625159999530297,PASS
V1,F16,12,1011,4025612,30,500,2,-1.031628453488487,-1.0303686554309606,-1.031628453488487,0.24011289999180008,PASS
V1,F16,14,1013,4025614,30,500,2,-1.0316284439676002,-0.8050538505238225,-1.0316284439676002,0.21385810000356287,PASS
V1,F16,15,1014,4025615,30,500,2,-1.0316284519779193,0.23957312171001172,-1.0316284519779193,0.23961279999639373,PASS
V1,F16,16,1015,4025616,30,500,2,-1.031628427942389,0.7787012712336405,-1.031628427942389,0.24123040000267792,PASS
V1,F16,18,1017,4025618,30,500,2,-1.031628447967734,1.6470124840433833,-1.031628447967734,0.2394717999995919,PASS
V1,F16,17,1016,4025617,30,500,2,-1.0316284528898367,0.9570585820096484,-1.0316284528898367,0.24338889999489766,PASS
V1,F16,21,1020,4025621,30,500,2,-1.031628453467811,0.6778025610508492,-1.031628453467811,0.2232122999994317,PASS
V1,F16,22,1021,4025622,30,500,2,-1.031628453387434,1.5766615624712603,-1.031628453387434,0.23432519999914803,PASS
V1,F16,19,1018,4025619,30,500,2,-1.0316284534808078,0.7878546115016152,-1.0316284534808078,0.2682856999890646,PASS
V1,F16,20,1019,4025620,30,500,2,-1.0316284213695006,-0.9362291745164019,-1.0316284213695006,0.24836530000902712,PASS
V1,F16,23,1022,4025623,30,500,2,-1.0316284529464446,1.3326463850849646,-1.0316284529464446,0.23987090001173783,PASS
V1,F16,24,1023,4025624,30,500,2,-1.0316284534009625,2.6557067430875065,-1.0316284534009625,0.23692339999252,PASS
V1,F16,26,1025,4025626,30,500,2,-1.031628452174905,21.49073996804959,-1.031628452174905,0.2437859999918146,PASS
V1,F16,25,1024,4025625,30,500,2,-1.0316284520008518,2.429026067201413,-1.0316284520008518,0.25804829999106005,PASS
V1,F16,28,1027,4025628,30,500,2,-1.0316284529824096,0.6076326090253817,-1.0316284529824096,0.207573699997738,PASS
V1,F16,27,1026,4025627,30,500,2,-1.0316284387895018,-0.1512971369952485,-1.0316284387895018,0.25073010000051,PASS
V1,F16,29,1028,4025629,30,500,2,-1.031628453465758,-0.12993145689296656,-1.031628453465758,0.22307379999256227,PASS
V1,F16,30,1029,4025630,30,500,2,-1.031628453488354,2.6013826494536425,-1.031628453488354,0.2328577000007499,PASS
V1,F17,4,1003,4025704,30,500,2,0.39788739001867235,2.6652672686497105,0.39788739001867235,0.2731083000107901,PASS
V1,F17,3,1002,4025703,30,500,2,0.3978874090033191,0.5710175662180976,0.3978874090033191,0.28353359999891836,PASS
V1,F17,1,1000,4025701,30,500,2,0.39788746318402346,1.0638829597342436,0.39788746318402346,0.29638460000569467,PASS
V1,F17,2,1001,4025702,30,500,2,0.3978876657041077,1.2443773973881989,0.3978876657041077,0.2884822000050917,PASS
V1,F17,5,1004,4025705,30,500,2,0.39788737438279576,0.7300291394205143,0.39788737438279576,0.22070870001334697,PASS
V1,F17,6,1005,4025706,30,500,2,0.3978873900058719,0.7328401017256851,0.3978873900058719,0.21760299999732524,PASS
V1,F17,7,1006,4025707,30,500,2,0.39788854020117803,1.0302901000661695,0.39788854020117803,0.2355558999988716,PASS
V1,F17,8,1007,4025708,30,500,2,0.39788743991350906,0.8184767311208248,0.39788743991350906,0.23601069999858737,PASS
V1,F17,9,1008,4025709,30,500,2,0.39788735774666506,1.6574038437894387,0.39788735774666506,0.24144739999610465,PASS
V1,F17,11,1010,4025711,30,500,2,0.39788736017090187,0.9236150306333499,0.39788736017090187,0.22732499999983702,PASS
V1,F17,10,1009,4025710,30,500,2,0.39788737156388976,3.966514797561688,0.39788737156388976,0.24735759999020956,PASS
V1,F17,12,1011,4025712,30,500,2,0.3978873808771226,4.005505020167275,0.3978873808771226,0.23953359998995438,PASS
V1,F17,13,1012,4025713,30,500,2,0.39788973316842835,0.653014811080423,0.39788973316842835,0.21019230000092648,PASS
V1,F17,14,1013,4025714,30,500,2,0.397887369345705,1.2794390638585824,0.397887369345705,0.21420669999497477,PASS
V1,F17,15,1014,4025715,30,500,2,0.39788735802198083,0.5699043454949582,0.39788735802198083,0.22117160000198055,PASS
V1,F17,16,1015,4025716,30,500,2,0.3978902380107314,0.5472008050952475,0.3978902380107314,0.22324039999512024,PASS
V1,F17,18,1017,4025718,30,500,2,0.39788814898748726,1.6377791627432448,0.39788814898748726,0.24924540000210982,PASS
V1,F17,19,1018,4025719,30,500,2,0.3978873587245406,1.8190149992010163,0.3978873587245406,0.26204810000490397,PASS
V1,F17,17,1016,4025717,30,500,2,0.39788735791117524,1.9307324415435367,0.39788735791117524,0.27026540000224486,PASS
V1,F17,20,1019,4025720,30,500,2,0.39788737672519225,0.4636423262601532,0.39788737672519225,0.28062770000542514,PASS
V1,F17,21,1020,4025721,30,500,2,0.39788737725423395,2.247938566819121,0.39788737725423395,0.2245792000030633,PASS
V1,F17,22,1021,4025722,30,500,2,0.39788878698717767,1.8216716190815827,0.39788878698717767,0.241469300002791,PASS
V1,F17,24,1023,4025724,30,500,2,0.3978873627603896,14.151514125962425,0.3978873627603896,0.231915399999707,PASS
V1,F17,23,1022,4025723,30,500,2,0.39788758428453797,0.615174882056257,0.39788758428453797,0.25762099999701604,PASS
V1,F17,25,1024,4025725,30,500,2,0.3978876157723725,1.6869208412063283,0.3978876157723725,0.2632697999943048,PASS
V1,F17,27,1026,4025727,30,500,2,0.3978873610585083,1.0566819945015116,0.3978873610585083,0.250692200002959,PASS
V1,F17,28,1027,4025728,30,500,2,0.39788812321719824,2.9510390763983754,0.39788812321719824,0.24819169999682344,PASS
V1,F17,26,1025,4025726,30,500,2,0.39788739016617036,3.889306158017198,0.39788739016617036,0.26517719999537803,PASS
V1,F17,30,1029,4025730,30,500,2,0.39788736677358294,0.47798940625165187,0.39788736677358294,0.2129106999927899,PASS
V1,F17,29,1028,4025729,30,500,2,0.39788740375023046,2.4485590920128137,0.39788740375023046,0.2557550999918021,PASS
V1,F18,1,1000,4025801,30,500,2,3.000000000000022,81.38562380070489,3.000000000000022,0.2556763000029605,PASS
V1,F18,2,1001,4025802,30,500,2,3.00000000000015,30.688673464406033,3.00000000000015,0.2514954999933252,PASS
V1,F18,3,1002,4025803,30,500,2,3.0000000000002442,34.965342142586636,3.0000000000002442,0.2879609000083292,PASS
V1,F18,4,1003,4025804,30,500,2,3.0000000000000826,93.48619771902435,3.0000000000000826,0.28746559999126475,PASS
V1,F18,6,1005,4025806,30,500,2,3.0000000000000773,60.063618491605254,3.0000000000000773,0.29773109999950975,PASS
V1,F18,5,1004,4025805,30,500,2,3.000000000000084,50.082085355619114,3.000000000000084,0.302012799991644,PASS
V1,F18,7,1006,4025807,30,500,2,3.0000000000001363,5.7914370508281126,3.0000000000001363,0.25644139999349136,PASS
V1,F18,8,1007,4025808,30,500,2,3.00000000000018,64.59830186416433,3.00000000000018,0.26574649999383837,PASS
V1,F18,10,1009,4025810,30,500,2,2.9999999999999756,3.5313798537296646,2.9999999999999756,0.23006480000913143,PASS
V1,F18,9,1008,4025809,30,500,2,2.999999999999957,25.521419373542102,2.999999999999957,0.263642300007632,PASS
V1,F18,11,1010,4025811,30,500,2,2.9999999999999627,88.7536597773862,2.9999999999999627,0.25015029999485705,PASS
V1,F18,12,1011,4025812,30,500,2,3.0000000000000084,39.964935115530984,3.0000000000000084,0.23958649999985937,PASS
V1,F18,14,1013,4025814,30,500,2,3.0000000000000346,13.07568843364808,3.0000000000000346,0.27350349999323953,PASS
V1,F18,13,1012,4025813,30,500,2,3.0000000000001275,9.426190913628409,3.0000000000001275,0.2846974999993108,PASS
V1,F18,16,1015,4025816,30,500,2,3.0000000000052505,329.91156437221537,3.0000000000052505,0.22991860000183806,PASS
V1,F18,15,1014,4025815,30,500,2,2.999999999999986,21.8168014034403,2.999999999999986,0.24137099999643397,PASS
V1,F18,17,1016,4025817,30,500,2,2.9999999999999862,91.84738429723461,2.9999999999999862,0.23606480000307783,PASS
V1,F18,18,1017,4025818,30,500,2,2.999999999999969,195.47673454838912,2.999999999999969,0.24574070000380743,PASS
V1,F18,19,1018,4025819,30,500,2,3.0000000000000506,10.909611757157371,3.0000000000000506,0.24676550000731368,PASS
V1,F18,22,1021,4025822,30,500,2,3.000000000000054,66.7727554338801,3.000000000000054,0.271635500001139,PASS
V1,F18,20,1019,4025820,30,500,2,3.0000000000001066,273.7028443942355,3.0000000000001066,0.2757950999948662,PASS
V1,F18,21,1020,4025821,30,500,2,5.760193373621212,317.38163063086415,5.760193373621212,0.2887847999954829,PASS
V1,F18,23,1022,4025823,30,500,2,3.000000000000195,77.76899365473201,3.000000000000195,0.22419190000800882,PASS
V1,F18,25,1024,4025825,30,500,2,3.0000000000000107,77.76507019353373,3.0000000000000107,0.2288527999917278,PASS
V1,F18,26,1025,4025826,30,500,2,3.000000000000084,52.45697833328407,3.000000000000084,0.2255853999959072,PASS
V1,F18,24,1023,4025824,30,500,2,2.9999999999999636,35.89485466192964,2.9999999999999636,0.2453150000073947,PASS
V1,F18,27,1026,4025827,30,500,2,2.999999999999968,64.85636849106568,2.999999999999968,0.25288600000203587,PASS
V1,F18,28,1027,4025828,30,500,2,3.0000000000001226,18.92539432381692,3.0000000000001226,0.26468649999878835,PASS
V1,F18,30,1029,4025830,30,500,2,2.999999999999983,9.657899738468323,2.999999999999983,0.27031480000005104,PASS
V1,F18,29,1028,4025829,30,500,2,3.0000000001032765,45.603141869610994,3.0000000001032765,0.29649090000020806,PASS
V1,F19,1,1000,4025901,30,500,3,-3.862758646175508,-2.8152364689429965,-3.862758646175508,0.5955953000084264,PASS
V1,F19,2,1001,4025902,30,500,3,-3.862774168359584,-3.0010573399050178,-3.862774168359584,0.5852535000012722,PASS
V1,F19,3,1002,4025903,30,500,3,-3.8627752731858482,-3.725083575446613,-3.8627752731858482,0.6216935999982525,PASS
V1,F19,4,1003,4025904,30,500,3,-3.862777043242027,-3.1461542137665415,-3.862777043242027,0.5985473999899114,PASS
V1,F19,6,1005,4025906,30,500,3,-3.8627788099529976,-3.5964528439046646,-3.8627788099529976,0.6187757000006968,PASS
V1,F19,5,1004,4025905,30,500,3,-3.860455545924539,-3.639512885449389,-3.860455545924539,0.6381872000056319,PASS
V1,F19,8,1007,4025908,30,500,3,-3.8627785267808536,-3.371709865860915,-3.8627785267808536,0.6032599000027403,PASS
V1,F19,7,1006,4025907,30,500,3,-3.86277655651813,-3.5365431240230087,-3.86277655651813,0.6291796999867074,PASS
V1,F19,11,1010,4025911,30,500,3,-3.8622273558715006,-3.3317115223347478,-3.8622273558715006,0.5504319999890868,PASS
V1,F19,10,1009,4025910,30,500,3,-3.8627758064360713,-3.6842803474191888,-3.8627758064360713,0.6194266000093194,PASS
V1,F19,9,1008,4025909,30,500,3,-3.862777942704864,-2.3770187007264147,-3.862777942704864,0.6444738999998663,PASS
V1,F19,12,1011,4025912,30,500,3,-3.862773511328369,-3.4451524449101667,-3.862773511328369,0.6134714999934658,PASS
V1,F19,13,1012,4025913,30,500,3,-3.862763458648531,-3.635871471826206,-3.862763458648531,0.597446999992826,PASS
V1,F19,14,1013,4025914,30,500,3,-3.8627776208982425,-2.7738840559770095,-3.8627776208982425,0.6274976999993669,PASS
V1,F19,16,1015,4025916,30,500,3,-3.862767401379108,-3.3706466472251426,-3.862767401379108,0.6549156999972183,PASS
V1,F19,15,1014,4025915,30,500,3,-3.8627728412512186,-3.0661071327576335,-3.8627728412512186,0.6625555000064196,PASS
V1,F19,17,1016,4025917,30,500,3,-3.8627764969163563,-2.5942404342513865,-3.8627764969163563,0.6105968000047142,PASS
V1,F19,18,1017,4025918,30,500,3,-3.861846896889559,-3.529350907698285,-3.861846896889559,0.605859799994505,PASS
V1,F19,19,1018,4025919,30,500,3,-3.8627774483588557,-3.399138298593093,-3.8627774483588557,0.6124292000022251,PASS
V1,F19,20,1019,4025920,30,500,3,-3.862771094870056,-2.937918383007861,-3.862771094870056,0.6075476999976672,PASS
V1,F19,24,1023,4025924,30,500,3,-3.8549011671494178,-3.0648914677945323,-3.8549011671494178,0.5872128000046359,PASS
V1,F19,22,1021,4025922,30,500,3,-3.8627698302182853,-3.757311537153646,-3.8627698302182853,0.606884099994204,PASS
V1,F19,21,1020,4025921,30,500,3,-3.862779761117942,-2.5311476977977185,-3.862779761117942,0.6463183000014396,PASS
V1,F19,23,1022,4025923,30,500,3,-3.8627791298764005,-3.2132895898117337,-3.8627791298764005,0.6302665999974124,PASS
V1,F19,26,1025,4025926,30,500,3,-3.8627678982975513,-2.924795237972474,-3.8627678982975513,0.5566143000032753,PASS
V1,F19,25,1024,4025925,30,500,3,-3.862777677146165,-3.2314525429469114,-3.862777677146165,0.6131515000015497,PASS
V1,F19,28,1027,4025928,30,500,3,-3.862776422522751,-3.0773264067719293,-3.862776422522751,0.6240973999956623,PASS
V1,F19,27,1026,4025927,30,500,3,-3.8627775935349327,-2.8590384198361467,-3.8627775935349327,0.6478915000043344,PASS
V1,F19,29,1028,4025929,30,500,3,-3.86277691528672,-2.805569559471893,-3.86277691528672,0.6619344999926398,PASS
V1,F19,30,1029,4025930,30,500,3,-3.862775945701491,-3.661052938270577,-3.862775945701491,0.6654120000021067,PASS
V1,F20,1,1000,4026001,30,500,6,-3.3221333126080097,-1.719657427599971,-3.3221333126080097,0.7733884999906877,PASS
V1,F20,2,1001,4026002,30,500,6,-3.3220451621797573,-2.366607712192178,-3.3220451621797573,0.8341339999897173,PASS
V1,F20,3,1002,4026003,30,500,6,-3.19726059634143,-2.639546222318051,-3.19726059634143,0.7364293999999063,PASS
V1,F20,4,1003,4026004,30,500,6,-3.32207179831207,-1.4156844025488817,-3.32207179831207,0.8120389999967301,PASS
V1,F20,5,1004,4026005,30,500,6,-3.09894955053293,-1.546975718287114,-3.09894955053293,0.7718287000025157,PASS
V1,F20,6,1005,4026006,30,500,6,-3.137642264173468,-0.9891623935739681,-3.137642264173468,0.7847798999864608,PASS
V1,F20,7,1006,4026007,30,500,6,-3.3220446797028287,-1.3524600207773423,-3.3220446797028287,0.7910469000053126,PASS
V1,F20,8,1007,4026008,30,500,6,-3.3219157323740816,-1.1897588416913751,-3.3219157323740816,0.7963183999963803,PASS
V1,F20,10,1009,4026010,30,500,6,-3.2017096612353004,-1.5097145340696625,-3.2017096612353004,0.7902145000116434,PASS
V1,F20,9,1008,4026009,30,500,6,-3.2028818308208926,-2.5573730477528325,-3.2028818308208926,0.8035070999903837,PASS
V1,F20,11,1010,4026011,30,500,6,-3.3215315965162935,-0.6291784544978798,-3.3215315965162935,0.7431083999981638,PASS
V1,F20,12,1011,4026012,30,500,6,-3.2025958223585724,-1.3334487205410632,-3.2025958223585724,0.7441651999979513,PASS
V1,F20,14,1013,4026014,30,500,6,-3.202368044937583,-1.8745849243144121,-3.202368044937583,0.7527111000090372,PASS
V1,F20,13,1012,4026013,30,500,6,-3.3219847391109196,-1.0595512897021777,-3.3219847391109196,0.793356499998481,PASS
V1,F20,16,1015,4026016,30,500,6,-3.3217037861301315,-1.42589448097107,-3.3217037861301315,0.7700028999970527,PASS
V1,F20,18,1017,4026018,30,500,6,-3.32148238497215,-1.2806836046999825,-3.32148238497215,0.820183799994993,PASS
V1,F20,17,1016,4026017,30,500,6,-3.321789266886188,-0.7707250057888351,-3.321789266886188,0.8292604000016581,PASS
V1,F20,15,1014,4026015,30,500,6,-3.203032171199977,-2.443957038960648,-3.203032171199977,0.8665970000001835,PASS
V1,F20,19,1018,4026019,30,500,6,-3.3220755265925157,-1.6501266361374602,-3.3220755265925157,0.7839795000036247,PASS
V1,F20,21,1020,4026021,30,500,6,-3.3214689604466026,-1.3182646272649436,-3.3214689604466026,0.7859222999977646,PASS
V1,F20,22,1021,4026022,30,500,6,-3.3220228085105044,-1.9643777697330147,-3.3220228085105044,0.8490751000063028,PASS
V1,F20,20,1019,4026020,30,500,6,-3.3217968580447113,-1.1694872668654595,-3.3217968580447113,0.8987022999936016,PASS
V1,F20,25,1024,4026025,30,500,6,-3.3218030457735375,-0.9695628721775759,-3.3218030457735375,0.7547491000004811,PASS
V1,F20,24,1023,4026024,30,500,6,-3.3216905523207885,-1.66295644462256,-3.3216905523207885,0.7729370000015479,PASS
V1,F20,26,1025,4026026,30,500,6,-3.0768526050382383,-1.6523507833992392,-3.0768526050382383,0.7750756000023102,PASS
V1,F20,23,1022,4026023,30,500,6,-3.2019460133036564,-0.8292420221596318,-3.2019460133036564,0.8246097000082955,PASS
V1,F20,27,1026,4026027,30,500,6,-3.2030655784863313,-2.2223661928383214,-3.2030655784863313,0.749219000004814,PASS
V1,F20,28,1027,4026028,30,500,6,-3.3215453311683434,-0.7602290577530897,-3.3215453311683434,0.7674027000030037,PASS
V1,F20,29,1028,4026029,30,500,6,-3.3219824295562024,-1.1782094607932692,-3.3219824295562024,0.768364899995504,PASS
V1,F20,30,1029,4026030,30,500,6,-3.322075692241015,-1.358077861654103,-3.322075692241015,0.7598039000004064,PASS
V1,F21,2,1001,4026102,30,500,4,-5.100346824205089,-0.255284514021552,-5.100346824205089,0.6434919999883277,PASS
V1,F21,1,1000,4026101,30,500,4,-10.147485761885441,-0.7856612453746614,-10.147485761885441,0.7078183999983594,PASS
V1,F21,4,1003,4026104,30,500,4,-5.087930317317617,-0.3482705863990612,-5.087930317317617,0.708406500009005,PASS
V1,F21,3,1002,4026103,30,500,4,-5.05514902826489,-0.7458813166548436,-5.05514902826489,0.7121416000009049,PASS
V1,F21,5,1004,4026105,30,500,4,-10.152698232587149,-0.42018439611118236,-10.152698232587149,0.6619559000100708,PASS
V1,F21,6,1005,4026106,30,500,4,-10.133793580033998,-0.5910831778647738,-10.133793580033998,0.680694599999697,PASS
V1,F21,8,1007,4026108,30,500,4,-5.05519012726863,-0.5537203015819497,-5.05519012726863,0.6506582999863895,PASS
V1,F21,7,1006,4026107,30,500,4,-10.152666244440947,-0.42913328296464676,-10.152666244440947,0.6764573000109522,PASS
V1,F21,9,1008,4026109,30,500,4,-10.149184588901072,-0.3954824691564748,-10.149184588901072,0.6601512000052026,PASS
V1,F21,10,1009,4026110,30,500,4,-10.144644282124078,-0.3873214329929367,-10.144644282124078,0.6654775999923004,PASS
V1,F21,12,1011,4026112,30,500,4,-10.151684566286239,-0.42577067910792477,-10.151684566286239,0.6983318999991752,PASS
V1,F21,11,1010,4026111,30,500,4,-10.152314902518922,-0.3122489822002593,-10.152314902518922,0.7264787999883993,PASS
V1,F21,14,1013,4026114,30,500,4,-10.147102011743469,-0.4533003470413142,-10.147102011743469,0.6354174000007333,PASS
V1,F21,13,1012,4026113,30,500,4,-10.132485564514207,-0.5398028645395757,-10.132485564514207,0.702558200006024,PASS
V1,F21,15,1014,4026115,30,500,4,-10.133758094519536,-0.3593500916460118,-10.133758094519536,0.7099936000013258,PASS
V1,F21,16,1015,4026116,30,500,4,-10.152971953639922,-0.5643107717396479,-10.152971953639922,0.6871724000084214,PASS
V1,F21,19,1018,4026119,30,500,4,-10.12698985020922,-0.4201398663247763,-10.12698985020922,0.6463041999959387,PASS
V1,F21,18,1017,4026118,30,500,4,-5.094343711482591,-0.3187300785834754,-5.094343711482591,0.6535743999993429,PASS
V1,F21,17,1016,4026117,30,500,4,-10.15282921469298,-1.3126153292827127,-10.15282921469298,0.7112125999992713,PASS
V1,F21,20,1019,4026120,30,500,4,-5.0786434265422535,-0.556094779406882,-5.0786434265422535,0.7243445000058273,PASS
V1,F21,21,1020,4026121,30,500,4,-10.15243733037669,-0.39892324222710235,-10.15243733037669,0.6502006000082474,PASS
V1,F21,22,1021,4026122,30,500,4,-10.152974208795358,-0.8124729051033841,-10.152974208795358,0.6495922000030987,PASS
V1,F21,23,1022,4026123,30,500,4,-5.098808617125165,-0.5751988255431095,-5.098808617125165,0.6337052000017138,PASS
V1,F21,24,1023,4026124,30,500,4,-10.148913730215385,-0.36248300442977327,-10.148913730215385,0.6554018000024371,PASS
V1,F21,26,1025,4026126,30,500,4,-10.152274360855916,-0.3234823818806821,-10.152274360855916,0.7136361000011675,PASS
V1,F21,27,1026,4026127,30,500,4,-10.141755019644144,-0.29612421486392365,-10.141755019644144,0.7184757999930298,PASS
V1,F21,28,1027,4026128,30,500,4,-10.15313919018142,-0.3986533020007952,-10.15313919018142,0.7156948000047123,PASS
V1,F21,25,1024,4026125,30,500,4,-10.134247147690756,-0.4078383896375593,-10.134247147690756,0.7475422999996226,PASS
V1,F21,30,1029,4026130,30,500,4,-5.055044247968278,-0.36908201859372297,-5.055044247968278,0.7019167999969795,PASS
V1,F21,29,1028,4026129,30,500,4,-10.152606545425757,-0.3985356486821531,-10.152606545425757,0.765798199994606,PASS
V1,F22,1,1000,4026201,30,500,4,-10.402577818901236,-0.9317573703945224,-10.402577818901236,0.8093365999957314,PASS
V1,F22,2,1001,4026202,30,500,4,-10.39194186628017,-0.9222716528520395,-10.39194186628017,0.8139247000071919,PASS
V1,F22,3,1002,4026203,30,500,4,-5.0874873356798975,-0.7773340207644487,-5.0874873356798975,0.9027524999983143,PASS
V1,F22,4,1003,4026204,30,500,4,-5.11587161877121,-0.370970802781476,-5.11587161877121,0.9428061999933561,PASS
V1,F22,5,1004,4026205,30,500,4,-10.395459487791308,-0.5275828087880526,-10.395459487791308,0.9377279000036651,PASS
V1,F22,6,1005,4026206,30,500,4,-10.40131862653613,-0.6964166048173347,-10.40131862653613,0.9490876999916509,PASS
V1,F22,7,1006,4026207,30,500,4,-10.402765005235604,-0.4985747392352459,-10.402765005235604,1.0282930000103079,PASS
V1,F22,8,1007,4026208,30,500,4,-5.087658770458486,-0.582643477675555,-5.087658770458486,0.9864913000055822,PASS
V1,F22,9,1008,4026209,30,500,4,-10.40017380217571,-0.49284895953941,-10.40017380217571,0.981896900004358,PASS
V1,F22,10,1009,4026210,30,500,4,-10.388124439771971,-0.5770862732792144,-10.388124439771971,1.0023724999919068,PASS
V1,F22,11,1010,4026211,30,500,4,-10.4019325654406,-0.4296436080947541,-10.4019325654406,0.8740322999947239,PASS
V1,F22,12,1011,4026212,30,500,4,-10.384317575527483,-0.5645985806520991,-10.384317575527483,0.9092383999959566,PASS
V1,F22,14,1013,4026214,30,500,4,-10.402344272361383,-0.9848094857049149,-10.402344272361383,0.9191434999956982,PASS
V1,F22,13,1012,4026213,30,500,4,-10.38319095804468,-0.6449517732088035,-10.38319095804468,0.9339168000005884,PASS
V1,F22,15,1014,4026215,30,500,4,-10.383208020100055,-0.4103758613869799,-10.383208020100055,0.8679170999967027,PASS
V1,F22,17,1016,4026217,30,500,4,-10.40251746593785,-1.5765565707085023,-10.40251746593785,0.8117326999927172,PASS
V1,F22,16,1015,4026216,30,500,4,-10.395851739275614,-0.6218257843354295,-10.395851739275614,0.8480573999986518,PASS
V1,F22,18,1017,4026218,30,500,4,-10.401359968442708,-0.44933832522368744,-10.401359968442708,0.8469732999947155,PASS
V1,F22,19,1018,4026219,30,500,4,-10.377732595481866,-0.5128377893703403,-10.377732595481866,0.8033963000052609,PASS
V1,F22,20,1019,4026220,30,500,4,-5.106688764079738,-0.5828681600134475,-5.106688764079738,0.8050540999975055,PASS
V1,F22,21,1020,4026221,30,500,4,-10.402775866318462,-1.121161539213936,-10.402775866318462,0.8111834000010276,PASS
V1,F22,22,1021,4026222,30,500,4,-10.396805287380438,-0.9797111395033686,-10.396805287380438,0.8399558999954024,PASS
V1,F22,23,1022,4026223,30,500,4,-5.126812487084918,-0.6086256797700836,-5.126812487084918,0.7884639000112657,PASS
V1,F22,24,1023,4026224,30,500,4,-10.380992294696421,-0.46854024723853555,-10.380992294696421,0.7830112999945413,PASS
V1,F22,25,1024,4026225,30,500,4,-10.40157523429709,-0.5048069121336105,-10.40157523429709,0.7766567999933613,PASS
V1,F22,26,1025,4026226,30,500,4,-5.087668814531296,-0.4813761157500475,-5.087668814531296,0.7937867000000551,PASS
V1,F22,27,1026,4026227,30,500,4,-10.391353587647577,-0.3899985277776262,-10.391353587647577,0.7809056999976747,PASS
V1,F22,28,1027,4026228,30,500,4,-10.402119736800529,-0.7157489465814115,-10.402119736800529,0.7803558999876259,PASS
V1,F22,30,1029,4026230,30,500,4,-10.402803931029322,-0.43985095714117073,-10.402803931029322,0.7776098999893293,PASS
V1,F22,29,1028,4026229,30,500,4,-10.391346553597344,-0.7171582833042149,-10.391346553597344,0.8564104000106454,PASS
V1,F23,1,1000,4026301,30,500,4,-10.536069622903003,-1.0238629556348218,-10.536069622903003,0.9039945999975316,PASS
V1,F23,2,1001,4026302,30,500,4,-10.521178174226867,-1.0008003304569233,-10.521178174226867,0.8962570000003325,PASS
V1,F23,3,1002,4026303,30,500,4,-5.128286679530559,-0.8164625137143151,-5.128286679530559,0.9214356000011321,PASS
V1,F23,4,1003,4026304,30,500,4,-10.53608899115531,-0.5565675694250592,-10.53608899115531,0.9239921999978833,PASS
V1,F23,8,1007,4026308,30,500,4,-10.51719333717791,-0.7874801856706389,-10.51719333717791,0.9448010000050999,PASS
V1,F23,7,1006,4026307,30,500,4,-10.536220988625486,-0.6872915656446693,-10.536220988625486,0.9479095999995479,PASS
V1,F23,6,1005,4026306,30,500,4,-10.517149697488954,-0.7414380430410371,-10.517149697488954,0.994878500001505,PASS
V1,F23,5,1004,4026305,30,500,4,-10.533290109032166,-0.8454832942164738,-10.533290109032166,1.0127680999867152,PASS
V1,F23,11,1010,4026311,30,500,4,-10.532920876399283,-0.4663841659661791,-10.532920876399283,0.8510915999941062,PASS
V1,F23,10,1009,4026310,30,500,4,-10.523548059245472,-0.645758260380765,-10.523548059245472,0.8956572000024607,PASS
V1,F23,9,1008,4026309,30,500,4,-10.533616986048665,-0.5747711898984762,-10.533616986048665,0.9230619000009028,PASS
V1,F23,12,1011,4026312,30,500,4,-2.869178689893598,-0.823786750800087,-2.869178689893598,0.9590781000006245,PASS
V1,F23,13,1012,4026313,30,500,4,-10.517266076011486,-0.7770502763168828,-10.517266076011486,0.8932610000047134,PASS
V1,F23,15,1014,4026315,30,500,4,-10.515994977423018,-0.5002675730803412,-10.515994977423018,0.8934547999961069,PASS
V1,F23,14,1013,4026314,30,500,4,-10.5358456994868,-1.0997090054454173,-10.5358456994868,0.9405976999987615,PASS
V1,F23,16,1015,4026316,30,500,4,-5.172634137072882,-0.9043428755262034,-5.172634137072882,0.9593986000108998,PASS
V1,F23,18,1017,4026318,30,500,4,-10.5353522363171,-0.47569531546084826,-10.5353522363171,0.9164281999983359,PASS
V1,F23,19,1018,4026319,30,500,4,-10.51088739430485,-0.5736082314038227,-10.51088739430485,0.931251500005601,PASS
V1,F23,17,1016,4026317,30,500,4,-10.53604690062396,-1.7597194378362429,-10.53604690062396,0.9940723000036087,PASS
V1,F23,20,1019,4026320,30,500,4,-5.153562557853562,-0.6308786806539844,-5.153562557853562,0.9427496999996947,PASS
V1,F23,21,1020,4026321,30,500,4,-10.529196774551721,-1.2125486530771716,-10.529196774551721,0.9001685999974143,PASS
V1,F23,23,1022,4026323,30,500,4,-10.524546239964227,-0.7229501803676563,-10.524546239964227,0.9182193000015104,PASS
V1,F23,22,1021,4026322,30,500,4,-10.534908859494756,-1.0750391172262725,-10.534908859494756,0.9445933999959379,PASS
V1,F23,24,1023,4026324,30,500,4,-2.8702937288794197,-0.7987194079905501,-2.8702937288794197,0.9663353999931132,PASS
V1,F23,25,1024,4026325,30,500,4,-2.8709876857397796,-0.6700425911086935,-2.8709876857397796,0.9647821999969892,PASS
V1,F23,26,1025,4026326,30,500,4,-10.52935546583324,-0.6147683017235526,-10.52935546583324,0.9463780999940354,PASS
V1,F23,28,1027,4026328,30,500,4,-10.51756599825139,-0.8946038920849877,-10.51756599825139,0.9200389000034193,PASS
V1,F23,27,1026,4026327,30,500,4,-5.174583200265974,-0.820457114634507,-5.174583200265974,0.9660970999975689,PASS
V1,F23,29,1028,4026329,30,500,4,-10.534098667964447,-0.8835439811854388,-10.534098667964447,0.9040139999997336,PASS
V1,F23,30,1029,4026330,30,500,4,-10.534289280367034,-0.5471043607426501,-10.534289280367034,0.990978299989365,PASS
V2,F1,1,1000,4024101,30,500,30,0.0,67810.20717660758,0.0,1.7043551000097068,PASS
V2,F1,2,1001,4024102,30,500,30,0.0,70905.34012781148,0.0,1.748106099999859,PASS
V2,F1,3,1002,4024103,30,500,30,0.0,71382.05725267014,0.0,1.5821570999978576,PASS
V2,F1,4,1003,4024104,30,500,30,0.0,71067.53341075269,0.0,1.6433587999927113,PASS
V2,F1,5,1004,4024105,30,500,30,0.0,71494.67494006979,0.0,1.861190199997509,PASS
V2,F1,6,1005,4024106,30,500,30,0.0,68827.91056515143,0.0,1.8342631999985315,PASS
V2,F1,7,1006,4024107,30,500,30,0.0,70203.2929860324,0.0,1.6171783999889158,PASS
V2,F1,9,1008,4024109,30,500,30,0.0,70963.15903282672,0.0,1.6348692999890773,PASS
V2,F1,10,1009,4024110,30,500,30,0.0,68415.51807348001,0.0,1.671959400002379,PASS
V2,F1,8,1007,4024108,30,500,30,0.0,54060.05645133964,0.0,1.7443618999968749,PASS
V2,F1,11,1010,4024111,30,500,30,0.0,79775.6397390009,0.0,2.0637564999924507,PASS
V2,F1,12,1011,4024112,30,500,30,0.0,60211.88868860319,0.0,2.0124077999935253,PASS
V2,F1,13,1012,4024113,30,500,30,0.0,68582.22618939156,0.0,1.9922952999913832,PASS
V2,F1,14,1013,4024114,30,500,30,0.0,65644.03203813086,0.0,1.9547192999889376,PASS
V2,F1,15,1014,4024115,30,500,30,0.0,62548.52364809662,0.0,1.6516280999931041,PASS
V2,F1,16,1015,4024116,30,500,30,0.0,60965.044173403294,0.0,1.6844688000128372,PASS
V2,F1,17,1016,4024117,30,500,30,0.0,73040.90885855701,0.0,1.7179207000008319,PASS
V2,F1,18,1017,4024118,30,500,30,0.0,70498.00209305885,0.0,1.7247743999905651,PASS
V2,F1,19,1018,4024119,30,500,30,0.0,59692.16515890604,0.0,1.9486313999950653,PASS
V2,F1,22,1021,4024122,30,500,30,0.0,64283.25200493102,0.0,1.982436799997231,PASS
V2,F1,21,1020,4024121,30,500,30,0.0,81948.70656934404,0.0,2.015440800008946,PASS
V2,F1,20,1019,4024120,30,500,30,0.0,78896.22221622002,0.0,2.0924903999984963,PASS
V2,F1,23,1022,4024123,30,500,30,0.0,77870.80856837892,0.0,1.601581900002202,PASS
V2,F1,24,1023,4024124,30,500,30,0.0,72002.90593091116,0.0,1.643578899995191,PASS
V2,F1,26,1025,4024126,30,500,30,0.0,67654.2390610096,0.0,1.6652020999899833,PASS
V2,F1,25,1024,4024125,30,500,30,0.0,56336.5278763339,0.0,1.7306687000091188,PASS
V2,F1,27,1026,4024127,30,500,30,0.0,68127.13090112404,0.0,1.8129535000043688,PASS
V2,F1,29,1028,4024129,30,500,30,0.0,66088.0070704646,0.0,1.866604399998323,PASS
V2,F1,28,1027,4024128,30,500,30,0.0,71281.47829858353,0.0,1.9623147000093013,PASS
V2,F1,30,1029,4024130,30,500,30,0.0,77096.69700709768,0.0,1.9242642000026535,PASS
V2,F2,3,1002,4024203,30,500,30,0.0,702308869043.374,0.0,1.6346524999971734,PASS
V2,F2,1,1000,4024201,30,500,30,0.0,360067002398.5346,0.0,1.7032471999991685,PASS
V2,F2,2,1001,4024202,30,500,30,0.0,1715602834860.7356,0.0,1.771142500001588,PASS
V2,F2,4,1003,4024204,30,500,30,0.0,2634424742592.452,0.0,1.7650552000122843,PASS
V2,F2,5,1004,4024205,30,500,30,0.0,2899651184.9231544,0.0,1.821409299998777,PASS
V2,F2,6,1005,4024206,30,500,30,0.0,332841078922.353,0.0,1.9138347999978578,PASS
V2,F2,7,1006,4024207,30,500,30,0.0,76547012233.40517,0.0,1.8760954000026686,PASS
V2,F2,8,1007,4024208,30,500,30,0.0,729704378291.7789,0.0,1.9488528000074439,PASS
V2,F2,11,1010,4024211,30,500,30,0.0,80213629036800.12,0.0,1.7184584999922663,PASS
V2,F2,10,1009,4024210,30,500,30,0.0,713724413990.0226,0.0,1.7639089000003878,PASS
V2,F2,9,1008,4024209,30,500,30,0.0,26401294709.697582,0.0,1.7807412000111071,PASS
V2,F2,12,1011,4024212,30,500,30,0.0,39939133237.937126,0.0,1.796128599991789,PASS
V2,F2,13,1012,4024213,30,500,30,0.0,9593437258663.51,0.0,1.9349671000090893,PASS
V2,F2,15,1014,4024215,30,500,30,0.0,22135772844271.426,0.0,1.9300558999966597,PASS
V2,F2,14,1013,4024214,30,500,30,0.0,4038700082325.6636,0.0,1.9490435000043362,PASS
V2,F2,16,1015,4024216,30,500,30,0.0,34707708682.06033,0.0,1.9743939000036335,PASS
V2,F2,19,1018,4024219,30,500,30,0.0,10392937112.024113,0.0,1.6212679000018397,PASS
V2,F2,18,1017,4024218,30,500,30,0.0,2748969363192.687,0.0,1.6234983000031207,PASS
V2,F2,17,1016,4024217,30,500,30,0.0,2021349198795.503,0.0,1.6541626000107499,PASS
V2,F2,20,1019,4024220,30,500,30,0.0,47711548051367.61,0.0,1.6590899000002537,PASS
V2,F2,21,1020,4024221,30,500,30,0.0,102707326348.72324,0.0,1.8226634000020567,PASS
V2,F2,23,1022,4024223,30,500,30,0.0,155737363148.78427,0.0,1.8489355000056094,PASS
V2,F2,22,1021,4024222,30,500,30,0.0,7683677948828.628,0.0,1.8939645999926142,PASS
V2,F2,24,1023,4024224,30,500,30,0.0,1339473094382.0034,0.0,1.895409100005054,PASS
V2,F2,25,1024,4024225,30,500,30,0.0,3865443685.5409384,0.0,1.6462738000118406,PASS
V2,F2,26,1025,4024226,30,500,30,0.0,68338205734834.914,0.0,1.6836101000080816,PASS
V2,F2,28,1027,4024228,30,500,30,0.0,3236421004233.4863,0.0,1.6828768999985186,PASS
V2,F2,27,1026,4024227,30,500,30,0.0,67722205355.99468,0.0,1.684087300003739,PASS
V2,F2,29,1028,4024229,30,500,30,0.0,3305236700.5331717,0.0,1.8680492999992566,PASS
V2,F3,1,1000,4024301,30,500,30,0.0,106811.1871437447,0.0,1.9032662000099663,PASS
V2,F2,30,1029,4024230,30,500,30,0.0,811737307015.2843,0.0,1.9059942000021692,PASS
V2,F3,2,1001,4024302,30,500,30,0.0,228881.45062340857,0.0,1.9195017000020016,PASS
V2,F3,3,1002,4024303,30,500,30,0.0,132408.1368091635,0.0,1.6652175999915926,PASS
V2,F3,5,1004,4024305,30,500,30,0.0,126006.68015739581,0.0,1.665526900003897,PASS
V2,F3,4,1003,4024304,30,500,30,0.0,252004.5370062454,0.0,1.6920678000024054,PASS
V2,F3,6,1005,4024306,30,500,30,0.0,121185.1674532735,0.0,1.7130393999977969,PASS
V2,F3,8,1007,4024308,30,500,30,0.0,192911.98136862018,0.0,1.843470600011642,PASS
V2,F3,7,1006,4024307,30,500,30,0.0,133484.8315350889,0.0,1.9175826999999117,PASS
V2,F3,9,1008,4024309,30,500,30,0.0,135241.10379381198,0.0,1.9280128999962471,PASS
V2,F3,10,1009,4024310,30,500,30,0.0,107976.19188391927,0.0,1.8983292000048095,PASS
V2,F3,14,1013,4024314,30,500,30,0.0,166657.1711129854,0.0,1.6834726999950362,PASS
V2,F3,11,1010,4024311,30,500,30,0.0,258402.473983956,0.0,1.7248997999995481,PASS
V2,F3,13,1012,4024313,30,500,30,0.0,157787.82385873256,0.0,1.7334204999933718,PASS
V2,F3,12,1011,4024312,30,500,30,0.0,137478.41138112583,0.0,1.763756000000285,PASS
V2,F3,15,1014,4024315,30,500,30,0.0,221992.0552764344,0.0,1.8313845999946352,PASS
V2,F3,17,1016,4024317,30,500,30,0.0,119365.44128648656,0.0,1.785624900003313,PASS
V2,F3,16,1015,4024316,30,500,30,0.0,294151.3375734341,0.0,1.8228073000063887,PASS
V2,F3,18,1017,4024318,30,500,30,0.0,245433.61431170706,0.0,1.8679660999914631,PASS
V2,F3,22,1021,4024322,30,500,30,0.0,135794.76099693272,0.0,1.8949976000003517,PASS
V2,F3,19,1018,4024319,30,500,30,0.0,244606.59772993292,0.0,1.9160202000057325,PASS
V2,F3,21,1020,4024321,30,500,30,0.0,126211.38335020539,0.0,1.9563119999947958,PASS
V2,F3,20,1019,4024320,30,500,30,0.0,161467.97997834763,0.0,1.9825139999884414,PASS
V2,F3,24,1023,4024324,30,500,30,0.0,113871.83421879425,0.0,2.4095948000031058,PASS
V2,F3,23,1022,4024323,30,500,30,0.0,163245.37719853327,0.0,2.4480853999993997,PASS
V2,F3,25,1024,4024325,30,500,30,0.0,79356.08665120536,0.0,2.4414109000063036,PASS
V2,F3,26,1025,4024326,30,500,30,0.0,123007.79353130393,0.0,2.440975299992715,PASS
V2,F3,28,1027,4024328,30,500,30,0.0,131384.1741233503,0.0,1.7877359999984037,PASS
V2,F3,29,1028,4024329,30,500,30,0.0,171958.72311027217,0.0,1.8284314000047743,PASS
V2,F3,27,1026,4024327,30,500,30,0.0,183635.15749931926,0.0,1.870338000007905,PASS
V2,F3,30,1029,4024330,30,500,30,0.0,90997.76111955676,0.0,1.8536236999934772,PASS
V2,F4,1,1000,4024401,30,500,30,0.0,89.41203274460929,0.0,1.9574985999934142,PASS
V2,F4,2,1001,4024402,30,500,30,0.0,88.23531594133786,0.0,1.9530541999993147,PASS
V2,F4,4,1003,4024404,30,500,30,0.0,90.05593850015435,0.0,1.94861919998948,PASS
V2,F4,3,1002,4024403,30,500,30,0.0,90.93773968107635,0.0,2.0025316000101157,PASS
V2,F4,8,1007,4024408,30,500,30,0.0,88.56020743697258,0.0,1.6473510999931023,PASS
V2,F4,6,1005,4024406,30,500,30,0.0,87.42803920060479,0.0,1.6818715999979759,PASS
V2,F4,5,1004,4024405,30,500,30,0.0,83.47974018645405,0.0,1.7405005999899004,PASS
V2,F4,7,1006,4024407,30,500,30,0.0,89.67489840896681,0.0,1.769450899999356,PASS
V2,F4,10,1009,4024410,30,500,30,0.0,88.62436437004385,0.0,1.867495999991661,PASS
V2,F4,9,1008,4024409,30,500,30,0.0,90.98182394999645,0.0,1.9051223999995273,PASS
V2,F4,12,1011,4024412,30,500,30,0.0,87.6380567694806,0.0,1.8491108000016538,PASS
V2,F4,11,1010,4024411,30,500,30,0.0,82.14021784717164,0.0,1.9711677000013879,PASS
V2,F4,14,1013,4024414,30,500,30,0.0,77.8379255985727,0.0,1.7006626999936998,PASS
V2,F4,13,1012,4024413,30,500,30,0.0,81.54232198828862,0.0,1.7849982000043383,PASS
V2,F4,15,1014,4024415,30,500,30,0.0,77.5649543326395,0.0,1.799438400004874,PASS
V2,F4,16,1015,4024416,30,500,30,0.0,89.52145242027729,0.0,1.8312967999954708,PASS
V2,F4,17,1016,4024417,30,500,30,0.0,89.68075670875115,0.0,1.7907258000050206,PASS
V2,F4,18,1017,4024418,30,500,30,0.0,91.69265780583274,0.0,1.8560020000004442,PASS
V2,F4,20,1019,4024420,30,500,30,0.0,89.14712458834947,0.0,1.792368099995656,PASS
V2,F4,19,1018,4024419,30,500,30,0.0,87.81454527863241,0.0,1.8570944999955827,PASS
V2,F4,23,1022,4024423,30,500,30,0.0,86.36772034124569,0.0,1.6327424000046449,PASS
V2,F4,24,1023,4024424,30,500,30,0.0,86.34666057993036,0.0,1.7065791000059107,PASS
V2,F4,21,1020,4024421,30,500,30,0.0,93.48016114980666,0.0,1.7869289999944158,PASS
V2,F4,22,1021,4024422,30,500,30,0.0,90.86947090420732,0.0,1.8215322000032756,PASS
V2,F4,25,1024,4024425,30,500,30,0.0,83.43944699892515,0.0,2.053541100001894,PASS
V2,F4,26,1025,4024426,30,500,30,0.0,92.17294370207554,0.0,2.081054700000095,PASS
V2,F4,27,1026,4024427,30,500,30,0.0,90.2554612114578,0.0,2.0336722000065492,PASS
V2,F4,28,1027,4024428,30,500,30,0.0,88.89385763229512,0.0,2.042559199995594,PASS
V2,F4,30,1029,4024430,30,500,30,0.0,90.25056319313495,0.0,1.6692025999946054,PASS
V2,F4,29,1028,4024429,30,500,30,0.0,88.97595126021793,0.0,1.7275515999936033,PASS
V2,F5,2,1001,4024502,30,500,30,28.64230324415114,265509719.66763252,28.64230324415114,1.750712699998985,PASS
V2,F5,1,1000,4024501,30,500,30,28.02289834298946,262803966.06144178,28.02289834298946,1.7715374999970663,PASS
V2,F5,4,1003,4024504,30,500,30,28.826214399504863,314425104.8265708,28.826214399504863,1.9558557999989716,PASS
V2,F5,3,1002,4024503,30,500,30,26.711592204135204,290152790.99322855,26.711592204135204,1.97945250000339,PASS
V2,F5,5,1004,4024505,30,500,30,28.80468113068543,264814459.6730534,28.80468113068543,2.00537029998668,PASS
V2,F5,6,1005,4024506,30,500,30,27.986054810712886,275607877.05815667,27.986054810712886,2.003832499991404,PASS
V2,F5,7,1006,4024507,30,500,30,28.824510933652114,275703968.057919,28.824510933652114,1.7645794999989448,PASS
V2,F5,8,1007,4024508,30,500,30,27.99937555177982,196990313.2842615,27.99937555177982,1.7972786000027554,PASS
V2,F5,9,1008,4024509,30,500,30,27.984903150885547,264277025.01725703,27.984903150885547,1.7838820000033593,PASS
V2,F5,10,1009,4024510,30,500,30,28.04127944557301,275312500.08404154,28.04127944557301,1.8138659999967786,PASS
V2,F5,11,1010,4024511,30,500,30,26.056079496446582,311741780.6244718,26.056079496446582,2.060618200004683,PASS
V2,F5,12,1011,4024512,30,500,30,28.657622386729578,135783553.73670316,28.657622386729578,2.0237993000046117,PASS
V2,F5,14,1013,4024514,30,500,30,28.78499785118647,198137301.02750832,28.78499785118647,2.013938300005975,PASS
V2,F5,13,1012,4024513,30,500,30,28.990130822146778,223922765.9861003,28.990130822146778,2.0631985000072746,PASS
V2,F5,17,1016,4024517,30,500,30,27.233797922112245,267563143.6435758,27.233797922112245,1.7756279000022914,PASS
V2,F5,16,1015,4024516,30,500,30,27.14249923293043,230963403.05164534,27.14249923293043,1.801674100002856,PASS
V2,F5,15,1014,4024515,30,500,30,27.97953504492064,199986599.631898,27.97953504492064,1.8274865999992471,PASS
V2,F5,18,1017,4024518,30,500,30,28.859025130354,261605126.34257632,28.859025130354,1.8306870999949751,PASS
V2,F5,19,1018,4024519,30,500,30,28.866596212968567,235011607.0552513,28.866596212968567,1.941156899993075,PASS
V2,F5,22,1021,4024522,30,500,30,28.984284599701358,250438783.368967,28.984284599701358,1.903105500008678,PASS
V2,F5,20,1019,4024520,30,500,30,28.595332426036578,318067279.8984649,28.595332426036578,1.970122500002617,PASS
V2,F5,21,1020,4024521,30,500,30,28.809137028708275,320276562.2341088,28.809137028708275,1.9683353000000352,PASS
V2,F5,25,1024,4024525,30,500,30,28.919085956738325,197086662.74910796,28.919085956738325,1.7425940000102855,PASS
V2,F5,23,1022,4024523,30,500,30,28.00551703205017,224106822.12627918,28.00551703205017,1.8191196999978274,PASS
V2,F5,26,1025,4024526,30,500,30,28.87787135512256,272825950.8696747,28.87787135512256,1.8219688000099268,PASS
V2,F5,24,1023,4024524,30,500,30,28.856542727366655,272530389.63664186,28.856542727366655,1.852928399996017,PASS
V2,F5,27,1026,4024527,30,500,30,28.09403720117838,289149958.1576517,28.09403720117838,1.9659388000000035,PASS
V2,F5,28,1027,4024528,30,500,30,28.66345701966568,306443111.17072505,28.66345701966568,1.9983716999995522,PASS
V2,F5,29,1028,4024529,30,500,30,27.98136697764828,254911291.89617184,27.98136697764828,1.9793759000021964,PASS
V2,F5,30,1029,4024530,30,500,30,28.65815052394188,297997041.8303026,28.65815052394188,2.034811899997294,PASS
V2,F6,2,1001,4024602,30,500,30,0.23438316535326517,70582.57089954114,0.23438316535326517,1.6601648999931058,PASS
V2,F6,1,1000,4024601,30,500,30,0.14161216226477596,67909.83159949695,0.14161216226477596,1.683080399991013,PASS
V2,F6,3,1002,4024603,30,500,30,0.04300113240655738,71353.455751133,0.04300113240655738,1.678404899997986,PASS
V2,F6,4,1003,4024604,30,500,30,0.060043952806087854,71219.00386103941,0.060043952806087854,1.6823615000030259,PASS
V2,F6,6,1005,4024606,30,500,30,0.10835578903445908,68955.29999951718,0.10835578903445908,1.8035920999973314,PASS
V2,F6,5,1004,4024605,30,500,30,0.002972368020355627,71208.03386246378,0.002972368020355627,1.8430700999888359,PASS
V2,F6,8,1007,4024608,30,500,30,0.002760854251604821,54162.957873925516,0.002760854251604821,1.8866724999970756,PASS
V2,F6,7,1006,4024607,30,500,30,0.09235793642041544,70011.4366295226,0.09235793642041544,1.9224266999954125,PASS
V2,F6,9,1008,4024609,30,500,30,0.049834768128345884,70501.21762803209,0.049834768128345884,1.5911521000089124,PASS
V2,F6,10,1009,4024610,30,500,30,0.0045071641936495505,68295.92181788973,0.0045071641936495505,1.6278936000016984,PASS
V2,F6,12,1011,4024612,30,500,30,0.0065351273396496235,60343.443806650605,0.0065351273396496235,1.6633504999917932,PASS
V2,F6,11,1010,4024611,30,500,30,0.00012593776912437938,79935.06488261481,0.00012593776912437938,1.7265647000022,PASS
V2,F6,13,1012,4024613,30,500,30,0.06401391477087609,68881.92519101789,0.06401391477087609,1.7938203000085196,PASS
V2,F6,14,1013,4024614,30,500,30,2.795625823702431,66078.30058116298,2.795625823702431,1.8439732999977423,PASS
V2,F6,15,1014,4024615,30,500,30,0.161922866326269,62157.94499673396,0.161922866326269,1.8974270000035176,PASS
V2,F6,16,1015,4024616,30,500,30,0.09245704222953725,61089.234661411996,0.09245704222953725,1.928121100005228,PASS
V2,F6,17,1016,4024617,30,500,30,0.06479718447809721,73031.55585073962,0.06479718447809721,1.654979300001287,PASS
V2,F6,19,1018,4024619,30,500,30,2.5154857621927746,59960.68287322056,2.5154857621927746,1.6446706999995513,PASS
V2,F6,18,1017,4024618,30,500,30,0.004088841712751121,70606.59378046433,0.004088841712751121,1.6808670999889728,PASS
V2,F6,20,1019,4024620,30,500,30,0.0913203599855875,79344.06586895653,0.0913203599855875,1.7238673999963794,PASS
V2,F6,21,1020,4024621,30,500,30,0.23981013849824578,81635.30658606326,0.23981013849824578,1.7576528000063263,PASS
V2,F6,23,1022,4024623,30,500,30,0.008658454929517957,78086.57507584567,0.008658454929517957,1.7533429000031902,PASS
V2,F6,22,1021,4024622,30,500,30,1.0279552726750338,64215.54876603678,1.0279552726750338,1.801899300000514,PASS
V2,F6,24,1023,4024624,30,500,30,0.00046596767787964653,72276.33926858637,0.00046596767787964653,1.7836162000021432,PASS
V2,F6,25,1024,4024625,30,500,30,0.037285814028496386,56465.69237297281,0.037285814028496386,1.7112139000091702,PASS
V2,F6,26,1025,4024626,30,500,30,0.06184660182449219,67862.6591007802,0.06184660182449219,1.7196697000035783,PASS
V2,F6,27,1026,4024627,30,500,30,1.4605680776787864,68320.91352360474,1.4605680776787864,1.7818743999960134,PASS
V2,F6,28,1027,4024628,30,500,30,0.028358244993726765,71067.99746945646,0.028358244993726765,1.8052787000051467,PASS
V2,F6,29,1028,4024629,30,500,30,0.0623383529717687,66095.4100418736,0.0623383529717687,1.853804999991553,PASS
V2,F6,30,1029,4024630,30,500,30,0.032462398713838735,77102.38991476683,0.032462398713838735,1.9577018999989377,PASS
V2,F7,2,1001,4024702,30,500,30,6.837286203809079e-05,129.07738590868695,6.837286203809079e-05,1.8847256000008201,PASS
V2,F7,1,1000,4024701,30,500,30,9.45915362848826e-06,132.24256505296452,9.45915362848826e-06,1.980922400005511,PASS
V2,F7,3,1002,4024703,30,500,30,1.6784381334677967e-05,106.8866083511403,1.6784381334677967e-05,1.7106549999880372,PASS
V2,F7,4,1003,4024704,30,500,30,7.080694142436172e-05,120.0123686763614,7.080694142436172e-05,1.7346954999957234,PASS
V2,F7,6,1005,4024706,30,500,30,0.0002044215615785161,95.90377798740067,0.0002044215615785161,1.7269152000080794,PASS
V2,F7,5,1004,4024705,30,500,30,0.0002432252979321925,128.77654886785405,0.0002432252979321925,1.7380440999986604,PASS
V2,F7,9,1008,4024709,30,500,30,1.5447923321199042e-05,112.92200132609992,1.5447923321199042e-05,1.9424231000011787,PASS
V2,F7,7,1006,4024707,30,500,30,8.514306014872908e-05,109.43532753152996,8.514306014872908e-05,2.004224400006933,PASS
V2,F7,10,1009,4024710,30,500,30,8.368433869609948e-05,124.61338032043707,8.368433869609948e-05,2.014171200004057,PASS
V2,F7,8,1007,4024708,30,500,30,7.849757403840896e-05,89.84776718932376,7.849757403840896e-05,2.0389597000030335,PASS
V2,F7,11,1010,4024711,30,500,30,0.00021914311776938256,145.50908467686799,0.00021914311776938256,1.9288123000005726,PASS
V2,F7,13,1012,4024713,30,500,30,4.457786551659293e-05,109.2388515683827,4.457786551659293e-05,1.9589825000002747,PASS
V2,F7,14,1013,4024714,30,500,30,2.8207178147332558e-05,125.18640614897903,2.8207178147332558e-05,1.9581691000057617,PASS
V2,F7,12,1011,4024712,30,500,30,0.00014672705711848977,88.02744560759177,0.00014672705711848977,2.0430317999998806,PASS
V2,F7,15,1014,4024715,30,500,30,4.9591094465339935e-06,99.80960290906447,4.9591094465339935e-06,2.5026324999926146,PASS
V2,F7,17,1016,4024717,30,500,30,0.00057313278933524,142.86321654785507,0.00057313278933524,2.5204047999868635,PASS
V2,F7,16,1015,4024716,30,500,30,0.00014586593514698265,118.50476153098273,0.00014586593514698265,2.530352600006154,PASS
V2,F7,18,1017,4024718,30,500,30,0.00021633445300472953,146.54341813360404,0.00021633445300472953,2.549275299999863,PASS
V2,F7,19,1018,4024719,30,500,30,0.00021026431482795704,129.37924729813335,0.00021026431482795704,1.823121399997035,PASS
V2,F7,22,1021,4024722,30,500,30,7.447946452421306e-05,97.89929812706661,7.447946452421306e-05,1.7856787000055192,PASS
V2,F7,20,1019,4024720,30,500,30,2.5783503506016103e-05,134.11199381657298,2.5783503506016103e-05,1.8618771000037668,PASS
V2,F7,21,1020,4024721,30,500,30,7.261338490871516e-05,134.48686620550905,7.261338490871516e-05,1.9280168999976013,PASS
V2,F7,24,1023,4024724,30,500,30,0.00013413908657777807,134.83866130923477,0.00013413908657777807,1.9794326999981422,PASS
V2,F7,23,1022,4024723,30,500,30,5.6976333538738544e-05,133.0436737145348,5.6976333538738544e-05,2.012247099992237,PASS
V2,F7,25,1024,4024725,30,500,30,0.00018987324554264884,105.12427574420931,0.00018987324554264884,2.136406799996621,PASS
V2,F7,26,1025,4024726,30,500,30,6.071988832667685e-05,144.99096006092753,6.071988832667685e-05,2.151404200005345,PASS
V2,F7,27,1026,4024727,30,500,30,0.00019470491795281486,135.53438780914385,0.00019470491795281486,1.7398450000036974,PASS
V2,F7,30,1029,4024730,30,500,30,0.000128178818000646,130.6949254804745,0.000128178818000646,1.765436999994563,PASS
V2,F7,29,1028,4024729,30,500,30,1.0751409406872803e-05,162.80296180734086,1.0751409406872803e-05,1.8058254000061424,PASS
V2,F7,28,1027,4024728,30,500,30,3.238470623567746e-05,93.82607923366973,3.238470623567746e-05,1.8132737999985693,PASS
V2,F8,1,1000,4024801,30,500,30,-4779.055861533274,-2451.876014434408,-4779.055861533274,1.9960884999891277,PASS
V2,F8,2,1001,4024802,30,500,30,-5299.129330283742,-2690.889994276502,-5299.129330283742,1.9744749999954365,PASS
V2,F8,4,1003,4024804,30,500,30,-5224.854867688941,-2110.3517025625324,-5224.854867688941,1.949372700008098,PASS
V2,F8,3,1002,4024803,30,500,30,-5143.470475311303,-1692.1826887752877,-5143.470475311303,2.0379317999904742,PASS
V2,F8,5,1004,4024805,30,500,30,-8977.048097412622,-1605.4114947545195,-8977.048097412622,1.7340416999941226,PASS
V2,F8,7,1006,4024807,30,500,30,-5844.981192267167,-1885.772866590057,-5844.981192267167,1.7497841000003973,PASS
V2,F8,6,1005,4024806,30,500,30,-7244.6501082282975,-3595.6367869269293,-7244.6501082282975,1.8244406000012532,PASS
V2,F8,8,1007,4024808,30,500,30,-7335.652108447277,-1726.090940377079,-7335.652108447277,1.8316932000016095,PASS
V2,F8,12,1011,4024812,30,500,30,-5465.931590285007,-2334.5511967809016,-5465.931590285007,1.8224120999948354,PASS
V2,F8,9,1008,4024809,30,500,30,-5828.450528089994,-2337.3316623373657,-5828.450528089994,2.014609499994549,PASS
V2,F8,10,1009,4024810,30,500,30,-6026.841758672334,-2623.8232741546635,-6026.841758672334,1.9786575000034645,PASS
V2,F8,11,1010,4024811,30,500,30,-5055.985908160044,-1813.4049915384448,-5055.985908160044,1.9805813999992097,PASS
V2,F8,15,1014,4024815,30,500,30,-4597.617752086166,-1577.9245638457974,-4597.617752086166,1.7860320000036154,PASS
V2,F8,14,1013,4024814,30,500,30,-12423.428883551725,-1526.011739420307,-12423.428883551725,1.8156898000015644,PASS
V2,F8,16,1015,4024816,30,500,30,-5926.6779148479145,-1774.4957618865303,-5926.6779148479145,1.8236236999946414,PASS
V2,F8,13,1012,4024813,30,500,30,-5758.444035915572,-2026.2048410858288,-5758.444035915572,1.9028263000072911,PASS
V2,F8,17,1016,4024817,30,500,30,-8477.945650551157,-3022.774183385613,-8477.945650551157,1.927698200001032,PASS
V2,F8,18,1017,4024818,30,500,30,-12190.063623292845,-1613.727286315913,-12190.063623292845,1.925908499993966,PASS
V2,F8,19,1018,4024819,30,500,30,-4773.656853662033,-2231.4411955724777,-4773.656853662033,1.9612498999922536,PASS
V2,F8,20,1019,4024820,30,500,30,-4797.520034485213,-1937.2091609434265,-4797.520034485213,1.9452281999983825,PASS
V2,F8,21,1020,4024821,30,500,30,-5336.334182380505,-2248.510909834675,-5336.334182380505,1.7178893999953289,PASS
V2,F8,24,1023,4024824,30,500,30,-11605.875895235904,-1788.751013337049,-11605.875895235904,1.7225330999935977,PASS
V2,F8,22,1021,4024822,30,500,30,-5615.930040884716,-1439.3070195018026,-5615.930040884716,1.7365350000036415,PASS
V2,F8,23,1022,4024823,30,500,30,-5435.609070757397,-2698.531601043908,-5435.609070757397,1.8086836000002222,PASS
V2,F8,27,1026,4024827,30,500,30,-4098.901904184803,-1646.4051333176737,-4098.901904184803,1.887976099998923,PASS
V2,F8,26,1025,4024826,30,500,30,-6385.875429523783,-1895.6942306135086,-6385.875429523783,1.9260546000004979,PASS
V2,F8,25,1024,4024825,30,500,30,-7958.486079110971,-2207.6192588415524,-7958.486079110971,1.9983446999976877,PASS
V2,F8,28,1027,4024828,30,500,30,-10091.772975979267,-1823.0140943969723,-10091.772975979267,1.9957120999897597,PASS
V2,F9,2,1001,4024902,30,500,30,0.0,384.5497490364953,0.0,1.6986470999981975,PASS
V2,F8,29,1028,4024829,30,500,30,-12363.530076175826,-1854.1744144476797,-12363.530076175826,1.7416856000054395,PASS
V2,F8,30,1029,4024830,30,500,30,-8419.326566114309,-1702.2535651780167,-8419.326566114309,1.7908394999976736,PASS
V2,F9,1,1000,4024901,30,500,30,0.0,464.87493101018356,0.0,1.8172501000080956,PASS
V2,F9,3,1002,4024903,30,500,30,0.0,424.39485150190137,0.0,1.906892400002107,PASS
V2,F9,4,1003,4024904,30,500,30,0.0,439.61790434394305,0.0,1.9581126999983098,PASS
V2,F9,5,1004,4024905,30,500,30,0.0,448.7388944016657,0.0,1.9542819999915082,PASS
V2,F9,6,1005,4024906,30,500,30,0.0,439.91283939992803,0.0,1.9633445999934338,PASS
V2,F9,7,1006,4024907,30,500,30,0.0,431.59183701137,0.0,1.7660310999926878,PASS
V2,F9,10,1009,4024910,30,500,30,0.0,467.3571333335915,0.0,1.810383100004401,PASS
V2,F9,8,1007,4024908,30,500,30,0.0,365.8391088248434,0.0,1.8242316999967443,PASS
V2,F9,9,1008,4024909,30,500,30,0.0,448.1773913088544,0.0,1.8499567999970168,PASS
V2,F9,11,1010,4024911,30,500,30,0.0,447.2888938374598,0.0,1.9477897999895504,PASS
V2,F9,13,1012,4024913,30,500,30,0.0,434.02220260833974,0.0,1.9284799000015482,PASS
V2,F9,14,1013,4024914,30,500,30,0.0,440.91474681676505,0.0,1.941363599995384,PASS
V2,F9,12,1011,4024912,30,500,30,0.0,441.073286920272,0.0,1.985575400001835,PASS
V2,F9,15,1014,4024915,30,500,30,0.0,466.36406583587524,0.0,1.8054874000081327,PASS
V2,F9,16,1015,4024916,30,500,30,0.0,433.86281469045554,0.0,1.7920406000048388,PASS
V2,F9,17,1016,4024917,30,500,30,0.0,422.02779107708176,0.0,1.8438535000022966,PASS
V2,F9,18,1017,4024918,30,500,30,0.0,469.76371664050794,0.0,1.853606699994998,PASS
V2,F9,19,1018,4024919,30,500,30,0.0,414.6138424388559,0.0,1.9534200000052806,PASS
V2,F9,20,1019,4024920,30,500,30,0.0,458.030531975015,0.0,2.1036767000041436,PASS
V2,F9,22,1021,4024922,30,500,30,0.0,441.34049530442945,0.0,2.0483958999975584,PASS
V2,F9,21,1020,4024921,30,500,30,0.0,465.26417440798247,0.0,2.0935065999947255,PASS
V2,F9,25,1024,4024925,30,500,30,0.0,408.9701533118642,0.0,1.6937440000037896,PASS
V2,F9,23,1022,4024923,30,500,30,0.0,446.64097601097,0.0,1.7358864999987418,PASS
V2,F9,26,1025,4024926,30,500,30,0.0,473.6616560879741,0.0,1.7594551000074716,PASS
V2,F9,24,1023,4024924,30,500,30,0.0,433.79837842386155,0.0,1.7835261999862269,PASS
V2,F9,27,1026,4024927,30,500,30,0.0,446.03906557516507,0.0,1.9390213999868138,PASS
V2,F9,28,1027,4024928,30,500,30,0.0,447.3494195224039,0.0,2.0486677999870153,PASS
V2,F9,29,1028,4024929,30,500,30,0.0,455.002187468864,0.0,2.019945399995777,PASS
V2,F9,30,1029,4024930,30,500,30,0.0,479.83128968283097,0.0,2.0567720999970334,PASS
V2,F10,4,1003,4025004,30,500,30,4.440892098500626e-16,20.685941618453114,4.440892098500626e-16,1.7057652000075905,PASS
V2,F10,3,1002,4025003,30,500,30,4.440892098500626e-16,20.70259726914545,4.440892098500626e-16,1.7571920000045793,PASS
V2,F10,1,1000,4025001,30,500,30,4.440892098500626e-16,20.764880617738655,4.440892098500626e-16,1.8021241999958875,PASS
V2,F10,2,1001,4025002,30,500,30,4.440892098500626e-16,20.80923383013385,4.440892098500626e-16,1.867610400004196,PASS
V2,F10,5,1004,4025005,30,500,30,4.440892098500626e-16,20.753180108678922,4.440892098500626e-16,2.0257941000018036,PASS
V2,F10,6,1005,4025006,30,500,30,4.440892098500626e-16,20.739339682394206,4.440892098500626e-16,2.0443906000000425,PASS
V2,F10,7,1006,4025007,30,500,30,4.440892098500626e-16,20.677331650145728,4.440892098500626e-16,2.0890670000080718,PASS
V2,F10,8,1007,4025008,30,500,30,4.440892098500626e-16,20.30938002246911,4.440892098500626e-16,2.1447194999927888,PASS
V2,F10,9,1008,4025009,30,500,30,4.440892098500626e-16,20.6623323028609,4.440892098500626e-16,1.690735099997255,PASS
V2,F10,10,1009,4025010,30,500,30,4.440892098500626e-16,20.764014980012245,4.440892098500626e-16,1.7257118999987142,PASS
V2,F10,11,1010,4025011,30,500,30,4.440892098500626e-16,20.873205110265417,4.440892098500626e-16,1.720953299998655,PASS
V2,F10,12,1011,4025012,30,500,30,4.440892098500626e-16,20.569830881242734,4.440892098500626e-16,1.8601799000025494,PASS
V2,F10,13,1012,4025013,30,500,30,4.440892098500626e-16,20.566750205953976,4.440892098500626e-16,2.021154900008696,PASS
V2,F10,14,1013,4025014,30,500,30,4.440892098500626e-16,20.669354202190537,4.440892098500626e-16,2.037817799995537,PASS
V2,F10,15,1014,4025015,30,500,30,4.440892098500626e-16,20.49068213407767,4.440892098500626e-16,2.048203199999989,PASS
V2,F10,16,1015,4025016,30,500,30,4.440892098500626e-16,20.64013873956227,4.440892098500626e-16,2.093446300001233,PASS
V2,F10,17,1016,4025017,30,500,30,4.440892098500626e-16,20.795292196710726,4.440892098500626e-16,1.8262165000051027,PASS
V2,F10,19,1018,4025019,30,500,30,4.440892098500626e-16,20.287777247273507,4.440892098500626e-16,1.8267780000023777,PASS
V2,F10,20,1019,4025020,30,500,30,4.440892098500626e-16,20.753576885043977,4.440892098500626e-16,1.8521953000017675,PASS
V2,F10,18,1017,4025018,30,500,30,4.440892098500626e-16,20.8269336510937,4.440892098500626e-16,1.9193946000013966,PASS
V2,F10,23,1022,4025023,30,500,30,4.440892098500626e-16,20.933352404055416,4.440892098500626e-16,1.9664016000024276,PASS
V2,F10,24,1023,4025024,30,500,30,4.440892098500626e-16,20.702337522964704,4.440892098500626e-16,1.9185222999949474,PASS
V2,F10,21,1020,4025021,30,500,30,4.440892098500626e-16,20.886822358893582,4.440892098500626e-16,2.0263199000037275,PASS
V2,F10,22,1021,4025022,30,500,30,4.440892098500626e-16,20.583645012836215,4.440892098500626e-16,2.0964137999981176,PASS
V2,F10,28,1027,4025028,30,500,30,4.440892098500626e-16,20.792506436353648,4.440892098500626e-16,1.7473541999934241,PASS
V2,F10,25,1024,4025025,30,500,30,4.440892098500626e-16,20.640145513776236,4.440892098500626e-16,1.784893000003649,PASS
V2,F10,26,1025,4025026,30,500,30,4.440892098500626e-16,20.66064456706877,4.440892098500626e-16,1.8007555999938631,PASS
V2,F10,27,1026,4025027,30,500,30,4.440892098500626e-16,20.70523141613285,4.440892098500626e-16,1.8103875999950105,PASS
V2,F10,29,1028,4025029,30,500,30,4.440892098500626e-16,20.542581961741753,4.440892098500626e-16,2.3054732000018703,PASS
V2,F10,30,1029,4025030,30,500,30,4.440892098500626e-16,20.847870698067215,4.440892098500626e-16,2.3119521000044188,PASS
V2,F11,2,1001,4025102,30,500,30,0.0,639.1480611503106,0.0,2.292622000008123,PASS
V2,F11,1,1000,4025101,30,500,30,0.0,611.291864520307,0.0,2.3492688999976963,PASS
V2,F11,3,1002,4025103,30,500,30,0.0,643.4385152741779,0.0,1.967091900005471,PASS
V2,F11,4,1003,4025104,30,500,30,0.0,640.6078006974948,0.0,1.9669246999983443,PASS
V2,F11,5,1004,4025105,30,500,30,0.0,644.4520744510511,0.0,1.9558966000040527,PASS
V2,F11,6,1005,4025106,30,500,30,0.0,620.4511952126913,0.0,1.9626813000068069,PASS
V2,F11,9,1008,4025109,30,500,30,0.0,639.6684312970408,0.0,2.3552294000110123,PASS
V2,F11,7,1006,4025107,30,500,30,0.0,632.8296368484805,0.0,2.3737562999885995,PASS
V2,F11,10,1009,4025110,30,500,30,0.0,616.7396630786404,0.0,2.362105000007432,PASS
V2,F11,8,1007,4025108,30,500,30,0.0,487.5405080335636,0.0,2.4031065000017406,PASS
V2,F11,13,1012,4025113,30,500,30,0.0,618.2400358748203,0.0,1.791028699997696,PASS
V2,F11,11,1010,4025111,30,500,30,0.0,718.9807578130838,0.0,1.85982939999667,PASS
V2,F11,14,1013,4025114,30,500,30,0.0,591.7962883432442,0.0,1.856863599998178,PASS
V2,F11,12,1011,4025112,30,500,30,0.0,542.9069981974286,0.0,1.8980756999953883,PASS
V2,F11,15,1014,4025115,30,500,30,0.0,563.9367128903148,0.0,2.129919400002109,PASS
V2,F11,16,1015,4025116,30,500,30,0.0,549.6853975606296,0.0,2.1847126000066055,PASS
V2,F11,18,1017,4025118,30,500,30,0.0,635.4820188150104,0.0,2.1166775000019697,PASS
V2,F11,17,1016,4025117,30,500,30,0.0,658.3681797175631,0.0,2.162703500012867,PASS
V2,F11,19,1018,4025119,30,500,30,0.0,538.2294864301934,0.0,1.7316431000072043,PASS
V2,F11,20,1019,4025120,30,500,30,0.0,711.0659999459813,0.0,1.803964899998391,PASS
V2,F11,21,1020,4025121,30,500,30,0.0,738.5383591240958,0.0,1.8074726999911945,PASS
V2,F11,22,1021,4025122,30,500,30,0.0,579.5492680434852,0.0,1.8271403999970062,PASS
V2,F11,23,1022,4025123,30,500,30,0.0,701.8372771154101,0.0,2.0302555999951437,PASS
V2,F11,26,1025,4025126,30,500,30,0.0,609.8881515490872,0.0,2.0399605999991763,PASS
V2,F11,24,1023,4025124,30,500,30,0.0,649.0261533705124,0.0,2.0877314999961527,PASS
V2,F11,25,1024,4025125,30,500,30,0.0,508.02875095473263,0.0,2.1477426999917952,PASS
V2,F11,27,1026,4025127,30,500,30,0.0,614.144178110117,0.0,1.7071209999994608,PASS
V2,F11,29,1028,4025129,30,500,30,0.0,595.7920700073693,0.0,1.7595806999888737,PASS
V2,F11,28,1027,4025128,30,500,30,0.0,642.5333046872523,0.0,1.794249900005525,PASS
V2,F11,30,1029,4025130,30,500,30,0.0,694.8702724214163,0.0,1.8492377000075066,PASS
V2,F12,1,1000,4025201,30,500,30,0.9771383198629738,577094378.3389748,0.9771383198629738,2.3125417999981437,PASS
V2,F12,2,1001,4025202,30,500,30,1.245067185431487e-06,579099359.0880492,1.245067185431487e-06,2.366053899997496,PASS
V2,F12,3,1002,4025203,30,500,30,0.35779631343143836,677755348.7064486,0.35779631343143836,2.4315127000008943,PASS
V2,F12,4,1003,4025204,30,500,30,2.10745161283462e-06,756082758.900649,2.10745161283462e-06,2.4319686999951955,PASS
V2,F12,5,1004,4025205,30,500,30,2.1991467393373165e-06,600899121.4082001,2.1991467393373165e-06,1.9015345999941928,PASS
V2,F12,6,1005,4025206,30,500,30,2.350053212896662e-06,613687382.5306401,2.350053212896662e-06,1.8741644999972777,PASS
V2,F12,8,1007,4025208,30,500,30,1.8369839113871029e-06,465147296.24454856,1.8369839113871029e-06,1.9265558000042802,PASS
V2,F12,7,1006,4025207,30,500,30,1.602093138890114,669437325.0641034,1.602093138890114,1.9481957999960287,PASS
V2,F12,9,1008,4025209,30,500,30,2.595739284885917e-06,673649374.2265142,2.595739284885917e-06,2.249962499990943,PASS
V2,F12,10,1009,4025210,30,500,30,2.4197422965911795e-06,608345809.8432229,2.4197422965911795e-06,2.3474151999980677,PASS
V2,F12,11,1010,4025211,30,500,30,0.24194466268290965,673700231.5011019,0.24194466268290965,2.380121299996972,PASS
V2,F12,12,1011,4025212,30,500,30,0.628016825357324,354312759.8973637,0.628016825357324,2.378704100003233,PASS
V2,F12,14,1013,4025214,30,500,30,2.0531517851166974e-06,375026164.7994268,2.0531517851166974e-06,1.893747699999949,PASS
V2,F12,16,1015,4025216,30,500,30,2.336817495505885e-06,518663474.82455194,2.336817495505885e-06,1.9231320999970194,PASS
V2,F12,13,1012,4025213,30,500,30,1.8851051815698236e-06,409264261.74945426,1.8851051815698236e-06,1.9850404000026174,PASS
V2,F12,15,1014,4025215,30,500,30,0.3884077372590731,377991105.0550389,0.3884077372590731,1.987878300002194,PASS
V2,F12,17,1016,4025217,30,500,30,2.149134489133704e-06,602516388.8524432,2.149134489133704e-06,2.072113400005037,PASS
V2,F12,18,1017,4025218,30,500,30,0.49024863865770807,678910232.0700809,0.49024863865770807,2.114463899997645,PASS
V2,F12,20,1019,4025220,30,500,30,1.6854867454705568e-06,746482921.424925,1.6854867454705568e-06,2.0995567999925697,PASS
V2,F12,19,1018,4025219,30,500,30,2.067579605375686e-06,493317185.6586725,2.067579605375686e-06,2.174106500009657,PASS
V2,F12,23,1022,4025223,30,500,30,1.1147370210949457,527674663.0350982,1.1147370210949457,1.9275117000070168,PASS
V2,F12,24,1023,4025224,30,500,30,1.9448371871450848e-06,557034073.9341952,1.9448371871450848e-06,1.9956633999972837,PASS
V2,F12,22,1021,4025222,30,500,30,2.188634358208876e-06,566705999.5069873,2.188634358208876e-06,2.0505306999984896,PASS
V2,F12,21,1020,4025221,30,500,30,1.7668289756704684e-06,779891967.4951634,1.7668289756704684e-06,2.0596821999934036,PASS
V2,F12,25,1024,4025225,30,500,30,0.16084187286338059,459268027.30294675,0.16084187286338059,2.3517759000096703,PASS
V2,F12,26,1025,4025226,30,500,30,0.28630822008342205,655610836.8316754,0.28630822008342205,2.3859124000009615,PASS
V2,F12,28,1027,4025228,30,500,30,2.4015981507188234e-06,735612073.6667887,2.4015981507188234e-06,2.350362800003495,PASS
V2,F12,27,1026,4025227,30,500,30,0.623703644823954,688380987.7444726,0.623703644823954,2.380057799993665,PASS
V2,F13,2,1001,4025302,30,500,30,1.8938487910915707e-05,1134393402.9122756,1.8938487910915707e-05,1.847890599994571,PASS
V2,F12,29,1028,4025229,30,500,30,1.994704433355171e-06,694579575.2440028,1.994704433355171e-06,1.8895556999923429,PASS
V2,F12,30,1029,4025230,30,500,30,1.869583086871119e-06,638200031.739138,1.869583086871119e-06,1.9028128000063589,PASS
V2,F13,1,1000,4025301,30,500,30,1.3301988174243515,1121540604.907016,1.3301988174243515,1.924661000011838,PASS
V2,F13,3,1002,4025303,30,500,30,1.8071491593739837,1279263460.7598147,1.8071491593739837,2.252550400007749,PASS
V2,F13,4,1003,4025304,30,500,30,1.9297900706728788,1409943019.8603163,1.9297900706728788,2.2729202000045916,PASS
V2,F13,5,1004,4025305,30,500,30,2.039577933391476,1170689608.5516968,2.039577933391476,2.290389200003119,PASS
V2,F13,6,1005,4025306,30,500,30,0.13196559124899276,1181621324.1665757,0.13196559124899276,2.2908390999946278,PASS
V2,F13,10,1009,4025310,30,500,30,2.021472618815771,1170491781.6147819,2.021472618815771,1.9374695000005886,PASS
V2,F13,7,1006,4025307,30,500,30,3.347667376510395e-05,1268983075.2778127,3.347667376510395e-05,2.0183853000053205,PASS
V2,F13,8,1007,4025308,30,500,30,1.9595874285291595,878154019.7635087,1.9595874285291595,1.9981859999970766,PASS
V2,F13,9,1008,4025309,30,500,30,1.381195961017175,1296042042.9580178,1.381195961017175,2.007962599993334,PASS
V2,F13,11,1010,4025311,30,500,30,2.0476926337124493,1334005063.226532,2.0476926337124493,2.1713811000081478,PASS
V2,F13,12,1011,4025312,30,500,30,1.8266818659946964,746217004.1348709,1.8266818659946964,2.1671921999950428,PASS
V2,F13,14,1013,4025314,30,500,30,3.71704033214674e-05,813623365.5838884,3.71704033214674e-05,2.150706500004162,PASS
V2,F13,13,1012,4025313,30,500,30,1.5908675725022825,902489281.0803057,1.5908675725022825,2.249871100008022,PASS
V2,F13,17,1016,4025317,30,500,30,2.1220016165537148,1200343935.016167,2.1220016165537148,1.8924953999958234,PASS
V2,F13,18,1017,4025318,30,500,30,2.800559372037068e-05,1270309810.4932654,2.800559372037068e-05,1.9280612000002293,PASS
V2,F13,16,1015,4025316,30,500,30,1.7053044544059863,992639751.8319389,1.7053044544059863,1.9779613999999128,PASS
V2,F13,15,1014,4025315,30,500,30,2.2244462544559562,781768070.7565104,2.2244462544559562,2.0266977999999654,PASS
V2,F13,21,1020,4025321,30,500,30,2.7090914151369673e-05,1481567387.8877292,2.7090914151369673e-05,2.1840458999940893,PASS
V2,F13,19,1018,4025319,30,500,30,2.8857964014360575e-05,985279769.8708252,2.8857964014360575e-05,2.267479900008766,PASS
V2,F13,20,1019,4025320,30,500,30,1.8036089506423174,1427951455.304063,1.8036089506423174,2.2588391000026604,PASS
V2,F13,22,1021,4025322,30,500,30,2.4498410927443603,1071852585.7528108,2.4498410927443603,2.22280000000319,PASS
V2,F13,23,1022,4025323,30,500,30,2.7099369146096604,1057814591.9376878,2.7099369146096604,1.9210913999995682,PASS
V2,F13,25,1024,4025325,30,500,30,1.409717897849978,881544869.6646192,1.409717897849978,1.960676799993962,PASS
V2,F13,24,1023,4025324,30,500,30,3.083091308594239e-05,1128834171.694078,3.083091308594239e-05,1.9921715999953449,PASS
V2,F13,26,1025,4025326,30,500,30,3.7599280281139617e-05,1213450885.258651,3.7599280281139617e-05,2.0751487000088673,PASS
V2,F13,27,1026,4025327,30,500,30,0.13059579497102197,1309554648.9066305,0.13059579497102197,2.2713948999880813,PASS
V2,F13,28,1027,4025328,30,500,30,2.3707474990833055,1357932319.8784873,2.3707474990833055,2.2404364999965765,PASS
V2,F13,29,1028,4025329,30,500,30,2.9512943269841134,1284594344.47724,2.9512943269841134,2.5074655000062194,PASS
V2,F13,30,1029,4025330,30,500,30,2.357585786472641,1261783528.6462915,2.357585786472641,2.439949699997669,PASS
V2,F14,3,1002,4025403,30,500,2,2.9821051568169095,7.856359089361977,2.9821051568169095,0.5330537999980152,PASS
V2,F14,2,1001,4025402,30,500,2,0.9980038378331403,20.799965995968776,0.9980038378331403,0.564886000007391,PASS
V2,F14,1,1000,4025401,30,500,2,2.982105156817547,473.71847520737606,2.982105156817547,0.5960532000026433,PASS
V2,F14,4,1003,4025404,30,500,2,0.9980038378415865,7.991839953168932,0.9980038378415865,0.6118489000073168,PASS
V2,F14,5,1004,4025405,30,500,2,0.9980038380003948,24.322820508421295,0.9980038380003948,0.48059740000462625,PASS
V2,F14,6,1005,4025406,30,500,2,2.982105156827029,90.7409532963287,2.982105156827029,0.5066264000051888,PASS
V2,F14,7,1006,4025407,30,500,2,0.9980038384394172,16.2842641081014,0.9980038384394172,0.534117300005164,PASS
V2,F14,8,1007,4025408,30,500,2,12.670505811135556,21.481362099196957,12.670505811135556,0.4889355000050273,PASS
V2,F14,10,1009,4025410,30,500,2,2.9821051568172185,15.108117071694181,2.9821051568172185,0.5210303999920143,PASS
V2,F14,9,1008,4025409,30,500,2,0.9980038378736543,480.050865101365,0.9980038378736543,0.5283039000059944,PASS
V2,F14,12,1011,4025412,30,500,2,0.9980038384998564,16.441007314171465,0.9980038384998564,0.5449478999944404,PASS
V2,F14,11,1010,4025411,30,500,2,2.982105156816826,115.8570972449099,2.982105156816826,0.5542931999952998,PASS
V2,F14,14,1013,4025414,30,500,2,12.670505811135616,73.97889205821518,12.670505811135616,0.47797380000702105,PASS
V2,F14,13,1012,4025413,30,500,2,2.9821051568191552,16.402755922508554,2.9821051568191552,0.5159199000045191,PASS
V2,F14,15,1014,4025415,30,500,2,0.9980038378573032,65.35361146386387,0.9980038378573032,0.5030806999857305,PASS
V2,F14,16,1015,4025416,30,500,2,0.9980038378219279,17.659718800789545,0.9980038378219279,0.5136581999977352,PASS
V2,F14,17,1016,4025417,30,500,2,0.9980038381290272,438.10288921782666,0.9980038381290272,0.5376397000072757,PASS
V2,F14,19,1018,4025419,30,500,2,0.9980038377947413,2.286243956447089,0.9980038377947413,0.5075276999996277,PASS
V2,F14,18,1017,4025418,30,500,2,0.9980038383354255,237.59430741100795,0.9980038383354255,0.5533244999969611,PASS
V2,F14,20,1019,4025420,30,500,2,2.982105156824213,179.17713904158902,2.982105156824213,0.5270949000114342,PASS
V2,F14,21,1020,4025421,30,500,2,12.670505811135557,87.51907188492201,12.670505811135557,0.5104004000022542,PASS
V2,F14,24,1023,4025424,30,500,2,0.9980038409164455,294.0509123316119,0.9980038409164455,0.4843408000015188,PASS
V2,F14,23,1022,4025423,30,500,2,2.9821051568195713,9.804625661988586,2.9821051568195713,0.49289419999695383,PASS
V2,F14,22,1021,4025422,30,500,2,2.9821051568240033,29.199725330593285,2.9821051568240033,0.516149500006577,PASS
V2,F14,25,1024,4025425,30,500,2,12.670505811135914,320.00268640700443,12.670505811135914,0.5353056000021752,PASS
V2,F14,26,1025,4025426,30,500,2,0.9980038378227115,421.40232505995556,0.9980038378227115,0.5123473999992711,PASS
V2,F14,27,1026,4025427,30,500,2,12.670505811135557,337.8200873186404,12.670505811135557,0.5226765999977943,PASS
V2,F14,28,1027,4025428,30,500,2,0.9980038387636644,160.2537413920019,0.9980038387636644,0.5362320999993244,PASS
V2,F14,30,1029,4025430,30,500,2,0.9980038378404491,15.999537865751927,0.9980038378404491,0.5354476000065915,PASS
V2,F14,29,1028,4025429,30,500,2,0.9980038378834106,2.3576554955050417,0.9980038378834106,0.5606771000020672,PASS
V2,F15,2,1001,4025502,30,500,4,0.0004322047726485062,1.2717309895536486,0.0004322047726485062,0.5001378000015393,PASS
V2,F15,1,1000,4025501,30,500,4,0.0004385036937518752,0.30191456608898665,0.0004385036937518752,0.5204922999982955,PASS
V2,F15,4,1003,4025504,30,500,4,0.0003077648582130735,0.1609090192272938,0.0003077648582130735,0.5457099999912316,PASS
V2,F15,3,1002,4025503,30,500,4,0.00032054642536161665,0.3644888722730511,0.00032054642536161665,0.5884644999896409,PASS
V2,F15,6,1005,4025506,30,500,4,0.0003649759601074399,0.12186464086944875,0.0003649759601074399,0.5884056999930181,PASS
V2,F15,5,1004,4025505,30,500,4,0.0005396861460484836,0.12948702495992004,0.0005396861460484836,0.6230541999975685,PASS
V2,F15,7,1006,4025507,30,500,4,0.02094437865497466,0.12363760498402297,0.02094437865497466,0.6286629999958677,PASS
V2,F15,8,1007,4025508,30,500,4,0.0003374400998205418,0.09018764359449179,0.0003374400998205418,0.6290883999899961,PASS
V2,F15,9,1008,4025509,30,500,4,0.020535638296655046,2.2394826617102606,0.020535638296655046,0.5964070000045467,PASS
V2,F15,10,1009,4025510,30,500,4,0.056553626559327975,0.13877679138861554,0.056553626559327975,0.575182999993558,PASS
V2,F15,11,1010,4025511,30,500,4,0.00031107453844435946,0.03239128528085753,0.00031107453844435946,0.5278901999990921,PASS
V2,F15,12,1011,4025512,30,500,4,0.00031397194091494136,0.23498015533649527,0.00031397194091494136,0.557099500001641,PASS
V2,F15,14,1013,4025514,30,500,4,0.00031997701158454104,0.1598298890496266,0.00031997701158454104,0.5530461000016658,PASS
V2,F15,13,1012,4025513,30,500,4,0.020363870994001512,0.1306304824855118,0.020363870994001512,0.5583018999896012,PASS
V2,F15,15,1014,4025515,30,500,4,0.00030928215912573713,0.10205617825736528,0.00030928215912573713,0.4643177999969339,PASS
V2,F15,17,1016,4025517,30,500,4,0.00032709751863913613,0.2605680364275185,0.00032709751863913613,0.4730983999907039,PASS
V2,F15,18,1017,4025518,30,500,4,0.020367703128367665,0.14977648977909336,0.020367703128367665,0.49207530000421684,PASS
V2,F15,16,1015,4025516,30,500,4,0.020364042481327095,2.092356457574675,0.020364042481327095,0.5031967999966582,PASS
V2,F15,20,1019,4025520,30,500,4,0.00030905905551380035,0.1359115073620081,0.00030905905551380035,0.4712881000014022,PASS
V2,F15,19,1018,4025519,30,500,4,0.0203649563217082,0.1985628632680977,0.0203649563217082,0.5217170000105398,PASS
V2,F15,21,1020,4025521,30,500,4,0.02036348001470539,0.4954470688391197,0.02036348001470539,0.5061000999994576,PASS
V2,F15,22,1021,4025522,30,500,4,0.0003988457991383978,0.5524050984541609,0.0003988457991383978,0.511727899996913,PASS
V2,F15,23,1022,4025523,30,500,4,0.0003215099639308955,0.29407409982959576,0.0003215099639308955,0.48141030000988394,PASS
V2,F15,24,1023,4025524,30,500,4,0.020363826333715623,0.298411205199563,0.020363826333715623,0.4778989000042202,PASS
V2,F15,25,1024,4025525,30,500,4,0.00032892471091174557,0.054825133501047195,0.00032892471091174557,0.4660678999935044,PASS
V2,F15,26,1025,4025526,30,500,4,0.0004369868355066125,0.2996859951874783,0.0004369868355066125,0.4877468999911798,PASS
V2,F15,27,1026,4025527,30,500,4,0.0004983500568274314,0.08376195205332174,0.0004983500568274314,0.5169299999979557,PASS
V2,F15,30,1029,4025530,30,500,4,0.020942926517923705,0.14413165160408462,0.020942926517923705,0.5059872999991057,PASS
V2,F15,29,1028,4025529,30,500,4,0.020368662785999754,0.08098779060507648,0.020368662785999754,0.5173055999912322,PASS
V2,F15,28,1027,4025528,30,500,4,0.0003858426352989206,0.03968409975464774,0.0003858426352989206,0.5261158999928739,PASS
V2,F16,1,1000,4025601,30,500,2,-1.031628427289774,2.181179457071373,-1.031628427289774,0.23260029999073595,PASS
V2,F16,2,1001,4025602,30,500,2,-1.0316284487690996,-0.027012733357646004,-1.0316284487690996,0.22741720000340138,PASS
V2,F16,3,1002,4025603,30,500,2,-1.0316284482177687,0.7607607404739891,-1.0316284482177687,0.25020360000780784,PASS
V2,F16,4,1003,4025604,30,500,2,-1.031628445104622,-0.39997849461446167,-1.031628445104622,0.2528342000005068,PASS
V2,F16,5,1004,4025605,30,500,2,-1.0316284063162042,-0.170143036311162,-1.0316284063162042,0.22145389999786858,PASS
V2,F16,6,1005,4025606,30,500,2,-1.0316284140677152,-0.9735315253417971,-1.0316284140677152,0.27016159999766387,PASS
V2,F16,7,1006,4025607,30,500,2,-1.0316284528078135,-0.20638118856745086,-1.0316284528078135,0.2523931000032462,PASS
V2,F16,8,1007,4025608,30,500,2,-1.0316284121481158,-0.24021923047679472,-1.0316284121481158,0.26169270000536926,PASS
V2,F16,9,1008,4025609,30,500,2,-1.0316284477123032,2.3278539991551703,-1.0316284477123032,0.24124339999980293,PASS
V2,F16,11,1010,4025611,30,500,2,-1.0316284483250429,2.3611245635192675,-1.0316284483250429,0.22058100000140257,PASS
V2,F16,12,1011,4025612,30,500,2,-1.031628434608291,-1.0303686554309606,-1.031628434608291,0.22318790000281297,PASS
V2,F16,10,1009,4025610,30,500,2,-1.0316284525647084,1.0848751489960493,-1.0316284525647084,0.24263999999675434,PASS
V2,F16,15,1014,4025615,30,500,2,-1.0316284288414346,0.23957312171001172,-1.0316284288414346,0.23843260000285227,PASS
V2,F16,14,1013,4025614,30,500,2,-1.0316284384462922,-0.8050538505238225,-1.0316284384462922,0.2601403000007849,PASS
V2,F16,13,1012,4025613,30,500,2,-1.0316284346571092,1.5398855373431712,-1.0316284346571092,0.26884799999243114,PASS
V2,F16,16,1015,4025616,30,500,2,-1.031628362842282,0.7787012712336405,-1.031628362842282,0.2867402999982005,PASS
V2,F16,17,1016,4025617,30,500,2,-1.0316284491950556,0.9570585820096484,-1.0316284491950556,0.24023299998953007,PASS
V2,F16,18,1017,4025618,30,500,2,-1.0316284223912828,1.6470124840433833,-1.0316284223912828,0.23057390000030864,PASS
V2,F16,19,1018,4025619,30,500,2,-1.031628450496936,0.7878546115016152,-1.031628450496936,0.23497810000844765,PASS
V2,F16,20,1019,4025620,30,500,2,-1.0316284095113646,-0.9362291745164019,-1.0316284095113646,0.2309053000062704,PASS
V2,F16,21,1020,4025621,30,500,2,-1.0316283570820304,0.6778025610508492,-1.0316283570820304,0.26362079998943955,PASS
V2,F16,24,1023,4025624,30,500,2,-1.031628452350645,2.6557067430875065,-1.031628452350645,0.26745780000055674,PASS
V2,F16,22,1021,4025622,30,500,2,-1.0316284466677093,1.5766615624712603,-1.0316284466677093,0.2897131000063382,PASS
V2,F16,23,1022,4025623,30,500,2,-1.0316284418603905,1.3326463850849646,-1.0316284418603905,0.3095215999928769,PASS
V2,F16,25,1024,4025625,30,500,2,-1.031628417116272,2.429026067201413,-1.031628417116272,0.2201682000013534,PASS
V2,F16,26,1025,4025626,30,500,2,-1.0316284384408108,21.49073996804959,-1.0316284384408108,0.25750970000808593,PASS
V2,F16,27,1026,4025627,30,500,2,-1.0316284206023618,-0.1512971369952485,-1.0316284206023618,0.23593160000746138,PASS
V2,F16,28,1027,4025628,30,500,2,-1.0316284427374032,0.6076326090253817,-1.0316284427374032,0.2632213999895612,PASS
V2,F16,30,1029,4025630,30,500,2,-1.0316284102071556,2.6013826494536425,-1.0316284102071556,0.2491781999997329,PASS
V2,F17,1,1000,4025701,30,500,2,0.3978919219023709,1.0638829597342436,0.3978919219023709,0.25788799999281764,PASS
V2,F16,29,1028,4025629,30,500,2,-1.0316284405149527,-0.12993145689296656,-1.0316284405149527,0.2770550999994157,PASS
V2,F17,2,1001,4025702,30,500,2,0.39789845819345615,1.2443773973881989,0.39789845819345615,0.269482000003336,PASS
V2,F17,3,1002,4025703,30,500,2,0.3978878918207691,0.5710175662180976,0.3978878918207691,0.2504451999993762,PASS
V2,F17,4,1003,4025704,30,500,2,0.3978894125287109,2.6652672686497105,0.3978894125287109,0.24341609999828506,PASS
V2,F17,6,1005,4025706,30,500,2,0.39788885590573564,0.7328401017256851,0.39788885590573564,0.2463698000065051,PASS
V2,F17,5,1004,4025705,30,500,2,0.3978894782609572,0.7300291394205143,0.3978894782609572,0.2636625000013737,PASS
V2,F17,7,1006,4025707,30,500,2,0.3978904827747094,1.0302901000661695,0.3978904827747094,0.2513537000049837,PASS
V2,F17,9,1008,4025709,30,500,2,0.3978890527876242,1.6574038437894387,0.3978890527876242,0.23638289999507833,PASS
V2,F17,8,1007,4025708,30,500,2,0.3978936892686029,0.8184767311208248,0.3978936892686029,0.25945330000831746,PASS
V2,F17,10,1009,4025710,30,500,2,0.3978895431317575,3.966514797561688,0.3978895431317575,0.2790223999909358,PASS
V2,F17,11,1010,4025711,30,500,2,0.39788842473253716,0.9236150306333499,0.39788842473253716,0.2388797000021441,PASS
V2,F17,12,1011,4025712,30,500,2,0.39788801706879795,4.005505020167275,0.39788801706879795,0.22152510000159964,PASS
V2,F17,13,1012,4025713,30,500,2,0.3978956232276971,0.653014811080423,0.3978956232276971,0.2171014999912586,PASS
V2,F17,14,1013,4025714,30,500,2,0.39788792517462745,1.2794390638585824,0.39788792517462745,0.2144655000010971,PASS
V2,F17,16,1015,4025716,30,500,2,0.3978925805633988,0.5472008050952475,0.3978925805633988,0.24537879999843426,PASS
V2,F17,18,1017,4025718,30,500,2,0.3978923143602202,1.6377791627432448,0.3978923143602202,0.24874490000365768,PASS
V2,F17,17,1016,4025717,30,500,2,0.39788764344126015,1.9307324415435367,0.39788764344126015,0.25884249999944586,PASS
V2,F17,15,1014,4025715,30,500,2,0.39788743113709835,0.5699043454949582,0.39788743113709835,0.2964631999930134,PASS
V2,F17,19,1018,4025719,30,500,2,0.39788761235926806,1.8190149992010163,0.39788761235926806,0.2180791999999201,PASS
V2,F17,20,1019,4025720,30,500,2,0.3978908012657083,0.4636423262601532,0.3978908012657083,0.2319844000012381,PASS
V2,F17,22,1021,4025722,30,500,2,0.3978976479987466,1.8216716190815827,0.3978976479987466,0.23084979999111965,PASS
V2,F17,21,1020,4025721,30,500,2,0.39788785410452476,2.247938566819121,0.39788785410452476,0.246828799994546,PASS
V2,F17,23,1022,4025723,30,500,2,0.39788859080958794,0.615174882056257,0.39788859080958794,0.24659729999257252,PASS
V2,F17,26,1025,4025726,30,500,2,0.39788773522107945,3.889306158017198,0.39788773522107945,0.24061429999710526,PASS
V2,F17,24,1023,4025724,30,500,2,0.39788846714807136,14.151514125962425,0.39788846714807136,0.25007140000525396,PASS
V2,F17,25,1024,4025725,30,500,2,0.39789107067902485,1.6869208412063283,0.39789107067902485,0.27371389999461826,PASS
V2,F17,27,1026,4025727,30,500,2,0.3978874713519289,1.0566819945015116,0.3978874713519289,0.24867230000381824,PASS
V2,F17,28,1027,4025728,30,500,2,0.39789243470912083,2.9510390763983754,0.39789243470912083,0.24023209999722894,PASS
V2,F17,29,1028,4025729,30,500,2,0.39789117142547425,2.4485590920128137,0.39789117142547425,0.24594370000704657,PASS
V2,F17,30,1029,4025730,30,500,2,0.39789097890801983,0.47798940625165187,0.39789097890801983,0.2586555000016233,PASS
V2,F18,1,1000,4025801,30,500,2,3.0000012832542775,81.38562380070489,3.0000012832542775,0.2766678000043612,PASS
V2,F18,2,1001,4025802,30,500,2,25.023970111770144,30.688673464406033,25.023970111770144,0.2584580999973696,PASS
V2,F18,4,1003,4025804,30,500,2,3.0000006716492247,93.48619771902435,3.0000006716492247,0.2716613999946276,PASS
V2,F18,3,1002,4025803,30,500,2,3.0000038639196873,34.965342142586636,3.0000038639196873,0.30550799999036826,PASS
V2,F18,5,1004,4025805,30,500,2,3.0000056855826154,50.082085355619114,3.0000056855826154,0.23934890000964515,PASS
V2,F18,6,1005,4025806,30,500,2,3.0000013169552573,60.063618491605254,3.0000013169552573,0.23999770000227727,PASS
V2,F18,7,1006,4025807,30,500,2,3.0000010138812856,5.7914370508281126,3.0000010138812856,0.22839690001273993,PASS
V2,F18,8,1007,4025808,30,500,2,3.0000014190173667,64.59830186416433,3.0000014190173667,0.23033269999723416,PASS
V2,F18,9,1008,4025809,30,500,2,3.0000025113901727,25.521419373542102,3.0000025113901727,0.23915850000048522,PASS
V2,F18,10,1009,4025810,30,500,2,3.0000028460265447,3.5313798537296646,3.0000028460265447,0.26138900000660215,PASS
V2,F18,12,1011,4025812,30,500,2,3.000006073467932,39.964935115530984,3.000006073467932,0.26554329998907633,PASS
V2,F18,11,1010,4025811,30,500,2,3.0000000248123007,88.7536597773862,3.0000000248123007,0.26903630000015255,PASS
V2,F18,13,1012,4025813,30,500,2,3.0000036089259168,9.426190913628409,3.0000036089259168,0.23696939999354072,PASS
V2,F18,16,1015,4025816,30,500,2,14.518721163024857,329.91156437221537,14.518721163024857,0.22178669999993872,PASS
V2,F18,15,1014,4025815,30,500,2,3.000000287741794,21.8168014034403,3.000000287741794,0.22361040000396315,PASS
V2,F18,14,1013,4025814,30,500,2,3.000000183795193,13.07568843364808,3.000000183795193,0.24766660000022966,PASS
V2,F18,18,1017,4025818,30,500,2,3.0000014368856056,195.47673454838912,3.0000014368856056,0.24310690000129398,PASS
V2,F18,17,1016,4025817,30,500,2,3.0000023743317272,91.84738429723461,3.0000023743317272,0.24790950000169687,PASS
V2,F18,20,1019,4025820,30,500,2,3.000007557405637,273.7028443942355,3.000007557405637,0.24017710000043735,PASS
V2,F18,19,1018,4025819,30,500,2,3.0000005782451606,10.909611757157371,3.0000005782451606,0.25270670000463724,PASS
V2,F18,21,1020,4025821,30,500,2,84.00012105996748,317.38163063086415,84.00012105996748,0.22280569998838473,PASS
V2,F18,22,1021,4025822,30,500,2,3.0000000595264513,66.7727554338801,3.0000000595264513,0.22585499999695458,PASS
V2,F18,23,1022,4025823,30,500,2,23.294935594494458,77.76899365473201,23.294935594494458,0.2613013000081992,PASS
V2,F18,24,1023,4025824,30,500,2,3.000009163157706,35.89485466192964,3.000009163157706,0.2551017000077991,PASS
V2,F18,26,1025,4025826,30,500,2,3.0000023448935194,52.45697833328407,3.0000023448935194,0.26848600000084843,PASS
V2,F18,27,1026,4025827,30,500,2,3.0000025957069085,64.85636849106568,3.0000025957069085,0.2436500000039814,PASS
V2,F18,25,1024,4025825,30,500,2,3.0000001868331845,77.76507019353373,3.0000001868331845,0.28167240000038873,PASS
V2,F18,28,1027,4025828,30,500,2,3.0000001982914593,18.92539432381692,3.0000001982914593,0.26394710000022314,PASS
V2,F18,29,1028,4025829,30,500,2,22.495260502870018,45.603141869610994,22.495260502870018,0.21640259999549016,PASS
V2,F18,30,1029,4025830,30,500,2,3.0000000138307645,9.657899738468323,3.0000000138307645,0.264982599997893,PASS
V2,F19,1,1000,4025901,30,500,3,-3.862756729066003,-2.8152364689429965,-3.862756729066003,0.5470908999996027,PASS
V2,F19,2,1001,4025902,30,500,3,-3.862774006652789,-3.0010573399050178,-3.862774006652789,0.5621432999905664,PASS
V2,F19,5,1004,4025905,30,500,3,-3.855770459179117,-3.639512885449389,-3.855770459179117,0.629189100000076,PASS
V2,F19,6,1005,4025906,30,500,3,-3.862778690862135,-3.5964528439046646,-3.862778690862135,0.6277058999985456,PASS
V2,F19,3,1002,4025903,30,500,3,-3.862772261801152,-3.725083575446613,-3.862772261801152,0.6741406000073766,PASS
V2,F19,4,1003,4025904,30,500,3,-3.862776291681777,-3.1461542137665415,-3.862776291681777,0.685419199988246,PASS
V2,F19,7,1006,4025907,30,500,3,-3.8627723845614663,-3.5365431240230087,-3.8627723845614663,0.5992794000048889,PASS
V2,F19,8,1007,4025908,30,500,3,-3.8627760090145493,-3.371709865860915,-3.8627760090145493,0.6000167000020156,PASS
V2,F19,10,1009,4025910,30,500,3,-3.862774107454193,-3.6842803474191888,-3.862774107454193,0.577782299995306,PASS
V2,F19,9,1008,4025909,30,500,3,-3.862773397821849,-2.3770187007264147,-3.862773397821849,0.6335810000018682,PASS
V2,F19,13,1012,4025913,30,500,3,-3.8627633076193377,-3.635871471826206,-3.8627633076193377,0.6141519999946468,PASS
V2,F19,11,1010,4025911,30,500,3,-3.858931993160069,-3.3317115223347478,-3.858931993160069,0.6403036000119755,PASS
V2,F19,14,1013,4025914,30,500,3,-3.8627775836575204,-2.7738840559770095,-3.8627775836575204,0.6199945000116713,PASS
V2,F19,12,1011,4025912,30,500,3,-3.8627702581322936,-3.4451524449101667,-3.8627702581322936,0.6473191999975825,PASS
V2,F19,15,1014,4025915,30,500,3,-3.862772828624433,-3.0661071327576335,-3.862772828624433,0.5907854999968549,PASS
V2,F19,18,1017,4025918,30,500,3,-3.855007994901402,-3.529350907698285,-3.855007994901402,0.5840804999897955,PASS
V2,F19,17,1016,4025917,30,500,3,-3.862772928270297,-2.5942404342513865,-3.862772928270297,0.6351785000006203,PASS
V2,F19,16,1015,4025916,30,500,3,-3.8627671288838057,-3.3706466472251426,-3.8627671288838057,0.6772458999912487,PASS
V2,F19,19,1018,4025919,30,500,3,-3.8627758508508316,-3.399138298593093,-3.8627758508508316,0.5990499000035925,PASS
V2,F19,20,1019,4025920,30,500,3,-3.862767617376206,-2.937918383007861,-3.862767617376206,0.6078743999969447,PASS
V2,F19,22,1021,4025922,30,500,3,-3.8627663099560037,-3.757311537153646,-3.8627663099560037,0.6112722999969264,PASS
V2,F19,21,1020,4025921,30,500,3,-3.862779761117942,-2.5311476977977185,-3.862779761117942,0.632323500001803,PASS
V2,F19,23,1022,4025923,30,500,3,-3.8627791298764005,-3.2132895898117337,-3.8627791298764005,0.5736906999954954,PASS
V2,F19,25,1024,4025925,30,500,3,-3.862776810302285,-3.2314525429469114,-3.862776810302285,0.5896654999960447,PASS
V2,F19,24,1023,4025924,30,500,3,-3.8549007510179267,-3.0648914677945323,-3.8549007510179267,0.6042264999996405,PASS
V2,F19,26,1025,4025926,30,500,3,-3.8627676502283643,-2.924795237972474,-3.8627676502283643,0.5897412999911467,PASS
V2,F19,27,1026,4025927,30,500,3,-3.8627775935349327,-2.8590384198361467,-3.8627775935349327,0.6078460999997333,PASS
V2,F19,29,1028,4025929,30,500,3,-3.862776870496603,-2.805569559471893,-3.862776870496603,0.6295669999963138,PASS
V2,F19,28,1027,4025928,30,500,3,-3.862775804390666,-3.0773264067719293,-3.862775804390666,0.635293700004695,PASS
V2,F19,30,1029,4025930,30,500,3,-3.8627734954370285,-3.661052938270577,-3.8627734954370285,0.6408605000033276,PASS
V2,F20,1,1000,4026001,30,500,6,-3.3221333126080097,-1.719657427599971,-3.3221333126080097,0.7729363999969792,PASS
V2,F20,3,1002,4026003,30,500,6,-3.19726059634143,-2.639546222318051,-3.19726059634143,0.7586530999979004,PASS
V2,F20,4,1003,4026004,30,500,6,-3.32207179831207,-1.4156844025488817,-3.32207179831207,0.758967500005383,PASS
V2,F20,2,1001,4026002,30,500,6,-3.3220451621797573,-2.366607712192178,-3.3220451621797573,0.7896927000110736,PASS
V2,F20,7,1006,4026007,30,500,6,-3.3220446797028287,-1.3524600207773423,-3.3220446797028287,0.764471800008323,PASS
V2,F20,5,1004,4026005,30,500,6,-3.09894955053293,-1.546975718287114,-3.09894955053293,0.7918972000043141,PASS
V2,F20,8,1007,4026008,30,500,6,-3.3219157323740816,-1.1897588416913751,-3.3219157323740816,0.7879450999898836,PASS
V2,F20,6,1005,4026006,30,500,6,-3.137642264173468,-0.9891623935739681,-3.137642264173468,0.8253100000001723,PASS
V2,F20,10,1009,4026010,30,500,6,-3.2017096612353004,-1.5097145340696625,-3.2017096612353004,0.7404413000040222,PASS
V2,F20,9,1008,4026009,30,500,6,-3.2028818308208926,-2.5573730477528325,-3.2028818308208926,0.7498753999971086,PASS
V2,F20,11,1010,4026011,30,500,6,-3.3215315965162935,-0.6291784544978798,-3.3215315965162935,0.8118901999987429,PASS
V2,F20,12,1011,4026012,30,500,6,-3.2025958223585724,-1.3334487205410632,-3.2025958223585724,0.8209925999981351,PASS
V2,F20,14,1013,4026014,30,500,6,-3.202368044937583,-1.8745849243144121,-3.202368044937583,0.7489589000033448,PASS
V2,F20,15,1014,4026015,30,500,6,-3.203032171199977,-2.443957038960648,-3.203032171199977,0.7634486999886576,PASS
V2,F20,13,1012,4026013,30,500,6,-3.3219847391109196,-1.0595512897021777,-3.3219847391109196,0.8290077999990899,PASS
V2,F20,16,1015,4026016,30,500,6,-3.3217037861301315,-1.42589448097107,-3.3217037861301315,0.8390443999960553,PASS
V2,F20,17,1016,4026017,30,500,6,-3.321789266886188,-0.7707250057888351,-3.321789266886188,0.7643878000089899,PASS
V2,F20,18,1017,4026018,30,500,6,-3.32148238497215,-1.2806836046999825,-3.32148238497215,0.740900300006615,PASS
V2,F20,20,1019,4026020,30,500,6,-3.3217968580447113,-1.1694872668654595,-3.3217968580447113,0.7457144999934826,PASS
V2,F20,19,1018,4026019,30,500,6,-3.3220755265925157,-1.6501266361374602,-3.3220755265925157,0.7853833999979543,PASS
V2,F20,21,1020,4026021,30,500,6,-3.3214689604466026,-1.3182646272649436,-3.3214689604466026,0.8065816000016639,PASS
V2,F20,23,1022,4026023,30,500,6,-3.2019460133036564,-0.8292420221596318,-3.2019460133036564,0.8013435000029858,PASS
V2,F20,22,1021,4026022,30,500,6,-3.3220208301355876,-1.9643777697330147,-3.3220208301355876,0.8205382000014652,PASS
V2,F20,24,1023,4026024,30,500,6,-3.3216905523207885,-1.66295644462256,-3.3216905523207885,0.8268148000061046,PASS
V2,F20,27,1026,4026027,30,500,6,-3.2030655784863313,-2.2223661928383214,-3.2030655784863313,0.7584112000040477,PASS
V2,F20,25,1024,4026025,30,500,6,-3.3218030457735375,-0.9695628721775759,-3.3218030457735375,0.7844650999904843,PASS
V2,F20,26,1025,4026026,30,500,6,-3.0768526050382383,-1.6523507833992392,-3.0768526050382383,0.7822293000062928,PASS
V2,F20,28,1027,4026028,30,500,6,-3.3215453311683434,-0.7602290577530897,-3.3215453311683434,0.7619749000004958,PASS
V2,F21,2,1001,4026102,30,500,4,-5.100210045308307,-0.255284514021552,-5.100210045308307,0.7021096999960719,PASS
V2,F21,1,1000,4026101,30,500,4,-10.145414278489316,-0.7856612453746614,-10.145414278489316,0.7389613999985158,PASS
V2,F20,29,1028,4026029,30,500,6,-3.3219824295562024,-1.1782094607932692,-3.3219824295562024,0.8212882000079844,PASS
V2,F20,30,1029,4026030,30,500,6,-3.322075692241015,-1.358077861654103,-3.322075692241015,0.7889060000015888,PASS
V2,F21,3,1002,4026103,30,500,4,-5.05514902826489,-0.7458813166548436,-5.05514902826489,0.6485377999924822,PASS
V2,F21,4,1003,4026104,30,500,4,-5.087930317317617,-0.3482705863990612,-5.087930317317617,0.65631150000263,PASS
V2,F21,6,1005,4026106,30,500,4,-10.134675855897768,-0.5910831778647738,-10.134675855897768,0.6796758999989834,PASS
V2,F21,5,1004,4026105,30,500,4,-10.12956252072245,-0.42018439611118236,-10.12956252072245,0.6868862999981502,PASS
V2,F21,7,1006,4026107,30,500,4,-10.145934313573802,-0.42913328296464676,-10.145934313573802,0.6852346999949077,PASS
V2,F21,8,1007,4026108,30,500,4,-5.05519012726863,-0.5537203015819497,-5.05519012726863,0.6971655999950599,PASS
V2,F21,9,1008,4026109,30,500,4,-10.144846348670702,-0.3954824691564748,-10.144846348670702,0.7189721000031568,PASS
V2,F21,10,1009,4026110,30,500,4,-10.142781818127155,-0.3873214329929367,-10.142781818127155,0.729185599993798,PASS
V2,F21,12,1011,4026112,30,500,4,-10.137923180022087,-0.42577067910792477,-10.137923180022087,0.652683899999829,PASS
V2,F21,11,1010,4026111,30,500,4,-10.148879268339968,-0.3122489822002593,-10.148879268339968,0.7232972000056179,PASS
V2,F21,13,1012,4026113,30,500,4,-10.132485564514207,-0.5398028645395757,-10.132485564514207,0.6978133999946294,PASS
V2,F21,14,1013,4026114,30,500,4,-10.146527749806726,-0.4533003470413142,-10.146527749806726,0.7369768000062322,PASS
V2,F21,15,1014,4026115,30,500,4,-10.133924803345785,-0.3593500916460118,-10.133924803345785,0.694468700006837,PASS
V2,F21,16,1015,4026116,30,500,4,-10.14343948329132,-0.5643107717396479,-10.14343948329132,0.6576992999907816,PASS
V2,F21,17,1016,4026117,30,500,4,-10.15282921469298,-1.3126153292827127,-10.15282921469298,0.6902241999923717,PASS
V2,F21,18,1017,4026118,30,500,4,-5.094343711482591,-0.3187300785834754,-5.094343711482591,0.7065424999891547,PASS
V2,F21,20,1019,4026120,30,500,4,-5.0786434265422535,-0.556094779406882,-5.0786434265422535,0.6147360000031767,PASS
V2,F21,19,1018,4026119,30,500,4,-10.12698985020922,-0.4201398663247763,-10.12698985020922,0.6360195000015665,PASS
V2,F21,22,1021,4026122,30,500,4,-10.145898899056712,-0.8124729051033841,-10.145898899056712,0.6519906999892555,PASS
V2,F21,21,1020,4026121,30,500,4,-10.141124202035863,-0.39892324222710235,-10.141124202035863,0.6711656000115909,PASS
V2,F21,25,1024,4026125,30,500,4,-10.132515910459214,-0.4078383896375593,-10.132515910459214,0.6844213000003947,PASS
V2,F21,24,1023,4026124,30,500,4,-10.141771327543255,-0.36248300442977327,-10.141771327543255,0.6907455000036862,PASS
V2,F21,26,1025,4026126,30,500,4,-10.141832410715491,-0.3234823818806821,-10.141832410715491,0.7060254999960307,PASS
V2,F21,23,1022,4026123,30,500,4,-5.087865610147015,-0.5751988255431095,-5.087865610147015,0.7286785000032978,PASS
V2,F21,28,1027,4026128,30,500,4,-10.130400726673663,-0.3986533020007952,-10.130400726673663,0.6482466000015847,PASS
V2,F21,30,1029,4026130,30,500,4,-5.0550088542093565,-0.36908201859372297,-5.0550088542093565,0.6398367999936454,PASS
V2,F21,27,1026,4026127,30,500,4,-10.135510954537436,-0.29612421486392365,-10.135510954537436,0.6879047999973409,PASS
V2,F21,29,1028,4026129,30,500,4,-10.152606545425757,-0.3985356486821531,-10.152606545425757,0.6928517999913311,PASS
V2,F22,2,1001,4026202,30,500,4,-10.402805219896546,-0.9222716528520395,-10.402805219896546,0.7231259999971371,PASS
V2,F22,1,1000,4026201,30,500,4,-10.402577818901236,-0.9317573703945224,-10.402577818901236,0.7651146000134759,PASS
V2,F22,4,1003,4026204,30,500,4,-5.11587161877121,-0.370970802781476,-5.11587161877121,0.7978233000030741,PASS
V2,F22,3,1002,4026203,30,500,4,-5.087444864300219,-0.7773340207644487,-5.087444864300219,0.8013523000117857,PASS
V2,F22,6,1005,4026206,30,500,4,-10.402832869465874,-0.6964166048173347,-10.402832869465874,0.7074530999962008,PASS
V2,F22,5,1004,4026205,30,500,4,-10.399174544606847,-0.5275828087880526,-10.399174544606847,0.7794551999977557,PASS
V2,F22,8,1007,4026208,30,500,4,-5.087658770458486,-0.582643477675555,-5.087658770458486,0.7289771000068868,PASS
V2,F22,7,1006,4026207,30,500,4,-10.402763420528187,-0.4985747392352459,-10.402763420528187,0.737470400010352,PASS
V2,F22,12,1011,4026212,30,500,4,-10.384317575527483,-0.5645985806520991,-10.384317575527483,0.7481336999917403,PASS
V2,F22,9,1008,4026209,30,500,4,-10.40017380217571,-0.49284895953941,-10.40017380217571,0.7817878000059864,PASS
V2,F22,11,1010,4026211,30,500,4,-10.398181699235296,-0.4296436080947541,-10.398181699235296,0.7951230000035139,PASS
V2,F22,10,1009,4026210,30,500,4,-10.390319295192946,-0.5770862732792144,-10.390319295192946,0.8550362000096356,PASS
V2,F22,13,1012,4026213,30,500,4,-10.38319095804468,-0.6449517732088035,-10.38319095804468,0.7993328000011388,PASS
V2,F22,15,1014,4026215,30,500,4,-10.383910209572363,-0.4103758613869799,-10.383910209572363,0.7619810000032885,PASS
V2,F22,14,1013,4026214,30,500,4,-10.393838946570908,-0.9848094857049149,-10.393838946570908,0.7980545000027632,PASS
V2,F22,16,1015,4026216,30,500,4,-10.3909521847736,-0.6218257843354295,-10.3909521847736,0.7516254999936791,PASS
V2,F22,17,1016,4026217,30,500,4,-10.40244897296709,-1.5765565707085023,-10.40244897296709,0.7270501000020886,PASS
V2,F22,18,1017,4026218,30,500,4,-10.396423663978096,-0.44933832522368744,-10.396423663978096,0.7288700000062818,PASS
V2,F22,19,1018,4026219,30,500,4,-10.377732595481866,-0.5128377893703403,-10.377732595481866,0.7614912999997614,PASS
V2,F22,20,1019,4026220,30,500,4,-5.106688764079738,-0.5828681600134475,-5.106688764079738,0.7685520999948494,PASS
V2,F22,23,1022,4026223,30,500,4,-5.11585762700198,-0.6086256797700836,-5.11585762700198,0.7217732999997679,PASS
V2,F22,21,1020,4026221,30,500,4,-10.390246821460057,-1.121161539213936,-10.390246821460057,0.7781312000006437,PASS
V2,F22,24,1023,4026224,30,500,4,-10.387273116466949,-0.46854024723853555,-10.387273116466949,0.7461527999985265,PASS
V2,F22,22,1021,4026222,30,500,4,-10.394372745541965,-0.9797111395033686,-10.394372745541965,0.8090996999962954,PASS
V2,F22,28,1027,4026228,30,500,4,-10.378031001395442,-0.7157489465814115,-10.378031001395442,0.7727622999955202,PASS
V2,F22,26,1025,4026226,30,500,4,-5.0873414832050035,-0.4813761157500475,-5.0873414832050035,0.7958737000008114,PASS
V2,F22,25,1024,4026225,30,500,4,-10.388399451774058,-0.5048069121336105,-10.388399451774058,0.8012356999970507,PASS
V2,F22,27,1026,4026227,30,500,4,-10.385290695799133,-0.3899985277776262,-10.385290695799133,0.8565748999972129,PASS
V2,F22,29,1028,4026229,30,500,4,-10.39043928292889,-0.7171582833042149,-10.39043928292889,0.7250555999926291,PASS
V2,F22,30,1029,4026230,30,500,4,-10.38927915718863,-0.43985095714117073,-10.38927915718863,0.7716133000067202,PASS
V2,F23,1,1000,4026301,30,500,4,-10.536069622903003,-1.0238629556348218,-10.536069622903003,0.9036513999890303,PASS
V2,F23,2,1001,4026302,30,500,4,-10.523355331789098,-1.0008003304569233,-10.523355331789098,0.9274562000064179,PASS
V2,F23,3,1002,4026303,30,500,4,-5.128272134815699,-0.8164625137143151,-5.128272134815699,0.9075755000085337,PASS
V2,F23,6,1005,4026306,30,500,4,-10.519580961830078,-0.7414380430410371,-10.519580961830078,0.8916454000136582,PASS
V2,F23,5,1004,4026305,30,500,4,-10.531597527191954,-0.8454832942164738,-10.531597527191954,0.9105715999903623,PASS
V2,F23,4,1003,4026304,30,500,4,-10.52860944401671,-0.5565675694250592,-10.52860944401671,0.9249544000049355,PASS
V2,F23,7,1006,4026307,30,500,4,-10.536219242838177,-0.6872915656446693,-10.536219242838177,0.9520178999955533,PASS
V2,F23,10,1009,4026310,30,500,4,-10.522970372672521,-0.645758260380765,-10.522970372672521,0.9230519999982789,PASS
V2,F23,9,1008,4026309,30,500,4,-10.533616986048665,-0.5747711898984762,-10.533616986048665,0.9729063999984646,PASS
V2,F23,8,1007,4026308,30,500,4,-10.521759458431896,-0.7874801856706389,-10.521759458431896,1.0336061999987578,PASS
V2,F23,11,1010,4026311,30,500,4,-10.5230594487709,-0.4663841659661791,-10.5230594487709,0.8594010999950115,PASS
V2,F23,13,1012,4026313,30,500,4,-10.517266076011486,-0.7770502763168828,-10.517266076011486,0.9586195000010775,PASS
V2,F23,14,1013,4026314,30,500,4,-10.527205934562714,-1.0997090054454173,-10.527205934562714,1.0253548000036972,PASS
V2,F23,12,1011,4026312,30,500,4,-2.8683744170076864,-0.823786750800087,-2.8683744170076864,1.0454435999999987,PASS
V2,F23,15,1014,4026315,30,500,4,-10.525405789307166,-0.5002675730803412,-10.525405789307166,0.9228304999996908,PASS
V2,F23,18,1017,4026318,30,500,4,-10.526185123214262,-0.47569531546084826,-10.526185123214262,0.868618599997717,PASS
V2,F23,16,1015,4026316,30,500,4,-5.162501609580272,-0.9043428755262034,-5.162501609580272,0.9698446000111289,PASS
V2,F23,17,1016,4026317,30,500,4,-10.535886767813334,-1.7597194378362429,-10.535886767813334,0.9508229000057327,PASS
V2,F23,19,1018,4026319,30,500,4,-10.51088739430485,-0.5736082314038227,-10.51088739430485,0.9593716000090353,PASS
V2,F23,20,1019,4026320,30,500,4,-5.153562557853562,-0.6308786806539844,-5.153562557853562,0.9637764999934006,PASS
V2,F23,22,1021,4026322,30,500,4,-10.524533193594554,-1.0750391172262725,-10.524533193594554,0.9895018999959575,PASS
V2,F23,21,1020,4026321,30,500,4,-10.524256885041684,-1.2125486530771716,-10.524256885041684,1.0049100999895018,PASS
V2,F23,23,1022,4026323,30,500,4,-10.52384328558729,-0.7229501803676563,-10.52384328558729,0.9190237000002526,PASS
V2,F23,24,1023,4026324,30,500,4,-2.870043104345532,-0.7987194079905501,-2.870043104345532,0.9192536000045948,PASS
V2,F23,26,1025,4026326,30,500,4,-10.518012855230165,-0.6147683017235526,-10.518012855230165,0.9296897000022,PASS
V2,F23,25,1024,4026325,30,500,4,-5.170418677999149,-0.6700425911086935,-5.170418677999149,0.9519722999975784,PASS
V2,F23,27,1026,4026327,30,500,4,-5.163795234506233,-0.820457114634507,-5.163795234506233,0.9404478999931598,PASS
V2,F23,29,1028,4026329,30,500,4,-10.517913782092627,-0.8835439811854388,-10.517913782092627,0.9699114999966696,PASS
V2,F23,28,1027,4026328,30,500,4,-10.511245470854316,-0.8946038920849877,-10.511245470854316,0.9904788999992888,PASS
V2,F23,30,1029,4026330,30,500,4,-10.529524496039762,-0.5471043607426501,-10.529524496039762,1.0098207999981241,PASS
V3,F1,1,1000,4024101,30,500,30,0.0,67810.20717660758,0.0,1.823425300011877,PASS
V3,F1,2,1001,4024102,30,500,30,0.0,70905.34012781148,0.0,1.8042512999963947,PASS
V3,F1,3,1002,4024103,30,500,30,0.0,71382.05725267014,0.0,1.822312400006922,PASS
V3,F1,4,1003,4024104,30,500,30,0.0,71067.53341075269,0.0,1.8402361000044039,PASS
V3,F1,5,1004,4024105,30,500,30,0.0,71494.67494006979,0.0,1.961126599999261,PASS
V3,F1,7,1006,4024107,30,500,30,0.0,70203.2929860324,0.0,2.0182801999908406,PASS
V3,F1,6,1005,4024106,30,500,30,0.0,68827.91056515143,0.0,2.02930429999833,PASS
V3,F1,8,1007,4024108,30,500,30,0.0,54060.05645133964,0.0,2.022657399997115,PASS
V3,F1,9,1008,4024109,30,500,30,0.0,70963.15903282672,0.0,2.6015866000088863,PASS
V3,F1,11,1010,4024111,30,500,30,0.0,79775.6397390009,0.0,2.603901100010262,PASS
V3,F1,12,1011,4024112,30,500,30,0.0,60211.88868860319,0.0,2.6319061999965925,PASS
V3,F1,10,1009,4024110,30,500,30,0.0,68415.51807348001,0.0,2.6401618999952916,PASS
V3,F1,13,1012,4024113,30,500,30,0.0,68582.22618939156,0.0,1.8739008999982616,PASS
V3,F1,14,1013,4024114,30,500,30,0.0,65644.03203813086,0.0,1.8747281999967527,PASS
V3,F1,16,1015,4024116,30,500,30,0.0,60965.044173403294,0.0,1.9228008999925805,PASS
V3,F1,15,1014,4024115,30,500,30,0.0,62548.52364809662,0.0,1.9299754000094254,PASS
V3,F1,17,1016,4024117,30,500,30,0.0,73040.90885855701,0.0,2.083648500003619,PASS
V3,F1,18,1017,4024118,30,500,30,0.0,70498.00209305885,0.0,2.1055097000062233,PASS
V3,F1,20,1019,4024120,30,500,30,0.0,78896.22221622002,0.0,2.0790567000076408,PASS
V3,F1,19,1018,4024119,30,500,30,0.0,59692.16515890604,0.0,2.1089786999946227,PASS
V3,F1,21,1020,4024121,30,500,30,0.0,81948.70656934404,0.0,1.8546980999963125,PASS
V3,F1,22,1021,4024122,30,500,30,0.0,64283.25200493102,0.0,1.8240575999952853,PASS
V3,F1,24,1023,4024124,30,500,30,0.0,72002.90593091116,0.0,1.8847120999998879,PASS
V3,F1,23,1022,4024123,30,500,30,0.0,77870.80856837892,0.0,1.937134399995557,PASS
V3,F1,25,1024,4024125,30,500,30,0.0,56336.5278763339,0.0,2.072571299999254,PASS
V3,F1,26,1025,4024126,30,500,30,0.0,67654.2390610096,0.0,2.0539554999995744,PASS
V3,F1,28,1027,4024128,30,500,30,0.0,71281.47829858353,0.0,2.0903636000002734,PASS
V3,F1,27,1026,4024127,30,500,30,0.0,68127.13090112404,0.0,2.146117199998116,PASS
V3,F1,29,1028,4024129,30,500,30,0.0,66088.0070704646,0.0,1.8279699000122491,PASS
V3,F2,2,1001,4024202,30,500,30,0.0,1715602834860.7356,0.0,1.881800299990573,PASS
V3,F2,1,1000,4024201,30,500,30,0.0,360067002398.5346,0.0,1.934803899988765,PASS
V3,F1,30,1029,4024130,30,500,30,0.0,77096.69700709768,0.0,1.9813667999987956,PASS
V3,F2,3,1002,4024203,30,500,30,0.0,702308869043.374,0.0,2.1441921000077855,PASS
V3,F2,5,1004,4024205,30,500,30,0.0,2899651184.9231544,0.0,2.1549460999958683,PASS
V3,F2,4,1003,4024204,30,500,30,0.0,2634424742592.452,0.0,2.2281188999913866,PASS
V3,F2,6,1005,4024206,30,500,30,0.0,332841078922.353,0.0,2.245682900000247,PASS
V3,F2,7,1006,4024207,30,500,30,0.0,76547012233.40517,0.0,1.8171498000010615,PASS
V3,F2,9,1008,4024209,30,500,30,0.0,26401294709.697582,0.0,1.8536512999999104,PASS
V3,F2,8,1007,4024208,30,500,30,0.0,729704378291.7789,0.0,1.9244206000003032,PASS
V3,F2,10,1009,4024210,30,500,30,0.0,713724413990.0226,0.0,1.9889316999906441,PASS
V3,F2,11,1010,4024211,30,500,30,0.0,80213629036800.12,0.0,2.069786899999599,PASS
V3,F2,12,1011,4024212,30,500,30,0.0,39939133237.937126,0.0,2.0824941000028048,PASS
V3,F2,13,1012,4024213,30,500,30,0.0,9593437258663.51,0.0,2.1207854000094812,PASS
V3,F2,14,1013,4024214,30,500,30,0.0,4038700082325.6636,0.0,2.1058959999936633,PASS
V3,F2,16,1015,4024216,30,500,30,0.0,34707708682.06033,0.0,1.8292145000013988,PASS
V3,F2,15,1014,4024215,30,500,30,0.0,22135772844271.426,0.0,1.8920772999990731,PASS
V3,F2,17,1016,4024217,30,500,30,0.0,2021349198795.503,0.0,1.9620670000003884,PASS
V3,F2,18,1017,4024218,30,500,30,0.0,2748969363192.687,0.0,2.0498053999908734,PASS
V3,F2,20,1019,4024220,30,500,30,0.0,47711548051367.61,0.0,2.054019300005166,PASS
V3,F2,19,1018,4024219,30,500,30,0.0,10392937112.024113,0.0,2.1632410000020172,PASS
V3,F2,21,1020,4024221,30,500,30,0.0,102707326348.72324,0.0,2.2081844999920577,PASS
V3,F2,22,1021,4024222,30,500,30,0.0,7683677948828.628,0.0,2.133225700003095,PASS
V3,F2,24,1023,4024224,30,500,30,0.0,1339473094382.0034,0.0,1.7421749000059208,PASS
V3,F2,23,1022,4024223,30,500,30,0.0,155737363148.78427,0.0,1.7773003999900538,PASS
V3,F2,25,1024,4024225,30,500,30,0.0,3865443685.5409384,0.0,1.800523499987321,PASS
V3,F2,26,1025,4024226,30,500,30,0.0,68338205734834.914,0.0,1.8128272000030847,PASS
V3,F2,27,1026,4024227,30,500,30,0.0,67722205355.99468,0.0,2.110878400009824,PASS
V3,F2,29,1028,4024229,30,500,30,0.0,3305236700.5331717,0.0,2.0553859999927226,PASS
V3,F2,30,1029,4024230,30,500,30,0.0,811737307015.2843,0.0,2.0548833000066224,PASS
V3,F2,28,1027,4024228,30,500,30,0.0,3236421004233.4863,0.0,2.145418099986273,PASS
V3,F3,1,1000,4024301,30,500,30,0.0,106811.1871437447,0.0,1.8048901000001933,PASS
V3,F3,3,1002,4024303,30,500,30,0.0,132408.1368091635,0.0,1.8113086000084877,PASS
V3,F3,2,1001,4024302,30,500,30,0.0,228881.45062340857,0.0,1.8409892000054242,PASS
V3,F3,4,1003,4024304,30,500,30,0.0,252004.5370062454,0.0,1.8283848999999464,PASS
V3,F3,5,1004,4024305,30,500,30,0.0,126006.68015739581,0.0,2.0872117999970214,PASS
V3,F3,6,1005,4024306,30,500,30,0.0,121185.1674532735,0.0,2.1130741000088165,PASS
V3,F3,8,1007,4024308,30,500,30,0.0,192911.98136862018,0.0,2.1135746000072686,PASS
V3,F3,7,1006,4024307,30,500,30,0.0,133484.8315350889,0.0,2.1265121000033105,PASS
V3,F3,10,1009,4024310,30,500,30,0.0,107976.19188391927,0.0,1.9515661999903386,PASS
V3,F3,9,1008,4024309,30,500,30,0.0,135241.10379381198,0.0,1.9743920000037178,PASS
V3,F3,12,1011,4024312,30,500,30,0.0,137478.41138112583,0.0,1.989482399992994,PASS
V3,F3,11,1010,4024311,30,500,30,0.0,258402.473983956,0.0,2.0040386999899056,PASS
V3,F3,13,1012,4024313,30,500,30,0.0,157787.82385873256,0.0,2.2436364000022877,PASS
V3,F3,14,1013,4024314,30,500,30,0.0,166657.1711129854,0.0,2.2388718000001973,PASS
V3,F3,15,1014,4024315,30,500,30,0.0,221992.0552764344,0.0,2.210391799992067,PASS
V3,F3,16,1015,4024316,30,500,30,0.0,294151.3375734341,0.0,2.2175435999961337,PASS
V3,F3,17,1016,4024317,30,500,30,0.0,119365.44128648656,0.0,1.8174883000028785,PASS
V3,F3,18,1017,4024318,30,500,30,0.0,245433.61431170706,0.0,1.8026255000004312,PASS
V3,F3,19,1018,4024319,30,500,30,0.0,244606.59772993292,0.0,1.8482057999935932,PASS
V3,F3,20,1019,4024320,30,500,30,0.0,161467.97997834763,0.0,1.8977082000055816,PASS
V3,F3,21,1020,4024321,30,500,30,0.0,126211.38335020539,0.0,2.1637956999911694,PASS
V3,F3,22,1021,4024322,30,500,30,0.0,135794.76099693272,0.0,2.245930100005353,PASS
V3,F3,23,1022,4024323,30,500,30,0.0,163245.37719853327,0.0,2.266975000005914,PASS
V3,F3,24,1023,4024324,30,500,30,0.0,113871.83421879425,0.0,2.2998959999968065,PASS
V3,F3,25,1024,4024325,30,500,30,0.0,79356.08665120536,0.0,1.8396471000014571,PASS
V3,F3,27,1026,4024327,30,500,30,0.0,183635.15749931926,0.0,1.8414778000005754,PASS
V3,F3,26,1025,4024326,30,500,30,0.0,123007.79353130393,0.0,1.857814100003452,PASS
V3,F3,28,1027,4024328,30,500,30,0.0,131384.1741233503,0.0,1.9279843000113033,PASS
V3,F3,30,1029,4024330,30,500,30,0.0,90997.76111955676,0.0,2.251589299994521,PASS
V3,F3,29,1028,4024329,30,500,30,0.0,171958.72311027217,0.0,2.320669699998689,PASS
V3,F4,2,1001,4024402,30,500,30,0.0,88.23531594133786,0.0,2.2169560000038473,PASS
V3,F4,1,1000,4024401,30,500,30,0.0,89.41203274460929,0.0,2.3007515000062995,PASS
V3,F4,6,1005,4024406,30,500,30,0.0,87.42803920060479,0.0,1.8065812999993796,PASS
V3,F4,3,1002,4024403,30,500,30,0.0,90.93773968107635,0.0,1.8602189999946859,PASS
V3,F4,4,1003,4024404,30,500,30,0.0,90.05593850015435,0.0,1.857482399995206,PASS
V3,F4,5,1004,4024405,30,500,30,0.0,83.47974018645405,0.0,1.886358800009475,PASS
V3,F4,8,1007,4024408,30,500,30,0.0,88.56020743697258,0.0,2.140230300006806,PASS
V3,F4,7,1006,4024407,30,500,30,0.0,89.67489840896681,0.0,2.1956634999951348,PASS
V3,F4,10,1009,4024410,30,500,30,0.0,88.62436437004385,0.0,2.2378705000010086,PASS
V3,F4,9,1008,4024409,30,500,30,0.0,90.98182394999645,0.0,2.3262709000118775,PASS
V3,F4,12,1011,4024412,30,500,30,0.0,87.6380567694806,0.0,1.7487802999967244,PASS
V3,F4,11,1010,4024411,30,500,30,0.0,82.14021784717164,0.0,1.821679699991364,PASS
V3,F4,14,1013,4024414,30,500,30,0.0,77.8379255985727,0.0,1.7709971000003861,PASS
V3,F4,13,1012,4024413,30,500,30,0.0,81.54232198828862,0.0,1.9192178999946918,PASS
V3,F4,15,1014,4024415,30,500,30,0.0,77.5649543326395,0.0,2.1990445999981603,PASS
V3,F4,16,1015,4024416,30,500,30,0.0,89.52145242027729,0.0,2.200700199988205,PASS
V3,F4,17,1016,4024417,30,500,30,0.0,89.68075670875115,0.0,2.2181251000001794,PASS
V3,F4,18,1017,4024418,30,500,30,0.0,91.69265780583274,0.0,2.109621600000537,PASS
V3,F4,19,1018,4024419,30,500,30,0.0,87.81454527863241,0.0,2.086443499996676,PASS
V3,F4,21,1020,4024421,30,500,30,0.0,93.48016114980666,0.0,2.098663500000839,PASS
V3,F4,20,1019,4024420,30,500,30,0.0,89.14712458834947,0.0,2.1051929999957792,PASS
V3,F4,22,1021,4024422,30,500,30,2.836e-321,90.86947090420732,2.836e-321,2.1884349000029033,PASS
V3,F4,23,1022,4024423,30,500,30,0.0,86.36772034124569,0.0,2.6671812999993563,PASS
V3,F4,25,1024,4024425,30,500,30,0.0,83.43944699892515,0.0,2.6639207000116585,PASS
V3,F4,24,1023,4024424,30,500,30,0.0,86.34666057993036,0.0,2.6710688000021037,PASS
V3,F4,26,1025,4024426,30,500,30,0.0,92.17294370207554,0.0,2.662254499999108,PASS
V3,F4,30,1029,4024430,30,500,30,0.0,90.25056319313495,0.0,1.8857522000034805,PASS
V3,F4,29,1028,4024429,30,500,30,0.0,88.97595126021793,0.0,1.8938924000103725,PASS
V3,F4,28,1027,4024428,30,500,30,0.0,88.89385763229512,0.0,1.941512799996417,PASS
V3,F4,27,1026,4024427,30,500,30,0.0,90.2554612114578,0.0,1.9825435999955516,PASS
V3,F5,1,1000,4024501,30,500,30,28.02289834298946,262803966.06144178,28.02289834298946,2.276071000000229,PASS
V3,F5,4,1003,4024504,30,500,30,28.826214399504863,314425104.8265708,28.826214399504863,2.3159465999924578,PASS
V3,F5,2,1001,4024502,30,500,30,28.64230324415114,265509719.66763252,28.64230324415114,2.4088568999868585,PASS
V3,F5,3,1002,4024503,30,500,30,26.711592204135204,290152790.99322855,26.711592204135204,2.394230799996876,PASS
V3,F5,8,1007,4024508,30,500,30,27.99937555177982,196990313.2842615,27.99937555177982,1.7921997999947052,PASS
V3,F5,7,1006,4024507,30,500,30,28.824510933652114,275703968.057919,28.824510933652114,1.8185104000003776,PASS
V3,F5,6,1005,4024506,30,500,30,27.986054810712886,275607877.05815667,27.986054810712886,1.936339100007899,PASS
V3,F5,5,1004,4024505,30,500,30,28.80468113068543,264814459.6730534,28.80468113068543,1.961828899991815,PASS
V3,F5,10,1009,4024510,30,500,30,28.04127944557301,275312500.08404154,28.04127944557301,2.236871900007827,PASS
V3,F5,9,1008,4024509,30,500,30,27.984903150885547,264277025.01725703,27.984903150885547,2.3000675000075717,PASS
V3,F5,12,1011,4024512,30,500,30,28.657622386729578,135783553.73670316,28.657622386729578,2.2995305999938864,PASS
V3,F5,11,1010,4024511,30,500,30,26.056079496446582,311741780.6244718,26.056079496446582,2.3454735000123037,PASS
V3,F5,14,1013,4024514,30,500,30,28.771110481210243,198137301.02750832,28.771110481210243,1.7848434000043198,PASS
V3,F5,15,1014,4024515,30,500,30,27.97953504492064,199986599.631898,27.97953504492064,1.8005203999928199,PASS
V3,F5,13,1012,4024513,30,500,30,28.984018488743306,223922765.9861003,28.984018488743306,1.8214315000077477,PASS
V3,F5,16,1015,4024516,30,500,30,27.14249923293043,230963403.05164534,27.14249923293043,1.8305293999874266,PASS
V3,F5,17,1016,4024517,30,500,30,27.233797922112245,267563143.6435758,27.233797922112245,2.0366025999974227,PASS
V3,F5,18,1017,4024518,30,500,30,28.859025130354,261605126.34257632,28.859025130354,2.113245900007314,PASS
V3,F5,20,1019,4024520,30,500,30,28.595332426036578,318067279.8984649,28.595332426036578,2.1733302000066033,PASS
V3,F5,19,1018,4024519,30,500,30,28.866596212968567,235011607.0552513,28.866596212968567,2.2249726000009105,PASS
V3,F5,21,1020,4024521,30,500,30,28.809137028708275,320276562.2341088,28.809137028708275,1.8988134999963222,PASS
V3,F5,23,1022,4024523,30,500,30,28.00551703205017,224106822.12627918,28.00551703205017,1.9142492999962997,PASS
V3,F5,24,1023,4024524,30,500,30,28.856542727366655,272530389.63664186,28.856542727366655,1.9343857999920147,PASS
V3,F5,22,1021,4024522,30,500,30,28.77064952141904,250438783.368967,28.77064952141904,1.9549468999903183,PASS
V3,F5,25,1024,4024525,30,500,30,28.919085956738325,197086662.74910796,28.919085956738325,2.1163444999983767,PASS
V3,F5,26,1025,4024526,30,500,30,28.771219021536968,272825950.8696747,28.771219021536968,2.2698005999991437,PASS
V3,F5,28,1027,4024528,30,500,30,28.66345701966568,306443111.17072505,28.66345701966568,2.2616609999968205,PASS
V3,F5,27,1026,4024527,30,500,30,28.09403720117838,289149958.1576517,28.09403720117838,2.3027782999997726,PASS
V3,F6,2,1001,4024602,30,500,30,0.030674843172157212,70582.57089954114,0.030674843172157212,1.8290441000135615,PASS
V3,F5,30,1029,4024530,30,500,30,28.65815052394188,297997041.8303026,28.65815052394188,1.8387060999957612,PASS
V3,F6,1,1000,4024601,30,500,30,0.014396625087858106,67909.83159949695,0.014396625087858106,1.964362099999562,PASS
V3,F5,29,1028,4024529,30,500,30,27.98136697764828,254911291.89617184,27.98136697764828,2.029175200004829,PASS
V3,F6,4,1003,4024604,30,500,30,0.060043952806087854,71219.00386103941,0.060043952806087854,2.1349386000074446,PASS
V3,F6,3,1002,4024603,30,500,30,0.07310336589485741,71353.455751133,0.07310336589485741,2.2254690999980085,PASS
V3,F6,6,1005,4024606,30,500,30,0.0027970693625572834,68955.29999951718,0.0027970693625572834,2.1181419000058668,PASS
V3,F6,5,1004,4024605,30,500,30,0.00018723985263557343,71208.03386246378,0.00018723985263557343,2.2228395999991335,PASS
V3,F6,9,1008,4024609,30,500,30,0.0021930606760269026,70501.21762803209,0.0021930606760269026,1.8057131999958074,PASS
V3,F6,10,1009,4024610,30,500,30,0.018601211704952873,68295.92181788973,0.018601211704952873,1.8477482000016607,PASS
V3,F6,7,1006,4024607,30,500,30,0.01671519263348793,70011.4366295226,0.01671519263348793,1.9336324000032619,PASS
V3,F6,8,1007,4024608,30,500,30,0.1893381106718959,54162.957873925516,0.1893381106718959,1.9360177999915322,PASS
V3,F6,11,1010,4024611,30,500,30,0.01394212674759581,79935.06488261481,0.01394212674759581,2.0607222999969963,PASS
V3,F6,12,1011,4024612,30,500,30,0.017955428408642067,60343.443806650605,0.017955428408642067,2.1626148000068497,PASS
V3,F6,14,1013,4024614,30,500,30,2.795625823702431,66078.30058116298,2.795625823702431,2.1189922999910777,PASS
V3,F6,13,1012,4024613,30,500,30,0.08433932090553771,68881.92519101789,0.08433932090553771,2.2025541000039084,PASS
V3,F6,16,1015,4024616,30,500,30,1.0947997277871994e-05,61089.234661411996,1.0947997277871994e-05,1.8076341999985743,PASS
V3,F6,17,1016,4024617,30,500,30,0.09727534978993455,73031.55585073962,0.09727534978993455,1.8593942000006791,PASS
V3,F6,18,1017,4024618,30,500,30,0.003179064596371619,70606.59378046433,0.003179064596371619,1.8911911999894073,PASS
V3,F6,15,1014,4024615,30,500,30,0.0020250640149826614,62157.94499673396,0.0020250640149826614,1.9254306000075303,PASS
V3,F6,21,1020,4024621,30,500,30,0.23981013849824578,81635.30658606326,0.23981013849824578,2.132224500004668,PASS
V3,F6,19,1018,4024619,30,500,30,2.5154857621927746,59960.68287322056,2.5154857621927746,2.224596999993082,PASS
V3,F6,20,1019,4024620,30,500,30,0.07748071387917986,79344.06586895653,0.07748071387917986,2.202097800007323,PASS
V3,F6,22,1021,4024622,30,500,30,1.0279552726750338,64215.54876603678,1.0279552726750338,2.147824900006526,PASS
V3,F6,26,1025,4024626,30,500,30,0.00038286496203105444,67862.6591007802,0.00038286496203105444,1.8304097999935038,PASS
V3,F6,23,1022,4024623,30,500,30,0.006634360696643912,78086.57507584567,0.006634360696643912,1.894323999993503,PASS
V3,F6,24,1023,4024624,30,500,30,0.03575167199200674,72276.33926858637,0.03575167199200674,1.9137456999887945,PASS
V3,F6,25,1024,4024625,30,500,30,0.11568078858505391,56465.69237297281,0.11568078858505391,1.9629023000015877,PASS
V3,F6,27,1026,4024627,30,500,30,1.4605680776787864,68320.91352360474,1.4605680776787864,2.056365399999777,PASS
V3,F6,28,1027,4024628,30,500,30,0.14843751206702044,71067.99746945646,0.14843751206702044,2.069148700000369,PASS
V3,F6,29,1028,4024629,30,500,30,0.05925664127615688,66095.4100418736,0.05925664127615688,2.082854300009785,PASS
V3,F6,30,1029,4024630,30,500,30,0.0022212995843594483,77102.38991476683,0.0022212995843594483,2.1565497999981744,PASS
V3,F7,2,1001,4024702,30,500,30,6.837286203809079e-05,129.07738590868695,6.837286203809079e-05,1.8463492000009865,PASS
V3,F7,1,1000,4024701,30,500,30,9.45915362848826e-06,132.24256505296452,9.45915362848826e-06,1.876666899988777,PASS
V3,F7,3,1002,4024703,30,500,30,1.6784381334677967e-05,106.8866083511403,1.6784381334677967e-05,1.9429984000016702,PASS
V3,F7,4,1003,4024704,30,500,30,7.080694142436172e-05,120.0123686763614,7.080694142436172e-05,1.940259099996183,PASS
V3,F7,5,1004,4024705,30,500,30,0.0002432252979321925,128.77654886785405,0.0002432252979321925,2.2493682999920566,PASS
V3,F7,6,1005,4024706,30,500,30,0.0002044215615785161,95.90377798740067,0.0002044215615785161,2.2534296000085305,PASS
V3,F7,7,1006,4024707,30,500,30,8.514306014872908e-05,109.43532753152996,8.514306014872908e-05,2.291880599994329,PASS
V3,F7,8,1007,4024708,30,500,30,9.530159643600378e-05,89.84776718932376,9.530159643600378e-05,2.3184743000019807,PASS
V3,F7,12,1011,4024712,30,500,30,0.00014672705711848977,88.02744560759177,0.00014672705711848977,1.8060036999959266,PASS
V3,F7,11,1010,4024711,30,500,30,0.00021914311776938256,145.50908467686799,0.00021914311776938256,1.8490050000109477,PASS
V3,F7,9,1008,4024709,30,500,30,1.5447923321199042e-05,112.92200132609992,1.5447923321199042e-05,1.8884517999977106,PASS
V3,F7,10,1009,4024710,30,500,30,8.368433869609948e-05,124.61338032043707,8.368433869609948e-05,2.040586799994344,PASS
V3,F7,13,1012,4024713,30,500,30,4.457786551659293e-05,109.2388515683827,4.457786551659293e-05,2.1646981999947457,PASS
V3,F7,14,1013,4024714,30,500,30,2.820717814733256e-05,125.18640614897903,2.820717814733256e-05,2.1621289999893634,PASS
V3,F7,15,1014,4024715,30,500,30,4.9591094465339935e-06,99.80960290906447,4.9591094465339935e-06,2.2487178000010317,PASS
V3,F7,16,1015,4024716,30,500,30,0.00014586593514698265,118.50476153098273,0.00014586593514698265,2.2325803999992786,PASS
V3,F7,19,1018,4024719,30,500,30,0.00021026431482795704,129.37924729813335,0.00021026431482795704,1.7766206999949645,PASS
V3,F7,17,1016,4024717,30,500,30,0.00057313278933524,142.86321654785507,0.00057313278933524,1.8919480000040494,PASS
V3,F7,18,1017,4024718,30,500,30,0.00021633445300472953,146.54341813360404,0.00021633445300472953,1.8902367999980925,PASS
V3,F7,20,1019,4024720,30,500,30,2.5783503506016523e-05,134.11199381657298,2.5783503506016523e-05,1.88508809999621,PASS
V3,F7,21,1020,4024721,30,500,30,7.261338490871516e-05,134.48686620550905,7.261338490871516e-05,2.1436487999890232,PASS
V3,F7,23,1022,4024723,30,500,30,5.6976333538738544e-05,133.0436737145348,5.6976333538738544e-05,2.1652997999917716,PASS
V3,F7,22,1021,4024722,30,500,30,7.447946452421306e-05,97.89929812706661,7.447946452421306e-05,2.216518700006418,PASS
V3,F7,24,1023,4024724,30,500,30,0.00013413908657777807,134.83866130923477,0.00013413908657777807,2.206332300003851,PASS
V3,F7,25,1024,4024725,30,500,30,0.00018987324554264884,105.12427574420931,0.00018987324554264884,1.8619062999932794,PASS
V3,F7,27,1026,4024727,30,500,30,0.00019470491795281486,135.53438780914385,0.00019470491795281486,1.8779436000040732,PASS
V3,F7,26,1025,4024726,30,500,30,6.071988832667685e-05,144.99096006092753,6.071988832667685e-05,1.9459206000028644,PASS
V3,F7,28,1027,4024728,30,500,30,3.238470623567746e-05,93.82607923366973,3.238470623567746e-05,1.9924500999914017,PASS
V3,F7,29,1028,4024729,30,500,30,1.0751409406872803e-05,162.80296180734086,1.0751409406872803e-05,2.436576599997352,PASS
V3,F7,30,1029,4024730,30,500,30,0.000128178818000646,130.6949254804745,0.000128178818000646,2.467978300002869,PASS
V3,F8,1,1000,4024801,30,500,30,-5691.384820867692,-2451.876014434408,-5691.384820867692,2.4958298999990802,PASS
V3,F8,2,1001,4024802,30,500,30,-5299.129330283742,-2690.889994276502,-5299.129330283742,2.5202719000080833,PASS
V3,F8,3,1002,4024803,30,500,30,-5143.470475311303,-1692.1826887752877,-5143.470475311303,2.0183372999890707,PASS
V3,F8,6,1005,4024806,30,500,30,-12492.982930538981,-3595.6367869269293,-12492.982930538981,2.0054847999999765,PASS
V3,F8,4,1003,4024804,30,500,30,-5224.854867688941,-2110.3517025625324,-5224.854867688941,2.0186301000067033,PASS
V3,F8,5,1004,4024805,30,500,30,-8343.814814031071,-1605.4114947545195,-8343.814814031071,2.0472089999966556,PASS
V3,F8,7,1006,4024807,30,500,30,-8642.353740540646,-1885.772866590057,-8642.353740540646,2.3082435999967856,PASS
V3,F8,9,1008,4024809,30,500,30,-5828.450528089994,-2337.3316623373657,-5828.450528089994,2.3212723000033293,PASS
V3,F8,8,1007,4024808,30,500,30,-8447.784058590083,-1726.090940377079,-8447.784058590083,2.341036699988763,PASS
V3,F8,10,1009,4024810,30,500,30,-6026.841758672334,-2623.8232741546635,-6026.841758672334,2.324846900010016,PASS
V3,F8,12,1011,4024812,30,500,30,-5465.931590285007,-2334.5511967809016,-5465.931590285007,1.850942999997642,PASS
V3,F8,13,1012,4024813,30,500,30,-5758.444035915572,-2026.2048410858288,-5758.444035915572,1.8402312000107486,PASS
V3,F8,11,1010,4024811,30,500,30,-5036.739629222879,-1813.4049915384448,-5036.739629222879,1.9288895000063349,PASS
V3,F8,14,1013,4024814,30,500,30,-12554.71168583496,-1526.011739420307,-12554.71168583496,1.9905696000059834,PASS
V3,F8,16,1015,4024816,30,500,30,-6010.578028246019,-1774.4957618865303,-6010.578028246019,2.021889600000577,PASS
V3,F8,17,1016,4024817,30,500,30,-8392.776946185108,-3022.774183385613,-8392.776946185108,2.1833870000118623,PASS
V3,F8,18,1017,4024818,30,500,30,-12536.232389772507,-1613.727286315913,-12536.232389772507,2.1482233999995515,PASS
V3,F8,15,1014,4024815,30,500,30,-4597.617752086166,-1577.9245638457974,-4597.617752086166,2.3446094000100857,PASS
V3,F8,19,1018,4024819,30,500,30,-4773.656853662033,-2231.4411955724777,-4773.656853662033,1.8118195999995805,PASS
V3,F8,22,1021,4024822,30,500,30,-5615.930040884716,-1439.3070195018026,-5615.930040884716,1.7900445999985095,PASS
V3,F8,21,1020,4024821,30,500,30,-5336.334182380505,-2248.510909834675,-5336.334182380505,1.8296397000085562,PASS
V3,F8,20,1019,4024820,30,500,30,-4797.520034485213,-1937.2091609434265,-4797.520034485213,1.8837742999894544,PASS
V3,F8,23,1022,4024823,30,500,30,-5435.609070757397,-2698.531601043908,-5435.609070757397,2.0601393999968423,PASS
V3,F8,24,1023,4024824,30,500,30,-12569.485317222236,-1788.751013337049,-12569.485317222236,2.115210099989781,PASS
V3,F8,25,1024,4024825,30,500,30,-8527.363692777131,-2207.6192588415524,-8527.363692777131,2.1012141999963205,PASS
V3,F8,26,1025,4024826,30,500,30,-8983.923206795855,-1895.6942306135086,-8983.923206795855,2.144452300010016,PASS
V3,F8,30,1029,4024830,30,500,30,-7677.969848451923,-1702.2535651780167,-7677.969848451923,1.849106399997254,PASS
V3,F8,29,1028,4024829,30,500,30,-9064.03608268973,-1854.1744144476797,-9064.03608268973,1.8705439000041224,PASS
V3,F8,28,1027,4024828,30,500,30,-12134.976536125258,-1823.0140943969723,-12134.976536125258,1.9012898999935715,PASS
V3,F8,27,1026,4024827,30,500,30,-4098.901904184803,-1646.4051333176737,-4098.901904184803,1.9377786000113701,PASS
V3,F9,1,1000,4024901,30,500,30,0.0,464.87493101018356,0.0,2.138913100003265,PASS
V3,F9,3,1002,4024903,30,500,30,0.0,424.39485150190137,0.0,2.16040689998772,PASS
V3,F9,2,1001,4024902,30,500,30,0.0,384.5497490364953,0.0,2.245067099996959,PASS
V3,F9,4,1003,4024904,30,500,30,0.0,439.61790434394305,0.0,2.227553299991996,PASS
V3,F9,5,1004,4024905,30,500,30,0.0,448.7388944016657,0.0,2.412735799996881,PASS
V3,F9,6,1005,4024906,30,500,30,0.0,439.91283939992803,0.0,2.4102720999944722,PASS
V3,F9,7,1006,4024907,30,500,30,0.0,431.59183701137,0.0,2.4161602999956813,PASS
V3,F9,8,1007,4024908,30,500,30,0.0,365.8391088248434,0.0,2.536884500004817,PASS
V3,F9,9,1008,4024909,30,500,30,0.0,448.1773913088544,0.0,2.767044899999746,PASS
V3,F9,10,1009,4024910,30,500,30,0.0,467.3571333335915,0.0,2.7816410999948857,PASS
V3,F9,11,1010,4024911,30,500,30,0.0,447.2888938374598,0.0,2.772630899999058,PASS
V3,F9,12,1011,4024912,30,500,30,0.0,441.073286920272,0.0,2.770558999996865,PASS
V3,F9,14,1013,4024914,30,500,30,0.0,440.91474681676505,0.0,2.1068986999889603,PASS
V3,F9,13,1012,4024913,30,500,30,0.0,434.02220260833974,0.0,2.1228951000084635,PASS
V3,F9,16,1015,4024916,30,500,30,0.0,433.86281469045554,0.0,2.133261399998446,PASS
V3,F9,15,1014,4024915,30,500,30,0.0,466.36406583587524,0.0,2.2177270000102,PASS
V3,F9,17,1016,4024917,30,500,30,0.0,422.02779107708176,0.0,2.5712018000049284,PASS
V3,F9,18,1017,4024918,30,500,30,0.0,469.76371664050794,0.0,2.58034129999578,PASS
V3,F9,19,1018,4024919,30,500,30,0.0,414.6138424388559,0.0,2.6050365999981295,PASS
V3,F9,20,1019,4024920,30,500,30,0.0,458.030531975015,0.0,2.630846300002304,PASS
V3,F9,23,1022,4024923,30,500,30,0.0,446.64097601097,0.0,2.4008189999876777,PASS
V3,F9,21,1020,4024921,30,500,30,0.0,465.26417440798247,0.0,2.493663799992646,PASS
V3,F9,22,1021,4024922,30,500,30,0.0,441.34049530442945,0.0,2.481356999996933,PASS
V3,F9,24,1023,4024924,30,500,30,0.0,433.79837842386155,0.0,2.483582299988484,PASS
V3,F9,25,1024,4024925,30,500,30,0.0,408.9701533118642,0.0,2.6754174000088824,PASS
V3,F9,26,1025,4024926,30,500,30,0.0,473.6616560879741,0.0,2.652736599993659,PASS
V3,F9,27,1026,4024927,30,500,30,0.0,446.03906557516507,0.0,2.6495608999975957,PASS
V3,F9,28,1027,4024928,30,500,30,0.0,447.3494195224039,0.0,2.66819559999567,PASS
V3,F9,29,1028,4024929,30,500,30,0.0,455.002187468864,0.0,1.8567030999984127,PASS
V3,F9,30,1029,4024930,30,500,30,0.0,479.83128968283097,0.0,1.8731972999958089,PASS
V3,F10,1,1000,4025001,30,500,30,4.440892098500626e-16,20.764880617738655,4.440892098500626e-16,1.9463083000009647,PASS
V3,F10,2,1001,4025002,30,500,30,4.440892098500626e-16,20.80923383013385,4.440892098500626e-16,1.956990599996061,PASS
V3,F10,3,1002,4025003,30,500,30,4.440892098500626e-16,20.70259726914545,4.440892098500626e-16,2.2411965999926906,PASS
V3,F10,4,1003,4025004,30,500,30,4.440892098500626e-16,20.685941618453114,4.440892098500626e-16,2.2943731999985175,PASS
V3,F10,6,1005,4025006,30,500,30,4.440892098500626e-16,20.739339682394206,4.440892098500626e-16,2.3042786000005435,PASS
V3,F10,5,1004,4025005,30,500,30,4.440892098500626e-16,20.753180108678922,4.440892098500626e-16,2.375141700002132,PASS
V3,F10,10,1009,4025010,30,500,30,4.440892098500626e-16,20.764014980012245,4.440892098500626e-16,1.950610300002154,PASS
V3,F10,8,1007,4025008,30,500,30,4.440892098500626e-16,20.30938002246911,4.440892098500626e-16,1.963641700000153,PASS
V3,F10,7,1006,4025007,30,500,30,4.440892098500626e-16,20.677331650145728,4.440892098500626e-16,2.01163139998971,PASS
V3,F10,9,1008,4025009,30,500,30,4.440892098500626e-16,20.6623323028609,4.440892098500626e-16,2.0509665999998106,PASS
V3,F10,11,1010,4025011,30,500,30,4.440892098500626e-16,20.873205110265417,4.440892098500626e-16,2.1783584999939194,PASS
V3,F10,12,1011,4025012,30,500,30,4.440892098500626e-16,20.569830881242734,4.440892098500626e-16,2.1753428999945754,PASS
V3,F10,13,1012,4025013,30,500,30,4.440892098500626e-16,20.566750205953976,4.440892098500626e-16,2.3362856000021566,PASS
V3,F10,14,1013,4025014,30,500,30,4.440892098500626e-16,20.669354202190537,4.440892098500626e-16,2.3194991999916965,PASS
V3,F10,17,1016,4025017,30,500,30,4.440892098500626e-16,20.795292196710726,4.440892098500626e-16,1.8534742000047117,PASS
V3,F10,16,1015,4025016,30,500,30,4.440892098500626e-16,20.64013873956227,4.440892098500626e-16,1.9036635000084061,PASS
V3,F10,18,1017,4025018,30,500,30,4.440892098500626e-16,20.8269336510937,4.440892098500626e-16,1.9090424000023631,PASS
V3,F10,15,1014,4025015,30,500,30,4.440892098500626e-16,20.49068213407767,4.440892098500626e-16,2.0042924000008497,PASS
V3,F10,21,1020,4025021,30,500,30,4.440892098500626e-16,20.886822358893582,4.440892098500626e-16,2.2268409000098472,PASS
V3,F10,20,1019,4025020,30,500,30,4.440892098500626e-16,20.753576885043977,4.440892098500626e-16,2.273611600001459,PASS
V3,F10,19,1018,4025019,30,500,30,4.440892098500626e-16,20.287777247273507,4.440892098500626e-16,2.292536900000414,PASS
V3,F10,22,1021,4025022,30,500,30,4.440892098500626e-16,20.583645012836215,4.440892098500626e-16,2.320270199998049,PASS
V3,F10,23,1022,4025023,30,500,30,4.440892098500626e-16,20.933352404055416,4.440892098500626e-16,1.8919481000048108,PASS
V3,F10,26,1025,4025026,30,500,30,4.440892098500626e-16,20.66064456706877,4.440892098500626e-16,1.9115528999973321,PASS
V3,F10,24,1023,4025024,30,500,30,4.440892098500626e-16,20.702337522964704,4.440892098500626e-16,1.9502022999949986,PASS
V3,F10,25,1024,4025025,30,500,30,4.440892098500626e-16,20.640145513776236,4.440892098500626e-16,1.9462514000042574,PASS
V3,F10,27,1026,4025027,30,500,30,4.440892098500626e-16,20.70523141613285,4.440892098500626e-16,2.4783253999921726,PASS
V3,F10,30,1029,4025030,30,500,30,4.440892098500626e-16,20.847870698067215,4.440892098500626e-16,2.397101799986558,PASS
V3,F10,29,1028,4025029,30,500,30,4.440892098500626e-16,20.542581961741753,4.440892098500626e-16,2.3994265999936033,PASS
V3,F10,28,1027,4025028,30,500,30,4.440892098500626e-16,20.792506436353648,4.440892098500626e-16,2.4327277000120375,PASS
V3,F11,1,1000,4025101,30,500,30,0.0,611.291864520307,0.0,2.250744400007534,PASS
V3,F11,2,1001,4025102,30,500,30,0.0,639.1480611503106,0.0,2.235599399995408,PASS
V3,F11,3,1002,4025103,30,500,30,0.0,643.4385152741779,0.0,2.251966800002265,PASS
V3,F11,4,1003,4025104,30,500,30,0.0,640.6078006974948,0.0,2.2676104999991367,PASS
V3,F11,5,1004,4025105,30,500,30,0.0,644.4520744510511,0.0,2.609146500006318,PASS
V3,F11,6,1005,4025106,30,500,30,0.0,620.4511952126913,0.0,2.607268200008548,PASS
V3,F11,7,1006,4025107,30,500,30,0.0,632.8296368484805,0.0,2.605070199992042,PASS
V3,F11,8,1007,4025108,30,500,30,0.0,487.5405080335636,0.0,2.589598599995952,PASS
V3,F11,10,1009,4025110,30,500,30,0.0,616.7396630786404,0.0,1.7824712000001455,PASS
V3,F11,12,1011,4025112,30,500,30,0.0,542.9069981974286,0.0,1.9586011999926995,PASS
V3,F11,9,1008,4025109,30,500,30,0.0,639.6684312970408,0.0,1.97269929999311,PASS
V3,F11,11,1010,4025111,30,500,30,0.0,718.9807578130838,0.0,2.0034528999967733,PASS
V3,F11,13,1012,4025113,30,500,30,0.0,618.2400358748203,0.0,2.2142277999955695,PASS
V3,F11,14,1013,4025114,30,500,30,0.0,591.7962883432442,0.0,2.261665099998936,PASS
V3,F11,15,1014,4025115,30,500,30,0.0,563.9367128903148,0.0,2.306133799997042,PASS
V3,F11,16,1015,4025116,30,500,30,0.0,549.6853975606296,0.0,2.2872302000032505,PASS
V3,F11,17,1016,4025117,30,500,30,0.0,658.3681797175631,0.0,1.8789959999994608,PASS
V3,F11,19,1018,4025119,30,500,30,0.0,538.2294864301934,0.0,1.9476183999940986,PASS
V3,F11,18,1017,4025118,30,500,30,0.0,635.4820188150104,0.0,1.9662888000020757,PASS
V3,F11,20,1019,4025120,30,500,30,0.0,711.0659999459813,0.0,2.0253080999973463,PASS
V3,F11,21,1020,4025121,30,500,30,0.0,738.5383591240958,0.0,2.1730463999992935,PASS
V3,F11,22,1021,4025122,30,500,30,0.0,579.5492680434852,0.0,2.1412246999971103,PASS
V3,F11,23,1022,4025123,30,500,30,0.0,701.8372771154101,0.0,2.3006949000118766,PASS
V3,F11,24,1023,4025124,30,500,30,0.0,649.0261533705124,0.0,2.241037999992841,PASS
V3,F11,26,1025,4025126,30,500,30,0.0,609.8881515490872,0.0,1.8970048000046518,PASS
V3,F11,25,1024,4025125,30,500,30,0.0,508.02875095473263,0.0,1.9092430000018794,PASS
V3,F11,27,1026,4025127,30,500,30,0.0,614.144178110117,0.0,1.9561168999935035,PASS
V3,F11,28,1027,4025128,30,500,30,0.0,642.5333046872523,0.0,1.9771198000089498,PASS
V3,F11,29,1028,4025129,30,500,30,0.0,595.7920700073693,0.0,2.1444637999957195,PASS
V3,F11,30,1029,4025130,30,500,30,0.0,694.8702724214163,0.0,2.178366299995105,PASS
V3,F12,2,1001,4025202,30,500,30,2.452925307934508e-07,579099359.0880492,2.452925307934508e-07,2.3750243999966187,PASS
V3,F12,1,1000,4025201,30,500,30,0.9771383198629738,577094378.3389748,0.9771383198629738,2.519204500000342,PASS
V3,F12,3,1002,4025203,30,500,30,0.35779631343143836,677755348.7064486,0.35779631343143836,2.196816099996795,PASS
V3,F12,6,1005,4025206,30,500,30,4.0506658390702613e-07,613687382.5306401,4.0506658390702613e-07,2.1531395000056364,PASS
V3,F12,4,1003,4025204,30,500,30,3.510502310325097e-08,756082758.900649,3.510502310325097e-08,2.2322568999952637,PASS
V3,F12,5,1004,4025205,30,500,30,1.2130594474857938e-06,600899121.4082001,1.2130594474857938e-06,2.3051031999930274,PASS
V3,F12,7,1006,4025207,30,500,30,1.6021133791166757,669437325.0641034,1.6021133791166757,2.4956844999978784,PASS
V3,F12,9,1008,4025209,30,500,30,2.485400513177882e-06,673649374.2265142,2.485400513177882e-06,2.4809043999994174,PASS
V3,F12,8,1007,4025208,30,500,30,1.5867734796843066e-07,465147296.24454856,1.5867734796843066e-07,2.613499300001422,PASS
V3,F12,10,1009,4025210,30,500,30,5.692687529060441e-09,608345809.8432229,5.692687529060441e-09,2.7155277999991085,PASS
V3,F12,11,1010,4025211,30,500,30,0.24194466268290965,673700231.5011019,0.24194466268290965,2.0062674999935552,PASS
V3,F12,13,1012,4025213,30,500,30,2.7484774876477445e-06,409264261.74945426,2.7484774876477445e-06,2.158313400010229,PASS
V3,F12,12,1011,4025212,30,500,30,0.628016825357324,354312759.8973637,0.628016825357324,2.163256799991359,PASS
V3,F12,14,1013,4025214,30,500,30,1.478395919687056e-06,375026164.7994268,1.478395919687056e-06,2.155141899987939,PASS
V3,F12,15,1014,4025215,30,500,30,0.3884077372590731,377991105.0550389,0.3884077372590731,2.7301703999983147,PASS
V3,F12,17,1016,4025217,30,500,30,1.7312727195720826e-07,602516388.8524432,1.7312727195720826e-07,2.62339079999947,PASS
V3,F12,16,1015,4025216,30,500,30,1.6966193906085324e-09,518663474.82455194,1.6966193906085324e-09,2.7451849000062793,PASS
V3,F12,18,1017,4025218,30,500,30,0.49024863865770807,678910232.0700809,0.49024863865770807,2.7508689999958733,PASS
V3,F12,19,1018,4025219,30,500,30,7.694724652977962e-08,493317185.6586725,7.694724652977962e-08,2.079077700007474,PASS
V3,F12,20,1019,4025220,30,500,30,1.6180715596679711e-06,746482921.424925,1.6180715596679711e-06,2.112448300002143,PASS
V3,F12,22,1021,4025222,30,500,30,6.569074798974989e-07,566705999.5069873,6.569074798974989e-07,2.154449499998009,PASS
V3,F12,21,1020,4025221,30,500,30,3.255214293395313e-07,779891967.4951634,3.255214293395313e-07,2.2211809000000358,PASS
V3,F12,23,1022,4025223,30,500,30,1.1147370210949457,527674663.0350982,1.1147370210949457,2.624760899998364,PASS
V3,F12,25,1024,4025225,30,500,30,0.16084187286338059,459268027.30294675,0.16084187286338059,2.588497400007327,PASS
V3,F12,24,1023,4025224,30,500,30,1.4679549257424187,557034073.9341952,1.4679549257424187,2.8201507000048878,PASS
V3,F12,26,1025,4025226,30,500,30,0.28630822008342205,655610836.8316754,0.28630822008342205,2.719735999999102,PASS
V3,F12,27,1026,4025227,30,500,30,0.623703644823954,688380987.7444726,0.623703644823954,2.14002160000382,PASS
V3,F12,30,1029,4025230,30,500,30,1.6326186535156303e-08,638200031.739138,1.6326186535156303e-08,2.1236168000032194,PASS
V3,F12,29,1028,4025229,30,500,30,2.04586992966683e-07,694579575.2440028,2.04586992966683e-07,2.160315300003276,PASS
V3,F12,28,1027,4025228,30,500,30,1.0159425984624938e-06,735612073.6667887,1.0159425984624938e-06,2.184790900006192,PASS
V3,F13,2,1001,4025302,30,500,30,4.395029496859824e-07,1134393402.9122756,4.395029496859824e-07,2.4911615000019083,PASS
V3,F13,1,1000,4025301,30,500,30,1.3494588850066378,1121540604.907016,1.3494588850066378,2.5096967999998014,PASS
V3,F13,3,1002,4025303,30,500,30,1.8071491593739837,1279263460.7598147,1.8071491593739837,2.5003334999928484,PASS
V3,F13,4,1003,4025304,30,500,30,1.9297900706728788,1409943019.8603163,1.9297900706728788,2.5104795999941416,PASS
V3,F13,5,1004,4025305,30,500,30,2.039577933391476,1170689608.5516968,2.039577933391476,2.0543433999991976,PASS
V3,F13,6,1005,4025306,30,500,30,4.844807247761654e-13,1181621324.1665757,4.844807247761654e-13,2.1120323999930406,PASS
V3,F13,8,1007,4025308,30,500,30,1.9595874285291595,878154019.7635087,1.9595874285291595,2.1259920000011334,PASS
V3,F13,7,1006,4025307,30,500,30,3.491652937996794e-05,1268983075.2778127,3.491652937996794e-05,2.1390810000011697,PASS
V3,F13,9,1008,4025309,30,500,30,1.4718125539455114,1296042042.9580178,1.4718125539455114,2.563420699996641,PASS
V3,F13,11,1010,4025311,30,500,30,2.0476926337124493,1334005063.226532,2.0476926337124493,2.543073100008769,PASS
V3,F13,12,1011,4025312,30,500,30,1.8266818659946964,746217004.1348709,1.8266818659946964,2.5323808999964967,PASS
V3,F13,10,1009,4025310,30,500,30,2.021472618815771,1170491781.6147819,2.021472618815771,2.5866336000035517,PASS
V3,F13,16,1015,4025316,30,500,30,1.7053044544059863,992639751.8319389,1.7053044544059863,2.113502799998969,PASS
V3,F13,13,1012,4025313,30,500,30,1.5908675725022825,902489281.0803057,1.5908675725022825,2.2372479000041494,PASS
V3,F13,14,1013,4025314,30,500,30,2.1735062386106786e-06,813623365.5838884,2.1735062386106786e-06,2.234248699998716,PASS
V3,F13,15,1014,4025315,30,500,30,2.2244462544559562,781768070.7565104,2.2244462544559562,2.2448940000031143,PASS
V3,F13,17,1016,4025317,30,500,30,2.1220016165537148,1200343935.016167,2.1220016165537148,2.4098263000050792,PASS
V3,F13,19,1018,4025319,30,500,30,2.0120135875665188e-05,985279769.8708252,2.0120135875665188e-05,2.450425599992741,PASS
V3,F13,18,1017,4025318,30,500,30,3.199684044273601e-05,1270309810.4932654,3.199684044273601e-05,2.5440237000002526,PASS
V3,F13,20,1019,4025320,30,500,30,1.8036089506423174,1427951455.304063,1.8036089506423174,2.6148318000050494,PASS
V3,F13,23,1022,4025323,30,500,30,2.7099369146096604,1057814591.9376878,2.7099369146096604,2.091821099995286,PASS
V3,F13,21,1020,4025321,30,500,30,1.5783112312774418e-05,1481567387.8877292,1.5783112312774418e-05,2.11861510000017,PASS
V3,F13,22,1021,4025322,30,500,30,2.4498410927443603,1071852585.7528108,2.4498410927443603,2.1727417999936733,PASS
V3,F13,24,1023,4025324,30,500,30,3.3657339266846306e-05,1128834171.694078,3.3657339266846306e-05,2.155328399996506,PASS
V3,F13,28,1027,4025328,30,500,30,2.3707474990833055,1357932319.8784873,2.3707474990833055,2.2961056000058306,PASS
V3,F13,26,1025,4025326,30,500,30,0.31883259011088416,1213450885.258651,0.31883259011088416,2.367969400002039,PASS
V3,F13,25,1024,4025325,30,500,30,1.5180899327170603,881544869.6646192,1.5180899327170603,2.521632000003592,PASS
V3,F13,27,1026,4025327,30,500,30,0.1099678751992551,1309554648.9066305,0.1099678751992551,2.5160639000096126,PASS
V3,F14,2,1001,4025402,30,500,2,0.9980038378331403,20.799965995968776,0.9980038378331403,0.5249965000111843,PASS
V3,F14,1,1000,4025401,30,500,2,2.982105156817547,473.71847520737606,2.982105156817547,0.5295599999953993,PASS
V3,F14,3,1002,4025403,30,500,2,2.9821051568169095,7.856359089361977,2.9821051568169095,0.4954453999962425,PASS
V3,F14,4,1003,4025404,30,500,2,0.9980038378031122,7.991839953168932,0.9980038378031122,0.502404499988188,PASS
V3,F14,5,1004,4025405,30,500,2,0.9980038392790865,24.322820508421295,0.9980038392790865,0.4620978000020841,PASS
V3,F14,6,1005,4025406,30,500,2,2.982105156827029,90.7409532963287,2.982105156827029,0.5599040999950375,PASS
V3,F13,30,1029,4025330,30,500,30,2.357585786472641,1261783528.6462915,2.357585786472641,2.010672299991711,PASS
V3,F13,29,1028,4025329,30,500,30,2.90508262294239,1284594344.47724,2.90508262294239,2.0206263000000035,PASS
V3,F14,7,1006,4025407,30,500,2,0.9980038395276264,16.2842641081014,0.9980038395276264,0.5384529000002658,PASS
V3,F14,8,1007,4025408,30,500,2,12.670505811135554,21.481362099196957,12.670505811135554,0.5401314000046114,PASS
V3,F14,10,1009,4025410,30,500,2,2.9821051568172185,15.108117071694181,2.9821051568172185,0.5419210999971256,PASS
V3,F14,9,1008,4025409,30,500,2,0.9980038378735511,480.050865101365,0.9980038378735511,0.5797048000094946,PASS
V3,F14,11,1010,4025411,30,500,2,2.982105156816826,115.8570972449099,2.982105156816826,0.48444430000381544,PASS
V3,F14,12,1011,4025412,30,500,2,0.9980038384041662,16.441007314171465,0.9980038384041662,0.5226871000049869,PASS
V3,F14,13,1012,4025413,30,500,2,2.9821051568191552,16.402755922508554,2.9821051568191552,0.528070000000298,PASS
V3,F14,14,1013,4025414,30,500,2,12.670505811135616,73.97889205821518,12.670505811135616,0.4932656000019051,PASS
V3,F14,15,1014,4025415,30,500,2,0.9980038378573032,65.35361146386387,0.9980038378573032,0.5164958999957889,PASS
V3,F14,17,1016,4025417,30,500,2,12.670505811135556,438.10288921782666,12.670505811135556,0.5011335000017425,PASS
V3,F14,16,1015,4025416,30,500,2,0.9980038379139384,17.659718800789545,0.9980038379139384,0.5554364000126952,PASS
V3,F14,18,1017,4025418,30,500,2,0.9980038378001199,237.59430741100795,0.9980038378001199,0.5441986000078032,PASS
V3,F14,19,1018,4025419,30,500,2,0.9980038378241269,2.286243956447089,0.9980038378241269,0.5919495999987703,PASS
V3,F14,20,1019,4025420,30,500,2,2.982105156824213,179.17713904158902,2.982105156824213,0.5964294000004884,PASS
V3,F14,21,1020,4025421,30,500,2,12.670505811135557,87.51907188492201,12.670505811135557,0.6029800999967847,PASS
V3,F14,22,1021,4025422,30,500,2,2.9821051568240033,29.199725330593285,2.9821051568240033,0.5981086999963736,PASS
V3,F14,23,1022,4025423,30,500,2,2.9821051568195713,9.804625661988586,2.9821051568195713,0.6148885000002338,PASS
V3,F14,24,1023,4025424,30,500,2,0.9980038402633956,294.0509123316119,0.9980038402633956,0.6005579000047874,PASS
V3,F14,26,1025,4025426,30,500,2,0.9980038378215298,421.40232505995556,0.9980038378215298,0.602538299994194,PASS
V3,F14,25,1024,4025425,30,500,2,12.670505811135914,320.00268640700443,12.670505811135914,0.6223793000099249,PASS
V3,F14,27,1026,4025427,30,500,2,12.67050581113556,337.8200873186404,12.67050581113556,0.6005526999942958,PASS
V3,F14,29,1028,4025429,30,500,2,0.9980038378834106,2.3576554955050417,0.9980038378834106,0.5643484000029275,PASS
V3,F14,28,1027,4025428,30,500,2,0.9980038381653002,160.2537413920019,0.9980038381653002,0.5927980999986175,PASS
V3,F14,30,1029,4025430,30,500,2,0.9980038378250637,15.999537865751927,0.9980038378250637,0.58584780000092,PASS
V3,F15,1,1000,4025501,30,500,4,0.00031684728666310144,0.30191456608898665,0.00031684728666310144,0.6041858999960823,PASS
V3,F15,2,1001,4025502,30,500,4,0.0004322047726485062,1.2717309895536486,0.0004322047726485062,0.5941887000080897,PASS
V3,F15,4,1003,4025504,30,500,4,0.0003077648582130735,0.1609090192272938,0.0003077648582130735,0.5819222999998601,PASS
V3,F15,3,1002,4025503,30,500,4,0.00031615643393551344,0.3644888722730511,0.00031615643393551344,0.6013619000004837,PASS
V3,F15,5,1004,4025505,30,500,4,0.00032154008145924065,0.12948702495992004,0.00032154008145924065,0.5230723999993643,PASS
V3,F15,7,1006,4025507,30,500,4,0.00035383757239336434,0.12363760498402297,0.00035383757239336434,0.5171798999945167,PASS
V3,F15,6,1005,4025506,30,500,4,0.0003456216473083424,0.12186464086944875,0.0003456216473083424,0.5336949999909848,PASS
V3,F15,8,1007,4025508,30,500,4,0.00031321841434570687,0.09018764359449179,0.00031321841434570687,0.5264869999955408,PASS
V3,F15,9,1008,4025509,30,500,4,0.00031415117983615804,2.2394826617102606,0.00031415117983615804,0.500726999991457,PASS
V3,F15,10,1009,4025510,30,500,4,0.0003278854957773769,0.13877679138861554,0.0003278854957773769,0.5057762999931583,PASS
V3,F15,12,1011,4025512,30,500,4,0.0003113057421422091,0.23498015533649527,0.0003113057421422091,0.5199302999972133,PASS
V3,F15,11,1010,4025511,30,500,4,0.00031107453844435946,0.03239128528085753,0.00031107453844435946,0.546033400009037,PASS
V3,F15,13,1012,4025513,30,500,4,0.00030965997703490957,0.1306304824855118,0.00030965997703490957,0.49227000000246335,PASS
V3,F15,15,1014,4025515,30,500,4,0.00030928215912573713,0.10205617825736528,0.00030928215912573713,0.5020850000000792,PASS
V3,F15,14,1013,4025514,30,500,4,0.00031997701158454104,0.1598298890496266,0.00031997701158454104,0.5224935000005644,PASS
V3,F15,16,1015,4025516,30,500,4,0.00031227137573988705,2.092356457574675,0.00031227137573988705,0.5126705000002403,PASS
V3,F15,17,1016,4025517,30,500,4,0.00031590205609518927,0.2605680364275185,0.00031590205609518927,0.5107486000051722,PASS
V3,F15,18,1017,4025518,30,500,4,0.0003380336541061146,0.14977648977909336,0.0003380336541061146,0.5246309000067413,PASS
V3,F15,20,1019,4025520,30,500,4,0.00030905905551380035,0.1359115073620081,0.00030905905551380035,0.5184249000012642,PASS
V3,F15,19,1018,4025519,30,500,4,0.0003319852120652118,0.1985628632680977,0.0003319852120652118,0.5396701999998186,PASS
V3,F15,21,1020,4025521,30,500,4,0.0003152817963652495,0.4954470688391197,0.0003152817963652495,0.47564070000953507,PASS
V3,F15,22,1021,4025522,30,500,4,0.0003598372260287719,0.5524050984541609,0.0003598372260287719,0.4878348000056576,PASS
V3,F15,23,1022,4025523,30,500,4,0.0003215099639308955,0.29407409982959576,0.0003215099639308955,0.5300637000036659,PASS
V3,F15,24,1023,4025524,30,500,4,0.00035791763248513975,0.298411205199563,0.00035791763248513975,0.511533299999428,PASS
V3,F15,26,1025,4025526,30,500,4,0.00033291770333943163,0.2996859951874783,0.00033291770333943163,0.4846250999980839,PASS
V3,F15,25,1024,4025525,30,500,4,0.00032892471091174557,0.054825133501047195,0.00032892471091174557,0.4894750999956159,PASS
V3,F15,27,1026,4025527,30,500,4,0.0003249863102805421,0.08376195205332174,0.0003249863102805421,0.5040244000119856,PASS
V3,F15,28,1027,4025528,30,500,4,0.00031679548400663694,0.03968409975464774,0.00031679548400663694,0.520323599994299,PASS
V3,F16,2,1001,4025602,30,500,2,-1.0316284487690996,-0.027012733357646004,-1.0316284487690996,0.23040329999639653,PASS
V3,F16,1,1000,4025601,30,500,2,-1.031628427289774,2.181179457071373,-1.031628427289774,0.2615205000038259,PASS
V3,F15,29,1028,4025529,30,500,4,0.0003130884597907948,0.08098779060507648,0.0003130884597907948,0.44358559999091085,PASS
V3,F15,30,1029,4025530,30,500,4,0.00030984215887717813,0.14413165160408462,0.00030984215887717813,0.46827129999292083,PASS
V3,F16,3,1002,4025603,30,500,2,-1.0316284482177687,0.7607607404739891,-1.0316284482177687,0.24256179999792948,PASS
V3,F16,4,1003,4025604,30,500,2,-1.031628445104622,-0.39997849461446167,-1.031628445104622,0.2480879999930039,PASS
V3,F16,5,1004,4025605,30,500,2,-1.0316284063162042,-0.170143036311162,-1.0316284063162042,0.26060599999618717,PASS
V3,F16,6,1005,4025606,30,500,2,-1.0316284140677152,-0.9735315253417971,-1.0316284140677152,0.25910579999617767,PASS
V3,F16,7,1006,4025607,30,500,2,-1.0316284528078135,-0.20638118856745086,-1.0316284528078135,0.22405150000122376,PASS
V3,F16,8,1007,4025608,30,500,2,-1.0316284121481158,-0.24021923047679472,-1.0316284121481158,0.22392069999477826,PASS
V3,F16,9,1008,4025609,30,500,2,-1.0316284477123032,2.3278539991551703,-1.0316284477123032,0.23655949998646975,PASS
V3,F16,10,1009,4025610,30,500,2,-1.0316284525647084,1.0848751489960493,-1.0316284525647084,0.23896679999597836,PASS
V3,F16,11,1010,4025611,30,500,2,-1.0316284483250429,2.3611245635192675,-1.0316284483250429,0.24981389999447856,PASS
V3,F16,12,1011,4025612,30,500,2,-1.031628434608291,-1.0303686554309606,-1.031628434608291,0.23889090000011493,PASS
V3,F16,13,1012,4025613,30,500,2,-1.0316284346571092,1.5398855373431712,-1.0316284346571092,0.2557760999916354,PASS
V3,F16,14,1013,4025614,30,500,2,-1.0316284384462922,-0.8050538505238225,-1.0316284384462922,0.2736058000009507,PASS
V3,F16,16,1015,4025616,30,500,2,-1.031628362842282,0.7787012712336405,-1.031628362842282,0.2172835999954259,PASS
V3,F16,15,1014,4025615,30,500,2,-1.0316284288414346,0.23957312171001172,-1.0316284288414346,0.23630789999151602,PASS
V3,F16,17,1016,4025617,30,500,2,-1.0316284491950556,0.9570585820096484,-1.0316284491950556,0.2620498000032967,PASS
V3,F16,18,1017,4025618,30,500,2,-1.0316284223912828,1.6470124840433833,-1.0316284223912828,0.25460349999775644,PASS
V3,F16,19,1018,4025619,30,500,2,-1.031628450496936,0.7878546115016152,-1.031628450496936,0.24291059999086428,PASS
V3,F16,20,1019,4025620,30,500,2,-1.0316284095113646,-0.9362291745164019,-1.0316284095113646,0.23469029999978375,PASS
V3,F16,21,1020,4025621,30,500,2,-1.0316283570820304,0.6778025610508492,-1.0316283570820304,0.2573599000024842,PASS
V3,F16,22,1021,4025622,30,500,2,-1.0316284466677093,1.5766615624712603,-1.0316284466677093,0.2505303000070853,PASS
V3,F16,23,1022,4025623,30,500,2,-1.0316284418603905,1.3326463850849646,-1.0316284418603905,0.21621860000595916,PASS
V3,F16,24,1023,4025624,30,500,2,-1.031628452350645,2.6557067430875065,-1.031628452350645,0.231083699996816,PASS
V3,F16,26,1025,4025626,30,500,2,-1.0316284384408108,21.49073996804959,-1.0316284384408108,0.22578470000007655,PASS
V3,F16,25,1024,4025625,30,500,2,-1.031628417116272,2.429026067201413,-1.031628417116272,0.2289572000008775,PASS
V3,F16,27,1026,4025627,30,500,2,-1.0316284206023618,-0.1512971369952485,-1.0316284206023618,0.23717789999500383,PASS
V3,F16,28,1027,4025628,30,500,2,-1.0316284427374032,0.6076326090253817,-1.0316284427374032,0.24564199999440461,PASS
V3,F16,30,1029,4025630,30,500,2,-1.0316284102071556,2.6013826494536425,-1.0316284102071556,0.25442979999934323,PASS
V3,F16,29,1028,4025629,30,500,2,-1.0316284405149527,-0.12993145689296656,-1.0316284405149527,0.2613263000093866,PASS
V3,F17,1,1000,4025701,30,500,2,0.3978919219023709,1.0638829597342436,0.3978919219023709,0.23050000000512227,PASS
V3,F17,2,1001,4025702,30,500,2,0.39789845819345615,1.2443773973881989,0.39789845819345615,0.21352509999996983,PASS
V3,F17,4,1003,4025704,30,500,2,0.3978894125287109,2.6652672686497105,0.3978894125287109,0.2230060999863781,PASS
V3,F17,3,1002,4025703,30,500,2,0.3978878918207691,0.5710175662180976,0.3978878918207691,0.2378515000018524,PASS
V3,F17,5,1004,4025705,30,500,2,0.3978894782609572,0.7300291394205143,0.3978894782609572,0.2434006999974372,PASS
V3,F17,7,1006,4025707,30,500,2,0.3978904827747094,1.0302901000661695,0.3978904827747094,0.2513736999972025,PASS
V3,F17,6,1005,4025706,30,500,2,0.39788885590573564,0.7328401017256851,0.39788885590573564,0.26149060000898317,PASS
V3,F17,8,1007,4025708,30,500,2,0.3978936892686029,0.8184767311208248,0.3978936892686029,0.2640979999996489,PASS
V3,F17,9,1008,4025709,30,500,2,0.3978890527876242,1.6574038437894387,0.3978890527876242,0.21472519999952056,PASS
V3,F17,10,1009,4025710,30,500,2,0.3978895431317575,3.966514797561688,0.3978895431317575,0.21923709999828134,PASS
V3,F17,12,1011,4025712,30,500,2,0.39788801706879795,4.005505020167275,0.39788801706879795,0.21585850001429208,PASS
V3,F17,11,1010,4025711,30,500,2,0.39788842473253716,0.9236150306333499,0.39788842473253716,0.23786209999525454,PASS
V3,F17,15,1014,4025715,30,500,2,0.39788743113709835,0.5699043454949582,0.39788743113709835,0.2405105000070762,PASS
V3,F17,13,1012,4025713,30,500,2,0.3978956232276971,0.653014811080423,0.3978956232276971,0.2519646000000648,PASS
V3,F17,14,1013,4025714,30,500,2,0.39788792517462745,1.2794390638585824,0.39788792517462745,0.2659778999950504,PASS
V3,F17,16,1015,4025716,30,500,2,0.3978925805633988,0.5472008050952475,0.3978925805633988,0.26509729999816045,PASS
V3,F17,17,1016,4025717,30,500,2,0.39788764344126015,1.9307324415435367,0.39788764344126015,0.2473182999965502,PASS
V3,F17,18,1017,4025718,30,500,2,0.3978923143602202,1.6377791627432448,0.3978923143602202,0.25216630000795703,PASS
V3,F17,20,1019,4025720,30,500,2,0.3978908012657083,0.4636423262601532,0.3978908012657083,0.2336178999976255,PASS
V3,F17,19,1018,4025719,30,500,2,0.39788761235926806,1.8190149992010163,0.39788761235926806,0.255800700004329,PASS
V3,F17,21,1020,4025721,30,500,2,0.39788785410452476,2.247938566819121,0.39788785410452476,0.24188089999370277,PASS
V3,F17,24,1023,4025724,30,500,2,0.39788846714807136,14.151514125962425,0.39788846714807136,0.25007940000796225,PASS
V3,F17,22,1021,4025722,30,500,2,0.3978976479987466,1.8216716190815827,0.3978976479987466,0.26610929999151267,PASS
V3,F17,23,1022,4025723,30,500,2,0.39788859080958794,0.615174882056257,0.39788859080958794,0.2703734999959124,PASS
V3,F17,25,1024,4025725,30,500,2,0.39789107067902485,1.6869208412063283,0.39789107067902485,0.2680712000001222,PASS
V3,F17,28,1027,4025728,30,500,2,0.39789243470912083,2.9510390763983754,0.39789243470912083,0.21582710000802763,PASS
V3,F17,27,1026,4025727,30,500,2,0.3978874713519289,1.0566819945015116,0.3978874713519289,0.2438086000038311,PASS
V3,F17,26,1025,4025726,30,500,2,0.39788773522107945,3.889306158017198,0.39788773522107945,0.2707981999992626,PASS
V3,F17,29,1028,4025729,30,500,2,0.39789117142547425,2.4485590920128137,0.39789117142547425,0.24577240001235623,PASS
V3,F17,30,1029,4025730,30,500,2,0.39789097890801983,0.47798940625165187,0.39789097890801983,0.25231990001339,PASS
V3,F18,1,1000,4025801,30,500,2,3.0000012832542775,81.38562380070489,3.0000012832542775,0.26197289999981876,PASS
V3,F18,2,1001,4025802,30,500,2,8.56863918313096,30.688673464406033,8.56863918313096,0.28183559999160934,PASS
V3,F18,3,1002,4025803,30,500,2,3.0000038639196873,34.965342142586636,3.0000038639196873,0.24740700000256766,PASS
V3,F18,5,1004,4025805,30,500,2,3.0000056855826154,50.082085355619114,3.0000056855826154,0.24678869999479502,PASS
V3,F18,4,1003,4025804,30,500,2,3.0000006716492247,93.48619771902435,3.0000006716492247,0.2645106999989366,PASS
V3,F18,6,1005,4025806,30,500,2,3.0000013169552573,60.063618491605254,3.0000013169552573,0.27006880000408273,PASS
V3,F18,7,1006,4025807,30,500,2,3.0000010138812856,5.7914370508281126,3.0000010138812856,0.262884199997643,PASS
V3,F18,8,1007,4025808,30,500,2,3.0000014190173667,64.59830186416433,3.0000014190173667,0.2719026999984635,PASS
V3,F18,9,1008,4025809,30,500,2,3.0000025113901727,25.521419373542102,3.0000025113901727,0.2750923999992665,PASS
V3,F18,10,1009,4025810,30,500,2,3.0000028460265447,3.5313798537296646,3.0000028460265447,0.28101609999430366,PASS
V3,F18,11,1010,4025811,30,500,2,3.0000000248123007,88.7536597773862,3.0000000248123007,0.2566052000038326,PASS
V3,F18,12,1011,4025812,30,500,2,3.000006073467932,39.964935115530984,3.000006073467932,0.25994589999027085,PASS
V3,F18,14,1013,4025814,30,500,2,3.000000183795193,13.07568843364808,3.000000183795193,0.25323430000571534,PASS
V3,F18,13,1012,4025813,30,500,2,3.0000036089259168,9.426190913628409,3.0000036089259168,0.2716794000007212,PASS
V3,F18,15,1014,4025815,30,500,2,3.000000287741794,21.8168014034403,3.000000287741794,0.26672279999183957,PASS
V3,F18,18,1017,4025818,30,500,2,3.0000014368856056,195.47673454838912,3.0000014368856056,0.2716422999947099,PASS
V3,F18,16,1015,4025816,30,500,2,5.750658134263118,329.91156437221537,5.750658134263118,0.28949730000749696,PASS
V3,F18,17,1016,4025817,30,500,2,3.0000023743317272,91.84738429723461,3.0000023743317272,0.30565300000307616,PASS
V3,F18,19,1018,4025819,30,500,2,3.0000005782451606,10.909611757157371,3.0000005782451606,0.246664399994188,PASS
V3,F18,21,1020,4025821,30,500,2,84.00012105996748,317.38163063086415,84.00012105996748,0.2300634999992326,PASS
V3,F18,20,1019,4025820,30,500,2,3.000007557405637,273.7028443942355,3.000007557405637,0.2431679000001168,PASS
V3,F18,22,1021,4025822,30,500,2,3.0000000595264513,66.7727554338801,3.0000000595264513,0.2282316000055289,PASS
V3,F18,23,1022,4025823,30,500,2,23.294935594494458,77.76899365473201,23.294935594494458,0.2633830999984639,PASS
V3,F18,25,1024,4025825,30,500,2,3.0000001868331845,77.76507019353373,3.0000001868331845,0.2778323999955319,PASS
V3,F18,24,1023,4025824,30,500,2,3.000009163157706,35.89485466192964,3.000009163157706,0.2784271999989869,PASS
V3,F18,26,1025,4025826,30,500,2,3.0000023448935194,52.45697833328407,3.0000023448935194,0.2827519999991637,PASS
V3,F18,27,1026,4025827,30,500,2,3.0000025957069085,64.85636849106568,3.0000025957069085,0.25518529998953454,PASS
V3,F18,28,1027,4025828,30,500,2,3.0000001982914593,18.92539432381692,3.0000001982914593,0.24624480000056792,PASS
V3,F18,30,1029,4025830,30,500,2,3.0000000138307645,9.657899738468323,3.0000000138307645,0.24994280000100844,PASS
V3,F18,29,1028,4025829,30,500,2,3.007143939884131,45.603141869610994,3.007143939884131,0.26783089998934884,PASS
V3,F19,1,1000,4025901,30,500,3,-3.862756729066003,-2.8152364689429965,-3.862756729066003,0.6602611999987857,PASS
V3,F19,2,1001,4025902,30,500,3,-3.862774006652789,-3.0010573399050178,-3.862774006652789,0.6519996999995783,PASS
V3,F19,4,1003,4025904,30,500,3,-3.862776291681777,-3.1461542137665415,-3.862776291681777,0.6507755999919027,PASS
V3,F19,3,1002,4025903,30,500,3,-3.862772261801152,-3.725083575446613,-3.862772261801152,0.6891987999988487,PASS
V3,F19,5,1004,4025905,30,500,3,-3.855770459179117,-3.639512885449389,-3.855770459179117,0.6231846999871777,PASS
V3,F19,6,1005,4025906,30,500,3,-3.862778690862135,-3.5964528439046646,-3.862778690862135,0.6275279999972554,PASS
V3,F19,7,1006,4025907,30,500,3,-3.8627723845614663,-3.5365431240230087,-3.8627723845614663,0.6582105999987107,PASS
V3,F19,8,1007,4025908,30,500,3,-3.8627760090145493,-3.371709865860915,-3.8627760090145493,0.6455567999946652,PASS
V3,F19,10,1009,4025910,30,500,3,-3.862774107454193,-3.6842803474191888,-3.862774107454193,0.6423409999988507,PASS
V3,F19,9,1008,4025909,30,500,3,-3.862773397821849,-2.3770187007264147,-3.862773397821849,0.6566093000001274,PASS
V3,F19,11,1010,4025911,30,500,3,-3.858931993160069,-3.3317115223347478,-3.858931993160069,0.6650583000009647,PASS
V3,F19,12,1011,4025912,30,500,3,-3.8627702581322936,-3.4451524449101667,-3.8627702581322936,0.7197041000035824,PASS
V3,F19,13,1012,4025913,30,500,3,-3.8627633076193377,-3.635871471826206,-3.8627633076193377,0.6248998999944888,PASS
V3,F19,15,1014,4025915,30,500,3,-3.862772828624433,-3.0661071327576335,-3.862772828624433,0.591950200003339,PASS
V3,F19,14,1013,4025914,30,500,3,-3.8627775836575204,-2.7738840559770095,-3.8627775836575204,0.6673800999997184,PASS
V3,F19,16,1015,4025916,30,500,3,-3.8627671288838057,-3.3706466472251426,-3.8627671288838057,0.6173699000064516,PASS
V3,F19,17,1016,4025917,30,500,3,-3.862772928270297,-2.5942404342513865,-3.862772928270297,0.6035489000059897,PASS
V3,F19,18,1017,4025918,30,500,3,-3.855007994901402,-3.529350907698285,-3.855007994901402,0.6824420000048121,PASS
V3,F19,20,1019,4025920,30,500,3,-3.862767617376206,-2.937918383007861,-3.862767617376206,0.6788225000054808,PASS
V3,F19,19,1018,4025919,30,500,3,-3.8627758508508316,-3.399138298593093,-3.8627758508508316,0.6835888999921735,PASS
V3,F19,21,1020,4025921,30,500,3,-3.862779761117942,-2.5311476977977185,-3.862779761117942,0.6195548999967286,PASS
V3,F19,22,1021,4025922,30,500,3,-3.8627663099560037,-3.757311537153646,-3.8627663099560037,0.6129116000083741,PASS
V3,F19,23,1022,4025923,30,500,3,-3.8627791298764005,-3.2132895898117337,-3.8627791298764005,0.6203466000006301,PASS
V3,F19,24,1023,4025924,30,500,3,-3.8549007510179267,-3.0648914677945323,-3.8549007510179267,0.6497204000042984,PASS
V3,F19,26,1025,4025926,30,500,3,-3.8627676502283643,-2.924795237972474,-3.8627676502283643,0.6053159000002779,PASS
V3,F19,28,1027,4025928,30,500,3,-3.862775804390666,-3.0773264067719293,-3.862775804390666,0.683158400002867,PASS
V3,F19,27,1026,4025927,30,500,3,-3.8627775935349327,-2.8590384198361467,-3.8627775935349327,0.6964507999946363,PASS
V3,F19,25,1024,4025925,30,500,3,-3.862776810302285,-3.2314525429469114,-3.862776810302285,0.7115014000009978,PASS
V3,F19,29,1028,4025929,30,500,3,-3.862776870496603,-2.805569559471893,-3.862776870496603,0.5768562000012025,PASS
V3,F19,30,1029,4025930,30,500,3,-3.8627734954370285,-3.661052938270577,-3.8627734954370285,0.6783166000095662,PASS
V3,F20,1,1000,4026001,30,500,6,-3.3221333126080097,-1.719657427599971,-3.3221333126080097,0.74796019999485,PASS
V3,F20,2,1001,4026002,30,500,6,-3.3220451621797573,-2.366607712192178,-3.3220451621797573,0.7975194000027841,PASS
V3,F20,4,1003,4026004,30,500,6,-3.32207179831207,-1.4156844025488817,-3.32207179831207,0.8459164000087185,PASS
V3,F20,6,1005,4026006,30,500,6,-3.137642264173468,-0.9891623935739681,-3.137642264173468,0.8441464000061387,PASS
V3,F20,5,1004,4026005,30,500,6,-3.09894955053293,-1.546975718287114,-3.09894955053293,0.8540862999943784,PASS
V3,F20,3,1002,4026003,30,500,6,-3.19726059634143,-2.639546222318051,-3.19726059634143,0.8810028000007151,PASS
V3,F20,7,1006,4026007,30,500,6,-3.3220446797028287,-1.3524600207773423,-3.3220446797028287,0.7764592000021366,PASS
V3,F20,8,1007,4026008,30,500,6,-3.3219157323740816,-1.1897588416913751,-3.3219157323740816,0.7871919000026537,PASS
V3,F20,9,1008,4026009,30,500,6,-3.2028818308208926,-2.5573730477528325,-3.2028818308208926,0.8055564999958733,PASS
V3,F20,10,1009,4026010,30,500,6,-3.2017096612353004,-1.5097145340696625,-3.2017096612353004,0.861198799990234,PASS
V3,F20,13,1012,4026013,30,500,6,-3.3219847391109196,-1.0595512897021777,-3.3219847391109196,0.8242794999969192,PASS
V3,F20,11,1010,4026011,30,500,6,-3.3215315965162935,-0.6291784544978798,-3.3215315965162935,0.864289799996186,PASS
V3,F20,12,1011,4026012,30,500,6,-3.2025958223585724,-1.3334487205410632,-3.2025958223585724,0.8704445000039414,PASS
V3,F20,14,1013,4026014,30,500,6,-3.202368044937583,-1.8745849243144121,-3.202368044937583,0.8802455999975791,PASS
V3,F20,18,1017,4026018,30,500,6,-3.32148238497215,-1.2806836046999825,-3.32148238497215,0.7611804000043776,PASS
V3,F20,15,1014,4026015,30,500,6,-3.203032171199977,-2.443957038960648,-3.203032171199977,0.8387726999935694,PASS
V3,F20,16,1015,4026016,30,500,6,-3.3217037861301315,-1.42589448097107,-3.3217037861301315,0.8500477999914438,PASS
V3,F20,17,1016,4026017,30,500,6,-3.321789266886188,-0.7707250057888351,-3.321789266886188,0.8420514000026742,PASS
V3,F20,20,1019,4026020,30,500,6,-3.3217968580447113,-1.1694872668654595,-3.3217968580447113,0.8056577000097604,PASS
V3,F20,19,1018,4026019,30,500,6,-3.3220755265925157,-1.6501266361374602,-3.3220755265925157,0.8216213000123389,PASS
V3,F20,21,1020,4026021,30,500,6,-3.3214689604466026,-1.3182646272649436,-3.3214689604466026,0.8125471000093967,PASS
V3,F20,22,1021,4026022,30,500,6,-3.3220208301355876,-1.9643777697330147,-3.3220208301355876,0.8778542000072775,PASS
V3,F20,23,1022,4026023,30,500,6,-3.2019460133036564,-0.8292420221596318,-3.2019460133036564,0.7836634999985108,PASS
V3,F20,25,1024,4026025,30,500,6,-3.3218030457735375,-0.9695628721775759,-3.3218030457735375,0.7787391000019852,PASS
V3,F20,24,1023,4026024,30,500,6,-3.3216905523207885,-1.66295644462256,-3.3216905523207885,0.8037621999974363,PASS
V3,F20,26,1025,4026026,30,500,6,-3.0768526050382383,-1.6523507833992392,-3.0768526050382383,0.8063884000002872,PASS
V3,F20,30,1029,4026030,30,500,6,-3.322075692241015,-1.358077861654103,-3.322075692241015,0.8069021999981487,PASS
V3,F20,28,1027,4026028,30,500,6,-3.3215453311683434,-0.7602290577530897,-3.3215453311683434,0.8376382000133162,PASS
V3,F20,27,1026,4026027,30,500,6,-3.2030655784863313,-2.2223661928383214,-3.2030655784863313,0.8668390999955591,PASS
V3,F20,29,1028,4026029,30,500,6,-3.3219824295562024,-1.1782094607932692,-3.3219824295562024,0.9160464000015054,PASS
V3,F21,1,1000,4026101,30,500,4,-10.15142857708465,-0.7856612453746614,-10.15142857708465,0.6688426999899093,PASS
V3,F21,2,1001,4026102,30,500,4,-5.100210045308307,-0.255284514021552,-5.100210045308307,0.6694988999952329,PASS
V3,F21,3,1002,4026103,30,500,4,-5.05514902826489,-0.7458813166548436,-5.05514902826489,0.6785391000012169,PASS
V3,F21,4,1003,4026104,30,500,4,-5.087930317317617,-0.3482705863990612,-5.087930317317617,0.6404278999980306,PASS
V3,F21,6,1005,4026106,30,500,4,-10.140873141117206,-0.5910831778647738,-10.140873141117206,0.6403093999979319,PASS
V3,F21,8,1007,4026108,30,500,4,-5.055191327099837,-0.5537203015819497,-5.055191327099837,0.6466213000094285,PASS
V3,F21,5,1004,4026105,30,500,4,-10.144443020258779,-0.42018439611118236,-10.144443020258779,0.7410488999885274,PASS
V3,F21,7,1006,4026107,30,500,4,-10.153186219274327,-0.42913328296464676,-10.153186219274327,0.7532313999981852,PASS
V3,F21,9,1008,4026109,30,500,4,-10.14581898001973,-0.3954824691564748,-10.14581898001973,0.6330584999959683,PASS
V3,F21,10,1009,4026110,30,500,4,-10.153187013466072,-0.3873214329929367,-10.153187013466072,0.6622663000016473,PASS
V3,F21,11,1010,4026111,30,500,4,-10.14785264040775,-0.3122489822002593,-10.14785264040775,0.6667461000033654,PASS
V3,F21,12,1011,4026112,30,500,4,-10.137660853434598,-0.42577067910792477,-10.137660853434598,0.6520236000069417,PASS
V3,F21,14,1013,4026114,30,500,4,-10.151426304468607,-0.4533003470413142,-10.151426304468607,0.6560786999907577,PASS
V3,F21,13,1012,4026113,30,500,4,-10.132485564514207,-0.5398028645395757,-10.132485564514207,0.6724335999897448,PASS
V3,F21,15,1014,4026115,30,500,4,-10.137913905930853,-0.3593500916460118,-10.137913905930853,0.6671507999999449,PASS
V3,F21,16,1015,4026116,30,500,4,-10.153114171096602,-0.5643107717396479,-10.153114171096602,0.6734126999945147,PASS
V3,F21,18,1017,4026118,30,500,4,-5.095940036297477,-0.3187300785834754,-5.095940036297477,0.6973084000055678,PASS
V3,F21,17,1016,4026117,30,500,4,-10.152894708417138,-1.3126153292827127,-10.152894708417138,0.7199101000005612,PASS
V3,F21,19,1018,4026119,30,500,4,-10.133396440135368,-0.4201398663247763,-10.133396440135368,0.7445517999876756,PASS
V3,F21,20,1019,4026120,30,500,4,-5.0786434265422535,-0.556094779406882,-5.0786434265422535,0.7435280999925453,PASS
V3,F21,21,1020,4026121,30,500,4,-10.138428111780295,-0.39892324222710235,-10.138428111780295,0.6725052999972831,PASS
V3,F21,24,1023,4026124,30,500,4,-10.15283100368033,-0.36248300442977327,-10.15283100368033,0.663673100003507,PASS
V3,F21,23,1022,4026123,30,500,4,-5.098808617125165,-0.5751988255431095,-5.098808617125165,0.691850399991381,PASS
V3,F21,22,1021,4026122,30,500,4,-10.14217960248738,-0.8124729051033841,-10.14217960248738,0.693687899998622,PASS
V3,F21,26,1025,4026126,30,500,4,-10.135208858553014,-0.3234823818806821,-10.135208858553014,0.6391731999901822,PASS
V3,F21,25,1024,4026125,30,500,4,-10.133327863213728,-0.4078383896375593,-10.133327863213728,0.6601851000013994,PASS
V3,F21,27,1026,4026127,30,500,4,-10.1531975216928,-0.29612421486392365,-10.1531975216928,0.6570423999946797,PASS
V3,F21,28,1027,4026128,30,500,4,-10.15314250204159,-0.3986533020007952,-10.15314250204159,0.6744134999898961,PASS
V3,F21,29,1028,4026129,30,500,4,-10.152727397669295,-0.3985356486821531,-10.152727397669295,0.6987950000038836,PASS
V3,F21,30,1029,4026130,30,500,4,-5.05505613091625,-0.36908201859372297,-5.05505613091625,0.741265900011058,PASS
V3,F22,2,1001,4026202,30,500,4,-10.401487904533944,-0.9222716528520395,-10.401487904533944,0.7892035999975633,PASS
V3,F22,1,1000,4026201,30,500,4,-10.402577818901236,-0.9317573703945224,-10.402577818901236,0.8177144000073895,PASS
V3,F22,3,1002,4026203,30,500,4,-5.087671718205831,-0.7773340207644487,-5.087671718205831,0.7940437999932328,PASS
V3,F22,4,1003,4026204,30,500,4,-5.11587161877121,-0.370970802781476,-5.11587161877121,0.7663691000052495,PASS
V3,F22,6,1005,4026206,30,500,4,-10.402286511185624,-0.6964166048173347,-10.402286511185624,0.7279727999994066,PASS
V3,F22,5,1004,4026205,30,500,4,-10.39891839379708,-0.5275828087880526,-10.39891839379708,0.7878868999978295,PASS
V3,F22,8,1007,4026208,30,500,4,-5.087666131789366,-0.582643477675555,-5.087666131789366,0.7880031000095187,PASS
V3,F22,9,1008,4026209,30,500,4,-10.40017380217571,-0.49284895953941,-10.40017380217571,0.7846506999921985,PASS
V3,F22,10,1009,4026210,30,500,4,-10.401280078167293,-0.5770862732792144,-10.401280078167293,0.805307200003881,PASS
V3,F22,7,1006,4026207,30,500,4,-10.401521938496042,-0.4985747392352459,-10.401521938496042,0.8596690999984276,PASS
V3,F22,11,1010,4026211,30,500,4,-10.395956708132452,-0.4296436080947541,-10.395956708132452,0.7840312999906018,PASS
V3,F22,12,1011,4026212,30,500,4,-10.384317575527483,-0.5645985806520991,-10.384317575527483,0.8220021000015549,PASS
V3,F22,14,1013,4026214,30,500,4,-10.40235319247644,-0.9848094857049149,-10.40235319247644,0.7778834000055213,PASS
V3,F22,13,1012,4026213,30,500,4,-10.38319095804468,-0.6449517732088035,-10.38319095804468,0.8337735999957658,PASS
V3,F22,16,1015,4026216,30,500,4,-10.401188076579697,-0.6218257843354295,-10.401188076579697,0.7609915999928489,PASS
V3,F22,15,1014,4026215,30,500,4,-10.376570869902519,-0.4103758613869799,-10.376570869902519,0.7937061000120593,PASS
V3,F22,18,1017,4026218,30,500,4,-10.394161382919824,-0.44933832522368744,-10.394161382919824,0.7800781999976607,PASS
V3,F22,17,1016,4026217,30,500,4,-10.402549425446752,-1.5765565707085023,-10.402549425446752,0.7932510999962687,PASS
V3,F22,19,1018,4026219,30,500,4,-10.384597227511893,-0.5128377893703403,-10.384597227511893,0.7216925999964587,PASS
V3,F22,22,1021,4026222,30,500,4,-10.396805287380438,-0.9797111395033686,-10.396805287380438,0.7194979000050807,PASS
V3,F22,21,1020,4026221,30,500,4,-10.398075926941669,-1.121161539213936,-10.398075926941669,0.7849986000073841,PASS
V3,F22,20,1019,4026220,30,500,4,-5.106688764079738,-0.5828681600134475,-5.106688764079738,0.821773799994844,PASS
V3,F22,23,1022,4026223,30,500,4,-5.126812487084918,-0.6086256797700836,-5.126812487084918,0.7792640999978175,PASS
V3,F22,24,1023,4026224,30,500,4,-10.402832488652301,-0.46854024723853555,-10.402832488652301,0.7983657000004314,PASS
V3,F22,25,1024,4026225,30,500,4,-10.382339648099613,-0.5048069121336105,-10.382339648099613,0.7870005000004312,PASS
V3,F22,26,1025,4026226,30,500,4,-5.08767040256558,-0.4813761157500475,-5.08767040256558,0.7882030999899143,PASS
V3,F22,27,1026,4026227,30,500,4,-10.402820995186794,-0.3899985277776262,-10.402820995186794,0.7769861000124365,PASS
V3,F22,30,1029,4026230,30,500,4,-10.397488780257289,-0.43985095714117073,-10.397488780257289,0.773737199997413,PASS
V3,F22,28,1027,4026228,30,500,4,-10.40213600504018,-0.7157489465814115,-10.40213600504018,0.807177499998943,PASS
V3,F22,29,1028,4026229,30,500,4,-10.401486030472618,-0.7171582833042149,-10.401486030472618,0.7919095000106608,PASS
V3,F23,4,1003,4026304,30,500,4,-10.536279202366446,-0.5565675694250592,-10.536279202366446,0.9248167000041576,PASS
V3,F23,1,1000,4026301,30,500,4,-10.536069622903003,-1.0238629556348218,-10.536069622903003,0.9609174999932293,PASS
V3,F23,3,1002,4026303,30,500,4,-5.128479918172554,-0.8164625137143151,-5.128479918172554,0.9387873999949079,PASS
V3,F23,2,1001,4026302,30,500,4,-10.525486309278877,-1.0008003304569233,-10.525486309278877,0.9961770000081742,PASS
V3,F23,5,1004,4026305,30,500,4,-10.534322918459512,-0.8454832942164738,-10.534322918459512,0.8981609000038588,PASS
V3,F23,8,1007,4026308,30,500,4,-10.531194501350171,-0.7874801856706389,-10.531194501350171,0.8852278999984264,PASS
V3,F23,6,1005,4026306,30,500,4,-10.526362537286609,-0.7414380430410371,-10.526362537286609,0.9458210000011604,PASS
V3,F23,7,1006,4026307,30,500,4,-10.53496511307944,-0.6872915656446693,-10.53496511307944,0.9538257999956841,PASS
V3,F23,10,1009,4026310,30,500,4,-10.536231252789872,-0.645758260380765,-10.536231252789872,0.8877102999977069,PASS
V3,F23,11,1010,4026311,30,500,4,-10.53475100793085,-0.4663841659661791,-10.53475100793085,0.8904678999970201,PASS
V3,F23,9,1008,4026309,30,500,4,-10.533616986048665,-0.5747711898984762,-10.533616986048665,0.9565666999988025,PASS
V3,F23,12,1011,4026312,30,500,4,-2.869808104429817,-0.823786750800087,-2.869808104429817,0.9648467999941204,PASS
V3,F23,13,1012,4026313,30,500,4,-10.517266076011486,-0.7770502763168828,-10.517266076011486,0.9109067000099458,PASS
V3,F23,15,1014,4026315,30,500,4,-10.520966247591302,-0.5002675730803412,-10.520966247591302,0.929675599996699,PASS
V3,F23,14,1013,4026314,30,500,4,-10.535854302979766,-1.0997090054454173,-10.535854302979766,0.9593083000072511,PASS
V3,F23,16,1015,4026316,30,500,4,-5.165852033030507,-0.9043428755262034,-5.165852033030507,0.9105413999932352,PASS
V3,F23,17,1016,4026317,30,500,4,-10.535933875344822,-1.7597194378362429,-10.535933875344822,1.159673100002692,PASS
V3,F23,18,1017,4026318,30,500,4,-10.536040971846836,-0.47569531546084826,-10.536040971846836,1.152102100008051,PASS
V3,F23,19,1018,4026319,30,500,4,-10.518008965336158,-0.5736082314038227,-10.518008965336158,1.169044100010069,PASS
V3,F23,20,1019,4026320,30,500,4,-5.153562557853562,-0.6308786806539844,-5.153562557853562,1.172236400001566,PASS
V3,F23,22,1021,4026322,30,500,4,-10.536237247351284,-1.0750391172262725,-10.536237247351284,1.000100300007034,PASS
V3,F23,21,1020,4026321,30,500,4,-10.531685776717604,-1.2125486530771716,-10.531685776717604,1.0368129999988014,PASS
V3,F23,24,1023,4026324,30,500,4,-2.8702070346331254,-0.7987194079905501,-2.8702070346331254,1.033782099999371,PASS
V3,F23,23,1022,4026323,30,500,4,-10.536091611257396,-0.7229501803676563,-10.536091611257396,1.0425022999988869,PASS
V3,F23,25,1024,4026325,30,500,4,-5.1750615767251595,-0.6700425911086935,-5.1750615767251595,1.0414027000078931,PASS
V3,F23,26,1025,4026326,30,500,4,-10.52347953081489,-0.6147683017235526,-10.52347953081489,1.00123869998788,PASS
V3,F23,28,1027,4026328,30,500,4,-10.535762069629431,-0.8946038920849877,-10.535762069629431,1.0055227000120794,PASS
V3,F23,27,1026,4026327,30,500,4,-5.170064939430506,-0.820457114634507,-5.170064939430506,1.0546438999881502,PASS
V3,F23,30,1029,4026330,30,500,4,-10.529524496039762,-0.5471043607426501,-10.529524496039762,1.1321443000051659,PASS
V3,F23,29,1028,4026329,30,500,4,-10.535328532337607,-0.8835439811854388,-10.535328532337607,1.1423183000006247,PASS
V4,F1,2,1001,4024102,30,500,30,0.0,70905.34012781148,0.0,2.219206199995824,PASS
V4,F1,1,1000,4024101,30,500,30,0.0,67810.20717660758,0.0,2.2924982999975327,PASS
V4,F1,5,1004,4024105,30,500,30,0.0,71494.67494006979,0.0,1.8640325000014855,PASS
V4,F1,4,1003,4024104,30,500,30,0.0,71067.53341075269,0.0,1.883993700001156,PASS
V4,F1,6,1005,4024106,30,500,30,0.0,68827.91056515143,0.0,1.8879138999909628,PASS
V4,F1,3,1002,4024103,30,500,30,0.0,71382.05725267014,0.0,1.9355351999984123,PASS
V4,F1,9,1008,4024109,30,500,30,0.0,70963.15903282672,0.0,2.163685000006808,PASS
V4,F1,7,1006,4024107,30,500,30,0.0,70203.2929860324,0.0,2.2125340000056894,PASS
V4,F1,8,1007,4024108,30,500,30,0.0,54060.05645133964,0.0,2.2644476999994367,PASS
V4,F1,10,1009,4024110,30,500,30,0.0,68415.51807348001,0.0,2.3037129000003915,PASS
V4,F1,12,1011,4024112,30,500,30,0.0,60211.88868860319,0.0,1.8118396000063512,PASS
V4,F1,13,1012,4024113,30,500,30,0.0,68582.22618939156,0.0,1.8608655000134604,PASS
V4,F1,14,1013,4024114,30,500,30,0.0,65644.03203813086,0.0,1.8818969999992987,PASS
V4,F1,11,1010,4024111,30,500,30,0.0,79775.6397390009,0.0,1.9267545999900904,PASS
V4,F1,15,1014,4024115,30,500,30,0.0,62548.52364809662,0.0,2.187308499997016,PASS
V4,F1,16,1015,4024116,30,500,30,0.0,60965.044173403294,0.0,2.244262299995171,PASS
V4,F1,18,1017,4024118,30,500,30,0.0,70498.00209305885,0.0,2.2765705000056187,PASS
V4,F1,17,1016,4024117,30,500,30,0.0,73040.90885855701,0.0,2.327505300010671,PASS
V4,F1,20,1019,4024120,30,500,30,0.0,78896.22221622002,0.0,1.7466380999976536,PASS
V4,F1,22,1021,4024122,30,500,30,0.0,64283.25200493102,0.0,1.762533800007077,PASS
V4,F1,19,1018,4024119,30,500,30,0.0,59692.16515890604,0.0,1.8077221999992616,PASS
V4,F1,21,1020,4024121,30,500,30,0.0,81948.70656934404,0.0,1.7834665999980643,PASS
V4,F1,23,1022,4024123,30,500,30,0.0,77870.80856837892,0.0,2.052403100009542,PASS
V4,F1,24,1023,4024124,30,500,30,0.0,72002.90593091116,0.0,2.05673170000955,PASS
V4,F1,25,1024,4024125,30,500,30,0.0,56336.5278763339,0.0,2.0817565000033937,PASS
V4,F1,26,1025,4024126,30,500,30,0.0,67654.2390610096,0.0,2.0960868999973172,PASS
V4,F1,27,1026,4024127,30,500,30,0.0,68127.13090112404,0.0,1.7519002000044566,PASS
V4,F1,28,1027,4024128,30,500,30,0.0,71281.47829858353,0.0,1.8001468000002205,PASS
V4,F1,29,1028,4024129,30,500,30,0.0,66088.0070704646,0.0,1.8103343000111636,PASS
V4,F1,30,1029,4024130,30,500,30,0.0,77096.69700709768,0.0,1.865714300001855,PASS
V4,F2,1,1000,4024201,30,500,30,0.0,360067002398.5346,0.0,2.1929868000006536,PASS
V4,F2,2,1001,4024202,30,500,30,0.0,1715602834860.7356,0.0,2.1582357000006596,PASS
V4,F2,4,1003,4024204,30,500,30,0.0,2634424742592.452,0.0,2.2247459999925923,PASS
V4,F2,3,1002,4024203,30,500,30,0.0,702308869043.374,0.0,2.285622700001113,PASS
V4,F2,6,1005,4024206,30,500,30,0.0,332841078922.353,0.0,1.7561096000135876,PASS
V4,F2,5,1004,4024205,30,500,30,0.0,2899651184.9231544,0.0,1.8242228000017349,PASS
V4,F2,7,1006,4024207,30,500,30,0.0,76547012233.40517,0.0,1.8329273000126705,PASS
V4,F2,8,1007,4024208,30,500,30,0.0,729704378291.7789,0.0,1.83609530000831,PASS
V4,F2,9,1008,4024209,30,500,30,0.0,26401294709.697582,0.0,2.0908347999938997,PASS
V4,F2,10,1009,4024210,30,500,30,0.0,713724413990.0226,0.0,2.0396851999976207,PASS
V4,F2,11,1010,4024211,30,500,30,0.0,80213629036800.12,0.0,2.0742417000001296,PASS
V4,F2,12,1011,4024212,30,500,30,0.0,39939133237.937126,0.0,2.074093199989875,PASS
V4,F2,13,1012,4024213,30,500,30,0.0,9593437258663.51,0.0,1.9481128999905195,PASS
V4,F2,14,1013,4024214,30,500,30,0.0,4038700082325.6636,0.0,1.959957700004452,PASS
V4,F2,16,1015,4024216,30,500,30,0.0,34707708682.06033,0.0,1.953651899995748,PASS
V4,F2,15,1014,4024215,30,500,30,0.0,22135772844271.426,0.0,1.9963025999895763,PASS
V4,F2,18,1017,4024218,30,500,30,0.0,2748969363192.687,0.0,2.070479300004081,PASS
V4,F2,19,1018,4024219,30,500,30,0.0,10392937112.024113,0.0,2.1327975999884075,PASS
V4,F2,17,1016,4024217,30,500,30,0.0,2021349198795.503,0.0,2.2015199000015855,PASS
V4,F2,20,1019,4024220,30,500,30,0.0,47711548051367.61,0.0,2.1854210999881616,PASS
V4,F2,21,1020,4024221,30,500,30,0.0,102707326348.72324,0.0,1.9443410000094445,PASS
V4,F2,24,1023,4024224,30,500,30,0.0,1339473094382.0034,0.0,1.9818544000008842,PASS
V4,F2,23,1022,4024223,30,500,30,0.0,155737363148.78427,0.0,1.9833001000079094,PASS
V4,F2,22,1021,4024222,30,500,30,0.0,7683677948828.628,0.0,1.986383499999647,PASS
V4,F2,26,1025,4024226,30,500,30,0.0,68338205734834.914,0.0,2.0795764999929816,PASS
V4,F2,25,1024,4024225,30,500,30,0.0,3865443685.5409384,0.0,2.1712235000013607,PASS
V4,F2,27,1026,4024227,30,500,30,0.0,67722205355.99468,0.0,2.1869776000094134,PASS
V4,F2,28,1027,4024228,30,500,30,0.0,3236421004233.4863,0.0,2.262434899996151,PASS
V4,F2,29,1028,4024229,30,500,30,0.0,3305236700.5331717,0.0,1.8186982000042917,PASS
V4,F3,1,1000,4024301,30,500,30,0.0,106811.1871437447,0.0,1.8966932999901474,PASS
V4,F2,30,1029,4024230,30,500,30,0.0,811737307015.2843,0.0,1.926271500007715,PASS
V4,F3,2,1001,4024302,30,500,30,0.0,228881.45062340857,0.0,1.9600250000075903,PASS
V4,F3,3,1002,4024303,30,500,30,0.0,132408.1368091635,0.0,2.1618012000108138,PASS
V4,F3,4,1003,4024304,30,500,30,0.0,252004.5370062454,0.0,2.169337600003928,PASS
V4,F3,5,1004,4024305,30,500,30,0.0,126006.68015739581,0.0,2.2068677000061143,PASS
V4,F3,6,1005,4024306,30,500,30,0.0,121185.1674532735,0.0,2.327779500003089,PASS
V4,F3,8,1007,4024308,30,500,30,0.0,192911.98136862018,0.0,1.8975618999975268,PASS
V4,F3,7,1006,4024307,30,500,30,0.0,133484.8315350889,0.0,1.9089834000042174,PASS
V4,F3,9,1008,4024309,30,500,30,0.0,135241.10379381198,0.0,1.9032671000022674,PASS
V4,F3,10,1009,4024310,30,500,30,0.0,107976.19188391927,0.0,1.9976693999924464,PASS
V4,F3,12,1011,4024312,30,500,30,0.0,137478.41138112583,0.0,2.166974499996286,PASS
V4,F3,11,1010,4024311,30,500,30,0.0,258402.473983956,0.0,2.197912899995572,PASS
V4,F3,13,1012,4024313,30,500,30,0.0,157787.82385873256,0.0,2.203824199998053,PASS
V4,F3,14,1013,4024314,30,500,30,0.0,166657.1711129854,0.0,2.2224128999951063,PASS
V4,F3,16,1015,4024316,30,500,30,0.0,294151.3375734341,0.0,1.776358799994341,PASS
V4,F3,18,1017,4024318,30,500,30,0.0,245433.61431170706,0.0,1.8156434999982594,PASS
V4,F3,15,1014,4024315,30,500,30,0.0,221992.0552764344,0.0,1.906649299999117,PASS
V4,F3,17,1016,4024317,30,500,30,0.0,119365.44128648656,0.0,1.9726246000063838,PASS
V4,F3,19,1018,4024319,30,500,30,0.0,244606.59772993292,0.0,2.10080790000211,PASS
V4,F3,21,1020,4024321,30,500,30,0.0,126211.38335020539,0.0,2.170932000008179,PASS
V4,F3,20,1019,4024320,30,500,30,0.0,161467.97997834763,0.0,2.2460984000063036,PASS
V4,F3,22,1021,4024322,30,500,30,0.0,135794.76099693272,0.0,2.2083982000040123,PASS
V4,F3,26,1025,4024326,30,500,30,0.0,123007.79353130393,0.0,1.812391800005571,PASS
V4,F3,25,1024,4024325,30,500,30,0.0,79356.08665120536,0.0,1.9121814999962226,PASS
V4,F3,24,1023,4024324,30,500,30,0.0,113871.83421879425,0.0,1.9327522000094177,PASS
V4,F3,23,1022,4024323,30,500,30,0.0,163245.37719853327,0.0,1.9590267000021413,PASS
V4,F3,27,1026,4024327,30,500,30,0.0,183635.15749931926,0.0,2.059482900003786,PASS
V4,F3,30,1029,4024330,30,500,30,0.0,90997.76111955676,0.0,2.0726367000024766,PASS
V4,F3,29,1028,4024329,30,500,30,0.0,171958.72311027217,0.0,2.1090881999989506,PASS
V4,F3,28,1027,4024328,30,500,30,0.0,131384.1741233503,0.0,2.1353740000049584,PASS
V4,F4,3,1002,4024403,30,500,30,0.0,90.93773968107635,0.0,1.8196042999916244,PASS
V4,F4,4,1003,4024404,30,500,30,0.0,90.05593850015435,0.0,1.8625194000051124,PASS
V4,F4,2,1001,4024402,30,500,30,0.0,88.23531594133786,0.0,1.8780746999982512,PASS
V4,F4,1,1000,4024401,30,500,30,0.0,89.41203274460929,0.0,1.9291998000117019,PASS
V4,F4,7,1006,4024407,30,500,30,0.0,89.67489840896681,0.0,2.024622899989481,PASS
V4,F4,5,1004,4024405,30,500,30,0.0,83.47974018645405,0.0,2.0968850000062957,PASS
V4,F4,6,1005,4024406,30,500,30,0.0,87.42803920060479,0.0,2.078660500003025,PASS
V4,F4,8,1007,4024408,30,500,30,0.0,88.56020743697258,0.0,2.0691336000018055,PASS
V4,F4,10,1009,4024410,30,500,30,0.0,88.62436437004385,0.0,1.7590845999948215,PASS
V4,F4,11,1010,4024411,30,500,30,0.0,82.14021784717164,0.0,1.7787005999998655,PASS
V4,F4,9,1008,4024409,30,500,30,0.0,90.98182394999645,0.0,1.8524712000071304,PASS
V4,F4,12,1011,4024412,30,500,30,0.0,87.6380567694806,0.0,1.8370072999969125,PASS
V4,F4,13,1012,4024413,30,500,30,0.0,81.54232198828862,0.0,2.514452600007644,PASS
V4,F4,14,1013,4024414,30,500,30,0.0,77.8379255985727,0.0,2.525071600000956,PASS
V4,F4,16,1015,4024416,30,500,30,0.0,89.52145242027729,0.0,2.5542688999994425,PASS
V4,F4,15,1014,4024415,30,500,30,0.0,77.5649543326395,0.0,2.57117220001237,PASS
V4,F4,17,1016,4024417,30,500,30,0.0,89.68075670875115,0.0,1.9092357000045013,PASS
V4,F4,19,1018,4024419,30,500,30,0.0,87.81454527863241,0.0,1.8803490000136662,PASS
V4,F4,18,1017,4024418,30,500,30,0.0,91.69265780583274,0.0,1.929681100009475,PASS
V4,F4,20,1019,4024420,30,500,30,0.0,89.14712458834947,0.0,1.9010698000056436,PASS
V4,F4,21,1020,4024421,30,500,30,0.0,93.48016114980666,0.0,2.140561499996693,PASS
V4,F4,23,1022,4024423,30,500,30,0.0,86.36772034124569,0.0,2.1384149999939837,PASS
V4,F4,24,1023,4024424,30,500,30,0.0,86.34666057993036,0.0,2.176883200008888,PASS
V4,F4,22,1021,4024422,30,500,30,0.0,90.86947090420732,0.0,2.2116740999917965,PASS
V4,F4,26,1025,4024426,30,500,30,0.0,92.17294370207554,0.0,1.7735232999984873,PASS
V4,F4,25,1024,4024425,30,500,30,0.0,83.43944699892515,0.0,1.797460499990848,PASS
V4,F4,27,1026,4024427,30,500,30,0.0,90.2554612114578,0.0,1.8020346999983303,PASS
V4,F4,28,1027,4024428,30,500,30,0.0,88.89385763229512,0.0,1.85520639999595,PASS
V4,F4,29,1028,4024429,30,500,30,0.0,88.97595126021793,0.0,2.024296100003994,PASS
V4,F4,30,1029,4024430,30,500,30,0.0,90.25056319313495,0.0,2.0726304999989225,PASS
V4,F5,2,1001,4024502,30,500,30,27.977878641696964,265509719.66763252,27.977878641696964,2.1585869999980787,PASS
V4,F5,1,1000,4024501,30,500,30,28.04816121141491,262803966.06144178,28.04816121141491,2.2568494000006467,PASS
V4,F5,3,1002,4024503,30,500,30,28.982489516414333,290152790.99322855,28.982489516414333,1.7728864999953657,PASS
V4,F5,4,1003,4024504,30,500,30,28.867523155921248,314425104.8265708,28.867523155921248,1.7791907000064384,PASS
V4,F5,5,1004,4024505,30,500,30,28.618093989211104,264814459.6730534,28.618093989211104,1.8409076999960234,PASS
V4,F5,6,1005,4024506,30,500,30,26.865712511926386,275607877.05815667,26.865712511926386,1.8822030000010272,PASS
V4,F5,8,1007,4024508,30,500,30,28.63331957463264,196990313.2842615,28.63331957463264,2.0187244999979157,PASS
V4,F5,7,1006,4024507,30,500,30,28.63190789324035,275703968.057919,28.63190789324035,2.102063599988469,PASS
V4,F5,9,1008,4024509,30,500,30,28.607787467169263,264277025.01725703,28.607787467169263,2.038870499993209,PASS
V4,F5,10,1009,4024510,30,500,30,27.88033423954713,275312500.08404154,27.88033423954713,2.108941500002402,PASS
V4,F5,12,1011,4024512,30,500,30,27.153571492259122,135783553.73670316,27.153571492259122,1.779791099994327,PASS
V4,F5,11,1010,4024511,30,500,30,26.98795165805666,311741780.6244718,26.98795165805666,1.9590920000046026,PASS
V4,F5,13,1012,4024513,30,500,30,28.7200734735854,223922765.9861003,28.7200734735854,1.9687969999940833,PASS
V4,F5,14,1013,4024514,30,500,30,28.988388789213875,198137301.02750832,28.988388789213875,2.0133252999949036,PASS
V4,F5,15,1014,4024515,30,500,30,27.161728940462105,199986599.631898,27.161728940462105,2.185321800003294,PASS
V4,F5,17,1016,4024517,30,500,30,27.974586289343772,267563143.6435758,27.974586289343772,2.25471120000293,PASS
V4,F5,16,1015,4024516,30,500,30,27.256004105910183,230963403.05164534,27.256004105910183,2.3967724999965867,PASS
V4,F5,18,1017,4024518,30,500,30,28.82429258009752,261605126.34257632,28.82429258009752,2.3293948999926215,PASS
V4,F5,19,1018,4024519,30,500,30,28.00721344235266,235011607.0552513,28.00721344235266,1.9609151999902679,PASS
V4,F5,20,1019,4024520,30,500,30,28.65159787689984,318067279.8984649,28.65159787689984,2.0216134000074817,PASS
V4,F5,22,1021,4024522,30,500,30,28.63566969073105,250438783.368967,28.63566969073105,1.9961303000018233,PASS
V4,F5,21,1020,4024521,30,500,30,27.099823258035684,320276562.2341088,27.099823258035684,2.0415108000015607,PASS
V4,F5,23,1022,4024523,30,500,30,28.003741935060027,224106822.12627918,28.003741935060027,2.2433339999988675,PASS
V4,F5,24,1023,4024524,30,500,30,27.972533399513473,272530389.63664186,27.972533399513473,2.187436499996693,PASS
V4,F5,25,1024,4024525,30,500,30,27.950016866237334,197086662.74910796,27.950016866237334,2.3041383999952814,PASS
V4,F5,26,1025,4024526,30,500,30,27.055224069616774,272825950.8696747,27.055224069616774,2.292601300010574,PASS
V4,F5,28,1027,4024528,30,500,30,28.845482156476223,306443111.17072505,28.845482156476223,1.8329660000017611,PASS
V4,F5,29,1028,4024529,30,500,30,27.22011497085047,254911291.89617184,27.22011497085047,1.8728367000003345,PASS
V4,F5,27,1026,4024527,30,500,30,27.992841662472035,289149958.1576517,27.992841662472035,1.9100147999997716,PASS
V4,F5,30,1029,4024530,30,500,30,28.85336821115525,297997041.8303026,28.85336821115525,1.918003700004192,PASS
V4,F6,1,1000,4024601,30,500,30,0.015021270098066652,67909.83159949695,0.015021270098066652,2.0265356000018073,PASS
V4,F6,2,1001,4024602,30,500,30,0.011038789924765452,70582.57089954114,0.011038789924765452,2.0476863000076264,PASS
V4,F6,3,1002,4024603,30,500,30,2.2931547196788094,71353.455751133,2.2931547196788094,2.05130539998936,PASS
V4,F6,4,1003,4024604,30,500,30,0.21042156260167136,71219.00386103941,0.21042156260167136,2.0334941999899456,PASS
V4,F6,5,1004,4024605,30,500,30,1.9416580383661224e-07,71208.03386246378,1.9416580383661224e-07,1.8774331000022357,PASS
V4,F6,6,1005,4024606,30,500,30,0.002410581260501218,68955.29999951718,0.002410581260501218,1.8826866000017617,PASS
V4,F6,8,1007,4024608,30,500,30,0.005850099631673702,54162.957873925516,0.005850099631673702,1.896992499998305,PASS
V4,F6,7,1006,4024607,30,500,30,0.25315494254494497,70011.4366295226,0.25315494254494497,1.9082652000070084,PASS
V4,F6,9,1008,4024609,30,500,30,2.2549896732210652,70501.21762803209,2.2549896732210652,2.038856900006067,PASS
V4,F6,12,1011,4024612,30,500,30,3.308154929419232,60343.443806650605,3.308154929419232,1.9884729000041261,PASS
V4,F6,10,1009,4024610,30,500,30,0.011618489394027438,68295.92181788973,0.011618489394027438,2.0441647000116063,PASS
V4,F6,11,1010,4024611,30,500,30,2.1046655227098925,79935.06488261481,2.1046655227098925,2.0456742999958806,PASS
V4,F6,14,1013,4024614,30,500,30,9.752039014832909e-05,66078.30058116298,9.752039014832909e-05,1.8702489999996033,PASS
V4,F6,15,1014,4024615,30,500,30,0.13359626671905614,62157.94499673396,0.13359626671905614,1.9034628000081284,PASS
V4,F6,13,1012,4024613,30,500,30,0.006683949003273577,68881.92519101789,0.006683949003273577,1.9974513000051957,PASS
V4,F6,16,1015,4024616,30,500,30,0.00011634337499677247,61089.234661411996,0.00011634337499677247,2.031435600001714,PASS
V4,F6,18,1017,4024618,30,500,30,3.0183251005267193,70606.59378046433,3.0183251005267193,2.136914800008526,PASS
V4,F6,17,1016,4024617,30,500,30,0.0006668875954772569,73031.55585073962,0.0006668875954772569,2.216847099989536,PASS
V4,F6,19,1018,4024619,30,500,30,3.262100676934296,59960.68287322056,3.262100676934296,2.293384100004914,PASS
V4,F6,20,1019,4024620,30,500,30,0.26601454552855003,79344.06586895653,0.26601454552855003,2.355110100004822,PASS
V4,F6,21,1020,4024621,30,500,30,3.5541925334316877,81635.30658606326,3.5541925334316877,1.8916215000062948,PASS
V4,F6,24,1023,4024624,30,500,30,0.22443052832746,72276.33926858637,0.22443052832746,1.8915738000068814,PASS
V4,F6,23,1022,4024623,30,500,30,2.988093009731925,78086.57507584567,2.988093009731925,1.9093182000069646,PASS
V4,F6,22,1021,4024622,30,500,30,0.23908223552809538,64215.54876603678,0.23908223552809538,1.930444700003136,PASS
V4,F6,27,1026,4024627,30,500,30,0.00022603080007161364,68320.91352360474,0.00022603080007161364,2.100718000001507,PASS
V4,F6,28,1027,4024628,30,500,30,0.0018582382232517065,71067.99746945646,0.0018582382232517065,2.165637700003572,PASS
V4,F6,25,1024,4024625,30,500,30,0.11866296621458533,56465.69237297281,0.11866296621458533,2.2194259999960195,PASS
V4,F6,26,1025,4024626,30,500,30,0.005529411839308737,67862.6591007802,0.005529411839308737,2.2049291000002995,PASS
V4,F6,30,1029,4024630,30,500,30,0.0015072016683047155,77102.38991476683,0.0015072016683047155,1.894377100004931,PASS
V4,F7,1,1000,4024701,30,500,30,9.45915362848826e-06,132.24256505296452,9.45915362848826e-06,1.9476797999959672,PASS
V4,F6,29,1028,4024629,30,500,30,0.05895206971151558,66095.4100418736,0.05895206971151558,1.9931971000041813,PASS
V4,F7,2,1001,4024702,30,500,30,6.837286203809079e-05,129.07738590868695,6.837286203809079e-05,1.9496856999903684,PASS
V4,F7,3,1002,4024703,30,500,30,1.6784381334677967e-05,106.8866083511403,1.6784381334677967e-05,2.3092232999915723,PASS
V4,F7,5,1004,4024705,30,500,30,0.0002432252979321925,128.77654886785405,0.0002432252979321925,2.2751146999944467,PASS
V4,F7,6,1005,4024706,30,500,30,0.0002044215615785161,95.90377798740067,0.0002044215615785161,2.3155802999972366,PASS
V4,F7,4,1003,4024704,30,500,30,7.080694142436172e-05,120.0123686763614,7.080694142436172e-05,2.371641699995962,PASS
V4,F7,7,1006,4024707,30,500,30,8.514306014872908e-05,109.43532753152996,8.514306014872908e-05,1.9255592000117758,PASS
V4,F7,8,1007,4024708,30,500,30,7.849740484988131e-05,89.84776718932376,7.849740484988131e-05,1.9324353999982122,PASS
V4,F7,9,1008,4024709,30,500,30,1.5447923321199042e-05,112.92200132609992,1.5447923321199042e-05,1.9429907000012463,PASS
V4,F7,10,1009,4024710,30,500,30,8.368433869609948e-05,124.61338032043707,8.368433869609948e-05,1.985642799991183,PASS
V4,F7,11,1010,4024711,30,500,30,0.00021914311776938256,145.50908467686799,0.00021914311776938256,2.2650525999924866,PASS
V4,F7,12,1011,4024712,30,500,30,0.00014672705711849156,88.02744560759177,0.00014672705711849156,2.32511560000421,PASS
V4,F7,14,1013,4024714,30,500,30,2.8207178147332538e-05,125.18640614897903,2.8207178147332538e-05,2.2989722000056645,PASS
V4,F7,13,1012,4024713,30,500,30,4.457786551659293e-05,109.2388515683827,4.457786551659293e-05,2.383283700008178,PASS
V4,F7,15,1014,4024715,30,500,30,4.9591094465339935e-06,99.80960290906447,4.9591094465339935e-06,1.8969312999979593,PASS
V4,F7,17,1016,4024717,30,500,30,0.00057313278933524,142.86321654785507,0.00057313278933524,1.892401000004611,PASS
V4,F7,18,1017,4024718,30,500,30,0.00021633445300472953,146.54341813360404,0.00021633445300472953,1.9103223999991314,PASS
V4,F7,16,1015,4024716,30,500,30,0.00014586593514698265,118.50476153098273,0.00014586593514698265,2.014322799994261,PASS
V4,F7,21,1020,4024721,30,500,30,7.261338490871516e-05,134.48686620550905,7.261338490871516e-05,2.306805499989423,PASS
V4,F7,19,1018,4024719,30,500,30,0.00021026431482795704,129.37924729813335,0.00021026431482795704,2.368785000013304,PASS
V4,F7,20,1019,4024720,30,500,30,2.5783503506016137e-05,134.11199381657298,2.5783503506016137e-05,2.378965600000811,PASS
V4,F7,22,1021,4024722,30,500,30,7.447946452421306e-05,97.89929812706661,7.447946452421306e-05,2.3924440999981016,PASS
V4,F7,23,1022,4024723,30,500,30,5.6976333538738544e-05,133.0436737145348,5.6976333538738544e-05,2.100111799998558,PASS
V4,F7,25,1024,4024725,30,500,30,0.00018987324554264884,105.12427574420931,0.00018987324554264884,2.1049311999959173,PASS
V4,F7,26,1025,4024726,30,500,30,6.071988832667685e-05,144.99096006092753,6.071988832667685e-05,2.1389628000033554,PASS
V4,F7,24,1023,4024724,30,500,30,0.00013413908657777807,134.83866130923477,0.00013413908657777807,2.142165400000522,PASS
V4,F7,27,1026,4024727,30,500,30,0.00019470491795281486,135.53438780914385,0.00019470491795281486,2.7517141999996966,PASS
V4,F7,29,1028,4024729,30,500,30,1.0751409406872803e-05,162.80296180734086,1.0751409406872803e-05,2.713397299987264,PASS
V4,F7,28,1027,4024728,30,500,30,3.238470623567746e-05,93.82607923366973,3.238470623567746e-05,2.7705879999994067,PASS
V4,F7,30,1029,4024730,30,500,30,0.000128178818000646,130.6949254804745,0.000128178818000646,2.74611590000859,PASS
V4,F8,2,1001,4024802,30,500,30,-5447.903279295003,-2690.889994276502,-5447.903279295003,1.9940796000009868,PASS
V4,F8,3,1002,4024803,30,500,30,-4288.84459480688,-1692.1826887752877,-4288.84459480688,2.0029478000069503,PASS
V4,F8,1,1000,4024801,30,500,30,-5937.475279762303,-2451.876014434408,-5937.475279762303,2.039738399995258,PASS
V4,F8,4,1003,4024804,30,500,30,-12148.651320557123,-2110.3517025625324,-12148.651320557123,2.033310499988147,PASS
V4,F8,5,1004,4024805,30,500,30,-5287.357636620658,-1605.4114947545195,-5287.357636620658,2.297695900007966,PASS
V4,F8,7,1006,4024807,30,500,30,-4946.546322194997,-1885.772866590057,-4946.546322194997,2.2759904000122333,PASS
V4,F8,8,1007,4024808,30,500,30,-8379.912882666587,-1726.090940377079,-8379.912882666587,2.2684294000064256,PASS
V4,F8,6,1005,4024806,30,500,30,-11789.947707082729,-3595.6367869269293,-11789.947707082729,2.3175527999992482,PASS
V4,F8,10,1009,4024810,30,500,30,-6036.965694459181,-2623.8232741546635,-6036.965694459181,1.9471418000030098,PASS
V4,F8,12,1011,4024812,30,500,30,-5067.330672956006,-2334.5511967809016,-5067.330672956006,1.9463364999974146,PASS
V4,F8,9,1008,4024809,30,500,30,-8904.151212791372,-2337.3316623373657,-8904.151212791372,1.9916212999960408,PASS
V4,F8,11,1010,4024811,30,500,30,-5408.971782118988,-1813.4049915384448,-5408.971782118988,1.9952692000078969,PASS
V4,F8,13,1012,4024813,30,500,30,-5408.08430273341,-2026.2048410858288,-5408.08430273341,2.250497600005474,PASS
V4,F8,16,1015,4024816,30,500,30,-5113.027811391625,-1774.4957618865303,-5113.027811391625,2.271349899994675,PASS
V4,F8,14,1013,4024814,30,500,30,-6314.009426094692,-1526.011739420307,-6314.009426094692,2.3412083000002895,PASS
V4,F8,15,1014,4024815,30,500,30,-8985.45805941166,-1577.9245638457974,-8985.45805941166,2.3665098999917973,PASS
V4,F8,20,1019,4024820,30,500,30,-8812.534390074536,-1937.2091609434265,-8812.534390074536,1.8569462000014028,PASS
V4,F8,17,1016,4024817,30,500,30,-12503.736738309759,-3022.774183385613,-12503.736738309759,1.9185487000067951,PASS
V4,F8,18,1017,4024818,30,500,30,-5057.702896867672,-1613.727286315913,-5057.702896867672,1.8939926000020932,PASS
V4,F8,19,1018,4024819,30,500,30,-5044.399674084362,-2231.4411955724777,-5044.399674084362,1.9078947999951197,PASS
V4,F8,21,1020,4024821,30,500,30,-5001.41034150526,-2248.510909834675,-5001.41034150526,2.2185212999902433,PASS
V4,F8,23,1022,4024823,30,500,30,-5311.529148840409,-2698.531601043908,-5311.529148840409,2.2376470000017434,PASS
V4,F8,22,1021,4024822,30,500,30,-6284.781203132474,-1439.3070195018026,-6284.781203132474,2.2490051000058884,PASS
V4,F8,24,1023,4024824,30,500,30,-5644.79960344193,-1788.751013337049,-5644.79960344193,2.329578999997466,PASS
V4,F8,25,1024,4024825,30,500,30,-9013.28902360385,-2207.6192588415524,-9013.28902360385,1.8390994999936083,PASS
V4,F8,26,1025,4024826,30,500,30,-8850.57832483098,-1895.6942306135086,-8850.57832483098,1.885164999999688,PASS
V4,F8,27,1026,4024827,30,500,30,-4469.146208605053,-1646.4051333176737,-4469.146208605053,1.9004122000042116,PASS
V4,F8,28,1027,4024828,30,500,30,-12565.106048738397,-1823.0140943969723,-12565.106048738397,1.9451790000020992,PASS
V4,F8,29,1028,4024829,30,500,30,-11063.532578914572,-1854.1744144476797,-11063.532578914572,2.1656615999963833,PASS
V4,F8,30,1029,4024830,30,500,30,-6659.829943334378,-1702.2535651780167,-6659.829943334378,2.2533261999924434,PASS
V4,F9,2,1001,4024902,30,500,30,0.0,384.5497490364953,0.0,2.285452099997201,PASS
V4,F9,1,1000,4024901,30,500,30,0.0,464.87493101018356,0.0,2.330328099997132,PASS
V4,F9,6,1005,4024906,30,500,30,0.0,439.91283939992803,0.0,1.8334025999938603,PASS
V4,F9,3,1002,4024903,30,500,30,0.0,424.39485150190137,0.0,1.876390099991113,PASS
V4,F9,5,1004,4024905,30,500,30,0.0,448.7388944016657,0.0,1.8931000000011409,PASS
V4,F9,4,1003,4024904,30,500,30,0.0,439.61790434394305,0.0,1.9127606999973068,PASS
V4,F9,7,1006,4024907,30,500,30,0.0,431.59183701137,0.0,2.175948199990671,PASS
V4,F9,8,1007,4024908,30,500,30,0.0,365.8391088248434,0.0,2.2340737000049558,PASS
V4,F9,10,1009,4024910,30,500,30,0.0,467.3571333335915,0.0,2.2375954000017373,PASS
V4,F9,9,1008,4024909,30,500,30,0.0,448.1773913088544,0.0,2.2565297999972245,PASS
V4,F9,13,1012,4024913,30,500,30,0.0,434.02220260833974,0.0,1.8235314000048675,PASS
V4,F9,14,1013,4024914,30,500,30,0.0,440.91474681676505,0.0,1.883500299998559,PASS
V4,F9,12,1011,4024912,30,500,30,0.0,441.073286920272,0.0,1.9037950000056298,PASS
V4,F9,11,1010,4024911,30,500,30,0.0,447.2888938374598,0.0,1.9168246999906842,PASS
V4,F9,15,1014,4024915,30,500,30,0.0,466.36406583587524,0.0,2.242135899999994,PASS
V4,F9,16,1015,4024916,30,500,30,0.0,433.86281469045554,0.0,2.2827040999982273,PASS
V4,F9,18,1017,4024918,30,500,30,0.0,469.76371664050794,0.0,2.271674299990991,PASS
V4,F9,17,1016,4024917,30,500,30,0.0,422.02779107708176,0.0,2.311337999999523,PASS
V4,F9,19,1018,4024919,30,500,30,0.0,414.6138424388559,0.0,1.788468800004921,PASS
V4,F9,20,1019,4024920,30,500,30,0.0,458.030531975015,0.0,1.8070439000002807,PASS
V4,F9,22,1021,4024922,30,500,30,0.0,441.34049530442945,0.0,1.812050900000031,PASS
V4,F9,21,1020,4024921,30,500,30,0.0,465.26417440798247,0.0,1.9113773999997647,PASS
V4,F9,23,1022,4024923,30,500,30,0.0,446.64097601097,0.0,2.212281100000837,PASS
V4,F9,25,1024,4024925,30,500,30,0.0,408.9701533118642,0.0,2.1872672000026796,PASS
V4,F9,24,1023,4024924,30,500,30,0.0,433.79837842386155,0.0,2.2811779999901773,PASS
V4,F9,26,1025,4024926,30,500,30,0.0,473.6616560879741,0.0,2.275144300001557,PASS
V4,F9,28,1027,4024928,30,500,30,0.0,447.3494195224039,0.0,1.815424799991888,PASS
V4,F9,27,1026,4024927,30,500,30,0.0,446.03906557516507,0.0,1.8832945000031032,PASS
V4,F9,29,1028,4024929,30,500,30,0.0,455.002187468864,0.0,1.8762076999992132,PASS
V4,F9,30,1029,4024930,30,500,30,0.0,479.83128968283097,0.0,1.8839975000009872,PASS
V4,F10,1,1000,4025001,30,500,30,4.440892098500626e-16,20.764880617738655,4.440892098500626e-16,2.3053832999867154,PASS
V4,F10,3,1002,4025003,30,500,30,4.440892098500626e-16,20.70259726914545,4.440892098500626e-16,2.2826755000132835,PASS
V4,F10,2,1001,4025002,30,500,30,4.440892098500626e-16,20.80923383013385,4.440892098500626e-16,2.3177723999979207,PASS
V4,F10,4,1003,4025004,30,500,30,4.440892098500626e-16,20.685941618453114,4.440892098500626e-16,2.3616946000111056,PASS
V4,F10,5,1004,4025005,30,500,30,4.440892098500626e-16,20.753180108678922,4.440892098500626e-16,1.8803621000115527,PASS
V4,F10,6,1005,4025006,30,500,30,4.440892098500626e-16,20.739339682394206,4.440892098500626e-16,1.8948279999895021,PASS
V4,F10,7,1006,4025007,30,500,30,4.440892098500626e-16,20.677331650145728,4.440892098500626e-16,1.894290500000352,PASS
V4,F10,8,1007,4025008,30,500,30,4.440892098500626e-16,20.30938002246911,4.440892098500626e-16,1.9314663999975892,PASS
V4,F10,11,1010,4025011,30,500,30,4.440892098500626e-16,20.873205110265417,4.440892098500626e-16,2.256909000003361,PASS
V4,F10,10,1009,4025010,30,500,30,4.440892098500626e-16,20.764014980012245,4.440892098500626e-16,2.28203649999341,PASS
V4,F10,12,1011,4025012,30,500,30,4.440892098500626e-16,20.569830881242734,4.440892098500626e-16,2.2867511000076775,PASS
V4,F10,9,1008,4025009,30,500,30,4.440892098500626e-16,20.6623323028609,4.440892098500626e-16,2.3798717000026954,PASS
V4,F10,14,1013,4025014,30,500,30,4.440892098500626e-16,20.669354202190537,4.440892098500626e-16,1.867073799992795,PASS
V4,F10,13,1012,4025013,30,500,30,4.440892098500626e-16,20.566750205953976,4.440892098500626e-16,1.9242001000093296,PASS
V4,F10,16,1015,4025016,30,500,30,4.440892098500626e-16,20.64013873956227,4.440892098500626e-16,1.9647394999919925,PASS
V4,F10,15,1014,4025015,30,500,30,4.440892098500626e-16,20.49068213407767,4.440892098500626e-16,1.9795211999880848,PASS
V4,F10,17,1016,4025017,30,500,30,4.440892098500626e-16,20.795292196710726,4.440892098500626e-16,2.201516000000993,PASS
V4,F10,18,1017,4025018,30,500,30,4.440892098500626e-16,20.8269336510937,4.440892098500626e-16,2.2507484999950975,PASS
V4,F10,19,1018,4025019,30,500,30,4.440892098500626e-16,20.287777247273507,4.440892098500626e-16,2.313264700002037,PASS
V4,F10,20,1019,4025020,30,500,30,4.440892098500626e-16,20.753576885043977,4.440892098500626e-16,2.3294794999965234,PASS
V4,F10,21,1020,4025021,30,500,30,4.440892098500626e-16,20.886822358893582,4.440892098500626e-16,1.8341099999961443,PASS
V4,F10,22,1021,4025022,30,500,30,4.440892098500626e-16,20.583645012836215,4.440892098500626e-16,1.8662876000016695,PASS
V4,F10,24,1023,4025024,30,500,30,4.440892098500626e-16,20.702337522964704,4.440892098500626e-16,1.9201226999866776,PASS
V4,F10,23,1022,4025023,30,500,30,4.440892098500626e-16,20.933352404055416,4.440892098500626e-16,1.9486230000038631,PASS
V4,F10,25,1024,4025025,30,500,30,4.440892098500626e-16,20.640145513776236,4.440892098500626e-16,2.2904663999943295,PASS
V4,F10,26,1025,4025026,30,500,30,4.440892098500626e-16,20.66064456706877,4.440892098500626e-16,2.262439500002074,PASS
V4,F10,27,1026,4025027,30,500,30,4.440892098500626e-16,20.70523141613285,4.440892098500626e-16,2.3474639000050956,PASS
V4,F10,28,1027,4025028,30,500,30,4.440892098500626e-16,20.792506436353648,4.440892098500626e-16,2.356265700000222,PASS
V4,F11,1,1000,4025101,30,500,30,0.0,611.291864520307,0.0,1.8772403000039048,PASS
V4,F10,30,1029,4025030,30,500,30,4.440892098500626e-16,20.847870698067215,4.440892098500626e-16,1.9013372999907006,PASS
V4,F10,29,1028,4025029,30,500,30,4.440892098500626e-16,20.542581961741753,4.440892098500626e-16,1.936290800003917,PASS
V4,F11,2,1001,4025102,30,500,30,0.0,639.1480611503106,0.0,1.9086491000052774,PASS
V4,F11,5,1004,4025105,30,500,30,0.0,644.4520744510511,0.0,2.496454799998901,PASS
V4,F11,4,1003,4025104,30,500,30,0.0,640.6078006974948,0.0,2.518574899993837,PASS
V4,F11,6,1005,4025106,30,500,30,0.0,620.4511952126913,0.0,2.5704442000132985,PASS
V4,F11,3,1002,4025103,30,500,30,0.0,643.4385152741779,0.0,2.6108677000011085,PASS
V4,F11,8,1007,4025108,30,500,30,0.0,487.5405080335636,0.0,2.083026599997538,PASS
V4,F11,9,1008,4025109,30,500,30,0.0,639.6684312970408,0.0,2.089942099992186,PASS
V4,F11,7,1006,4025107,30,500,30,0.0,632.8296368484805,0.0,2.1314204999944195,PASS
V4,F11,10,1009,4025110,30,500,30,0.0,616.7396630786404,0.0,2.1072667999978876,PASS
V4,F11,13,1012,4025113,30,500,30,0.0,618.2400358748203,0.0,2.418885399994906,PASS
V4,F11,12,1011,4025112,30,500,30,0.0,542.9069981974286,0.0,2.456640899996273,PASS
V4,F11,14,1013,4025114,30,500,30,0.0,591.7962883432442,0.0,2.4590050999977393,PASS
V4,F11,11,1010,4025111,30,500,30,0.0,718.9807578130838,0.0,2.5054785999964224,PASS
V4,F11,18,1017,4025118,30,500,30,0.0,635.4820188150104,0.0,1.9015420999930939,PASS
V4,F11,17,1016,4025117,30,500,30,0.0,658.3681797175631,0.0,1.911068699992029,PASS
V4,F11,16,1015,4025116,30,500,30,0.0,549.6853975606296,0.0,1.9284434000001056,PASS
V4,F11,15,1014,4025115,30,500,30,0.0,563.9367128903148,0.0,2.00553399999626,PASS
V4,F11,19,1018,4025119,30,500,30,0.0,538.2294864301934,0.0,2.3625695000082487,PASS
V4,F11,21,1020,4025121,30,500,30,0.0,738.5383591240958,0.0,2.3860344999993686,PASS
V4,F11,20,1019,4025120,30,500,30,0.0,711.0659999459813,0.0,2.430161099997349,PASS
V4,F11,22,1021,4025122,30,500,30,0.0,579.5492680434852,0.0,2.383785900005023,PASS
V4,F11,24,1023,4025124,30,500,30,0.0,649.0261533705124,0.0,1.9093988999957219,PASS
V4,F11,23,1022,4025123,30,500,30,0.0,701.8372771154101,0.0,1.9464196999906562,PASS
V4,F11,25,1024,4025125,30,500,30,0.0,508.02875095473263,0.0,1.9777360999869416,PASS
V4,F11,26,1025,4025126,30,500,30,0.0,609.8881515490872,0.0,2.0607375999970827,PASS
V4,F11,28,1027,4025128,30,500,30,0.0,642.5333046872523,0.0,2.2485328000038862,PASS
V4,F11,29,1028,4025129,30,500,30,0.0,595.7920700073693,0.0,2.288459999996121,PASS
V4,F11,27,1026,4025127,30,500,30,0.0,614.144178110117,0.0,2.3647155000071507,PASS
V4,F11,30,1029,4025130,30,500,30,0.0,694.8702724214163,0.0,2.348495799989905,PASS
V4,F12,1,1000,4025201,30,500,30,2.8743274324284785e-06,577094378.3389748,2.8743274324284785e-06,2.0812750999903074,PASS
V4,F12,2,1001,4025202,30,500,30,8.285761627606873e-07,579099359.0880492,8.285761627606873e-07,2.1347421999962535,PASS
V4,F12,4,1003,4025204,30,500,30,0.5774535816046803,756082758.900649,0.5774535816046803,2.1939674000022933,PASS
V4,F12,3,1002,4025203,30,500,30,0.27420267024467676,677755348.7064486,0.27420267024467676,2.2982220000121742,PASS
V4,F12,5,1004,4025205,30,500,30,8.620075391621825e-08,600899121.4082001,8.620075391621825e-08,2.5527495999995153,PASS
V4,F12,7,1006,4025207,30,500,30,4.2271437605619444e-08,669437325.0641034,4.2271437605619444e-08,2.515262000000803,PASS
V4,F12,8,1007,4025208,30,500,30,0.3300816448364489,465147296.24454856,0.3300816448364489,2.4924714999942807,PASS
V4,F12,6,1005,4025206,30,500,30,0.6946486976434907,613687382.5306401,0.6946486976434907,2.6852228000061586,PASS
V4,F12,12,1011,4025212,30,500,30,1.0621839328044578e-07,354312759.8973637,1.0621839328044578e-07,2.0840113000012934,PASS
V4,F12,10,1009,4025210,30,500,30,2.0915414266556526e-06,608345809.8432229,2.0915414266556526e-06,2.172656399998232,PASS
V4,F12,9,1008,4025209,30,500,30,2.1776110429554278e-08,673649374.2265142,2.1776110429554278e-08,2.2315678000013577,PASS
V4,F12,11,1010,4025211,30,500,30,0.30336201547053426,673700231.5011019,0.30336201547053426,2.2380867000028957,PASS
V4,F12,15,1014,4025215,30,500,30,5.95475401988574e-07,377991105.0550389,5.95475401988574e-07,2.5762463999999454,PASS
V4,F12,13,1012,4025213,30,500,30,0.9637660303124618,409264261.74945426,0.9637660303124618,2.713431299998774,PASS
V4,F12,14,1013,4025214,30,500,30,7.986334861601649e-08,375026164.7994268,7.986334861601649e-08,2.6319235999981174,PASS
V4,F12,16,1015,4025216,30,500,30,1.5286278710842237e-07,518663474.82455194,1.5286278710842237e-07,2.607376899992232,PASS
V4,F12,20,1019,4025220,30,500,30,5.313481540394757e-07,746482921.424925,5.313481540394757e-07,2.125034799988498,PASS
V4,F12,19,1018,4025219,30,500,30,1.2894817747567328e-08,493317185.6586725,1.2894817747567328e-08,2.137345600000117,PASS
V4,F12,17,1016,4025217,30,500,30,1.2407647651461456e-06,602516388.8524432,1.2407647651461456e-06,2.225168799996027,PASS
V4,F12,18,1017,4025218,30,500,30,0.6866268469396685,678910232.0700809,0.6866268469396685,2.279145399996196,PASS
V4,F12,22,1021,4025222,30,500,30,1.845559882365998e-07,566705999.5069873,1.845559882365998e-07,2.6255994999955874,PASS
V4,F12,21,1020,4025221,30,500,30,7.053258843651769e-08,779891967.4951634,7.053258843651769e-08,2.6613601999997627,PASS
V4,F12,23,1022,4025223,30,500,30,7.6851204762088e-08,527674663.0350982,7.6851204762088e-08,2.6743658000050345,PASS
V4,F12,24,1023,4025224,30,500,30,3.6824287735490244e-12,557034073.9341952,3.6824287735490244e-12,2.6942457999975886,PASS
V4,F12,26,1025,4025226,30,500,30,2.6481229064498626e-07,655610836.8316754,2.6481229064498626e-07,2.036413800000446,PASS
V4,F12,25,1024,4025225,30,500,30,9.131264294520037e-07,459268027.30294675,9.131264294520037e-07,2.0778924000042025,PASS
V4,F12,27,1026,4025227,30,500,30,1.906176557285016e-08,688380987.7444726,1.906176557285016e-08,2.1117457000073045,PASS
V4,F12,28,1027,4025228,30,500,30,1.3643042195820714,735612073.6667887,1.3643042195820714,2.2064110999926925,PASS
V4,F12,29,1028,4025229,30,500,30,2.247913254144803e-07,694579575.2440028,2.247913254144803e-07,2.320395400005509,PASS
V4,F13,1,1000,4025301,30,500,30,1.6800861859687511e-06,1121540604.907016,1.6800861859687511e-06,2.340279500000179,PASS
V4,F12,30,1029,4025230,30,500,30,1.9039035107541084e-07,638200031.739138,1.9039035107541084e-07,2.4578273000079207,PASS
V4,F13,2,1001,4025302,30,500,30,1.8183369348366734,1134393402.9122756,1.8183369348366734,2.38064819999272,PASS
V4,F13,3,1002,4025303,30,500,30,9.071942636661463e-07,1279263460.7598147,9.071942636661463e-07,2.0100849000009475,PASS
V4,F13,6,1005,4025306,30,500,30,1.9970370640298942,1181621324.1665757,1.9970370640298942,2.153887799999211,PASS
V4,F13,4,1003,4025304,30,500,30,0.10193932432489941,1409943019.8603163,0.10193932432489941,2.1792456000111997,PASS
V4,F13,5,1004,4025305,30,500,30,1.896959506408704,1170689608.5516968,1.896959506408704,2.193923500002711,PASS
V4,F13,7,1006,4025307,30,500,30,2.1876060093795515,1268983075.2778127,2.1876060093795515,2.471514399992884,PASS
V4,F13,10,1009,4025310,30,500,30,1.8328198724270128,1170491781.6147819,1.8328198724270128,2.538835500003188,PASS
V4,F13,8,1007,4025308,30,500,30,0.2969750906233532,878154019.7635087,0.2969750906233532,2.594064700009767,PASS
V4,F13,9,1008,4025309,30,500,30,0.1094248888514158,1296042042.9580178,0.1094248888514158,2.610487700003432,PASS
V4,F13,14,1013,4025314,30,500,30,1.669158587251713e-07,813623365.5838884,1.669158587251713e-07,2.0154677999962587,PASS
V4,F13,12,1011,4025312,30,500,30,0.33091175771129944,746217004.1348709,0.33091175771129944,2.0600388000020757,PASS
V4,F13,13,1012,4025313,30,500,30,0.30863845861805395,902489281.0803057,0.30863845861805395,2.1232198999932734,PASS
V4,F13,11,1010,4025311,30,500,30,1.44324307742254e-05,1334005063.226532,1.44324307742254e-05,2.1560919000039576,PASS
V4,F13,15,1014,4025315,30,500,30,3.6760360063295432e-06,781768070.7565104,3.6760360063295432e-06,2.4176606999972137,PASS
V4,F13,18,1017,4025318,30,500,30,2.136282322582361,1270309810.4932654,2.136282322582361,2.4138250000105472,PASS
V4,F13,17,1016,4025317,30,500,30,2.595093555878687,1200343935.016167,2.595093555878687,2.4599989999987883,PASS
V4,F13,16,1015,4025316,30,500,30,2.062711527915774,992639751.8319389,2.062711527915774,2.570017899997765,PASS
V4,F13,20,1019,4025320,30,500,30,2.165778340885782,1427951455.304063,2.165778340885782,2.0712034000025596,PASS
V4,F13,22,1021,4025322,30,500,30,0.31789973305828306,1071852585.7528108,0.31789973305828306,2.0744549999944866,PASS
V4,F13,21,1020,4025321,30,500,30,0.41197558856751987,1481567387.8877292,0.41197558856751987,2.088879100003396,PASS
V4,F13,19,1018,4025319,30,500,30,1.4048696992471525,985279769.8708252,1.4048696992471525,2.20482389999961,PASS
V4,F13,25,1024,4025325,30,500,30,2.606817083526717,881544869.6646192,2.606817083526717,2.4189173999911873,PASS
V4,F13,24,1023,4025324,30,500,30,2.0717437155876843,1128834171.694078,2.0717437155876843,2.4658289999933913,PASS
V4,F13,23,1022,4025323,30,500,30,0.22859325739286485,1057814591.9376878,0.22859325739286485,2.484253799993894,PASS
V4,F13,26,1025,4025326,30,500,30,1.7133749349933915e-06,1213450885.258651,1.7133749349933915e-06,2.409523700000136,PASS
V4,F13,27,1026,4025327,30,500,30,1.7609287970073628,1309554648.9066305,1.7609287970073628,1.9925208000058774,PASS
V4,F13,29,1028,4025329,30,500,30,7.385079300360001e-06,1284594344.47724,7.385079300360001e-06,2.0358435999951325,PASS
V4,F13,30,1029,4025330,30,500,30,2.1075110303994213,1261783528.6462915,2.1075110303994213,2.147379899994121,PASS
V4,F13,28,1027,4025328,30,500,30,2.1172622347458303e-06,1357932319.8784873,2.1172622347458303e-06,2.2042269999947166,PASS
V4,F14,1,1000,4025401,30,500,2,2.982105156816738,473.71847520737606,2.982105156816738,0.503632000007201,PASS
V4,F14,2,1001,4025402,30,500,2,0.998003837794667,20.799965995968776,0.998003837794667,0.5075711999961641,PASS
V4,F14,3,1002,4025403,30,500,2,2.9821051568176546,7.856359089361977,2.9821051568176546,0.5004753999965033,PASS
V4,F14,4,1003,4025404,30,500,2,2.9821051568246366,7.991839953168932,2.9821051568246366,0.5395041000010679,PASS
V4,F14,5,1004,4025405,30,500,2,0.9980038387471544,24.322820508421295,0.9980038387471544,0.5246858000027714,PASS
V4,F14,6,1005,4025406,30,500,2,2.982105156816717,90.7409532963287,2.982105156816717,0.5405501000059303,PASS
V4,F14,8,1007,4025408,30,500,2,12.670505811135618,21.481362099196957,12.670505811135618,0.5468434999929741,PASS
V4,F14,7,1006,4025407,30,500,2,0.9980038379879032,16.2842641081014,0.9980038379879032,0.5554044000018621,PASS
V4,F14,9,1008,4025409,30,500,2,0.9980038378863673,480.050865101365,0.9980038378863673,0.4661008999974001,PASS
V4,F14,11,1010,4025411,30,500,2,2.982105156816883,115.8570972449099,2.982105156816883,0.4889738999918336,PASS
V4,F14,10,1009,4025410,30,500,2,2.9821051568328962,15.108117071694181,2.9821051568328962,0.5101519000018016,PASS
V4,F14,12,1011,4025412,30,500,2,0.9980038378445133,16.441007314171465,0.9980038378445133,0.5013460999907693,PASS
V4,F14,13,1012,4025413,30,500,2,2.9821051568190096,16.402755922508554,2.9821051568190096,0.5240763999900082,PASS
V4,F14,15,1014,4025415,30,500,2,0.9980038377947824,65.35361146386387,0.9980038377947824,0.5334967999951914,PASS
V4,F14,14,1013,4025414,30,500,2,12.670505811135614,73.97889205821518,12.670505811135614,0.5398996999865631,PASS
V4,F14,16,1015,4025416,30,500,2,0.9980038377952049,17.659718800789545,0.9980038377952049,0.5282511999976123,PASS
V4,F14,19,1018,4025419,30,500,2,0.9980038377944699,2.286243956447089,0.9980038377944699,0.49863649999315385,PASS
V4,F14,18,1017,4025418,30,500,2,0.9980038381088846,237.59430741100795,0.9980038381088846,0.5092710000026273,PASS
V4,F14,17,1016,4025417,30,500,2,0.9980038378430655,438.10288921782666,0.9980038378430655,0.5399725000024773,PASS
V4,F14,20,1019,4025420,30,500,2,2.982105156818721,179.17713904158902,2.982105156818721,0.5213812000001781,PASS
V4,F14,22,1021,4025422,30,500,2,0.9980038378006971,29.199725330593285,0.9980038378006971,0.5901047000079416,PASS
V4,F14,21,1020,4025421,30,500,2,2.9821051568443537,87.51907188492201,2.9821051568443537,0.6016971000062767,PASS
V4,F14,24,1023,4025424,30,500,2,0.9980038378025431,294.0509123316119,0.9980038378025431,0.5755224000022281,PASS
V4,F14,23,1022,4025423,30,500,2,2.9821051568172536,9.804625661988586,2.9821051568172536,0.593633199998294,PASS
V4,F14,27,1026,4025427,30,500,2,2.982105156827297,337.8200873186404,2.982105156827297,0.5527914999984205,PASS
V4,F14,26,1025,4025426,30,500,2,0.998003837933017,421.40232505995556,0.998003837933017,0.5773802000039723,PASS
V4,F14,25,1024,4025425,30,500,2,12.670505811135614,320.00268640700443,12.670505811135614,0.5799624000064796,PASS
V4,F14,28,1027,4025428,30,500,2,0.9980038378279421,160.2537413920019,0.9980038378279421,0.5758905999973649,PASS
V4,F14,29,1028,4025429,30,500,2,0.9980038378460568,2.3576554955050417,0.9980038378460568,0.5791919999901438,PASS
V4,F15,1,1000,4025501,30,500,4,0.00030772044288205285,0.30191456608898665,0.00030772044288205285,0.5516394000005675,PASS
V4,F15,2,1001,4025502,30,500,4,0.00032656502761956393,1.2717309895536486,0.00032656502761956393,0.5526948000042466,PASS
V4,F14,30,1029,4025430,30,500,2,0.9980038378930944,15.999537865751927,0.9980038378930944,0.5648636999976588,PASS
V4,F15,4,1003,4025504,30,500,4,0.00030968441628214077,0.1609090192272938,0.00030968441628214077,0.5130714000115404,PASS
V4,F15,5,1004,4025505,30,500,4,0.0003131859250825312,0.12948702495992004,0.0003131859250825312,0.525991200003773,PASS
V4,F15,3,1002,4025503,30,500,4,0.0003562550270889023,0.3644888722730511,0.0003562550270889023,0.5528399999893736,PASS
V4,F15,6,1005,4025506,30,500,4,0.0003608171412799101,0.12186464086944875,0.0003608171412799101,0.5460484000068391,PASS
V4,F15,7,1006,4025507,30,500,4,0.0003091312208013847,0.12363760498402297,0.0003091312208013847,0.559171700006118,PASS
V4,F15,10,1009,4025510,30,500,4,0.00036882971794565067,0.13877679138861554,0.00036882971794565067,0.5291059000010137,PASS
V4,F15,9,1008,4025509,30,500,4,0.0003115732569121597,2.2394826617102606,0.0003115732569121597,0.5449845999974059,PASS
V4,F15,8,1007,4025508,30,500,4,0.00035939596288722827,0.09018764359449179,0.00035939596288722827,0.6036600999941584,PASS
V4,F15,12,1011,4025512,30,500,4,0.00031274625369031244,0.23498015533649527,0.00031274625369031244,0.5154351000091992,PASS
V4,F15,11,1010,4025511,30,500,4,0.0003108064351900521,0.03239128528085753,0.0003108064351900521,0.5297492999961833,PASS
V4,F15,14,1013,4025514,30,500,4,0.00031610947974194454,0.1598298890496266,0.00031610947974194454,0.5041855000017677,PASS
V4,F15,13,1012,4025513,30,500,4,0.00033275271331803313,0.1306304824855118,0.00033275271331803313,0.540323699999135,PASS
V4,F15,15,1014,4025515,30,500,4,0.00031413047905535683,0.10205617825736528,0.00031413047905535683,0.5403181000001496,PASS
V4,F15,18,1017,4025518,30,500,4,0.00035236640093326424,0.14977648977909336,0.00035236640093326424,0.5277370999974664,PASS
V4,F15,16,1015,4025516,30,500,4,0.0003291392700156472,2.092356457574675,0.0003291392700156472,0.5436233999935212,PASS
V4,F15,17,1016,4025517,30,500,4,0.0003137124744467121,0.2605680364275185,0.0003137124744467121,0.5493806000013137,PASS
V4,F15,19,1018,4025519,30,500,4,0.00031281458342348147,0.1985628632680977,0.00031281458342348147,0.4929596000001766,PASS
V4,F15,21,1020,4025521,30,500,4,0.00031139771707646455,0.4954470688391197,0.00031139771707646455,0.4887979000050109,PASS
V4,F15,20,1019,4025520,30,500,4,0.00032290836710674854,0.1359115073620081,0.00032290836710674854,0.5135141999926418,PASS
V4,F15,22,1021,4025522,30,500,4,0.000356496596498192,0.5524050984541609,0.000356496596498192,0.5153304999985266,PASS
V4,F15,23,1022,4025523,30,500,4,0.00034967821855042626,0.29407409982959576,0.00034967821855042626,0.46424970000225585,PASS
V4,F15,24,1023,4025524,30,500,4,0.0003432210489145465,0.298411205199563,0.0003432210489145465,0.4895705000089947,PASS
V4,F15,26,1025,4025526,30,500,4,0.0003163962000528767,0.2996859951874783,0.0003163962000528767,0.48494449999998324,PASS
V4,F15,25,1024,4025525,30,500,4,0.0003195458140808442,0.054825133501047195,0.0003195458140808442,0.49151480000000447,PASS
V4,F15,27,1026,4025527,30,500,4,0.0003274795335187727,0.08376195205332174,0.0003274795335187727,0.47204059999785386,PASS
V4,F15,29,1028,4025529,30,500,4,0.0003637068706561721,0.08098779060507648,0.0003637068706561721,0.4577426000032574,PASS
V4,F15,28,1027,4025528,30,500,4,0.00031801525816157344,0.03968409975464774,0.00031801525816157344,0.48101250000763685,PASS
V4,F15,30,1029,4025530,30,500,4,0.00031732744568485096,0.14413165160408462,0.00031732744568485096,0.4972672000003513,PASS
V4,F16,2,1001,4025602,30,500,2,-1.0316284132703994,-0.027012733357646004,-1.0316284132703994,0.22908319999987725,PASS
V4,F16,1,1000,4025601,30,500,2,-1.0316284522914367,2.181179457071373,-1.0316284522914367,0.2617801000014879,PASS
V4,F16,3,1002,4025603,30,500,2,-1.0316282210979788,0.7607607404739891,-1.0316282210979788,0.2565603000111878,PASS
V4,F16,4,1003,4025604,30,500,2,-1.0316284348838172,-0.39997849461446167,-1.0316284348838172,0.2669612000026973,PASS
V4,F16,5,1004,4025605,30,500,2,-1.0316284511564753,-0.170143036311162,-1.0316284511564753,0.21289389999583364,PASS
V4,F16,6,1005,4025606,30,500,2,-1.0316284269525122,-0.9735315253417971,-1.0316284269525122,0.2510710999922594,PASS
V4,F16,7,1006,4025607,30,500,2,-1.03162842737912,-0.20638118856745086,-1.03162842737912,0.21492280000529718,PASS
V4,F16,8,1007,4025608,30,500,2,-1.0316284448356743,-0.24021923047679472,-1.0316284448356743,0.23628210001334082,PASS
V4,F16,9,1008,4025609,30,500,2,-1.031628448924467,2.3278539991551703,-1.031628448924467,0.23854180000489578,PASS
V4,F16,10,1009,4025610,30,500,2,-1.0316284301511964,1.0848751489960493,-1.0316284301511964,0.23839739999675658,PASS
V4,F16,11,1010,4025611,30,500,2,-1.0316284229277035,2.3611245635192675,-1.0316284229277035,0.2567313000035938,PASS
V4,F16,12,1011,4025612,30,500,2,-1.031628444327877,-1.0303686554309606,-1.031628444327877,0.25897819999954663,PASS
V4,F16,13,1012,4025613,30,500,2,-1.0316283708355176,1.5398855373431712,-1.0316283708355176,0.22336650000943337,PASS
V4,F16,14,1013,4025614,30,500,2,-1.0316284090508183,-0.8050538505238225,-1.0316284090508183,0.21794249999220483,PASS
V4,F16,15,1014,4025615,30,500,2,-1.0316284277544652,0.23957312171001172,-1.0316284277544652,0.23595159999968018,PASS
V4,F16,16,1015,4025616,30,500,2,-1.0316281399572238,0.7787012712336405,-1.0316281399572238,0.24501929999678396,PASS
V4,F16,17,1016,4025617,30,500,2,-1.031628449418361,0.9570585820096484,-1.031628449418361,0.25972650000767317,PASS
V4,F16,19,1018,4025619,30,500,2,-1.0316284445664434,0.7878546115016152,-1.0316284445664434,0.2426664999948116,PASS
V4,F16,20,1019,4025620,30,500,2,-1.0316284398181812,-0.9362291745164019,-1.0316284398181812,0.25909340000362135,PASS
V4,F16,18,1017,4025618,30,500,2,-1.0316284119210755,1.6470124840433833,-1.0316284119210755,0.2861269999993965,PASS
V4,F16,21,1020,4025621,30,500,2,-1.031628399941371,0.6778025610508492,-1.031628399941371,0.2291313000023365,PASS
V4,F16,22,1021,4025622,30,500,2,-1.0316284413856067,1.5766615624712603,-1.0316284413856067,0.24515240000619087,PASS
V4,F16,23,1022,4025623,30,500,2,-1.0316284140401248,1.3326463850849646,-1.0316284140401248,0.2276482000015676,PASS
V4,F16,24,1023,4025624,30,500,2,-1.031628434603596,2.6557067430875065,-1.031628434603596,0.24752530000114348,PASS
V4,F16,25,1024,4025625,30,500,2,-1.0316282697450374,2.429026067201413,-1.0316282697450374,0.23770759999752045,PASS
V4,F16,27,1026,4025627,30,500,2,-1.0316284441817027,-0.1512971369952485,-1.0316284441817027,0.23271630000090227,PASS
V4,F16,26,1025,4025626,30,500,2,-1.0316284408175607,21.49073996804959,-1.0316284408175607,0.28161809999437537,PASS
V4,F16,28,1027,4025628,30,500,2,-1.031628421014094,0.6076326090253817,-1.031628421014094,0.27738569999928586,PASS
V4,F16,29,1028,4025629,30,500,2,-1.0316284249768248,-0.12993145689296656,-1.0316284249768248,0.21513229999982286,PASS
V4,F16,30,1029,4025630,30,500,2,-1.0316284522195982,2.6013826494536425,-1.0316284522195982,0.24870860000373796,PASS
V4,F17,2,1001,4025702,30,500,2,0.39788957214083,1.2443773973881989,0.39788957214083,0.22826720000011846,PASS
V4,F17,1,1000,4025701,30,500,2,0.3978906882471822,1.0638829597342436,0.3978906882471822,0.24238250000053085,PASS
V4,F17,4,1003,4025704,30,500,2,0.39789528147267106,2.6652672686497105,0.39789528147267106,0.2469070999941323,PASS
V4,F17,5,1004,4025705,30,500,2,0.3978887819062127,0.7300291394205143,0.3978887819062127,0.24178569999639876,PASS
V4,F17,3,1002,4025703,30,500,2,0.3978888734417261,0.5710175662180976,0.3978888734417261,0.2629422999889357,PASS
V4,F17,6,1005,4025706,30,500,2,0.3978927498340177,0.7328401017256851,0.3978927498340177,0.2802185000036843,PASS
V4,F17,9,1008,4025709,30,500,2,0.39789599444629786,1.6574038437894387,0.39789599444629786,0.23017730000719894,PASS
V4,F17,7,1006,4025707,30,500,2,0.3978932973806888,1.0302901000661695,0.3978932973806888,0.2389818999945419,PASS
V4,F17,8,1007,4025708,30,500,2,0.39789220325702246,0.8184767311208248,0.39789220325702246,0.26617600000463426,PASS
V4,F17,10,1009,4025710,30,500,2,0.39788771272860224,3.966514797561688,0.39788771272860224,0.2306587000057334,PASS
V4,F17,12,1011,4025712,30,500,2,0.3978940945121021,4.005505020167275,0.3978940945121021,0.24499490000016522,PASS
V4,F17,11,1010,4025711,30,500,2,0.39788884996940155,0.9236150306333499,0.39788884996940155,0.26057730001048185,PASS
V4,F17,14,1013,4025714,30,500,2,0.3978880436531842,1.2794390638585824,0.3978880436531842,0.23804300000483636,PASS
V4,F17,13,1012,4025713,30,500,2,0.39789032700281446,0.653014811080423,0.39789032700281446,0.2502340999926673,PASS
V4,F17,15,1014,4025715,30,500,2,0.3978879534349744,0.5699043454949582,0.3978879534349744,0.23049909999826923,PASS
V4,F17,17,1016,4025717,30,500,2,0.3978883432503135,1.9307324415435367,0.3978883432503135,0.2302095999912126,PASS
V4,F17,18,1017,4025718,30,500,2,0.3978878491626272,1.6377791627432448,0.3978878491626272,0.24052730000403244,PASS
V4,F17,16,1015,4025716,30,500,2,0.39789815094580305,0.5472008050952475,0.39789815094580305,0.25114889998803847,PASS
V4,F17,20,1019,4025720,30,500,2,0.397888269364838,0.4636423262601532,0.397888269364838,0.2568399000010686,PASS
V4,F17,22,1021,4025722,30,500,2,0.3978921450612063,1.8216716190815827,0.3978921450612063,0.2498557999933837,PASS
V4,F17,19,1018,4025719,30,500,2,0.3978875723882602,1.8190149992010163,0.3978875723882602,0.2859751000069082,PASS
V4,F17,21,1020,4025721,30,500,2,0.3978888936148053,2.247938566819121,0.3978888936148053,0.27711480000289157,PASS
V4,F17,23,1022,4025723,30,500,2,0.39788838815014493,0.615174882056257,0.39788838815014493,0.2361298000032548,PASS
V4,F17,25,1024,4025725,30,500,2,0.3978939200604188,1.6869208412063283,0.3978939200604188,0.24156090000178665,PASS
V4,F17,26,1025,4025726,30,500,2,0.397887507338206,3.889306158017198,0.397887507338206,0.24067379999905825,PASS
V4,F17,24,1023,4025724,30,500,2,0.3978927121305258,14.151514125962425,0.3978927121305258,0.2721899000025587,PASS
V4,F17,27,1026,4025727,30,500,2,0.3978922377301526,1.0566819945015116,0.3978922377301526,0.25579590001143515,PASS
V4,F17,28,1027,4025728,30,500,2,0.39788747506731603,2.9510390763983754,0.39788747506731603,0.2554203000036068,PASS
V4,F17,29,1028,4025729,30,500,2,0.39795162826318986,2.4485590920128137,0.39795162826318986,0.24706710000464227,PASS
V4,F17,30,1029,4025730,30,500,2,0.39789356867933456,0.47798940625165187,0.39789356867933456,0.26570979999087285,PASS
V4,F18,1,1000,4025801,30,500,2,3.000003439878262,81.38562380070489,3.000003439878262,0.26829030000953935,PASS
V4,F18,2,1001,4025802,30,500,2,22.478023695116462,30.688673464406033,22.478023695116462,0.25987460000033025,PASS
V4,F18,3,1002,4025803,30,500,2,3.000000851559408,34.965342142586636,3.000000851559408,0.26347309999982826,PASS
V4,F18,4,1003,4025804,30,500,2,3.0000007922351832,93.48619771902435,3.0000007922351832,0.2652634000114631,PASS
V4,F18,7,1006,4025807,30,500,2,3.0000026735937566,5.7914370508281126,3.0000026735937566,0.26677799999015406,PASS
V4,F18,5,1004,4025805,30,500,2,3.0000088645706557,50.082085355619114,3.0000088645706557,0.2736486999929184,PASS
V4,F18,6,1005,4025806,30,500,2,3.0000007011759067,60.063618491605254,3.0000007011759067,0.277851599996211,PASS
V4,F18,8,1007,4025808,30,500,2,3.0000011839354044,64.59830186416433,3.0000011839354044,0.2786245000024792,PASS
V4,F18,12,1011,4025812,30,500,2,3.0000023570174283,39.964935115530984,3.0000023570174283,0.2177337000030093,PASS
V4,F18,11,1010,4025811,30,500,2,3.000000650408907,88.7536597773862,3.000000650408907,0.24083280000195373,PASS
V4,F18,10,1009,4025810,30,500,2,3.000003344576899,3.5313798537296646,3.000003344576899,0.25275449999026023,PASS
V4,F18,9,1008,4025809,30,500,2,3.0000013629821,25.521419373542102,3.0000013629821,0.25584370001161005,PASS
V4,F18,13,1012,4025813,30,500,2,3.000000016806393,9.426190913628409,3.000000016806393,0.2778665999940131,PASS
V4,F18,15,1014,4025815,30,500,2,3.0000001166579553,21.8168014034403,3.0000001166579553,0.2635339999978896,PASS
V4,F18,16,1015,4025816,30,500,2,3.0000000216217035,329.91156437221537,3.0000000216217035,0.26338819999364205,PASS
V4,F18,14,1013,4025814,30,500,2,3.0000003175099863,13.07568843364808,3.0000003175099863,0.2925494999944931,PASS
V4,F18,19,1018,4025819,30,500,2,3.0000006011057536,10.909611757157371,3.0000006011057536,0.23520239999925252,PASS
V4,F18,17,1016,4025817,30,500,2,3.000005166979054,91.84738429723461,3.000005166979054,0.25265520000539254,PASS
V4,F18,18,1017,4025818,30,500,2,3.0000081637141225,195.47673454838912,3.0000081637141225,0.24948729999596253,PASS
V4,F18,20,1019,4025820,30,500,2,3.0000078376464354,273.7028443942355,3.0000078376464354,0.2576256000029389,PASS
V4,F18,24,1023,4025824,30,500,2,3.0000084806324017,35.89485466192964,3.0000084806324017,0.27132739999797195,PASS
V4,F18,21,1020,4025821,30,500,2,84.00031615538957,317.38163063086415,84.00031615538957,0.2806222999934107,PASS
V4,F18,23,1022,4025823,30,500,2,22.67102043635499,77.76899365473201,22.67102043635499,0.28830030000244733,PASS
V4,F18,22,1021,4025822,30,500,2,3.0000059770521097,66.7727554338801,3.0000059770521097,0.3005855999945197,PASS
V4,F18,26,1025,4025826,30,500,2,3.00000129488614,52.45697833328407,3.00000129488614,0.24021400000492577,PASS
V4,F18,25,1024,4025825,30,500,2,3.0000008000135487,77.76507019353373,3.0000008000135487,0.25087830000848044,PASS
V4,F18,28,1027,4025828,30,500,2,3.0000025628875386,18.92539432381692,3.0000025628875386,0.24938809999730438,PASS
V4,F18,27,1026,4025827,30,500,2,3.0000033895887546,64.85636849106568,3.0000033895887546,0.2678950999979861,PASS
V4,F18,29,1028,4025829,30,500,2,14.411900926977488,45.603141869610994,14.411900926977488,0.2591810000012629,PASS
V4,F18,30,1029,4025830,30,500,2,3.000000982165775,9.657899738468323,3.000000982165775,0.28389639999659266,PASS
V4,F19,2,1001,4025902,30,500,3,-3.8627787865096512,-3.0010573399050178,-3.8627787865096512,0.6147391999984393,PASS
V4,F19,1,1000,4025901,30,500,3,-3.8627473071712095,-2.8152364689429965,-3.8627473071712095,0.6443164000083925,PASS
V4,F19,3,1002,4025903,30,500,3,-3.8627769335231776,-3.725083575446613,-3.8627769335231776,0.607361900008982,PASS
V4,F19,4,1003,4025904,30,500,3,-3.8627668225295584,-3.1461542137665415,-3.8627668225295584,0.6545267000037711,PASS
V4,F19,5,1004,4025905,30,500,3,-3.8627737221890794,-3.639512885449389,-3.8627737221890794,0.6078288999997312,PASS
V4,F19,6,1005,4025906,30,500,3,-3.862774807594923,-3.5964528439046646,-3.862774807594923,0.629861900000833,PASS
V4,F19,8,1007,4025908,30,500,3,-3.862761568268106,-3.371709865860915,-3.862761568268106,0.6074911000032444,PASS
V4,F19,7,1006,4025907,30,500,3,-3.8627778110533653,-3.5365431240230087,-3.8627778110533653,0.6159199000103399,PASS
V4,F19,9,1008,4025909,30,500,3,-3.86277033747997,-2.3770187007264147,-3.86277033747997,0.6058354000124382,PASS
V4,F19,10,1009,4025910,30,500,3,-3.862753088867362,-3.6842803474191888,-3.862753088867362,0.6630222000094363,PASS
V4,F19,12,1011,4025912,30,500,3,-3.8627363566152333,-3.4451524449101667,-3.8627363566152333,0.5937415999942459,PASS
V4,F19,11,1010,4025911,30,500,3,-3.8627777959403575,-3.3317115223347478,-3.8627777959403575,0.6633906000060961,PASS
V4,F19,13,1012,4025913,30,500,3,-3.8627659300011628,-3.635871471826206,-3.8627659300011628,0.6461415999947349,PASS
V4,F19,14,1013,4025914,30,500,3,-3.862747791163088,-2.7738840559770095,-3.862747791163088,0.6261980999988737,PASS
V4,F19,17,1016,4025917,30,500,3,-3.8549014231244945,-2.5942404342513865,-3.8549014231244945,0.620374999998603,PASS
V4,F19,15,1014,4025915,30,500,3,-3.8627693996661225,-3.0661071327576335,-3.8627693996661225,0.6299930000095628,PASS
V4,F19,16,1015,4025916,30,500,3,-3.862769624813078,-3.3706466472251426,-3.862769624813078,0.6276471000019228,PASS
V4,F19,18,1017,4025918,30,500,3,-3.8550313368585236,-3.529350907698285,-3.8550313368585236,0.6340329000086058,PASS
V4,F19,22,1021,4025922,30,500,3,-3.862747421558933,-3.757311537153646,-3.862747421558933,0.5871396000002278,PASS
V4,F19,21,1020,4025921,30,500,3,-3.8627661043340114,-2.5311476977977185,-3.8627661043340114,0.6183987999975216,PASS
V4,F19,20,1019,4025920,30,500,3,-3.862771515646629,-2.937918383007861,-3.862771515646629,0.630043500001193,PASS
V4,F19,19,1018,4025919,30,500,3,-3.8627519398874286,-3.399138298593093,-3.8627519398874286,0.63515620000544,PASS
V4,F19,23,1022,4025923,30,500,3,-3.862771465936007,-3.2132895898117337,-3.862771465936007,0.6315925000089919,PASS
V4,F19,25,1024,4025925,30,500,3,-3.8627702307954985,-3.2314525429469114,-3.8627702307954985,0.6349079000065103,PASS
V4,F19,24,1023,4025924,30,500,3,-3.8549006951899965,-3.0648914677945323,-3.8549006951899965,0.6456111000006786,PASS
V4,F19,26,1025,4025926,30,500,3,-3.8548925496107547,-2.924795237972474,-3.8548925496107547,0.640663800004404,PASS
V4,F19,28,1027,4025928,30,500,3,-3.8626968015585716,-3.0773264067719293,-3.8626968015585716,0.6247083999915048,PASS
V4,F19,27,1026,4025927,30,500,3,-3.86277238708935,-2.8590384198361467,-3.86277238708935,0.6674229000054765,PASS
V4,F19,29,1028,4025929,30,500,3,-3.8627758522124043,-2.805569559471893,-3.8627758522124043,0.6486017999995966,PASS
V4,F19,30,1029,4025930,30,500,3,-3.862774733197156,-3.661052938270577,-3.862774733197156,0.6626359000074444,PASS
V4,F20,2,1001,4026002,30,500,6,-3.321774286516026,-2.366607712192178,-3.321774286516026,0.8085191999998642,PASS
V4,F20,4,1003,4026004,30,500,6,-3.3218943655268967,-1.4156844025488817,-3.3218943655268967,0.8129454000008991,PASS
V4,F20,1,1000,4026001,30,500,6,-3.322062541482286,-1.719657427599971,-3.322062541482286,0.8382199000043329,PASS
V4,F20,3,1002,4026003,30,500,6,-3.197068092123864,-2.639546222318051,-3.197068092123864,0.8378537999960827,PASS
V4,F20,5,1004,4026005,30,500,6,-3.07798821646466,-1.546975718287114,-3.07798821646466,0.7858916999975918,PASS
V4,F20,7,1006,4026007,30,500,6,-3.321493328719873,-1.3524600207773423,-3.321493328719873,0.8041378999914741,PASS
V4,F20,6,1005,4026006,30,500,6,-3.1375330441712737,-0.9891623935739681,-3.1375330441712737,0.8397433999925852,PASS
V4,F20,8,1007,4026008,30,500,6,-3.3216758207360053,-1.1897588416913751,-3.3216758207360053,0.8452990999940084,PASS
V4,F20,9,1008,4026009,30,500,6,-3.202732909389214,-2.5573730477528325,-3.202732909389214,0.8184743000019807,PASS
V4,F20,11,1010,4026011,30,500,6,-3.3216078388433323,-0.6291784544978798,-3.3216078388433323,0.8448376000014832,PASS
V4,F20,12,1011,4026012,30,500,6,-3.202592461911923,-1.3334487205410632,-3.202592461911923,0.8606741000112379,PASS
V4,F20,10,1009,4026010,30,500,6,-3.202885404659566,-1.5097145340696625,-3.202885404659566,0.9000017000071239,PASS
V4,F20,13,1012,4026013,30,500,6,-3.3212035901537895,-1.0595512897021777,-3.3212035901537895,0.8680175000044983,PASS
V4,F20,14,1013,4026014,30,500,6,-3.20213547351967,-1.8745849243144121,-3.20213547351967,0.8416261000093073,PASS
V4,F20,15,1014,4026015,30,500,6,-3.201916389748993,-2.443957038960648,-3.201916389748993,0.8484394000115572,PASS
V4,F20,16,1015,4026016,30,500,6,-3.321564451981627,-1.42589448097107,-3.321564451981627,0.8343144999962533,PASS
V4,F20,18,1017,4026018,30,500,6,-3.321456703532123,-1.2806836046999825,-3.321456703532123,0.8083407999947667,PASS
V4,F20,17,1016,4026017,30,500,6,-3.3217281422990146,-0.7707250057888351,-3.3217281422990146,0.8514135000004899,PASS
V4,F20,19,1018,4026019,30,500,6,-3.321890396916513,-1.6501266361374602,-3.321890396916513,0.8496920999896247,PASS
V4,F20,20,1019,4026020,30,500,6,-3.076671938194092,-1.1694872668654595,-3.076671938194092,0.8941534000041429,PASS
V4,F20,22,1021,4026022,30,500,6,-3.3221402175076507,-1.9643777697330147,-3.3221402175076507,0.8469845000072382,PASS
V4,F20,23,1022,4026023,30,500,6,-3.2025277633316285,-0.8292420221596318,-3.2025277633316285,0.8299523000023328,PASS
V4,F20,21,1020,4026021,30,500,6,-3.321510939506274,-1.3182646272649436,-3.321510939506274,0.8849445999949239,PASS
V4,F20,24,1023,4026024,30,500,6,-3.32154470576897,-1.66295644462256,-3.32154470576897,0.8138860000035493,PASS
V4,F20,26,1025,4026026,30,500,6,-3.3217219410768726,-1.6523507833992392,-3.3217219410768726,0.8235180000046967,PASS
V4,F20,25,1024,4026025,30,500,6,-3.3211818754509626,-0.9695628721775759,-3.3211818754509626,0.8384036000061315,PASS
V4,F20,28,1027,4026028,30,500,6,-3.32166305840269,-0.7602290577530897,-3.32166305840269,0.8258386999950744,PASS
V4,F20,27,1026,4026027,30,500,6,-3.2029423184933816,-2.2223661928383214,-3.2029423184933816,0.876133600002504,PASS
V4,F21,1,1000,4026101,30,500,4,-10.146550026078788,-0.7856612453746614,-10.146550026078788,0.6645291000022553,PASS
V4,F21,2,1001,4026102,30,500,4,-5.09229729596913,-0.255284514021552,-5.09229729596913,0.6750518000044394,PASS
V4,F20,29,1028,4026029,30,500,6,-3.3217654709379207,-1.1782094607932692,-3.3217654709379207,0.7740641000127653,PASS
V4,F20,30,1029,4026030,30,500,6,-3.3204406581097268,-1.358077861654103,-3.3204406581097268,0.8220067000074778,PASS
V4,F21,3,1002,4026103,30,500,4,-5.055158194475345,-0.7458813166548436,-5.055158194475345,0.7314476000028662,PASS
V4,F21,6,1005,4026106,30,500,4,-10.150686706328292,-0.5910831778647738,-10.150686706328292,0.7061811000021407,PASS
V4,F21,4,1003,4026104,30,500,4,-5.093958581387719,-0.3482705863990612,-5.093958581387719,0.7741057999955956,PASS
V4,F21,5,1004,4026105,30,500,4,-10.15121231650287,-0.42018439611118236,-10.15121231650287,0.7834747000015341,PASS
V4,F21,7,1006,4026107,30,500,4,-10.150581123945429,-0.42913328296464676,-10.150581123945429,0.677632499995525,PASS
V4,F21,8,1007,4026108,30,500,4,-5.055197014781898,-0.5537203015819497,-5.055197014781898,0.7097532999905525,PASS
V4,F21,9,1008,4026109,30,500,4,-10.15113944193833,-0.3954824691564748,-10.15113944193833,0.6667824000032851,PASS
V4,F21,10,1009,4026110,30,500,4,-10.136737261484367,-0.3873214329929367,-10.136737261484367,0.6911420999967959,PASS
V4,F21,11,1010,4026111,30,500,4,-10.149526162431563,-0.3122489822002593,-10.149526162431563,0.7852219000051264,PASS
V4,F21,12,1011,4026112,30,500,4,-10.139822966644125,-0.42577067910792477,-10.139822966644125,0.8015439000009792,PASS
V4,F21,13,1012,4026113,30,500,4,-10.153090464792346,-0.5398028645395757,-10.153090464792346,0.8515915000025416,PASS
V4,F21,14,1013,4026114,30,500,4,-10.15318710309214,-0.4533003470413142,-10.15318710309214,0.8767363000079058,PASS
V4,F21,15,1014,4026115,30,500,4,-10.136565122536405,-0.3593500916460118,-10.136565122536405,0.9827579999982845,PASS
V4,F21,16,1015,4026116,30,500,4,-10.15244210953077,-0.5643107717396479,-10.15244210953077,0.9631649999937508,PASS
V4,F21,17,1016,4026117,30,500,4,-10.149605382350286,-1.3126153292827127,-10.149605382350286,0.9569510000001173,PASS
V4,F21,18,1017,4026118,30,500,4,-5.100544498147615,-0.3187300785834754,-5.100544498147615,0.9493633999954909,PASS
V4,F21,21,1020,4026121,30,500,4,-10.14887103246651,-0.39892324222710235,-10.14887103246651,0.7070939999975963,PASS
V4,F21,20,1019,4026120,30,500,4,-5.098803735221764,-0.556094779406882,-5.098803735221764,0.7269392000016524,PASS
V4,F21,19,1018,4026119,30,500,4,-10.152798182255596,-0.4201398663247763,-10.152798182255596,0.7662898999988101,PASS
V4,F21,22,1021,4026122,30,500,4,-10.152348390095725,-0.8124729051033841,-10.152348390095725,0.7643588000064483,PASS
V4,F21,23,1022,4026123,30,500,4,-5.099161563769683,-0.5751988255431095,-5.099161563769683,0.700228599991533,PASS
V4,F21,24,1023,4026124,30,500,4,-10.134236092808528,-0.36248300442977327,-10.134236092808528,0.6888503999944078,PASS
V4,F21,26,1025,4026126,30,500,4,-10.151672432023714,-0.3234823818806821,-10.151672432023714,0.6623239000036847,PASS
V4,F21,25,1024,4026125,30,500,4,-10.153144554084012,-0.4078383896375593,-10.153144554084012,0.7214987000043038,PASS
V4,F21,29,1028,4026129,30,500,4,-10.137220619306348,-0.3985356486821531,-10.137220619306348,0.6733529999910388,PASS
V4,F21,27,1026,4026127,30,500,4,-10.150557783323757,-0.29612421486392365,-10.150557783323757,0.7120832000073278,PASS
V4,F21,28,1027,4026128,30,500,4,-10.151704497441655,-0.3986533020007952,-10.151704497441655,0.7183921000105329,PASS
V4,F21,30,1029,4026130,30,500,4,-5.055179251973763,-0.36908201859372297,-5.055179251973763,0.7015183999901637,PASS
V4,F22,4,1003,4026204,30,500,4,-5.121922550689087,-0.370970802781476,-5.121922550689087,0.7719594999944093,PASS
V4,F22,1,1000,4026201,30,500,4,-10.392070249924199,-0.9317573703945224,-10.392070249924199,0.811165399994934,PASS
V4,F22,3,1002,4026203,30,500,4,-5.087635858951658,-0.7773340207644487,-5.087635858951658,0.7973785999929532,PASS
V4,F22,2,1001,4026202,30,500,4,-10.399401276130432,-0.9222716528520395,-10.399401276130432,0.8329203000030247,PASS
V4,F22,7,1006,4026207,30,500,4,-10.398613955299476,-0.4985747392352459,-10.398613955299476,0.7880527999950573,PASS
V4,F22,5,1004,4026205,30,500,4,-10.391763292080384,-0.5275828087880526,-10.391763292080384,0.815492900001118,PASS
V4,F22,6,1005,4026206,30,500,4,-10.402689938297256,-0.6964166048173347,-10.402689938297256,0.8323956000094768,PASS
V4,F22,8,1007,4026208,30,500,4,-5.087253238807799,-0.582643477675555,-5.087253238807799,0.8264083999965806,PASS
V4,F22,9,1008,4026209,30,500,4,-10.401082122985192,-0.49284895953941,-10.401082122985192,0.8634768000047188,PASS
V4,F22,10,1009,4026210,30,500,4,-10.380977462438754,-0.5770862732792144,-10.380977462438754,0.8719028999912553,PASS
V4,F22,12,1011,4026212,30,500,4,-10.398234637743675,-0.5645985806520991,-10.398234637743675,0.9134488999989117,PASS
V4,F22,11,1010,4026211,30,500,4,-10.40271759047775,-0.4296436080947541,-10.40271759047775,0.9206279999925755,PASS
V4,F22,15,1014,4026215,30,500,4,-10.386973564028052,-0.4103758613869799,-10.386973564028052,0.8321469999937108,PASS
V4,F22,13,1012,4026213,30,500,4,-10.402711889110536,-0.6449517732088035,-10.402711889110536,0.8651460999972187,PASS
V4,F22,16,1015,4026216,30,500,4,-10.396943450999624,-0.6218257843354295,-10.396943450999624,0.852963199999067,PASS
V4,F22,14,1013,4026214,30,500,4,-10.402331006044749,-0.9848094857049149,-10.402331006044749,0.9054242999991402,PASS
V4,F22,17,1016,4026217,30,500,4,-10.399237081929053,-1.5765565707085023,-10.399237081929053,0.7890602999978,PASS
V4,F22,18,1017,4026218,30,500,4,-10.402049160758112,-0.44933832522368744,-10.402049160758112,0.790781399991829,PASS
V4,F22,19,1018,4026219,30,500,4,-10.402566242592133,-0.5128377893703403,-10.402566242592133,0.8029372999881161,PASS
V4,F22,20,1019,4026220,30,500,4,-5.126899707568366,-0.5828681600134475,-5.126899707568366,0.8041112000064459,PASS
V4,F22,22,1021,4026222,30,500,4,-10.364370901123737,-0.9797111395033686,-10.364370901123737,0.8039387000026181,PASS
V4,F22,23,1022,4026223,30,500,4,-5.127169797607278,-0.6086256797700836,-5.127169797607278,0.8046457000018563,PASS
V4,F22,21,1020,4026221,30,500,4,-10.402765888991466,-1.121161539213936,-10.402765888991466,0.8384865999978501,PASS
V4,F22,24,1023,4026224,30,500,4,-10.402480968206095,-0.46854024723853555,-10.402480968206095,0.8631959000049392,PASS
V4,F22,27,1026,4026227,30,500,4,-10.40240348179114,-0.3899985277776262,-10.40240348179114,0.768410100004985,PASS
V4,F22,25,1024,4026225,30,500,4,-10.402784102512527,-0.5048069121336105,-10.402784102512527,0.8103339000081178,PASS
V4,F22,26,1025,4026226,30,500,4,-5.087525482238245,-0.4813761157500475,-5.087525482238245,0.8071021999930963,PASS
V4,F22,28,1027,4026228,30,500,4,-10.401720549533255,-0.7157489465814115,-10.401720549533255,0.7812990000093123,PASS
V4,F22,29,1028,4026229,30,500,4,-10.39990149853,-0.7171582833042149,-10.39990149853,0.8584161000035238,PASS
V4,F22,30,1029,4026230,30,500,4,-10.373608787341182,-0.43985095714117073,-10.373608787341182,0.861732999997912,PASS
V4,F23,1,1000,4026301,30,500,4,-10.525513928416135,-1.0238629556348218,-10.525513928416135,0.9665899999963585,PASS
V4,F23,2,1001,4026302,30,500,4,-10.536208422332162,-1.0008003304569233,-10.536208422332162,1.023078500002157,PASS
V4,F23,3,1002,4026303,30,500,4,-5.128452969644557,-0.8164625137143151,-5.128452969644557,0.9249666000105208,PASS
V4,F23,4,1003,4026304,30,500,4,-10.530548646863192,-0.5565675694250592,-10.530548646863192,0.9296937999897636,PASS
V4,F23,5,1004,4026305,30,500,4,-10.536261271823202,-0.8454832942164738,-10.536261271823202,0.9396607000089716,PASS
V4,F23,6,1005,4026306,30,500,4,-10.53384273370989,-0.7414380430410371,-10.53384273370989,0.9674037000077078,PASS
V4,F23,10,1009,4026310,30,500,4,-10.514322796663869,-0.645758260380765,-10.514322796663869,0.8978411999996752,PASS
V4,F23,7,1006,4026307,30,500,4,-10.532282815824582,-0.6872915656446693,-10.532282815824582,0.9688699999969685,PASS
V4,F23,8,1007,4026308,30,500,4,-10.518716563698323,-0.7874801856706389,-10.518716563698323,0.9921488999971189,PASS
V4,F23,9,1008,4026309,30,500,4,-10.533910931300491,-0.5747711898984762,-10.533910931300491,1.0035978999949293,PASS
V4,F23,11,1010,4026311,30,500,4,-10.53620104079469,-0.4663841659661791,-10.53620104079469,0.9505770999967353,PASS
V4,F23,12,1011,4026312,30,500,4,-5.174238422831268,-0.823786750800087,-5.174238422831268,0.9700268000015058,PASS
V4,F23,14,1013,4026314,30,500,4,-10.535798166360204,-1.0997090054454173,-10.535798166360204,0.9419963999971515,PASS
V4,F23,13,1012,4026313,30,500,4,-10.532617216602914,-0.7770502763168828,-10.532617216602914,1.0057144000020344,PASS
V4,F23,15,1014,4026315,30,500,4,-10.516440851981821,-0.5002675730803412,-10.516440851981821,0.8981755999993766,PASS
V4,F23,18,1017,4026318,30,500,4,-10.535553254235074,-0.47569531546084826,-10.535553254235074,0.9415773000073386,PASS
V4,F23,16,1015,4026316,30,500,4,-5.172847064949556,-0.9043428755262034,-5.172847064949556,0.9548517000075663,PASS
V4,F23,17,1016,4026317,30,500,4,-10.5327971948362,-1.7597194378362429,-10.5327971948362,0.973094700006186,PASS
V4,F23,20,1019,4026320,30,500,4,-5.173790295636934,-0.6308786806539844,-5.173790295636934,0.9050878999987617,PASS
V4,F23,21,1020,4026321,30,500,4,-10.527435947598523,-1.2125486530771716,-10.527435947598523,0.9176361999998335,PASS
V4,F23,19,1018,4026319,30,500,4,-10.536008636777872,-0.5736082314038227,-10.536008636777872,0.9880186000082176,PASS
V4,F23,22,1021,4026322,30,500,4,-10.498274691387119,-1.0750391172262725,-10.498274691387119,0.9258880999987014,PASS
V4,F23,24,1023,4026324,30,500,4,-2.8710911680949662,-0.7987194079905501,-2.8710911680949662,1.118064599999343,PASS
V4,F23,25,1024,4026325,30,500,4,-5.167970770041448,-0.6700425911086935,-5.167970770041448,1.129607400012901,PASS
V4,F23,23,1022,4026323,30,500,4,-10.536328515926309,-0.7229501803676563,-10.536328515926309,1.151054900008603,PASS
V4,F23,26,1025,4026326,30,500,4,-10.532031962681701,-0.6147683017235526,-10.532031962681701,1.1759087999962503,PASS
V4,F23,27,1026,4026327,30,500,4,-10.535811242427027,-0.820457114634507,-10.535811242427027,1.0978508999978658,PASS
V4,F23,28,1027,4026328,30,500,4,-10.535321317817473,-0.8946038920849877,-10.535321317817473,1.131737100004102,PASS
V4,F23,29,1028,4026329,30,500,4,-10.533492009796216,-0.8835439811854388,-10.533492009796216,1.16549010000017,PASS
V4,F23,30,1029,4026330,30,500,4,-10.535375717505547,-0.5471043607426501,-10.535375717505547,1.1499889999977313,PASS
V5,F1,1,1000,4024101,30,500,30,0.0,67810.20717660758,0.0,1.8795950999920024,PASS
V5,F1,2,1001,4024102,30,500,30,0.0,70905.34012781148,0.0,1.8919138000055682,PASS
V5,F1,3,1002,4024103,30,500,30,0.0,71382.05725267014,0.0,1.8874750999966636,PASS
V5,F1,4,1003,4024104,30,500,30,0.0,71067.53341075269,0.0,1.8915111999958754,PASS
V5,F1,6,1005,4024106,30,500,30,0.0,68827.91056515143,0.0,2.23123599999235,PASS
V5,F1,5,1004,4024105,30,500,30,0.0,71494.67494006979,0.0,2.2875590000039665,PASS
V5,F1,7,1006,4024107,30,500,30,0.0,70203.2929860324,0.0,2.277174600007129,PASS
V5,F1,8,1007,4024108,30,500,30,0.0,54060.05645133964,0.0,2.287035700006527,PASS
V5,F1,11,1010,4024111,30,500,30,0.0,79775.6397390009,0.0,1.7604486999916844,PASS
V5,F1,9,1008,4024109,30,500,30,0.0,70963.15903282672,0.0,1.8037968999997247,PASS
V5,F1,10,1009,4024110,30,500,30,0.0,68415.51807348001,0.0,1.8389733999938471,PASS
V5,F1,12,1011,4024112,30,500,30,0.0,60211.88868860319,0.0,1.8434588000091026,PASS
V5,F1,15,1014,4024115,30,500,30,0.0,62548.52364809662,0.0,1.8206333999987692,PASS
V5,F1,14,1013,4024114,30,500,30,0.0,65644.03203813086,0.0,2.008375999997952,PASS
V5,F1,13,1012,4024113,30,500,30,0.0,68582.22618939156,0.0,2.0257697999913944,PASS
V5,F1,16,1015,4024116,30,500,30,0.0,60965.044173403294,0.0,2.1104011999996146,PASS
V5,F1,18,1017,4024118,30,500,30,0.0,70498.00209305885,0.0,1.6957121000014013,PASS
V5,F1,20,1019,4024120,30,500,30,0.0,78896.22221622002,0.0,1.716735099995276,PASS
V5,F1,17,1016,4024117,30,500,30,0.0,73040.90885855701,0.0,1.7674044000013964,PASS
V5,F1,19,1018,4024119,30,500,30,0.0,59692.16515890604,0.0,1.7644866999908118,PASS
V5,F1,23,1022,4024123,30,500,30,0.0,77870.80856837892,0.0,1.9486687000025995,PASS
V5,F1,24,1023,4024124,30,500,30,0.0,72002.90593091116,0.0,1.964790099998936,PASS
V5,F1,21,1020,4024121,30,500,30,0.0,81948.70656934404,0.0,2.0728140999999596,PASS
V5,F1,22,1021,4024122,30,500,30,0.0,64283.25200493102,0.0,2.1927042000024812,PASS
V5,F1,26,1025,4024126,30,500,30,0.0,67654.2390610096,0.0,1.822171599997091,PASS
V5,F1,25,1024,4024125,30,500,30,0.0,56336.5278763339,0.0,1.8767885000124807,PASS
V5,F1,27,1026,4024127,30,500,30,0.0,68127.13090112404,0.0,1.9092996999970637,PASS
V5,F1,28,1027,4024128,30,500,30,0.0,71281.47829858353,0.0,1.950489299997571,PASS
V5,F1,29,1028,4024129,30,500,30,0.0,66088.0070704646,0.0,1.9820951000001514,PASS
V5,F1,30,1029,4024130,30,500,30,0.0,77096.69700709768,0.0,1.985645699998713,PASS
V5,F2,1,1000,4024201,30,500,30,0.0,360067002398.5346,0.0,1.9969311999884667,PASS
V5,F2,2,1001,4024202,30,500,30,0.0,1715602834860.7356,0.0,2.0894544000038877,PASS
V5,F2,5,1004,4024205,30,500,30,0.0,2899651184.9231544,0.0,1.783911699996679,PASS
V5,F2,6,1005,4024206,30,500,30,0.0,332841078922.353,0.0,1.7988078000053065,PASS
V5,F2,4,1003,4024204,30,500,30,0.0,2634424742592.452,0.0,1.909744699994917,PASS
V5,F2,3,1002,4024203,30,500,30,0.0,702308869043.374,0.0,1.9235447999963071,PASS
V5,F2,8,1007,4024208,30,500,30,0.0,729704378291.7789,0.0,2.073100699999486,PASS
V5,F2,7,1006,4024207,30,500,30,0.0,76547012233.40517,0.0,2.118781700002728,PASS
V5,F2,9,1008,4024209,30,500,30,0.0,26401294709.697582,0.0,2.1240244999935385,PASS
V5,F2,10,1009,4024210,30,500,30,0.0,713724413990.0226,0.0,2.168832300012582,PASS
V5,F2,12,1011,4024212,30,500,30,0.0,39939133237.937126,0.0,1.7507474000012735,PASS
V5,F2,13,1012,4024213,30,500,30,0.0,9593437258663.51,0.0,1.756212599997525,PASS
V5,F2,14,1013,4024214,30,500,30,0.0,4038700082325.6636,0.0,1.7453764000092633,PASS
V5,F2,11,1010,4024211,30,500,30,0.0,80213629036800.12,0.0,1.7997535000031348,PASS
V5,F2,16,1015,4024216,30,500,30,0.0,34707708682.06033,0.0,1.9776967000070726,PASS
V5,F2,15,1014,4024215,30,500,30,0.0,22135772844271.426,0.0,2.018456999998307,PASS
V5,F2,17,1016,4024217,30,500,30,0.0,2021349198795.503,0.0,2.0660040999937337,PASS
V5,F2,18,1017,4024218,30,500,30,0.0,2748969363192.687,0.0,2.0711924999923212,PASS
V5,F2,20,1019,4024220,30,500,30,0.0,47711548051367.61,0.0,1.8137758000084432,PASS
V5,F2,19,1018,4024219,30,500,30,0.0,10392937112.024113,0.0,1.8910197999939555,PASS
V5,F2,21,1020,4024221,30,500,30,0.0,102707326348.72324,0.0,1.868625899995095,PASS
V5,F2,22,1021,4024222,30,500,30,0.0,7683677948828.628,0.0,1.8833564999949886,PASS
V5,F2,23,1022,4024223,30,500,30,0.0,155737363148.78427,0.0,2.119062400000985,PASS
V5,F2,25,1024,4024225,30,500,30,0.0,3865443685.5409384,0.0,2.2009279999911087,PASS
V5,F2,24,1023,4024224,30,500,30,0.0,1339473094382.0034,0.0,2.2784775999898557,PASS
V5,F2,26,1025,4024226,30,500,30,0.0,68338205734834.914,0.0,2.2705005000025267,PASS
V5,F2,27,1026,4024227,30,500,30,0.0,67722205355.99468,0.0,1.987519299989799,PASS
V5,F2,28,1027,4024228,30,500,30,0.0,3236421004233.4863,0.0,1.9817214999930002,PASS
V5,F2,30,1029,4024230,30,500,30,0.0,811737307015.2843,0.0,2.0148415000003297,PASS
V5,F2,29,1028,4024229,30,500,30,0.0,3305236700.5331717,0.0,2.0485803999908967,PASS
V5,F3,2,1001,4024302,30,500,30,0.0,228881.45062340857,0.0,2.1031715999997687,PASS
V5,F3,1,1000,4024301,30,500,30,0.0,106811.1871437447,0.0,2.1734222999948543,PASS
V5,F3,3,1002,4024303,30,500,30,0.0,132408.1368091635,0.0,2.158116600010544,PASS
V5,F3,4,1003,4024304,30,500,30,0.0,252004.5370062454,0.0,2.213461000006646,PASS
V5,F3,8,1007,4024308,30,500,30,0.0,192911.98136862018,0.0,1.820965699997032,PASS
V5,F3,5,1004,4024305,30,500,30,0.0,126006.68015739581,0.0,1.878486100002192,PASS
V5,F3,7,1006,4024307,30,500,30,0.0,133484.8315350889,0.0,1.864644600005704,PASS
V5,F3,6,1005,4024306,30,500,30,0.0,121185.1674532735,0.0,1.8713744999986375,PASS
V5,F3,9,1008,4024309,30,500,30,0.0,135241.10379381198,0.0,2.0123899999889545,PASS
V5,F3,11,1010,4024311,30,500,30,0.0,258402.473983956,0.0,2.0716497999965213,PASS
V5,F3,12,1011,4024312,30,500,30,0.0,137478.41138112583,0.0,2.129611800002749,PASS
V5,F3,10,1009,4024310,30,500,30,0.0,107976.19188391927,0.0,2.2014093000034336,PASS
V5,F3,14,1013,4024314,30,500,30,0.0,166657.1711129854,0.0,1.8217625999968732,PASS
V5,F3,16,1015,4024316,30,500,30,0.0,294151.3375734341,0.0,1.8222013999911724,PASS
V5,F3,13,1012,4024313,30,500,30,0.0,157787.82385873256,0.0,1.9118159000063315,PASS
V5,F3,15,1014,4024315,30,500,30,0.0,221992.0552764344,0.0,1.891078100001323,PASS
V5,F3,17,1016,4024317,30,500,30,0.0,119365.44128648656,0.0,2.0948700000008103,PASS
V5,F3,18,1017,4024318,30,500,30,0.0,245433.61431170706,0.0,2.0875794000021415,PASS
V5,F3,19,1018,4024319,30,500,30,0.0,244606.59772993292,0.0,2.1876272999943467,PASS
V5,F3,20,1019,4024320,30,500,30,0.0,161467.97997834763,0.0,2.191893999988679,PASS
V5,F3,22,1021,4024322,30,500,30,0.0,135794.76099693272,0.0,1.816556000005221,PASS
V5,F3,23,1022,4024323,30,500,30,0.0,163245.37719853327,0.0,1.8494178999972064,PASS
V5,F3,21,1020,4024321,30,500,30,0.0,126211.38335020539,0.0,1.8879270000034012,PASS
V5,F3,24,1023,4024324,30,500,30,0.0,113871.83421879425,0.0,1.907816399994772,PASS
V5,F3,25,1024,4024325,30,500,30,0.0,79356.08665120536,0.0,2.154228100000182,PASS
V5,F3,26,1025,4024326,30,500,30,0.0,123007.79353130393,0.0,2.1775096000055782,PASS
V5,F3,27,1026,4024327,30,500,30,0.0,183635.15749931926,0.0,2.220581999994465,PASS
V5,F3,28,1027,4024328,30,500,30,0.0,131384.1741233503,0.0,2.2237312000070233,PASS
V5,F4,1,1000,4024401,30,500,30,0.0,89.41203274460929,0.0,1.7480122999986634,PASS
V5,F3,29,1028,4024329,30,500,30,0.0,171958.72311027217,0.0,1.8073973999998998,PASS
V5,F4,2,1001,4024402,30,500,30,0.0,88.23531594133786,0.0,1.7908260999975028,PASS
V5,F3,30,1029,4024330,30,500,30,0.0,90997.76111955676,0.0,1.8376811999914935,PASS
V5,F4,3,1002,4024403,30,500,30,0.0,90.93773968107635,0.0,2.2127223999996204,PASS
V5,F4,4,1003,4024404,30,500,30,0.0,90.05593850015435,0.0,2.2367597999982536,PASS
V5,F4,6,1005,4024406,30,500,30,0.0,87.42803920060479,0.0,2.287822700003744,PASS
V5,F4,5,1004,4024405,30,500,30,0.0,83.47974018645405,0.0,2.3185224999906495,PASS
V5,F4,7,1006,4024407,30,500,30,0.0,89.67489840896681,0.0,2.05561859998852,PASS
V5,F4,9,1008,4024409,30,500,30,0.0,90.98182394999645,0.0,2.0635334999969928,PASS
V5,F4,8,1007,4024408,30,500,30,0.0,88.56020743697258,0.0,2.0993148000125075,PASS
V5,F4,10,1009,4024410,30,500,30,0.0,88.62436437004385,0.0,2.075754899997264,PASS
V5,F4,11,1010,4024411,30,500,30,0.0,82.14021784717164,0.0,2.4052325999946333,PASS
V5,F4,12,1011,4024412,30,500,30,0.0,87.6380567694806,0.0,2.40756630001124,PASS
V5,F4,13,1012,4024413,30,500,30,0.0,81.54232198828862,0.0,2.402253699998255,PASS
V5,F4,14,1013,4024414,30,500,30,0.0,77.8379255985727,0.0,2.425478799996199,PASS
V5,F4,15,1014,4024415,30,500,30,0.0,77.5649543326395,0.0,1.7340173999982653,PASS
V5,F4,16,1015,4024416,30,500,30,0.0,89.52145242027729,0.0,1.7607090000092285,PASS
V5,F4,17,1016,4024417,30,500,30,0.0,89.68075670875115,0.0,1.8066388000006555,PASS
V5,F4,18,1017,4024418,30,500,30,0.0,91.69265780583274,0.0,1.8396145000006072,PASS
V5,F4,19,1018,4024419,30,500,30,0.0,87.81454527863241,0.0,2.0351611000078265,PASS
V5,F4,20,1019,4024420,30,500,30,0.0,89.14712458834947,0.0,2.0838702999899397,PASS
V5,F4,21,1020,4024421,30,500,30,0.0,93.48016114980666,0.0,2.103451300004963,PASS
V5,F4,22,1021,4024422,30,500,30,0.0,90.86947090420732,0.0,2.101352900004713,PASS
V5,F4,23,1022,4024423,30,500,30,0.0,86.36772034124569,0.0,1.7875184000004083,PASS
V5,F4,24,1023,4024424,30,500,30,0.0,86.34666057993036,0.0,1.7911282999994,PASS
V5,F4,25,1024,4024425,30,500,30,0.0,83.43944699892515,0.0,1.8613124999974389,PASS
V5,F4,26,1025,4024426,30,500,30,0.0,92.17294370207554,0.0,1.898328399998718,PASS
V5,F4,28,1027,4024428,30,500,30,0.0,88.89385763229512,0.0,2.165266199997859,PASS
V5,F4,27,1026,4024427,30,500,30,0.0,90.2554612114578,0.0,2.2006744999962393,PASS
V5,F4,29,1028,4024429,30,500,30,0.0,88.97595126021793,0.0,2.1435530000017025,PASS
V5,F4,30,1029,4024430,30,500,30,0.0,90.25056319313495,0.0,2.124664099988877,PASS
V5,F5,4,1003,4024504,30,500,30,28.826214399504863,314425104.8265708,28.826214399504863,1.7519000000029337,PASS
V5,F5,1,1000,4024501,30,500,30,28.02289834298946,262803966.06144178,28.02289834298946,1.7948920999915572,PASS
V5,F5,2,1001,4024502,30,500,30,28.64230324415114,265509719.66763252,28.64230324415114,1.8457666000031168,PASS
V5,F5,3,1002,4024503,30,500,30,26.711592204135204,290152790.99322855,26.711592204135204,1.9033202999999048,PASS
V5,F5,6,1005,4024506,30,500,30,27.986054810712886,275607877.05815667,27.986054810712886,2.113307799998438,PASS
V5,F5,5,1004,4024505,30,500,30,28.80468113068543,264814459.6730534,28.80468113068543,2.1809149000036996,PASS
V5,F5,7,1006,4024507,30,500,30,28.824510933652114,275703968.057919,28.824510933652114,2.1086930000019493,PASS
V5,F5,8,1007,4024508,30,500,30,27.99937555177982,196990313.2842615,27.99937555177982,2.1324467999947956,PASS
V5,F5,11,1010,4024511,30,500,30,26.056079496446582,311741780.6244718,26.056079496446582,1.7636724000039976,PASS
V5,F5,9,1008,4024509,30,500,30,27.984903150885547,264277025.01725703,27.984903150885547,1.780301100006909,PASS
V5,F5,12,1011,4024512,30,500,30,28.657622386729578,135783553.73670316,28.657622386729578,1.797258899998269,PASS
V5,F5,10,1009,4024510,30,500,30,28.04127944557301,275312500.08404154,28.04127944557301,1.8202708000026178,PASS
V5,F5,15,1014,4024515,30,500,30,27.97953504492064,199986599.631898,27.97953504492064,2.139067399999476,PASS
V5,F5,13,1012,4024513,30,500,30,28.985068500964097,223922765.9861003,28.985068500964097,2.1757157999963965,PASS
V5,F5,16,1015,4024516,30,500,30,27.14249923293043,230963403.05164534,27.14249923293043,2.1598573999945074,PASS
V5,F5,14,1013,4024514,30,500,30,28.771122355167485,198137301.02750832,28.771122355167485,2.2060052000015276,PASS
V5,F5,18,1017,4024518,30,500,30,28.859025130354,261605126.34257632,28.859025130354,1.8130305999948177,PASS
V5,F5,17,1016,4024517,30,500,30,27.233797922112245,267563143.6435758,27.233797922112245,1.8469489999988582,PASS
V5,F5,20,1019,4024520,30,500,30,28.595332426036578,318067279.8984649,28.595332426036578,1.8822507000004407,PASS
V5,F5,19,1018,4024519,30,500,30,28.866596212968567,235011607.0552513,28.866596212968567,1.8885250000021188,PASS
V5,F5,22,1021,4024522,30,500,30,28.77122776192471,250438783.368967,28.77122776192471,2.0721673000080045,PASS
V5,F5,21,1020,4024521,30,500,30,28.809137028708275,320276562.2341088,28.809137028708275,2.1724517999973614,PASS
V5,F5,24,1023,4024524,30,500,30,28.856542727366655,272530389.63664186,28.856542727366655,2.1030094000016106,PASS
V5,F5,23,1022,4024523,30,500,30,28.00551703205017,224106822.12627918,28.00551703205017,2.120556099995156,PASS
V5,F5,26,1025,4024526,30,500,30,28.771200120475022,272825950.8696747,28.771200120475022,1.696891899991897,PASS
V5,F5,25,1024,4024525,30,500,30,28.919085956738325,197086662.74910796,28.919085956738325,1.713153999997303,PASS
V5,F5,28,1027,4024528,30,500,30,28.66345701966568,306443111.17072505,28.66345701966568,1.7340715999889653,PASS
V5,F5,27,1026,4024527,30,500,30,28.09403720117838,289149958.1576517,28.09403720117838,1.7709287999896333,PASS
V5,F5,29,1028,4024529,30,500,30,27.98136697764828,254911291.89617184,27.98136697764828,1.9821259000018472,PASS
V5,F6,1,1000,4024601,30,500,30,0.001726531916054212,67909.83159949695,0.001726531916054212,2.00146390000009,PASS
V5,F5,30,1029,4024530,30,500,30,28.65815052394188,297997041.8303026,28.65815052394188,2.039041800002451,PASS
V5,F6,2,1001,4024602,30,500,30,0.08456744454183789,70582.57089954114,0.08456744454183789,2.0096415000007255,PASS
V5,F6,4,1003,4024604,30,500,30,0.011702369535726278,71219.00386103941,0.011702369535726278,1.6568251999851782,PASS
V5,F6,3,1002,4024603,30,500,30,0.0047489519377375364,71353.455751133,0.0047489519377375364,1.7116744999948423,PASS
V5,F6,5,1004,4024605,30,500,30,0.00011188258596354174,71208.03386246378,0.00011188258596354174,1.7699097999866353,PASS
V5,F6,6,1005,4024606,30,500,30,0.005920781959778686,68955.29999951718,0.005920781959778686,1.7816515000158688,PASS
V5,F6,8,1007,4024608,30,500,30,0.20389302541751575,54162.957873925516,0.20389302541751575,1.98415639999439,PASS
V5,F6,7,1006,4024607,30,500,30,0.016047371134591544,70011.4366295226,0.016047371134591544,2.0445526000112295,PASS
V5,F6,10,1009,4024610,30,500,30,0.012408199304918661,68295.92181788973,0.012408199304918661,2.02930870000273,PASS
V5,F6,9,1008,4024609,30,500,30,0.0022974956375055268,70501.21762803209,0.0022974956375055268,2.0476141999824904,PASS
V5,F6,11,1010,4024611,30,500,30,0.03505632125467061,79935.06488261481,0.03505632125467061,1.6720973000046797,PASS
V5,F6,14,1013,4024614,30,500,30,2.795625823702431,66078.30058116298,2.795625823702431,1.6549789999844506,PASS
V5,F6,13,1012,4024613,30,500,30,0.08519590284495797,68881.92519101789,0.08519590284495797,1.6931174999917857,PASS
V5,F6,12,1011,4024612,30,500,30,0.03901591532698756,60343.443806650605,0.03901591532698756,1.7058796999917831,PASS
V5,F6,16,1015,4024616,30,500,30,1.0949467428189613e-05,61089.234661411996,1.0949467428189613e-05,1.9225725999858696,PASS
V5,F6,15,1014,4024615,30,500,30,0.18610496466017207,62157.94499673396,0.18610496466017207,1.9926249999844003,PASS
V5,F6,17,1016,4024617,30,500,30,0.09746203922025325,73031.55585073962,0.09746203922025325,2.012684299988905,PASS
V5,F6,18,1017,4024618,30,500,30,0.056680542441156105,70606.59378046433,0.056680542441156105,2.0251785999862477,PASS
V5,F6,21,1020,4024621,30,500,30,0.23981013849824578,81635.30658606326,0.23981013849824578,1.8108647000044584,PASS
V5,F6,19,1018,4024619,30,500,30,2.5154857621927746,59960.68287322056,2.5154857621927746,1.8451480999938212,PASS
V5,F6,22,1021,4024622,30,500,30,1.0279552726750338,64215.54876603678,1.0279552726750338,1.8472452000132762,PASS
V5,F6,20,1019,4024620,30,500,30,0.07553907486829413,79344.06586895653,0.07553907486829413,1.874921100010397,PASS
V5,F6,23,1022,4024623,30,500,30,0.010255159892258024,78086.57507584567,0.010255159892258024,1.9049753999861423,PASS
V5,F6,24,1023,4024624,30,500,30,0.01308536353396662,72276.33926858637,0.01308536353396662,1.9273085999884643,PASS
V5,F6,25,1024,4024625,30,500,30,0.12101170959689975,56465.69237297281,0.12101170959689975,1.9177252000081353,PASS
V5,F6,26,1025,4024626,30,500,30,3.890118198444954e-07,67862.6591007802,3.890118198444954e-07,1.9333470000128727,PASS
V5,F6,27,1026,4024627,30,500,30,1.4605680776787864,68320.91352360474,1.4605680776787864,1.761107099999208,PASS
V5,F6,29,1028,4024629,30,500,30,0.1699176749406598,66095.4100418736,0.1699176749406598,1.7698469999886584,PASS
V5,F6,28,1027,4024628,30,500,30,0.0037746401426686648,71067.99746945646,0.0037746401426686648,1.7778421999828424,PASS
V5,F6,30,1029,4024630,30,500,30,0.033522507979985655,77102.38991476683,0.033522507979985655,1.8193268000031821,PASS
V5,F7,2,1001,4024702,30,500,30,6.837286203809079e-05,129.07738590868695,6.837286203809079e-05,2.2313580000190996,PASS
V5,F7,4,1003,4024704,30,500,30,7.080694142436172e-05,120.0123686763614,7.080694142436172e-05,2.2198952000180725,PASS
V5,F7,1,1000,4024701,30,500,30,9.45915362848826e-06,132.24256505296452,9.45915362848826e-06,2.300473899987992,PASS
V5,F7,3,1002,4024703,30,500,30,1.6784381334677967e-05,106.8866083511403,1.6784381334677967e-05,2.3169220999989193,PASS
V5,F7,7,1006,4024707,30,500,30,8.514306014872908e-05,109.43532753152996,8.514306014872908e-05,1.7549491999961901,PASS
V5,F7,6,1005,4024706,30,500,30,0.0002044215615785161,95.90377798740067,0.0002044215615785161,1.775913599994965,PASS
V5,F7,5,1004,4024705,30,500,30,0.0002432252979321925,128.77654886785405,0.0002432252979321925,1.8238483000022825,PASS
V5,F7,8,1007,4024708,30,500,30,9.530159643600378e-05,89.84776718932376,9.530159643600378e-05,1.87954539997736,PASS
V5,F7,10,1009,4024710,30,500,30,8.368433869609948e-05,124.61338032043707,8.368433869609948e-05,2.1437770999909844,PASS
V5,F7,9,1008,4024709,30,500,30,1.5447923321199042e-05,112.92200132609992,1.5447923321199042e-05,2.198449800023809,PASS
V5,F7,11,1010,4024711,30,500,30,0.00021914311776938256,145.50908467686799,0.00021914311776938256,2.283046299999114,PASS
V5,F7,12,1011,4024712,30,500,30,0.00014672705711848977,88.02744560759177,0.00014672705711848977,2.2261641999939457,PASS
V5,F7,13,1012,4024713,30,500,30,4.457786551659293e-05,109.2388515683827,4.457786551659293e-05,1.7837627000117209,PASS
V5,F7,16,1015,4024716,30,500,30,0.00014586593514698265,118.50476153098273,0.00014586593514698265,1.7652250000101048,PASS
V5,F7,14,1013,4024714,30,500,30,2.820717814733256e-05,125.18640614897903,2.820717814733256e-05,1.793371500010835,PASS
V5,F7,15,1014,4024715,30,500,30,4.9591094465339935e-06,99.80960290906447,4.9591094465339935e-06,1.789170500007458,PASS
V5,F7,18,1017,4024718,30,500,30,0.00021633445300472953,146.54341813360404,0.00021633445300472953,2.120710199989844,PASS
V5,F7,17,1016,4024717,30,500,30,0.00057313278933524,142.86321654785507,0.00057313278933524,2.1733026999863796,PASS
V5,F7,20,1019,4024720,30,500,30,2.578350350601617e-05,134.11199381657298,2.578350350601617e-05,2.192904700001236,PASS
V5,F7,19,1018,4024719,30,500,30,0.00021026431482795704,129.37924729813335,0.00021026431482795704,2.2234473999997135,PASS
V5,F7,22,1021,4024722,30,500,30,7.447946452421306e-05,97.89929812706661,7.447946452421306e-05,1.7728843000077177,PASS
V5,F7,21,1020,4024721,30,500,30,7.261338490871516e-05,134.48686620550905,7.261338490871516e-05,1.8177167999965604,PASS
V5,F7,23,1022,4024723,30,500,30,5.6976333538738544e-05,133.0436737145348,5.6976333538738544e-05,1.8253189999959432,PASS
V5,F7,24,1023,4024724,30,500,30,0.00013413908657777807,134.83866130923477,0.00013413908657777807,1.843875399994431,PASS
V5,F7,28,1027,4024728,30,500,30,3.238470623567746e-05,93.82607923366973,3.238470623567746e-05,2.165131499990821,PASS
V5,F7,26,1025,4024726,30,500,30,6.071988832667685e-05,144.99096006092753,6.071988832667685e-05,2.206223700020928,PASS
V5,F7,25,1024,4024725,30,500,30,0.00018987324554264884,105.12427574420931,0.00018987324554264884,2.3333593000133988,PASS
V5,F7,27,1026,4024727,30,500,30,0.00019470491795281486,135.53438780914385,0.00019470491795281486,2.326961000013398,PASS
V5,F7,29,1028,4024729,30,500,30,1.0751409406872803e-05,162.80296180734086,1.0751409406872803e-05,2.008734100003494,PASS
V5,F8,2,1001,4024802,30,500,30,-5299.129330283742,-2690.889994276502,-5299.129330283742,2.030954499990912,PASS
V5,F8,1,1000,4024801,30,500,30,-6047.703419578147,-2451.876014434408,-6047.703419578147,2.0487333000055514,PASS
V5,F7,30,1029,4024730,30,500,30,0.000128178818000646,130.6949254804745,0.000128178818000646,2.0529062999994494,PASS
V5,F8,3,1002,4024803,30,500,30,-5143.470475311303,-1692.1826887752877,-5143.470475311303,2.3667428999906406,PASS
V5,F8,4,1003,4024804,30,500,30,-5224.854867688941,-2110.3517025625324,-5224.854867688941,2.366208799998276,PASS
V5,F8,5,1004,4024805,30,500,30,-8989.595521933243,-1605.4114947545195,-8989.595521933243,2.3623270000098273,PASS
V5,F8,6,1005,4024806,30,500,30,-11665.127367418236,-3595.6367869269293,-11665.127367418236,2.4002081000071485,PASS
V5,F8,9,1008,4024809,30,500,30,-5828.450528089994,-2337.3316623373657,-5828.450528089994,1.7784585000190418,PASS
V5,F8,7,1006,4024807,30,500,30,-9015.519216118486,-1885.772866590057,-9015.519216118486,1.8331069000123534,PASS
V5,F8,8,1007,4024808,30,500,30,-8253.81049685008,-1726.090940377079,-8253.81049685008,1.9101412000018172,PASS
V5,F8,10,1009,4024810,30,500,30,-6026.841758672334,-2623.8232741546635,-6026.841758672334,1.9068827999872155,PASS
V5,F8,11,1010,4024811,30,500,30,-5036.739629222879,-1813.4049915384448,-5036.739629222879,1.9811671000206843,PASS
V5,F8,12,1011,4024812,30,500,30,-5465.931590285007,-2334.5511967809016,-5465.931590285007,2.0043760999978986,PASS
V5,F8,13,1012,4024813,30,500,30,-5758.444035915572,-2026.2048410858288,-5758.444035915572,1.9402523000026122,PASS
V5,F8,14,1013,4024814,30,500,30,-10818.852122732593,-1526.011739420307,-10818.852122732593,1.985786500008544,PASS
V5,F8,15,1014,4024815,30,500,30,-4597.617752086166,-1577.9245638457974,-4597.617752086166,1.809709399996791,PASS
V5,F8,16,1015,4024816,30,500,30,-6010.667627776939,-1774.4957618865303,-6010.667627776939,1.8259489000192843,PASS
V5,F8,17,1016,4024817,30,500,30,-8481.312128830052,-3022.774183385613,-8481.312128830052,1.898055800003931,PASS
V5,F8,18,1017,4024818,30,500,30,-12537.222701990571,-1613.727286315913,-12537.222701990571,1.9613805999979377,PASS
V5,F8,20,1019,4024820,30,500,30,-4797.520034485213,-1937.2091609434265,-4797.520034485213,2.0193474999978207,PASS
V5,F8,22,1021,4024822,30,500,30,-5615.930040884716,-1439.3070195018026,-5615.930040884716,2.066789200005587,PASS
V5,F8,19,1018,4024819,30,500,30,-4773.656853662033,-2231.4411955724777,-4773.656853662033,2.272041199990781,PASS
V5,F8,21,1020,4024821,30,500,30,-5336.334182380505,-2248.510909834675,-5336.334182380505,2.1449430999928154,PASS
V5,F8,24,1023,4024824,30,500,30,-10995.67987090544,-1788.751013337049,-10995.67987090544,1.7384120000060648,PASS
V5,F8,26,1025,4024826,30,500,30,-9003.305327375001,-1895.6942306135086,-9003.305327375001,1.753080599999521,PASS
V5,F8,23,1022,4024823,30,500,30,-5435.609070757397,-2698.531601043908,-5435.609070757397,1.9332094000128563,PASS
V5,F8,25,1024,4024825,30,500,30,-7780.953623788029,-2207.6192588415524,-7780.953623788029,1.929060099995695,PASS
V5,F8,28,1027,4024828,30,500,30,-12559.347206011582,-1823.0140943969723,-12559.347206011582,2.0497896000160836,PASS
V5,F8,27,1026,4024827,30,500,30,-4098.901904184803,-1646.4051333176737,-4098.901904184803,2.1738736999977846,PASS
V5,F8,30,1029,4024830,30,500,30,-7641.730126336689,-1702.2535651780167,-7641.730126336689,2.1103413999953773,PASS
V5,F8,29,1028,4024829,30,500,30,-8574.6499977355,-1854.1744144476797,-8574.6499977355,2.1765499000030104,PASS
V5,F9,2,1001,4024902,30,500,30,0.0,384.5497490364953,0.0,1.8000489999831188,PASS
V5,F9,3,1002,4024903,30,500,30,0.0,424.39485150190137,0.0,1.837650900008157,PASS
V5,F9,1,1000,4024901,30,500,30,0.0,464.87493101018356,0.0,1.887548800004879,PASS
V5,F9,4,1003,4024904,30,500,30,0.0,439.61790434394305,0.0,1.8920663000026252,PASS
V5,F9,5,1004,4024905,30,500,30,0.0,448.7388944016657,0.0,2.075637200003257,PASS
V5,F9,6,1005,4024906,30,500,30,0.0,439.91283939992803,0.0,2.119069700012915,PASS
V5,F9,7,1006,4024907,30,500,30,0.0,431.59183701137,0.0,2.090067299985094,PASS
V5,F9,8,1007,4024908,30,500,30,0.0,365.8391088248434,0.0,2.11744999999064,PASS
V5,F9,10,1009,4024910,30,500,30,0.0,467.3571333335915,0.0,1.817665799986571,PASS
V5,F9,11,1010,4024911,30,500,30,0.0,447.2888938374598,0.0,1.9084582999930717,PASS
V5,F9,9,1008,4024909,30,500,30,0.0,448.1773913088544,0.0,1.9320295999932569,PASS
V5,F9,12,1011,4024912,30,500,30,0.0,441.073286920272,0.0,1.9409492000122555,PASS
V5,F9,13,1012,4024913,30,500,30,0.0,434.02220260833974,0.0,2.012635599996429,PASS
V5,F9,14,1013,4024914,30,500,30,0.0,440.91474681676505,0.0,1.9757648000086192,PASS
V5,F9,16,1015,4024916,30,500,30,0.0,433.86281469045554,0.0,1.9823918000038248,PASS
V5,F9,15,1014,4024915,30,500,30,0.0,466.36406583587524,0.0,2.0397783999796957,PASS
V5,F9,19,1018,4024919,30,500,30,0.0,414.6138424388559,0.0,1.844967799988808,PASS
V5,F9,17,1016,4024917,30,500,30,0.0,422.02779107708176,0.0,1.914620700001251,PASS
V5,F9,18,1017,4024918,30,500,30,0.0,469.76371664050794,0.0,1.9351342999725603,PASS
V5,F9,20,1019,4024920,30,500,30,0.0,458.030531975015,0.0,1.9361488999857102,PASS
V5,F9,21,1020,4024921,30,500,30,0.0,465.26417440798247,0.0,2.003420699998969,PASS
V5,F9,24,1023,4024924,30,500,30,0.0,433.79837842386155,0.0,1.93297110000276,PASS
V5,F9,23,1022,4024923,30,500,30,0.0,446.64097601097,0.0,1.9887584000243805,PASS
V5,F9,22,1021,4024922,30,500,30,0.0,441.34049530442945,0.0,2.0682289999967907,PASS
V5,F9,25,1024,4024925,30,500,30,0.0,408.9701533118642,0.0,1.8098873000126332,PASS
V5,F9,26,1025,4024926,30,500,30,0.0,473.6616560879741,0.0,1.8628994000027888,PASS
V5,F9,27,1026,4024927,30,500,30,0.0,446.03906557516507,0.0,1.93978220000281,PASS
V5,F9,28,1027,4024928,30,500,30,0.0,447.3494195224039,0.0,1.9861534000083338,PASS
V5,F9,29,1028,4024929,30,500,30,0.0,455.002187468864,0.0,2.0247002000105567,PASS
V5,F10,1,1000,4025001,30,500,30,4.440892098500626e-16,20.764880617738655,4.440892098500626e-16,2.072447699989425,PASS
V5,F9,30,1029,4024930,30,500,30,0.0,479.83128968283097,0.0,2.176713499997277,PASS
V5,F10,2,1001,4025002,30,500,30,4.440892098500626e-16,20.80923383013385,4.440892098500626e-16,2.1379327000177,PASS
V5,F10,4,1003,4025004,30,500,30,4.440892098500626e-16,20.685941618453114,4.440892098500626e-16,1.8037381000176538,PASS
V5,F10,6,1005,4025006,30,500,30,4.440892098500626e-16,20.739339682394206,4.440892098500626e-16,1.9271556999883614,PASS
V5,F10,3,1002,4025003,30,500,30,4.440892098500626e-16,20.70259726914545,4.440892098500626e-16,1.969452999997884,PASS
V5,F10,5,1004,4025005,30,500,30,4.440892098500626e-16,20.753180108678922,4.440892098500626e-16,1.9602905999927316,PASS
V5,F10,7,1006,4025007,30,500,30,4.440892098500626e-16,20.677331650145728,4.440892098500626e-16,2.0302473999909125,PASS
V5,F10,9,1008,4025009,30,500,30,4.440892098500626e-16,20.6623323028609,4.440892098500626e-16,2.0614277999848127,PASS
V5,F10,8,1007,4025008,30,500,30,4.440892098500626e-16,20.30938002246911,4.440892098500626e-16,2.1721145999908913,PASS
V5,F10,10,1009,4025010,30,500,30,4.440892098500626e-16,20.764014980012245,4.440892098500626e-16,2.152989599999273,PASS
V5,F10,12,1011,4025012,30,500,30,4.440892098500626e-16,20.569830881242734,4.440892098500626e-16,1.8883725000196137,PASS
V5,F10,11,1010,4025011,30,500,30,4.440892098500626e-16,20.873205110265417,4.440892098500626e-16,1.9451201999909244,PASS
V5,F10,14,1013,4025014,30,500,30,4.440892098500626e-16,20.669354202190537,4.440892098500626e-16,1.9300591000064742,PASS
V5,F10,13,1012,4025013,30,500,30,4.440892098500626e-16,20.566750205953976,4.440892098500626e-16,2.022478799975943,PASS
V5,F10,15,1014,4025015,30,500,30,4.440892098500626e-16,20.49068213407767,4.440892098500626e-16,1.9885756000003312,PASS
V5,F10,17,1016,4025017,30,500,30,4.440892098500626e-16,20.795292196710726,4.440892098500626e-16,2.031741199985845,PASS
V5,F10,16,1015,4025016,30,500,30,4.440892098500626e-16,20.64013873956227,4.440892098500626e-16,2.0659967999963555,PASS
V5,F10,18,1017,4025018,30,500,30,4.440892098500626e-16,20.8269336510937,4.440892098500626e-16,2.029456399992341,PASS
V5,F10,19,1018,4025019,30,500,30,4.440892098500626e-16,20.287777247273507,4.440892098500626e-16,1.8081795000180136,PASS
V5,F10,20,1019,4025020,30,500,30,4.440892098500626e-16,20.753576885043977,4.440892098500626e-16,1.8183262000093237,PASS
V5,F10,22,1021,4025022,30,500,30,4.440892098500626e-16,20.583645012836215,4.440892098500626e-16,1.8124777000048198,PASS
V5,F10,21,1020,4025021,30,500,30,4.440892098500626e-16,20.886822358893582,4.440892098500626e-16,1.8507412000035401,PASS
V5,F10,24,1023,4025024,30,500,30,4.440892098500626e-16,20.702337522964704,4.440892098500626e-16,2.057551699981559,PASS
V5,F10,26,1025,4025026,30,500,30,4.440892098500626e-16,20.66064456706877,4.440892098500626e-16,2.0360549000033643,PASS
V5,F10,23,1022,4025023,30,500,30,4.440892098500626e-16,20.933352404055416,4.440892098500626e-16,2.1027184999838937,PASS
V5,F10,25,1024,4025025,30,500,30,4.440892098500626e-16,20.640145513776236,4.440892098500626e-16,2.1140658000076655,PASS
V5,F10,27,1026,4025027,30,500,30,4.440892098500626e-16,20.70523141613285,4.440892098500626e-16,1.885484300000826,PASS
V5,F10,28,1027,4025028,30,500,30,4.440892098500626e-16,20.792506436353648,4.440892098500626e-16,1.8839274999918416,PASS
V5,F10,29,1028,4025029,30,500,30,4.440892098500626e-16,20.542581961741753,4.440892098500626e-16,1.8894175000023097,PASS
V5,F10,30,1029,4025030,30,500,30,4.440892098500626e-16,20.847870698067215,4.440892098500626e-16,1.8972949000017252,PASS
V5,F11,4,1003,4025104,30,500,30,0.0,640.6078006974948,0.0,2.020264099992346,PASS
V5,F11,1,1000,4025101,30,500,30,0.0,611.291864520307,0.0,2.202004799997667,PASS
V5,F11,2,1001,4025102,30,500,30,0.0,639.1480611503106,0.0,2.2243900999892503,PASS
V5,F11,3,1002,4025103,30,500,30,0.0,643.4385152741779,0.0,2.283592399995541,PASS
V5,F11,6,1005,4025106,30,500,30,0.0,620.4511952126913,0.0,1.8428775000211317,PASS
V5,F11,5,1004,4025105,30,500,30,0.0,644.4520744510511,0.0,1.9064900999946985,PASS
V5,F11,8,1007,4025108,30,500,30,0.0,487.5405080335636,0.0,1.9710676000104286,PASS
V5,F11,7,1006,4025107,30,500,30,0.0,632.8296368484805,0.0,1.9751191000104882,PASS
V5,F11,9,1008,4025109,30,500,30,0.0,639.6684312970408,0.0,2.375973200018052,PASS
V5,F11,10,1009,4025110,30,500,30,0.0,616.7396630786404,0.0,2.32666920000338,PASS
V5,F11,11,1010,4025111,30,500,30,0.0,718.9807578130838,0.0,2.3476796000031754,PASS
V5,F11,12,1011,4025112,30,500,30,0.0,542.9069981974286,0.0,2.4434903000073973,PASS
V5,F11,14,1013,4025114,30,500,30,0.0,591.7962883432442,0.0,2.0395308000152,PASS
V5,F11,13,1012,4025113,30,500,30,0.0,618.2400358748203,0.0,2.0571510000154376,PASS
V5,F11,15,1014,4025115,30,500,30,0.0,563.9367128903148,0.0,2.0502492999949027,PASS
V5,F11,16,1015,4025116,30,500,30,0.0,549.6853975606296,0.0,2.045847399975173,PASS
V5,F11,18,1017,4025118,30,500,30,0.0,635.4820188150104,0.0,2.309662399988156,PASS
V5,F11,17,1016,4025117,30,500,30,0.0,658.3681797175631,0.0,2.367623199999798,PASS
V5,F11,19,1018,4025119,30,500,30,0.0,538.2294864301934,0.0,2.356636000011349,PASS
V5,F11,20,1019,4025120,30,500,30,0.0,711.0659999459813,0.0,2.3655870000075083,PASS
V5,F11,23,1022,4025123,30,500,30,0.0,701.8372771154101,0.0,1.824966999993194,PASS
V5,F11,22,1021,4025122,30,500,30,0.0,579.5492680434852,0.0,1.856512099999236,PASS
V5,F11,24,1023,4025124,30,500,30,0.0,649.0261533705124,0.0,1.8602981000149157,PASS
V5,F11,21,1020,4025121,30,500,30,0.0,738.5383591240958,0.0,1.9389372000005096,PASS
V5,F11,25,1024,4025125,30,500,30,0.0,508.02875095473263,0.0,2.00516709999647,PASS
V5,F11,27,1026,4025127,30,500,30,0.0,614.144178110117,0.0,1.9885848999838345,PASS
V5,F11,26,1025,4025126,30,500,30,0.0,609.8881515490872,0.0,2.0723628000123426,PASS
V5,F11,28,1027,4025128,30,500,30,0.0,642.5333046872523,0.0,2.0207750000117812,PASS
V5,F11,29,1028,4025129,30,500,30,0.0,595.7920700073693,0.0,1.7705186000093818,PASS
V5,F11,30,1029,4025130,30,500,30,0.0,694.8702724214163,0.0,1.808689500001492,PASS
V5,F12,1,1000,4025201,30,500,30,0.9771383198629738,577094378.3389748,0.9771383198629738,2.0189672999840695,PASS
V5,F12,2,1001,4025202,30,500,30,2.1824267662680226e-08,579099359.0880492,2.1824267662680226e-08,2.051650100009283,PASS
V5,F12,3,1002,4025203,30,500,30,0.35779631343143836,677755348.7064486,0.35779631343143836,2.1838465000037104,PASS
V5,F12,4,1003,4025204,30,500,30,7.938064871381226e-07,756082758.900649,7.938064871381226e-07,2.253176300000632,PASS
V5,F12,5,1004,4025205,30,500,30,5.983758275361446e-10,600899121.4082001,5.983758275361446e-10,2.2923090000113007,PASS
V5,F12,6,1005,4025206,30,500,30,3.3555230211090133e-07,613687382.5306401,3.3555230211090133e-07,2.275777200004086,PASS
V5,F12,7,1006,4025207,30,500,30,1.6021134641480663,669437325.0641034,1.6021134641480663,1.9620807000028435,PASS
V5,F12,8,1007,4025208,30,500,30,7.999889863956148e-07,465147296.24454856,7.999889863956148e-07,1.9643259000149556,PASS
V5,F12,10,1009,4025210,30,500,30,1.6155740954451186e-06,608345809.8432229,1.6155740954451186e-06,1.985377700009849,PASS
V5,F12,9,1008,4025209,30,500,30,5.617293568237755e-09,673649374.2265142,5.617293568237755e-09,2.0565692000091076,PASS
V5,F12,13,1012,4025213,30,500,30,2.7484774876477445e-06,409264261.74945426,2.7484774876477445e-06,2.1821788999950513,PASS
V5,F12,11,1010,4025211,30,500,30,0.24194466268290965,673700231.5011019,0.24194466268290965,2.2236890999774914,PASS
V5,F12,12,1011,4025212,30,500,30,0.628016825357324,354312759.8973637,0.628016825357324,2.270878299983451,PASS
V5,F12,14,1013,4025214,30,500,30,2.324845157242697e-08,375026164.7994268,2.324845157242697e-08,2.2469504000036977,PASS
V5,F12,17,1016,4025217,30,500,30,1.6642060921661078e-09,602516388.8524432,1.6642060921661078e-09,2.0092342999996617,PASS
V5,F12,18,1017,4025218,30,500,30,0.49024863865770807,678910232.0700809,0.49024863865770807,2.008055299986154,PASS
V5,F12,15,1014,4025215,30,500,30,0.3884077372590731,377991105.0550389,0.3884077372590731,2.048563699994702,PASS
V5,F12,16,1015,4025216,30,500,30,8.872143007588983e-07,518663474.82455194,8.872143007588983e-07,2.0448548999847844,PASS
V5,F12,20,1019,4025220,30,500,30,6.922870572453005e-08,746482921.424925,6.922870572453005e-08,2.3504575999977533,PASS
V5,F12,22,1021,4025222,30,500,30,1.4069856375164625e-09,566705999.5069873,1.4069856375164625e-09,2.4980805999948643,PASS
V5,F12,21,1020,4025221,30,500,30,2.107657613500715e-06,779891967.4951634,2.107657613500715e-06,2.507004999992205,PASS
V5,F12,19,1018,4025219,30,500,30,4.1235172767989257e-07,493317185.6586725,4.1235172767989257e-07,2.565595199994277,PASS
V5,F12,24,1023,4025224,30,500,30,1.4679549257424187,557034073.9341952,1.4679549257424187,2.061694100004388,PASS
V5,F12,23,1022,4025223,30,500,30,1.1147370210949457,527674663.0350982,1.1147370210949457,2.1296256000059657,PASS
V5,F12,26,1025,4025226,30,500,30,0.28630822008342205,655610836.8316754,0.28630822008342205,2.1122074000013527,PASS
V5,F12,25,1024,4025225,30,500,30,0.16084187286338059,459268027.30294675,0.16084187286338059,2.1505500999919605,PASS
V5,F12,27,1026,4025227,30,500,30,0.623703644823954,688380987.7444726,0.623703644823954,2.479766500007827,PASS
V5,F12,29,1028,4025229,30,500,30,2.5772333466726866e-07,694579575.2440028,2.5772333466726866e-07,2.428098800010048,PASS
V5,F12,30,1029,4025230,30,500,30,1.6326186535156303e-08,638200031.739138,1.6326186535156303e-08,2.5320314000127837,PASS
V5,F12,28,1027,4025228,30,500,30,2.0750358804788084e-08,735612073.6667887,2.0750358804788084e-08,2.6352799000160303,PASS
V5,F13,1,1000,4025301,30,500,30,1.3417962038061144,1121540604.907016,1.3417962038061144,1.9061149000190198,PASS
V5,F13,3,1002,4025303,30,500,30,1.8071491593739837,1279263460.7598147,1.8071491593739837,1.905627000000095,PASS
V5,F13,2,1001,4025302,30,500,30,4.3639694361393514e-07,1134393402.9122756,4.3639694361393514e-07,1.9563036000181455,PASS
V5,F13,4,1003,4025304,30,500,30,1.9297900706728788,1409943019.8603163,1.9297900706728788,2.0539792999916244,PASS
V5,F13,6,1005,4025306,30,500,30,2.368347324893747e-05,1181621324.1665757,2.368347324893747e-05,2.2747771999856923,PASS
V5,F13,5,1004,4025305,30,500,30,2.039577933391476,1170689608.5516968,2.039577933391476,2.3424301000195555,PASS
V5,F13,7,1006,4025307,30,500,30,1.1822939506129266e-06,1268983075.2778127,1.1822939506129266e-06,2.4346051999891642,PASS
V5,F13,8,1007,4025308,30,500,30,1.9595874285291595,878154019.7635087,1.9595874285291595,2.4376455000019632,PASS
V5,F13,12,1011,4025312,30,500,30,1.8266818659946964,746217004.1348709,1.8266818659946964,1.9296112000010908,PASS
V5,F13,9,1008,4025309,30,500,30,1.4593289796995488,1296042042.9580178,1.4593289796995488,1.9778192000230774,PASS
V5,F13,11,1010,4025311,30,500,30,2.0476926337124493,1334005063.226532,2.0476926337124493,1.9657383000012487,PASS
V5,F13,10,1009,4025310,30,500,30,2.021472618815771,1170491781.6147819,2.021472618815771,2.0341367999790236,PASS
V5,F13,13,1012,4025313,30,500,30,1.5908675725022825,902489281.0803057,1.5908675725022825,2.4557543999981135,PASS
V5,F13,15,1014,4025315,30,500,30,2.2244462544559562,781768070.7565104,2.2244462544559562,2.430221900023753,PASS
V5,F13,16,1015,4025316,30,500,30,1.7053044544059863,992639751.8319389,1.7053044544059863,2.4157315000193194,PASS
V5,F13,14,1013,4025314,30,500,30,2.6662125983923377e-05,813623365.5838884,2.6662125983923377e-05,2.51854540000204,PASS
V5,F13,17,1016,4025317,30,500,30,2.1220016165537148,1200343935.016167,2.1220016165537148,1.9732888000144158,PASS
V5,F13,20,1019,4025320,30,500,30,1.8036089506423174,1427951455.304063,1.8036089506423174,1.9898862999980338,PASS
V5,F13,19,1018,4025319,30,500,30,6.508205604042692e-06,985279769.8708252,6.508205604042692e-06,1.9933927000092808,PASS
V5,F13,18,1017,4025318,30,500,30,2.6861631643989943e-05,1270309810.4932654,2.6861631643989943e-05,2.0589238999818917,PASS
V5,F13,21,1020,4025321,30,500,30,4.700372976439562e-07,1481567387.8877292,4.700372976439562e-07,2.4308250000176486,PASS
V5,F13,23,1022,4025323,30,500,30,2.7099369146096604,1057814591.9376878,2.7099369146096604,2.4003111999772955,PASS
V5,F13,24,1023,4025324,30,500,30,3.6501040601234185e-06,1128834171.694078,3.6501040601234185e-06,2.397464699984994,PASS
V5,F13,22,1021,4025322,30,500,30,2.4498410927443603,1071852585.7528108,2.4498410927443603,2.5259310000110418,PASS
V5,F13,28,1027,4025328,30,500,30,2.3707474990833055,1357932319.8784873,2.3707474990833055,1.922233999997843,PASS
V5,F13,25,1024,4025325,30,500,30,1.3807891549551385,881544869.6646192,1.3807891549551385,1.9728605999844149,PASS
V5,F13,26,1025,4025326,30,500,30,0.3201336193791633,1213450885.258651,0.3201336193791633,1.981081300007645,PASS
V5,F13,27,1026,4025327,30,500,30,0.11232143888427454,1309554648.9066305,0.11232143888427454,2.0240306000050623,PASS
V5,F14,1,1000,4025401,30,500,2,2.982105156817547,473.71847520737606,2.982105156817547,0.4873504999850411,PASS
V5,F14,2,1001,4025402,30,500,2,0.9980038378224766,20.799965995968776,0.9980038378224766,0.4955614000209607,PASS
V5,F13,29,1028,4025329,30,500,30,2.9116761086795964,1284594344.47724,2.9116761086795964,2.442766100022709,PASS
V5,F13,30,1029,4025330,30,500,30,2.357585786472641,1261783528.6462915,2.357585786472641,2.4659279999905266,PASS
V5,F14,3,1002,4025403,30,500,2,2.9821051568169095,7.856359089361977,2.9821051568169095,0.5039037000096869,PASS
V5,F14,5,1004,4025405,30,500,2,0.9980038392790865,24.322820508421295,0.9980038392790865,0.5072691999957897,PASS
V5,F14,4,1003,4025404,30,500,2,0.998003837826511,7.991839953168932,0.998003837826511,0.5483117999974638,PASS
V5,F14,6,1005,4025406,30,500,2,2.982105156827029,90.7409532963287,2.982105156827029,0.5332988000009209,PASS
V5,F14,7,1006,4025407,30,500,2,0.9980038380775597,16.2842641081014,0.9980038380775597,0.4845140999823343,PASS
V5,F14,8,1007,4025408,30,500,2,12.670505811135556,21.481362099196957,12.670505811135556,0.4934584000147879,PASS
V5,F14,10,1009,4025410,30,500,2,2.9821051568172185,15.108117071694181,2.9821051568172185,0.4809135000105016,PASS
V5,F14,9,1008,4025409,30,500,2,0.998003837850564,480.050865101365,0.998003837850564,0.4883114999975078,PASS
V5,F14,12,1011,4025412,30,500,2,0.9980038383193046,16.441007314171465,0.9980038383193046,0.49102529999800026,PASS
V5,F14,11,1010,4025411,30,500,2,2.982105156816826,115.8570972449099,2.982105156816826,0.5142585999856237,PASS
V5,F14,13,1012,4025413,30,500,2,2.9821051568191552,16.402755922508554,2.9821051568191552,0.5132617000199389,PASS
V5,F14,14,1013,4025414,30,500,2,12.670505811135616,73.97889205821518,12.670505811135616,0.5396360000013374,PASS
V5,F14,15,1014,4025415,30,500,2,0.9980038378573032,65.35361146386387,0.9980038378573032,0.46268050000071526,PASS
V5,F14,16,1015,4025416,30,500,2,0.9980038382652726,17.659718800789545,0.9980038382652726,0.5013137999922037,PASS
V5,F14,17,1016,4025417,30,500,2,0.9980038380205831,438.10288921782666,0.9980038380205831,0.4951256000204012,PASS
V5,F14,18,1017,4025418,30,500,2,0.9980038378173773,237.59430741100795,0.9980038378173773,0.4951844000024721,PASS
V5,F14,19,1018,4025419,30,500,2,0.9980038378451731,2.286243956447089,0.9980038378451731,0.49233840001397766,PASS
V5,F14,21,1020,4025421,30,500,2,12.670505811135557,87.51907188492201,12.670505811135557,0.49339009998948313,PASS
V5,F14,20,1019,4025420,30,500,2,2.982105156824213,179.17713904158902,2.982105156824213,0.5535839000076521,PASS
V5,F14,22,1021,4025422,30,500,2,2.9821051568240033,29.199725330593285,2.9821051568240033,0.5470936000056099,PASS
V5,F14,23,1022,4025423,30,500,2,2.9821051568195713,9.804625661988586,2.9821051568195713,0.46394339998369105,PASS
V5,F14,24,1023,4025424,30,500,2,0.9980038380115446,294.0509123316119,0.9980038380115446,0.4960369999753311,PASS
V5,F14,25,1024,4025425,30,500,2,12.670505811135914,320.00268640700443,12.670505811135914,0.45274499998777173,PASS
V5,F14,26,1025,4025426,30,500,2,0.9980038378227115,421.40232505995556,0.9980038378227115,0.4714936999953352,PASS
V5,F14,30,1029,4025430,30,500,2,0.9980038378247447,15.999537865751927,0.9980038378247447,0.4893506999942474,PASS
V5,F14,27,1026,4025427,30,500,2,12.670505811135557,337.8200873186404,12.670505811135557,0.525047800008906,PASS
V5,F14,29,1028,4025429,30,500,2,0.9980038378261071,2.3576554955050417,0.9980038378261071,0.5031620000081602,PASS
V5,F14,28,1027,4025428,30,500,2,0.9980038379774693,160.2537413920019,0.9980038379774693,0.5241900999972131,PASS
V5,F15,1,1000,4025501,30,500,4,0.0003123143904426107,0.30191456608898665,0.0003123143904426107,0.4413180999981705,PASS
V5,F15,2,1001,4025502,30,500,4,0.0003747844821475869,1.2717309895536486,0.0003747844821475869,0.44125450000865385,PASS
V5,F15,4,1003,4025504,30,500,4,0.0003077648582130735,0.1609090192272938,0.0003077648582130735,0.43020820000674576,PASS
V5,F15,3,1002,4025503,30,500,4,0.00032053871064345563,0.3644888722730511,0.00032053871064345563,0.4487788999977056,PASS
V5,F15,5,1004,4025505,30,500,4,0.0003412853313347227,0.12948702495992004,0.0003412853313347227,0.45701400001416914,PASS
V5,F15,7,1006,4025507,30,500,4,0.0003088268421320363,0.12363760498402297,0.0003088268421320363,0.46496120002120733,PASS
V5,F15,6,1005,4025506,30,500,4,0.0003197346104142632,0.12186464086944875,0.0003197346104142632,0.4799051000154577,PASS
V5,F15,8,1007,4025508,30,500,4,0.00031342795485915894,0.09018764359449179,0.00031342795485915894,0.47112910001305863,PASS
V5,F15,9,1008,4025509,30,500,4,0.0003345095097316421,2.2394826617102606,0.0003345095097316421,0.4385003999923356,PASS
V5,F15,12,1011,4025512,30,500,4,0.0003162584384193054,0.23498015533649527,0.0003162584384193054,0.4266728999791667,PASS
V5,F15,11,1010,4025511,30,500,4,0.00031107453844435946,0.03239128528085753,0.00031107453844435946,0.44512610000674613,PASS
V5,F15,10,1009,4025510,30,500,4,0.0003829817251045109,0.13877679138861554,0.0003829817251045109,0.4530191000085324,PASS
V5,F15,13,1012,4025513,30,500,4,0.0003296624359754777,0.1306304824855118,0.0003296624359754777,0.4805349000089336,PASS
V5,F15,15,1014,4025515,30,500,4,0.00030928215912573713,0.10205617825736528,0.00030928215912573713,0.4796298999863211,PASS
V5,F15,14,1013,4025514,30,500,4,0.00031997701158454104,0.1598298890496266,0.00031997701158454104,0.5101978000020608,PASS
V5,F15,16,1015,4025516,30,500,4,0.0003141135263194528,2.092356457574675,0.0003141135263194528,0.5398166000086349,PASS
V5,F15,17,1016,4025517,30,500,4,0.0003213232641920645,0.2605680364275185,0.0003213232641920645,0.45918030000757426,PASS
V5,F15,19,1018,4025519,30,500,4,0.0003433920671840587,0.1985628632680977,0.0003433920671840587,0.43666079998365603,PASS
V5,F15,18,1017,4025518,30,500,4,0.0003610460895501181,0.14977648977909336,0.0003610460895501181,0.48854280001251027,PASS
V5,F15,20,1019,4025520,30,500,4,0.00030905905551380035,0.1359115073620081,0.00030905905551380035,0.45870600000489503,PASS
V5,F15,23,1022,4025523,30,500,4,0.0003215099639308955,0.29407409982959576,0.0003215099639308955,0.504756999987876,PASS
V5,F15,21,1020,4025521,30,500,4,0.0003277772986493685,0.4954470688391197,0.0003277772986493685,0.5280036000185646,PASS
V5,F15,22,1021,4025522,30,500,4,0.0003099156000608555,0.5524050984541609,0.0003099156000608555,0.5386936999857426,PASS
V5,F15,24,1023,4025524,30,500,4,0.000334589443829548,0.298411205199563,0.000334589443829548,0.5316285000008065,PASS
V5,F15,25,1024,4025525,30,500,4,0.00031796113877685867,0.054825133501047195,0.00031796113877685867,0.549672199995257,PASS
V5,F15,26,1025,4025526,30,500,4,0.000377840348005957,0.2996859951874783,0.000377840348005957,0.5451983000093605,PASS
V5,F15,27,1026,4025527,30,500,4,0.00030995368475005236,0.08376195205332174,0.00030995368475005236,0.5496347000007518,PASS
V5,F15,28,1027,4025528,30,500,4,0.00031986834981899594,0.03968409975464774,0.00031986834981899594,0.5512844999902882,PASS
V5,F16,1,1000,4025601,30,500,2,-1.031628427289774,2.181179457071373,-1.031628427289774,0.27436460001626983,PASS
V5,F16,2,1001,4025602,30,500,2,-1.0316284487690996,-0.027012733357646004,-1.0316284487690996,0.28712649998487905,PASS
V5,F15,30,1029,4025530,30,500,4,0.000343581796008934,0.14413165160408462,0.000343581796008934,0.539869699976407,PASS
V5,F15,29,1028,4025529,30,500,4,0.0003143320487850665,0.08098779060507648,0.0003143320487850665,0.5554578999872319,PASS
V5,F16,4,1003,4025604,30,500,2,-1.031628445104622,-0.39997849461446167,-1.031628445104622,0.25657379999756813,PASS
V5,F16,3,1002,4025603,30,500,2,-1.0316284482177687,0.7607607404739891,-1.0316284482177687,0.27523239998845384,PASS
V5,F16,5,1004,4025605,30,500,2,-1.0316284063162042,-0.170143036311162,-1.0316284063162042,0.24693789999582805,PASS
V5,F16,6,1005,4025606,30,500,2,-1.0316284140677152,-0.9735315253417971,-1.0316284140677152,0.2467731999931857,PASS
V5,F16,7,1006,4025607,30,500,2,-1.0316284528078135,-0.20638118856745086,-1.0316284528078135,0.2867373999906704,PASS
V5,F16,9,1008,4025609,30,500,2,-1.0316284477123032,2.3278539991551703,-1.0316284477123032,0.2585243000066839,PASS
V5,F16,8,1007,4025608,30,500,2,-1.0316284121481158,-0.24021923047679472,-1.0316284121481158,0.2763369999884162,PASS
V5,F16,10,1009,4025610,30,500,2,-1.0316284525647084,1.0848751489960493,-1.0316284525647084,0.265849999996135,PASS
V5,F16,11,1010,4025611,30,500,2,-1.0316284483250429,2.3611245635192675,-1.0316284483250429,0.2439808999770321,PASS
V5,F16,13,1012,4025613,30,500,2,-1.0316284346571092,1.5398855373431712,-1.0316284346571092,0.2459175999974832,PASS
V5,F16,12,1011,4025612,30,500,2,-1.031628434608291,-1.0303686554309606,-1.031628434608291,0.2656610999838449,PASS
V5,F16,14,1013,4025614,30,500,2,-1.0316284384462922,-0.8050538505238225,-1.0316284384462922,0.25608950000605546,PASS
V5,F16,15,1014,4025615,30,500,2,-1.0316284288414346,0.23957312171001172,-1.0316284288414346,0.2448824000020977,PASS
V5,F16,16,1015,4025616,30,500,2,-1.031628362842282,0.7787012712336405,-1.031628362842282,0.2575912000029348,PASS
V5,F16,17,1016,4025617,30,500,2,-1.0316284491950556,0.9570585820096484,-1.0316284491950556,0.2561936000129208,PASS
V5,F16,18,1017,4025618,30,500,2,-1.0316284223912828,1.6470124840433833,-1.0316284223912828,0.25725779999629594,PASS
V5,F16,19,1018,4025619,30,500,2,-1.031628450496936,0.7878546115016152,-1.031628450496936,0.24893810000503436,PASS
V5,F16,20,1019,4025620,30,500,2,-1.0316284095113646,-0.9362291745164019,-1.0316284095113646,0.22137920002569444,PASS
V5,F16,22,1021,4025622,30,500,2,-1.0316284466677093,1.5766615624712603,-1.0316284466677093,0.23003070001141168,PASS
V5,F16,21,1020,4025621,30,500,2,-1.0316283570820304,0.6778025610508492,-1.0316283570820304,0.2503277999931015,PASS
V5,F16,23,1022,4025623,30,500,2,-1.0316284418603905,1.3326463850849646,-1.0316284418603905,0.2558642999792937,PASS
V5,F16,24,1023,4025624,30,500,2,-1.031628452350645,2.6557067430875065,-1.031628452350645,0.2712421999895014,PASS
V5,F16,25,1024,4025625,30,500,2,-1.031628417116272,2.429026067201413,-1.031628417116272,0.2795793999976013,PASS
V5,F16,26,1025,4025626,30,500,2,-1.0316284384408108,21.49073996804959,-1.0316284384408108,0.2978834999958053,PASS
V5,F16,27,1026,4025627,30,500,2,-1.0316284206023618,-0.1512971369952485,-1.0316284206023618,0.24434009997639805,PASS
V5,F16,28,1027,4025628,30,500,2,-1.0316284427374032,0.6076326090253817,-1.0316284427374032,0.24125559997628443,PASS
V5,F16,29,1028,4025629,30,500,2,-1.0316284405149527,-0.12993145689296656,-1.0316284405149527,0.22889470000518486,PASS
V5,F16,30,1029,4025630,30,500,2,-1.0316284102071556,2.6013826494536425,-1.0316284102071556,0.22652449997258373,PASS
V5,F17,1,1000,4025701,30,500,2,0.3978919219023709,1.0638829597342436,0.3978919219023709,0.25174890001653694,PASS
V5,F17,2,1001,4025702,30,500,2,0.39789845819345615,1.2443773973881989,0.39789845819345615,0.25713829998858273,PASS
V5,F17,3,1002,4025703,30,500,2,0.3978878918207691,0.5710175662180976,0.3978878918207691,0.2738060999836307,PASS
V5,F17,4,1003,4025704,30,500,2,0.3978894125287109,2.6652672686497105,0.3978894125287109,0.27844090000144206,PASS
V5,F17,5,1004,4025705,30,500,2,0.3978894782609572,0.7300291394205143,0.3978894782609572,0.25532149997889064,PASS
V5,F17,6,1005,4025706,30,500,2,0.39788885590573564,0.7328401017256851,0.39788885590573564,0.23722350000753067,PASS
V5,F17,7,1006,4025707,30,500,2,0.3978904827747094,1.0302901000661695,0.3978904827747094,0.24849430000176653,PASS
V5,F17,8,1007,4025708,30,500,2,0.3978936892686029,0.8184767311208248,0.3978936892686029,0.24398289999226108,PASS
V5,F17,9,1008,4025709,30,500,2,0.3978890527876242,1.6574038437894387,0.3978890527876242,0.27116790000582114,PASS
V5,F17,11,1010,4025711,30,500,2,0.39788842473253716,0.9236150306333499,0.39788842473253716,0.25303590000839904,PASS
V5,F17,10,1009,4025710,30,500,2,0.3978895431317575,3.966514797561688,0.3978895431317575,0.267158600006951,PASS
V5,F17,12,1011,4025712,30,500,2,0.39788801706879795,4.005505020167275,0.39788801706879795,0.2643746999965515,PASS
V5,F17,14,1013,4025714,30,500,2,0.39788792517462745,1.2794390638585824,0.39788792517462745,0.2187395000073593,PASS
V5,F17,13,1012,4025713,30,500,2,0.3978956232276971,0.653014811080423,0.3978956232276971,0.22863200001302175,PASS
V5,F17,15,1014,4025715,30,500,2,0.39788743113709835,0.5699043454949582,0.39788743113709835,0.22904620002373122,PASS
V5,F17,16,1015,4025716,30,500,2,0.3978925805633988,0.5472008050952475,0.3978925805633988,0.24767049998627044,PASS
V5,F17,19,1018,4025719,30,500,2,0.39788761235926806,1.8190149992010163,0.39788761235926806,0.24625830000150017,PASS
V5,F17,20,1019,4025720,30,500,2,0.3978908012657083,0.4636423262601532,0.3978908012657083,0.2541337000147905,PASS
V5,F17,18,1017,4025718,30,500,2,0.3978923143602202,1.6377791627432448,0.3978923143602202,0.2592325999867171,PASS
V5,F17,17,1016,4025717,30,500,2,0.39788764344126015,1.9307324415435367,0.39788764344126015,0.28390999999828637,PASS
V5,F17,21,1020,4025721,30,500,2,0.39788785410452476,2.247938566819121,0.39788785410452476,0.22832029999699444,PASS
V5,F17,23,1022,4025723,30,500,2,0.39788859080958794,0.615174882056257,0.39788859080958794,0.24079720000736415,PASS
V5,F17,24,1023,4025724,30,500,2,0.39788846714807136,14.151514125962425,0.39788846714807136,0.2597049000032712,PASS
V5,F17,22,1021,4025722,30,500,2,0.3978976479987466,1.8216716190815827,0.3978976479987466,0.2738252000126522,PASS
V5,F17,25,1024,4025725,30,500,2,0.39789107067902485,1.6869208412063283,0.39789107067902485,0.25060989998746663,PASS
V5,F17,28,1027,4025728,30,500,2,0.39789243470912083,2.9510390763983754,0.39789243470912083,0.2732240999757778,PASS
V5,F17,27,1026,4025727,30,500,2,0.3978873779417498,1.0566819945015116,0.3978873779417498,0.27519349998328835,PASS
V5,F17,26,1025,4025726,30,500,2,0.39788773522107945,3.889306158017198,0.39788773522107945,0.2790627000213135,PASS
V5,F17,29,1028,4025729,30,500,2,0.39789117142547425,2.4485590920128137,0.39789117142547425,0.2490313000162132,PASS
V5,F17,30,1029,4025730,30,500,2,0.39789097890801983,0.47798940625165187,0.39789097890801983,0.23281740001402795,PASS
V5,F18,1,1000,4025801,30,500,2,3.0000012832542775,81.38562380070489,3.0000012832542775,0.2553212000057101,PASS
V5,F18,2,1001,4025802,30,500,2,24.12057911795263,30.688673464406033,24.12057911795263,0.2670759000175167,PASS
V5,F18,4,1003,4025804,30,500,2,3.0000006716492247,93.48619771902435,3.0000006716492247,0.2558961000177078,PASS
V5,F18,3,1002,4025803,30,500,2,3.0000038639196873,34.965342142586636,3.0000038639196873,0.2736123999929987,PASS
V5,F18,5,1004,4025805,30,500,2,3.0000056855826154,50.082085355619114,3.0000056855826154,0.2532581000123173,PASS
V5,F18,6,1005,4025806,30,500,2,3.0000013169552573,60.063618491605254,3.0000013169552573,0.27179030000115745,PASS
V5,F18,7,1006,4025807,30,500,2,3.0000010138812856,5.7914370508281126,3.0000010138812856,0.2566082999983337,PASS
V5,F18,8,1007,4025808,30,500,2,3.0000014190173667,64.59830186416433,3.0000014190173667,0.25692010001512244,PASS
V5,F18,10,1009,4025810,30,500,2,3.0000028460265447,3.5313798537296646,3.0000028460265447,0.24217199999839067,PASS
V5,F18,9,1008,4025809,30,500,2,3.0000025113901727,25.521419373542102,3.0000025113901727,0.26246379999793135,PASS
V5,F18,11,1010,4025811,30,500,2,3.0000000248123007,88.7536597773862,3.0000000248123007,0.2527356000209693,PASS
V5,F18,14,1013,4025814,30,500,2,3.000000183795193,13.07568843364808,3.000000183795193,0.24416809997637756,PASS
V5,F18,12,1011,4025812,30,500,2,3.000006073467932,39.964935115530984,3.000006073467932,0.2584253999812063,PASS
V5,F18,13,1012,4025813,30,500,2,3.0000036089259168,9.426190913628409,3.0000036089259168,0.2779510999971535,PASS
V5,F18,17,1016,4025817,30,500,2,3.0000023743317272,91.84738429723461,3.0000023743317272,0.24164719998952933,PASS
V5,F18,16,1015,4025816,30,500,2,3.0661681255785473,329.91156437221537,3.0661681255785473,0.25078110001049936,PASS
V5,F18,15,1014,4025815,30,500,2,3.000000287741794,21.8168014034403,3.000000287741794,0.27053119998890907,PASS
V5,F18,18,1017,4025818,30,500,2,3.0000014368856056,195.47673454838912,3.0000014368856056,0.23698180000064895,PASS
V5,F18,19,1018,4025819,30,500,2,3.0000005782451606,10.909611757157371,3.0000005782451606,0.2570994000125211,PASS
V5,F18,20,1019,4025820,30,500,2,3.000007557405637,273.7028443942355,3.000007557405637,0.2488238999794703,PASS
V5,F18,21,1020,4025821,30,500,2,84.00012105996748,317.38163063086415,84.00012105996748,0.2591889000032097,PASS
V5,F18,22,1021,4025822,30,500,2,3.0000000595264513,66.7727554338801,3.0000000595264513,0.2782596999895759,PASS
V5,F18,23,1022,4025823,30,500,2,23.294935594494458,77.76899365473201,23.294935594494458,0.2391512999893166,PASS
V5,F18,25,1024,4025825,30,500,2,3.0000001868331845,77.76507019353373,3.0000001868331845,0.23003659999812953,PASS
V5,F18,24,1023,4025824,30,500,2,3.000009163157706,35.89485466192964,3.000009163157706,0.2590959999943152,PASS
V5,F18,26,1025,4025826,30,500,2,3.0000023448935194,52.45697833328407,3.0000023448935194,0.2463057999848388,PASS
V5,F18,27,1026,4025827,30,500,2,3.0000025957069085,64.85636849106568,3.0000025957069085,0.26012759999139234,PASS
V5,F18,28,1027,4025828,30,500,2,3.0000001982914593,18.92539432381692,3.0000001982914593,0.25351409998256713,PASS
V5,F18,30,1029,4025830,30,500,2,3.0000000138307645,9.657899738468323,3.0000000138307645,0.26576020001084544,PASS
V5,F18,29,1028,4025829,30,500,2,15.919065724793695,45.603141869610994,15.919065724793695,0.28068090000306256,PASS
V5,F19,1,1000,4025901,30,500,3,-3.862756729066003,-2.8152364689429965,-3.862756729066003,0.5923050999990664,PASS
V5,F19,2,1001,4025902,30,500,3,-3.862774006652789,-3.0010573399050178,-3.862774006652789,0.6195234000042547,PASS
V5,F19,4,1003,4025904,30,500,3,-3.862776291681777,-3.1461542137665415,-3.862776291681777,0.5833569999958854,PASS
V5,F19,3,1002,4025903,30,500,3,-3.862772261801152,-3.725083575446613,-3.862772261801152,0.5995824999990873,PASS
V5,F19,5,1004,4025905,30,500,3,-3.855770459179117,-3.639512885449389,-3.855770459179117,0.6263328999921214,PASS
V5,F19,6,1005,4025906,30,500,3,-3.862778690862135,-3.5964528439046646,-3.862778690862135,0.6423423000087496,PASS
V5,F19,8,1007,4025908,30,500,3,-3.8627760090145493,-3.371709865860915,-3.8627760090145493,0.6344174999976531,PASS
V5,F19,7,1006,4025907,30,500,3,-3.8627723845614663,-3.5365431240230087,-3.8627723845614663,0.6526149999990594,PASS
V5,F19,9,1008,4025909,30,500,3,-3.862773397821849,-2.3770187007264147,-3.862773397821849,0.6094129999983124,PASS
V5,F19,10,1009,4025910,30,500,3,-3.862774107454193,-3.6842803474191888,-3.862774107454193,0.626428500021575,PASS
V5,F19,12,1011,4025912,30,500,3,-3.8627702581322936,-3.4451524449101667,-3.8627702581322936,0.6045048000232782,PASS
V5,F19,11,1010,4025911,30,500,3,-3.858931993160069,-3.3317115223347478,-3.858931993160069,0.628484099986963,PASS
V5,F19,14,1013,4025914,30,500,3,-3.8627775836575204,-2.7738840559770095,-3.8627775836575204,0.6065536999958567,PASS
V5,F19,13,1012,4025913,30,500,3,-3.8627633076193377,-3.635871471826206,-3.8627633076193377,0.6313887000142131,PASS
V5,F19,15,1014,4025915,30,500,3,-3.862772828624433,-3.0661071327576335,-3.862772828624433,0.6341060999839101,PASS
V5,F19,16,1015,4025916,30,500,3,-3.8627671288838057,-3.3706466472251426,-3.8627671288838057,0.6563016999862157,PASS
V5,F19,17,1016,4025917,30,500,3,-3.862772928270297,-2.5942404342513865,-3.862772928270297,0.598597600008361,PASS
V5,F19,19,1018,4025919,30,500,3,-3.8627758508508316,-3.399138298593093,-3.8627758508508316,0.6096624000056181,PASS
V5,F19,18,1017,4025918,30,500,3,-3.855007994901402,-3.529350907698285,-3.855007994901402,0.6643332999956328,PASS
V5,F19,20,1019,4025920,30,500,3,-3.862767617376206,-2.937918383007861,-3.862767617376206,0.6270022000244353,PASS
V5,F19,21,1020,4025921,30,500,3,-3.862779761117942,-2.5311476977977185,-3.862779761117942,0.6050197999866214,PASS
V5,F19,23,1022,4025923,30,500,3,-3.8627791298764005,-3.2132895898117337,-3.8627791298764005,0.6018330999941099,PASS
V5,F19,22,1021,4025922,30,500,3,-3.8627663099560037,-3.757311537153646,-3.8627663099560037,0.652470999979414,PASS
V5,F19,24,1023,4025924,30,500,3,-3.8549007510179267,-3.0648914677945323,-3.8549007510179267,0.6382810999930371,PASS
V5,F19,25,1024,4025925,30,500,3,-3.862776810302285,-3.2314525429469114,-3.862776810302285,0.6078853000071831,PASS
V5,F19,26,1025,4025926,30,500,3,-3.8627676502283643,-2.924795237972474,-3.8627676502283643,0.5914291999943089,PASS
V5,F19,28,1027,4025928,30,500,3,-3.862775804390666,-3.0773264067719293,-3.862775804390666,0.591935000004014,PASS
V5,F19,27,1026,4025927,30,500,3,-3.8627775935349327,-2.8590384198361467,-3.8627775935349327,0.6049431000137702,PASS
V5,F19,30,1029,4025930,30,500,3,-3.8627734954370285,-3.661052938270577,-3.8627734954370285,0.619594199990388,PASS
V5,F19,29,1028,4025929,30,500,3,-3.862776870496603,-2.805569559471893,-3.862776870496603,0.6395217000099365,PASS
V5,F20,1,1000,4026001,30,500,6,-3.3221333126080097,-1.719657427599971,-3.3221333126080097,0.8202426999923773,PASS
V5,F20,2,1001,4026002,30,500,6,-3.3220451621797573,-2.366607712192178,-3.3220451621797573,0.8542523000214715,PASS
V5,F20,4,1003,4026004,30,500,6,-3.32207179831207,-1.4156844025488817,-3.32207179831207,0.8263093999994453,PASS
V5,F20,3,1002,4026003,30,500,6,-3.19726059634143,-2.639546222318051,-3.19726059634143,0.8529893000086304,PASS
V5,F20,5,1004,4026005,30,500,6,-3.09894955053293,-1.546975718287114,-3.09894955053293,0.7862900999898557,PASS
V5,F20,6,1005,4026006,30,500,6,-3.137642264173468,-0.9891623935739681,-3.137642264173468,0.7741813999891747,PASS
V5,F20,8,1007,4026008,30,500,6,-3.3219157323740816,-1.1897588416913751,-3.3219157323740816,0.8010194999806117,PASS
V5,F20,9,1008,4026009,30,500,6,-3.2028818308208926,-2.5573730477528325,-3.2028818308208926,0.8042679000063799,PASS
V5,F20,10,1009,4026010,30,500,6,-3.2017096612353004,-1.5097145340696625,-3.2017096612353004,0.8151318999880459,PASS
V5,F20,7,1006,4026007,30,500,6,-3.3220446797028287,-1.3524600207773423,-3.3220446797028287,0.8639570000232197,PASS
V5,F20,12,1011,4026012,30,500,6,-3.2025958223585724,-1.3334487205410632,-3.2025958223585724,0.7488789999915753,PASS
V5,F20,11,1010,4026011,30,500,6,-3.3215315965162935,-0.6291784544978798,-3.3215315965162935,0.7720763999968767,PASS
V5,F20,13,1012,4026013,30,500,6,-3.3219847391109196,-1.0595512897021777,-3.3219847391109196,0.7679783000203315,PASS
V5,F20,14,1013,4026014,30,500,6,-3.202368044937583,-1.8745849243144121,-3.202368044937583,0.8058539000048768,PASS
V5,F20,15,1014,4026015,30,500,6,-3.203032171199977,-2.443957038960648,-3.203032171199977,0.7700404000061098,PASS
V5,F20,17,1016,4026017,30,500,6,-3.321789266886188,-0.7707250057888351,-3.321789266886188,0.7844807999790646,PASS
V5,F20,16,1015,4026016,30,500,6,-3.3217037861301315,-1.42589448097107,-3.3217037861301315,0.8274913000059314,PASS
V5,F20,18,1017,4026018,30,500,6,-3.32148238497215,-1.2806836046999825,-3.32148238497215,0.8635174999944866,PASS
V5,F20,19,1018,4026019,30,500,6,-3.3220755265925157,-1.6501266361374602,-3.3220755265925157,0.7711609000107273,PASS
V5,F20,20,1019,4026020,30,500,6,-3.3217968580447113,-1.1694872668654595,-3.3217968580447113,0.7823810999980196,PASS
V5,F20,21,1020,4026021,30,500,6,-3.3214689604466026,-1.3182646272649436,-3.3214689604466026,0.7687452999816742,PASS
V5,F20,22,1021,4026022,30,500,6,-3.3220208301355876,-1.9643777697330147,-3.3220208301355876,0.7601271999883465,PASS
V5,F20,24,1023,4026024,30,500,6,-3.3216905523207885,-1.66295644462256,-3.3216905523207885,0.8062931000022218,PASS
V5,F20,23,1022,4026023,30,500,6,-3.2019460133036564,-0.8292420221596318,-3.2019460133036564,0.8220392999937758,PASS
V5,F20,26,1025,4026026,30,500,6,-3.0768526050382383,-1.6523507833992392,-3.0768526050382383,0.7868857999856118,PASS
V5,F20,25,1024,4026025,30,500,6,-3.3218030457735375,-0.9695628721775759,-3.3218030457735375,0.873609900008887,PASS
V5,F20,28,1027,4026028,30,500,6,-3.3215453311683434,-0.7602290577530897,-3.3215453311683434,0.8303831999946851,PASS
V5,F20,29,1028,4026029,30,500,6,-3.3219824295562024,-1.1782094607932692,-3.3219824295562024,0.8383164000115357,PASS
V5,F20,27,1026,4026027,30,500,6,-3.2030655784863313,-2.2223661928383214,-3.2030655784863313,0.852198300010059,PASS
V5,F20,30,1029,4026030,30,500,6,-3.322075692241015,-1.358077861654103,-3.322075692241015,0.877431799977785,PASS
V5,F21,4,1003,4026104,30,500,4,-5.087930317317617,-0.3482705863990612,-5.087930317317617,0.6924457999994047,PASS
V5,F21,2,1001,4026102,30,500,4,-5.10032312391668,-0.255284514021552,-5.10032312391668,0.7198821000056341,PASS
V5,F21,1,1000,4026101,30,500,4,-10.151796890510226,-0.7856612453746614,-10.151796890510226,0.7349869000026956,PASS
V5,F21,3,1002,4026103,30,500,4,-5.05514902826489,-0.7458813166548436,-5.05514902826489,0.7330351000127848,PASS
V5,F21,7,1006,4026107,30,500,4,-10.148287111634477,-0.42913328296464676,-10.148287111634477,0.6455585999938194,PASS
V5,F21,5,1004,4026105,30,500,4,-10.149634209966159,-0.42018439611118236,-10.149634209966159,0.6951571999816224,PASS
V5,F21,6,1005,4026106,30,500,4,-10.1357281861684,-0.5910831778647738,-10.1357281861684,0.6878431999939494,PASS
V5,F21,8,1007,4026108,30,500,4,-5.055192671001891,-0.5537203015819497,-5.055192671001891,0.6932842000096571,PASS
V5,F21,12,1011,4026112,30,500,4,-10.13822316648027,-0.42577067910792477,-10.13822316648027,0.6674126000143588,PASS
V5,F21,10,1009,4026110,30,500,4,-10.15253756508085,-0.3873214329929367,-10.15253756508085,0.6887714999902528,PASS
V5,F21,11,1010,4026111,30,500,4,-10.145013746341371,-0.3122489822002593,-10.145013746341371,0.6903113000153098,PASS
V5,F21,9,1008,4026109,30,500,4,-10.151953199695967,-0.3954824691564748,-10.151953199695967,0.7509190000128001,PASS
V5,F21,14,1013,4026114,30,500,4,-10.15316772820712,-0.4533003470413142,-10.15316772820712,0.5938169000146445,PASS
V5,F21,15,1014,4026115,30,500,4,-10.151091755932587,-0.3593500916460118,-10.151091755932587,0.6454590000212193,PASS
V5,F21,16,1015,4026116,30,500,4,-10.14432360692382,-0.5643107717396479,-10.14432360692382,0.6496472999860998,PASS
V5,F21,13,1012,4026113,30,500,4,-10.132485564514207,-0.5398028645395757,-10.132485564514207,0.7057502999959979,PASS
V5,F21,17,1016,4026117,30,500,4,-10.15282921469298,-1.3126153292827127,-10.15282921469298,0.6557039000035729,PASS
V5,F21,20,1019,4026120,30,500,4,-5.0786434265422535,-0.556094779406882,-5.0786434265422535,0.6548640000110026,PASS
V5,F21,18,1017,4026118,30,500,4,-5.100480955837681,-0.3187300785834754,-5.100480955837681,0.7298086000082549,PASS
V5,F21,19,1018,4026119,30,500,4,-10.132568573628124,-0.4201398663247763,-10.132568573628124,0.704857600008836,PASS
V5,F21,21,1020,4026121,30,500,4,-10.150202849057722,-0.39892324222710235,-10.150202849057722,0.6653969000035431,PASS
V5,F21,22,1021,4026122,30,500,4,-10.152286192525484,-0.8124729051033841,-10.152286192525484,0.6798644000082277,PASS
V5,F21,24,1023,4026124,30,500,4,-10.139480325213215,-0.36248300442977327,-10.139480325213215,0.6726872000144795,PASS
V5,F21,23,1022,4026123,30,500,4,-5.098808617125165,-0.5751988255431095,-5.098808617125165,0.6998288999893703,PASS
V5,F21,26,1025,4026126,30,500,4,-10.142354348432713,-0.3234823818806821,-10.142354348432713,0.6853282999945804,PASS
V5,F21,28,1027,4026128,30,500,4,-10.153141809389993,-0.3986533020007952,-10.153141809389993,0.6795203999790829,PASS
V5,F21,27,1026,4026127,30,500,4,-10.152303095988385,-0.29612421486392365,-10.152303095988385,0.6936411999922711,PASS
V5,F21,25,1024,4026125,30,500,4,-10.153197499556516,-0.4078383896375593,-10.153197499556516,0.7356862000015099,PASS
V5,F21,30,1029,4026130,30,500,4,-5.055197704042004,-0.36908201859372297,-5.055197704042004,0.651780799991684,PASS
V5,F21,29,1028,4026129,30,500,4,-10.152675105654588,-0.3985356486821531,-10.152675105654588,0.6834749999979977,PASS
V5,F22,2,1001,4026202,30,500,4,-10.402267680363483,-0.9222716528520395,-10.402267680363483,0.7455130000016652,PASS
V5,F22,1,1000,4026201,30,500,4,-10.402577818901236,-0.9317573703945224,-10.402577818901236,0.8065151999762747,PASS
V5,F22,6,1005,4026206,30,500,4,-10.387223250502402,-0.6964166048173347,-10.387223250502402,0.7361900999967474,PASS
V5,F22,4,1003,4026204,30,500,4,-5.11587161877121,-0.370970802781476,-5.11587161877121,0.7725358000025153,PASS
V5,F22,3,1002,4026203,30,500,4,-5.087670387214585,-0.7773340207644487,-5.087670387214585,0.8003652000043076,PASS
V5,F22,5,1004,4026205,30,500,4,-10.399640475432356,-0.5275828087880526,-10.399640475432356,0.8416204999957699,PASS
V5,F22,7,1006,4026207,30,500,4,-10.401664613233107,-0.4985747392352459,-10.401664613233107,0.7525551999860909,PASS
V5,F22,8,1007,4026208,30,500,4,-5.087669759427949,-0.582643477675555,-5.087669759427949,0.752393500006292,PASS
V5,F22,9,1008,4026209,30,500,4,-10.40017380217571,-0.49284895953941,-10.40017380217571,0.7761548999988008,PASS
V5,F22,10,1009,4026210,30,500,4,-10.389526897237102,-0.5770862732792144,-10.389526897237102,0.7701893000048585,PASS
V5,F22,13,1012,4026213,30,500,4,-10.38319095804468,-0.6449517732088035,-10.38319095804468,0.7547913000162225,PASS
V5,F22,11,1010,4026211,30,500,4,-10.396223725591911,-0.4296436080947541,-10.396223725591911,0.7772888999897987,PASS
V5,F22,12,1011,4026212,30,500,4,-10.384317575527483,-0.5645985806520991,-10.384317575527483,0.8308876999944914,PASS
V5,F22,14,1013,4026214,30,500,4,-10.400045154299969,-0.9848094857049149,-10.400045154299969,0.8538576000137255,PASS
V5,F22,15,1014,4026215,30,500,4,-10.40099905274447,-0.4103758613869799,-10.40099905274447,0.7755481000058353,PASS
V5,F22,16,1015,4026216,30,500,4,-10.402754905514737,-0.6218257843354295,-10.402754905514737,0.8180367000168189,PASS
V5,F22,17,1016,4026217,30,500,4,-10.40244897296709,-1.5765565707085023,-10.40244897296709,0.8047757000022102,PASS
V5,F22,18,1017,4026218,30,500,4,-10.402821254344197,-0.44933832522368744,-10.402821254344197,0.811264799995115,PASS
V5,F22,20,1019,4026220,30,500,4,-5.106688764079738,-0.5828681600134475,-5.106688764079738,0.7344695999927353,PASS
V5,F22,19,1018,4026219,30,500,4,-10.383505872172657,-0.5128377893703403,-10.383505872172657,0.7860215999826323,PASS
V5,F22,21,1020,4026221,30,500,4,-10.400124966285828,-1.121161539213936,-10.400124966285828,0.8163018000195734,PASS
V5,F22,22,1021,4026222,30,500,4,-10.396805287380438,-0.9797111395033686,-10.396805287380438,0.817328599980101,PASS
V5,F22,23,1022,4026223,30,500,4,-5.126812487084918,-0.6086256797700836,-5.126812487084918,0.7783590999897569,PASS
V5,F22,24,1023,4026224,30,500,4,-10.402839486994061,-0.46854024723853555,-10.402839486994061,0.7401674000138883,PASS
V5,F22,26,1025,4026226,30,500,4,-5.087451050755503,-0.4813761157500475,-5.087451050755503,0.7419436000054702,PASS
V5,F22,25,1024,4026225,30,500,4,-10.386846235416439,-0.5048069121336105,-10.386846235416439,0.7709806000057142,PASS
V5,F22,30,1029,4026230,30,500,4,-10.39709557644637,-0.43985095714117073,-10.39709557644637,0.7786774999985937,PASS
V5,F22,28,1027,4026228,30,500,4,-10.387766119387292,-0.7157489465814115,-10.387766119387292,0.795676799985813,PASS
V5,F22,29,1028,4026229,30,500,4,-10.4021433529316,-0.7171582833042149,-10.4021433529316,0.8380161999957636,PASS
V5,F22,27,1026,4026227,30,500,4,-10.401920718289869,-0.3899985277776262,-10.401920718289869,0.8527961999934632,PASS
V5,F23,1,1000,4026301,30,500,4,-10.536069622903003,-1.0238629556348218,-10.536069622903003,0.9120237000170164,PASS
V5,F23,2,1001,4026302,30,500,4,-10.534524467597846,-1.0008003304569233,-10.534524467597846,0.9284608000016306,PASS
V5,F23,3,1002,4026303,30,500,4,-5.12848012438688,-0.8164625137143151,-5.12848012438688,0.9154428000038024,PASS
V5,F23,4,1003,4026304,30,500,4,-10.534777858234746,-0.5565675694250592,-10.534777858234746,0.9304280999931507,PASS
V5,F23,6,1005,4026306,30,500,4,-10.520622800213797,-0.7414380430410371,-10.520622800213797,0.9250195999920834,PASS
V5,F23,8,1007,4026308,30,500,4,-10.527854117213042,-0.7874801856706389,-10.527854117213042,0.9275872000143863,PASS
V5,F23,5,1004,4026305,30,500,4,-10.526855404507852,-0.8454832942164738,-10.526855404507852,0.95861979998881,PASS
V5,F23,7,1006,4026307,30,500,4,-10.535998369265588,-0.6872915656446693,-10.535998369265588,0.9627133999892976,PASS
V5,F23,10,1009,4026310,30,500,4,-10.524482652094742,-0.645758260380765,-10.524482652094742,0.9211585000157356,PASS
V5,F23,9,1008,4026309,30,500,4,-10.533616986048665,-0.5747711898984762,-10.533616986048665,0.9464618000201881,PASS
V5,F23,11,1010,4026311,30,500,4,-10.535037836002076,-0.4663841659661791,-10.535037836002076,0.9671515000227373,PASS
V5,F23,12,1011,4026312,30,500,4,-2.869782586505395,-0.823786750800087,-2.869782586505395,0.965224199986551,PASS
V5,F23,14,1013,4026314,30,500,4,-10.533594189851375,-1.0997090054454173,-10.533594189851375,0.928866400005063,PASS
V5,F23,13,1012,4026313,30,500,4,-10.517266076011486,-0.7770502763168828,-10.517266076011486,0.9459168999746908,PASS
V5,F23,16,1015,4026316,30,500,4,-5.175380296649379,-0.9043428755262034,-5.175380296649379,0.9330663000000641,PASS
V5,F23,15,1014,4026315,30,500,4,-10.533008302941342,-0.5002675730803412,-10.533008302941342,0.94500639999751,PASS
V5,F23,17,1016,4026317,30,500,4,-10.535886767813334,-1.7597194378362429,-10.535886767813334,0.9131199000112247,PASS
V5,F23,19,1018,4026319,30,500,4,-10.516870414426819,-0.5736082314038227,-10.516870414426819,0.9889028999896254,PASS
V5,F23,20,1019,4026320,30,500,4,-5.153562557853562,-0.6308786806539844,-5.153562557853562,0.9850504999922123,PASS
V5,F23,18,1017,4026318,30,500,4,-10.535952846884019,-0.47569531546084826,-10.535952846884019,0.9993151999951806,PASS
V5,F23,22,1021,4026322,30,500,4,-10.535629052409103,-1.0750391172262725,-10.535629052409103,0.9956730999983847,PASS
V5,F23,24,1023,4026324,30,500,4,-2.8702070346331254,-0.7987194079905501,-2.8702070346331254,0.9951948999951128,PASS
V5,F23,21,1020,4026321,30,500,4,-10.533502674223735,-1.2125486530771716,-10.533502674223735,1.0304414999845903,PASS
V5,F23,23,1022,4026323,30,500,4,-10.53621780532751,-0.7229501803676563,-10.53621780532751,1.0600063999881968,PASS
V5,F23,26,1025,4026326,30,500,4,-10.533340519534361,-0.6147683017235526,-10.533340519534361,0.9376488999987487,PASS
V5,F23,25,1024,4026325,30,500,4,-5.172764691685457,-0.6700425911086935,-5.172764691685457,0.9985953000141308,PASS
V5,F23,27,1026,4026327,30,500,4,-5.1755419470982424,-0.820457114634507,-5.1755419470982424,1.0103424999979325,PASS
V5,F23,28,1027,4026328,30,500,4,-10.520851768543892,-0.8946038920849877,-10.520851768543892,1.0029219999851193,PASS
V5,F23,29,1028,4026329,30,500,4,-10.535049684883019,-0.8835439811854388,-10.535049684883019,0.9447460999945179,PASS
V5,F23,30,1029,4026330,30,500,4,-10.535315855456693,-0.5471043607426501,-10.535315855456693,0.9713581000105478,PASS
V6,F1,2,1001,4024102,30,500,30,0.0,70905.34012781148,0.0,1.8989225999976043,PASS
V6,F1,1,1000,4024101,30,500,30,0.0,67810.20717660758,0.0,1.955315100000007,PASS
V6,F1,3,1002,4024103,30,500,30,0.0,71382.05725267014,0.0,1.936926800000947,PASS
V6,F1,4,1003,4024104,30,500,30,0.0,71067.53341075269,0.0,1.9724726999993436,PASS
V6,F1,5,1004,4024105,30,500,30,0.0,71494.67494006979,0.0,1.9880755000049248,PASS
V6,F1,6,1005,4024106,30,500,30,0.0,68827.91056515143,0.0,2.100932700006524,PASS
V6,F1,7,1006,4024107,30,500,30,0.0,70203.2929860324,0.0,1.7374885999888647,PASS
V6,F1,8,1007,4024108,30,500,30,0.0,54060.05645133964,0.0,1.7682440000062343,PASS
V6,F1,9,1008,4024109,30,500,30,0.0,70963.15903282672,0.0,1.826543400005903,PASS
V6,F1,10,1009,4024110,30,500,30,0.0,68415.51807348001,0.0,1.8339176999870688,PASS
V6,F1,11,1010,4024111,30,500,30,0.0,79775.6397390009,0.0,2.252628700021887,PASS
V6,F1,13,1012,4024113,30,500,30,0.0,68582.22618939156,0.0,2.1931926000106614,PASS
V6,F1,12,1011,4024112,30,500,30,0.0,60211.88868860319,0.0,2.3056470999727026,PASS
V6,F1,14,1013,4024114,30,500,30,0.0,65644.03203813086,0.0,2.284744000004139,PASS
V6,F1,15,1014,4024115,30,500,30,0.0,62548.52364809662,0.0,1.9677037000074051,PASS
V6,F1,16,1015,4024116,30,500,30,0.0,60965.044173403294,0.0,1.9727519000007305,PASS
V6,F1,17,1016,4024117,30,500,30,0.0,73040.90885855701,0.0,1.97604149999097,PASS
V6,F1,18,1017,4024118,30,500,30,0.0,70498.00209305885,0.0,1.9758096000005025,PASS
V6,F1,19,1018,4024119,30,500,30,0.0,59692.16515890604,0.0,2.1396242000046186,PASS
V6,F1,21,1020,4024121,30,500,30,0.0,81948.70656934404,0.0,2.1248670000059064,PASS
V6,F1,22,1021,4024122,30,500,30,0.0,64283.25200493102,0.0,2.1410840999742504,PASS
V6,F1,20,1019,4024120,30,500,30,0.0,78896.22221622002,0.0,2.150360700004967,PASS
V6,F1,23,1022,4024123,30,500,30,0.0,77870.80856837892,0.0,1.7561641999927815,PASS
V6,F1,24,1023,4024124,30,500,30,0.0,72002.90593091116,0.0,1.7758141999947838,PASS
V6,F1,25,1024,4024125,30,500,30,0.0,56336.5278763339,0.0,1.7591087000037078,PASS
V6,F1,26,1025,4024126,30,500,30,0.0,67654.2390610096,0.0,1.75854700000491,PASS
V6,F1,27,1026,4024127,30,500,30,0.0,68127.13090112404,0.0,2.0249392999976408,PASS
V6,F1,29,1028,4024129,30,500,30,0.0,66088.0070704646,0.0,2.046606799995061,PASS
V6,F1,30,1029,4024130,30,500,30,0.0,77096.69700709768,0.0,2.0658483000006527,PASS
V6,F1,28,1027,4024128,30,500,30,0.0,71281.47829858353,0.0,2.0784178000176325,PASS
V6,F2,1,1000,4024201,30,500,30,0.0,360067002398.5346,0.0,1.8614468000014313,PASS
V6,F2,2,1001,4024202,30,500,30,0.0,1715602834860.7356,0.0,1.8525319999898784,PASS
V6,F2,3,1002,4024203,30,500,30,0.0,702308869043.374,0.0,1.8492384999990463,PASS
V6,F2,4,1003,4024204,30,500,30,0.0,2634424742592.452,0.0,1.94760420001694,PASS
V6,F2,7,1006,4024207,30,500,30,0.0,76547012233.40517,0.0,2.098683300020639,PASS
V6,F2,5,1004,4024205,30,500,30,0.0,2899651184.9231544,0.0,2.1515683000034187,PASS
V6,F2,6,1005,4024206,30,500,30,0.0,332841078922.353,0.0,2.1808409999939613,PASS
V6,F2,8,1007,4024208,30,500,30,0.0,729704378291.7789,0.0,2.1378779000078794,PASS
V6,F2,12,1011,4024212,30,500,30,0.0,39939133237.937126,0.0,1.832701100007398,PASS
V6,F2,11,1010,4024211,30,500,30,0.0,80213629036800.12,0.0,1.8354038000106812,PASS
V6,F2,9,1008,4024209,30,500,30,0.0,26401294709.697582,0.0,1.9229180999973323,PASS
V6,F2,10,1009,4024210,30,500,30,0.0,713724413990.0226,0.0,1.9517798000015318,PASS
V6,F2,13,1012,4024213,30,500,30,0.0,9593437258663.51,0.0,1.9281064000097103,PASS
V6,F2,14,1013,4024214,30,500,30,0.0,4038700082325.6636,0.0,2.1267966000013985,PASS
V6,F2,16,1015,4024216,30,500,30,0.0,34707708682.06033,0.0,2.121075800008839,PASS
V6,F2,15,1014,4024215,30,500,30,0.0,22135772844271.426,0.0,2.151578699995298,PASS
V6,F2,18,1017,4024218,30,500,30,0.0,2748969363192.687,0.0,1.817449200025294,PASS
V6,F2,17,1016,4024217,30,500,30,0.0,2021349198795.503,0.0,1.8332219000149053,PASS
V6,F2,19,1018,4024219,30,500,30,0.0,10392937112.024113,0.0,1.9386380999931134,PASS
V6,F2,20,1019,4024220,30,500,30,0.0,47711548051367.61,0.0,1.9938400000100955,PASS
V6,F2,22,1021,4024222,30,500,30,0.0,7683677948828.628,0.0,2.0783711999829393,PASS
V6,F2,23,1022,4024223,30,500,30,0.0,155737363148.78427,0.0,1.9755659000074957,PASS
V6,F2,24,1023,4024224,30,500,30,0.0,1339473094382.0034,0.0,1.9990799000079278,PASS
V6,F2,21,1020,4024221,30,500,30,0.0,102707326348.72324,0.0,2.3059280999877956,PASS
V6,F2,26,1025,4024226,30,500,30,0.0,68338205734834.914,0.0,1.7749974000034854,PASS
V6,F2,27,1026,4024227,30,500,30,0.0,67722205355.99468,0.0,1.8706236999714747,PASS
V6,F2,25,1024,4024225,30,500,30,0.0,3865443685.5409384,0.0,1.9631157999974675,PASS
V6,F2,28,1027,4024228,30,500,30,0.0,3236421004233.4863,0.0,2.0813904000096954,PASS
V6,F2,29,1028,4024229,30,500,30,0.0,3305236700.5331717,0.0,2.0964361999940593,PASS
V6,F3,1,1000,4024301,30,500,30,0.0,106811.1871437447,0.0,2.0665337000100408,PASS
V6,F2,30,1029,4024230,30,500,30,0.0,811737307015.2843,0.0,2.2093391999951564,PASS
V6,F3,2,1001,4024302,30,500,30,0.0,228881.45062340857,0.0,2.073606199992355,PASS
V6,F3,5,1004,4024305,30,500,30,0.0,126006.68015739581,0.0,1.7616311999736354,PASS
V6,F3,4,1003,4024304,30,500,30,0.0,252004.5370062454,0.0,1.815278499998385,PASS
V6,F3,3,1002,4024303,30,500,30,0.0,132408.1368091635,0.0,1.855775200005155,PASS
V6,F3,6,1005,4024306,30,500,30,0.0,121185.1674532735,0.0,1.8906440999999177,PASS
V6,F3,8,1007,4024308,30,500,30,0.0,192911.98136862018,0.0,2.043336000002455,PASS
V6,F3,7,1006,4024307,30,500,30,0.0,133484.8315350889,0.0,2.1166357999900356,PASS
V6,F3,9,1008,4024309,30,500,30,0.0,135241.10379381198,0.0,2.098458499996923,PASS
V6,F3,10,1009,4024310,30,500,30,0.0,107976.19188391927,0.0,2.1083109000173863,PASS
V6,F3,12,1011,4024312,30,500,30,0.0,137478.41138112583,0.0,1.8267925000109244,PASS
V6,F3,14,1013,4024314,30,500,30,0.0,166657.1711129854,0.0,1.8878125000046566,PASS
V6,F3,13,1012,4024313,30,500,30,0.0,157787.82385873256,0.0,1.9246250000142027,PASS
V6,F3,11,1010,4024311,30,500,30,0.0,258402.473983956,0.0,1.9406148999987636,PASS
V6,F3,15,1014,4024315,30,500,30,0.0,221992.0552764344,0.0,2.114028400013922,PASS
V6,F3,17,1016,4024317,30,500,30,0.0,119365.44128648656,0.0,2.030820699990727,PASS
V6,F3,18,1017,4024318,30,500,30,0.0,245433.61431170706,0.0,2.0734766999958083,PASS
V6,F3,16,1015,4024316,30,500,30,0.0,294151.3375734341,0.0,2.1706422999850474,PASS
V6,F3,22,1021,4024322,30,500,30,0.0,135794.76099693272,0.0,1.7382304999919143,PASS
V6,F3,21,1020,4024321,30,500,30,0.0,126211.38335020539,0.0,1.746342200000072,PASS
V6,F3,19,1018,4024319,30,500,30,0.0,244606.59772993292,0.0,1.7712080999917816,PASS
V6,F3,20,1019,4024320,30,500,30,0.0,161467.97997834763,0.0,1.8066171999962535,PASS
V6,F3,24,1023,4024324,30,500,30,0.0,113871.83421879425,0.0,2.059617699997034,PASS
V6,F3,26,1025,4024326,30,500,30,0.0,123007.79353130393,0.0,2.01979210000718,PASS
V6,F3,23,1022,4024323,30,500,30,0.0,163245.37719853327,0.0,2.1115758000232745,PASS
V6,F3,25,1024,4024325,30,500,30,0.0,79356.08665120536,0.0,2.140833900019061,PASS
V6,F3,29,1028,4024329,30,500,30,0.0,171958.72311027217,0.0,1.690369300020393,PASS
V6,F3,27,1026,4024327,30,500,30,0.0,183635.15749931926,0.0,1.7531420000013895,PASS
V6,F3,30,1029,4024330,30,500,30,0.0,90997.76111955676,0.0,1.7942440999904647,PASS
V6,F3,28,1027,4024328,30,500,30,0.0,131384.1741233503,0.0,1.814813500008313,PASS
V6,F4,1,1000,4024401,30,500,30,0.0,89.41203274460929,0.0,1.9327172999910545,PASS
V6,F4,2,1001,4024402,30,500,30,0.0,88.23531594133786,0.0,1.9547938000177965,PASS
V6,F4,3,1002,4024403,30,500,30,0.0,90.93773968107635,0.0,1.9494182000053115,PASS
V6,F4,4,1003,4024404,30,500,30,0.0,90.05593850015435,0.0,1.973219200008316,PASS
V6,F4,7,1006,4024407,30,500,30,0.0,89.67489840896681,0.0,1.7942393999837805,PASS
V6,F4,6,1005,4024406,30,500,30,0.0,87.42803920060479,0.0,1.807781999988947,PASS
V6,F4,8,1007,4024408,30,500,30,0.0,88.56020743697258,0.0,1.8037716000108048,PASS
V6,F4,5,1004,4024405,30,500,30,0.0,83.47974018645405,0.0,1.830403700005263,PASS
V6,F4,11,1010,4024411,30,500,30,0.0,82.14021784717164,0.0,1.9195821000030264,PASS
V6,F4,9,1008,4024409,30,500,30,0.0,90.98182394999645,0.0,1.9690854999935254,PASS
V6,F4,12,1011,4024412,30,500,30,0.0,87.6380567694806,0.0,1.9706890999805182,PASS
V6,F4,10,1009,4024410,30,500,30,0.0,88.62436437004385,0.0,1.989187300001504,PASS
V6,F4,14,1013,4024414,30,500,30,0.0,77.8379255985727,0.0,1.7262278000125661,PASS
V6,F4,13,1012,4024413,30,500,30,0.0,81.54232198828862,0.0,1.7519442000193521,PASS
V6,F4,15,1014,4024415,30,500,30,0.0,77.5649543326395,0.0,1.7544037000043318,PASS
V6,F4,16,1015,4024416,30,500,30,0.0,89.52145242027729,0.0,1.8217546999803744,PASS
V6,F4,19,1018,4024419,30,500,30,0.0,87.81454527863241,0.0,1.881907000002684,PASS
V6,F4,17,1016,4024417,30,500,30,0.0,89.68075670875115,0.0,1.9283443000167608,PASS
V6,F4,18,1017,4024418,30,500,30,0.0,91.69265780583274,0.0,1.9185880000004545,PASS
V6,F4,20,1019,4024420,30,500,30,0.0,89.14712458834947,0.0,1.8903984999924432,PASS
V6,F4,21,1020,4024421,30,500,30,0.0,93.48016114980666,0.0,1.7562403999909293,PASS
V6,F4,23,1022,4024423,30,500,30,0.0,86.36772034124569,0.0,1.7812505000038072,PASS
V6,F4,24,1023,4024424,30,500,30,0.0,86.34666057993036,0.0,1.777529399987543,PASS
V6,F4,22,1021,4024422,30,500,30,0.0,90.86947090420732,0.0,1.8104649999877438,PASS
V6,F4,25,1024,4024425,30,500,30,0.0,83.43944699892515,0.0,1.9537841999845114,PASS
V6,F4,27,1026,4024427,30,500,30,0.0,90.2554612114578,0.0,1.9593005999922752,PASS
V6,F4,28,1027,4024428,30,500,30,0.0,88.89385763229512,0.0,1.9724477999843657,PASS
V6,F4,26,1025,4024426,30,500,30,0.0,92.17294370207554,0.0,1.9998759000154678,PASS
V6,F4,29,1028,4024429,30,500,30,0.0,88.97595126021793,0.0,2.0791616999777034,PASS
V6,F4,30,1029,4024430,30,500,30,0.0,90.25056319313495,0.0,2.0637713999894913,PASS
V6,F5,1,1000,4024501,30,500,30,27.96166837960952,262803966.06144178,27.96166837960952,2.1562550999806263,PASS
V6,F5,2,1001,4024502,30,500,30,28.624804037903274,265509719.66763252,28.624804037903274,2.1837159999995492,PASS
V6,F5,3,1002,4024503,30,500,30,27.26198909110578,290152790.99322855,27.26198909110578,2.392063099978259,PASS
V6,F5,4,1003,4024504,30,500,30,27.188036611342312,314425104.8265708,27.188036611342312,2.369461299997056,PASS
V6,F5,5,1004,4024505,30,500,30,28.29257658081663,264814459.6730534,28.29257658081663,2.4135236000001896,PASS
V6,F5,6,1005,4024506,30,500,30,28.278486258161433,275607877.05815667,28.278486258161433,2.3974140000063926,PASS
V6,F5,7,1006,4024507,30,500,30,28.838888055815993,275703968.057919,28.838888055815993,1.8242219000239857,PASS
V6,F5,8,1007,4024508,30,500,30,28.597961623346272,196990313.2842615,28.597961623346272,1.8041978999972343,PASS
V6,F5,10,1009,4024510,30,500,30,28.87175708781098,275312500.08404154,28.87175708781098,1.8516170000075363,PASS
V6,F5,9,1008,4024509,30,500,30,28.009933207548933,264277025.01725703,28.009933207548933,1.8768761999963317,PASS
V6,F5,11,1010,4024511,30,500,30,26.341513525624446,311741780.6244718,26.341513525624446,1.9036477000045124,PASS
V6,F5,12,1011,4024512,30,500,30,27.561636267195507,135783553.73670316,27.561636267195507,1.976268500002334,PASS
V6,F5,13,1012,4024513,30,500,30,28.812918946800554,223922765.9861003,28.812918946800554,2.025437200005399,PASS
V6,F5,14,1013,4024514,30,500,30,28.875483436146666,198137301.02750832,28.875483436146666,2.0475788000039756,PASS
V6,F5,15,1014,4024515,30,500,30,28.475940308261276,199986599.631898,28.475940308261276,1.7022832999937236,PASS
V6,F5,17,1016,4024517,30,500,30,27.142194446315756,267563143.6435758,27.142194446315756,1.6961836999980733,PASS
V6,F5,16,1015,4024516,30,500,30,27.712779477338266,230963403.05164534,27.712779477338266,1.722627899987856,PASS
V6,F5,18,1017,4024518,30,500,30,28.586580827559143,261605126.34257632,28.586580827559143,1.7383315000042785,PASS
V6,F5,20,1019,4024520,30,500,30,28.632518246464045,318067279.8984649,28.632518246464045,1.9853185999963898,PASS
V6,F5,19,1018,4024519,30,500,30,28.009682666018016,235011607.0552513,28.009682666018016,2.007881300000008,PASS
V6,F5,21,1020,4024521,30,500,30,27.967000495454762,320276562.2341088,27.967000495454762,2.0109666000062134,PASS
V6,F5,22,1021,4024522,30,500,30,28.629271220832255,250438783.368967,28.629271220832255,2.0567491999827325,PASS
V6,F5,24,1023,4024524,30,500,30,28.77156450716869,272530389.63664186,28.77156450716869,1.8206424999807496,PASS
V6,F5,23,1022,4024523,30,500,30,28.85588972130837,224106822.12627918,28.85588972130837,1.8983984000224154,PASS
V6,F5,26,1025,4024526,30,500,30,28.768135269072488,272825950.8696747,28.768135269072488,1.9492339999997057,PASS
V6,F5,25,1024,4024525,30,500,30,28.851835175742895,197086662.74910796,28.851835175742895,2.018526900006691,PASS
V6,F5,27,1026,4024527,30,500,30,28.651238591466218,289149958.1576517,28.651238591466218,1.943435799999861,PASS
V6,F5,28,1027,4024528,30,500,30,28.868486265056017,306443111.17072505,28.868486265056017,2.062620499986224,PASS
V6,F5,29,1028,4024529,30,500,30,28.98846614767848,254911291.89617184,28.98846614767848,2.040637300000526,PASS
V6,F5,30,1029,4024530,30,500,30,27.32029500331368,297997041.8303026,27.32029500331368,2.0311832999868784,PASS
V6,F6,1,1000,4024601,30,500,30,3.0284027130911957,67909.83159949695,3.0284027130911957,1.7730034999840427,PASS
V6,F6,4,1003,4024604,30,500,30,0.16763249288854193,71219.00386103941,0.16763249288854193,1.7922926000028383,PASS
V6,F6,3,1002,4024603,30,500,30,7.97597519656586e-08,71353.455751133,7.97597519656586e-08,1.8980171000002883,PASS
V6,F6,2,1001,4024602,30,500,30,7.030653871944817e-05,70582.57089954114,7.030653871944817e-05,1.950190300005488,PASS
V6,F6,5,1004,4024605,30,500,30,0.00015397573858829097,71208.03386246378,0.00015397573858829097,1.9552540000004228,PASS
V6,F6,6,1005,4024606,30,500,30,0.0015396638337699684,68955.29999951718,0.0015396638337699684,1.9293352000240702,PASS
V6,F6,7,1006,4024607,30,500,30,0.035286859957777396,70011.4366295226,0.035286859957777396,1.921818999981042,PASS
V6,F6,8,1007,4024608,30,500,30,3.5678136771918294,54162.957873925516,3.5678136771918294,1.9832681999832857,PASS
V6,F6,10,1009,4024610,30,500,30,2.8099801960488286,68295.92181788973,2.8099801960488286,1.7815265000099316,PASS
V6,F6,11,1010,4024611,30,500,30,0.002092076652035769,79935.06488261481,0.002092076652035769,1.769431299995631,PASS
V6,F6,9,1008,4024609,30,500,30,3.577232255545531,70501.21762803209,3.577232255545531,1.824730099993758,PASS
V6,F6,12,1011,4024612,30,500,30,3.330023923972305,60343.443806650605,3.330023923972305,1.859525499981828,PASS
V6,F6,14,1013,4024614,30,500,30,3.829408328716305e-08,66078.30058116298,3.829408328716305e-08,1.9850685999845155,PASS
V6,F6,13,1012,4024613,30,500,30,0.08289737669731878,68881.92519101789,0.08289737669731878,2.0804851000139024,PASS
V6,F6,15,1014,4024615,30,500,30,0.00028607187123005137,62157.94499673396,0.00028607187123005137,2.1189476000145078,PASS
V6,F6,16,1015,4024616,30,500,30,0.04002365373474146,61089.234661411996,0.04002365373474146,2.18587870002375,PASS
V6,F6,18,1017,4024618,30,500,30,3.7031313091533518,70606.59378046433,3.7031313091533518,1.8204790000163484,PASS
V6,F6,20,1019,4024620,30,500,30,2.5153405930990465,79344.06586895653,2.5153405930990465,1.817777099990053,PASS
V6,F6,17,1016,4024617,30,500,30,0.079383194977136,73031.55585073962,0.079383194977136,1.8818906999949832,PASS
V6,F6,19,1018,4024619,30,500,30,0.0848680325587107,59960.68287322056,0.0848680325587107,1.862948800000595,PASS
V6,F6,23,1022,4024623,30,500,30,0.0003557235683604025,78086.57507584567,0.0003557235683604025,1.8903431999788154,PASS
V6,F6,24,1023,4024624,30,500,30,2.492324341009895,72276.33926858637,2.492324341009895,1.88795430000755,PASS
V6,F6,22,1021,4024622,30,500,30,0.012564990490090546,64215.54876603678,0.012564990490090546,1.9622513999929652,PASS
V6,F6,21,1020,4024621,30,500,30,2.636148911908865,81635.30658606326,2.636148911908865,1.9726498999807518,PASS
V6,F6,27,1026,4024627,30,500,30,0.0001218703022094722,68320.91352360474,0.0001218703022094722,1.7716596999962348,PASS
V6,F6,28,1027,4024628,30,500,30,0.007793034657452707,71067.99746945646,0.007793034657452707,1.837874599994393,PASS
V6,F6,25,1024,4024625,30,500,30,2.8231623780860042,56465.69237297281,2.8231623780860042,1.8706162000016775,PASS
V6,F6,26,1025,4024626,30,500,30,0.00019531925232312797,67862.6591007802,0.00019531925232312797,1.9435287000087555,PASS
V6,F6,29,1028,4024629,30,500,30,0.14862447259376185,66095.4100418736,0.14862447259376185,2.0493284999975003,PASS
V6,F6,30,1029,4024630,30,500,30,0.04379388394151562,77102.38991476683,0.04379388394151562,2.0497674999933224,PASS
V6,F7,1,1000,4024701,30,500,30,9.45915362848826e-06,132.24256505296452,9.45915362848826e-06,2.237446799990721,PASS
V6,F7,2,1001,4024702,30,500,30,6.837286203809079e-05,129.07738590868695,6.837286203809079e-05,2.1760953000048175,PASS
V6,F7,3,1002,4024703,30,500,30,1.6784381334677967e-05,106.8866083511403,1.6784381334677967e-05,1.8679801000107545,PASS
V6,F7,5,1004,4024705,30,500,30,0.0002432252979321925,128.77654886785405,0.0002432252979321925,1.8652908000221942,PASS
V6,F7,4,1003,4024704,30,500,30,7.080694142436172e-05,120.0123686763614,7.080694142436172e-05,1.8835385999991558,PASS
V6,F7,6,1005,4024706,30,500,30,0.0002044215615785161,95.90377798740067,0.0002044215615785161,2.116220299998531,PASS
V6,F7,7,1006,4024707,30,500,30,8.514306014872908e-05,109.43532753152996,8.514306014872908e-05,2.140811000019312,PASS
V6,F7,8,1007,4024708,30,500,30,7.849740482451528e-05,89.84776718932376,7.849740482451528e-05,2.142440900002839,PASS
V6,F7,9,1008,4024709,30,500,30,1.5447923321199042e-05,112.92200132609992,1.5447923321199042e-05,2.1487519000074826,PASS
V6,F7,10,1009,4024710,30,500,30,8.368433869609948e-05,124.61338032043707,8.368433869609948e-05,2.1836295000102837,PASS
V6,F7,13,1012,4024713,30,500,30,4.457786551659293e-05,109.2388515683827,4.457786551659293e-05,1.8685323999961838,PASS
V6,F7,14,1013,4024714,30,500,30,2.820717814733254e-05,125.18640614897903,2.820717814733254e-05,1.8823693000013009,PASS
V6,F7,11,1010,4024711,30,500,30,0.00021914311776938256,145.50908467686799,0.00021914311776938256,1.9365250999981072,PASS
V6,F7,12,1011,4024712,30,500,30,0.00014672705711963322,88.02744560759177,0.00014672705711963322,1.973512500000652,PASS
V6,F7,15,1014,4024715,30,500,30,4.9591094465339935e-06,99.80960290906447,4.9591094465339935e-06,2.18017669999972,PASS
V6,F7,16,1015,4024716,30,500,30,0.00014586593514698265,118.50476153098273,0.00014586593514698265,2.202524299995275,PASS
V6,F7,17,1016,4024717,30,500,30,0.00057313278933524,142.86321654785507,0.00057313278933524,2.206774599995697,PASS
V6,F7,18,1017,4024718,30,500,30,0.00021633445300472953,146.54341813360404,0.00021633445300472953,2.2914190999872517,PASS
V6,F7,22,1021,4024722,30,500,30,7.447946452421306e-05,97.89929812706661,7.447946452421306e-05,1.8006694999930914,PASS
V6,F7,19,1018,4024719,30,500,30,0.00021026431482795704,129.37924729813335,0.00021026431482795704,1.843738099996699,PASS
V6,F7,20,1019,4024720,30,500,30,2.5783503506016103e-05,134.11199381657298,2.5783503506016103e-05,1.8993132000032347,PASS
V6,F7,21,1020,4024721,30,500,30,7.261338490871516e-05,134.48686620550905,7.261338490871516e-05,1.9268095000006724,PASS
V6,F7,24,1023,4024724,30,500,30,0.00013413908657777807,134.83866130923477,0.00013413908657777807,2.1400242000236176,PASS
V6,F7,23,1022,4024723,30,500,30,5.6976333538738544e-05,133.0436737145348,5.6976333538738544e-05,2.213330099999439,PASS
V6,F7,26,1025,4024726,30,500,30,6.071988832667685e-05,144.99096006092753,6.071988832667685e-05,2.1199201999988873,PASS
V6,F7,25,1024,4024725,30,500,30,0.00018987324554264884,105.12427574420931,0.00018987324554264884,2.255319599993527,PASS
V6,F7,28,1027,4024728,30,500,30,3.238470623567746e-05,93.82607923366973,3.238470623567746e-05,1.910159899998689,PASS
V6,F7,27,1026,4024727,30,500,30,0.00019470491795281486,135.53438780914385,0.00019470491795281486,1.9256166999984998,PASS
V6,F7,30,1029,4024730,30,500,30,0.000128178818000646,130.6949254804745,0.000128178818000646,1.9189248000038788,PASS
V6,F7,29,1028,4024729,30,500,30,1.0751409406872803e-05,162.80296180734086,1.0751409406872803e-05,1.9268856999988202,PASS
V6,F8,1,1000,4024801,30,500,30,-12004.258128449148,-2451.876014434408,-12004.258128449148,2.109063999989303,PASS
V6,F8,4,1003,4024804,30,500,30,-6861.032763932223,-2110.3517025625324,-6861.032763932223,2.1243064000154845,PASS
V6,F8,2,1001,4024802,30,500,30,-5048.556192351896,-2690.889994276502,-5048.556192351896,2.210481799993431,PASS
V6,F8,3,1002,4024803,30,500,30,-5007.785170103294,-1692.1826887752877,-5007.785170103294,2.2075741999724414,PASS
V6,F8,6,1005,4024806,30,500,30,-12019.431369769405,-3595.6367869269293,-12019.431369769405,1.8143938000139315,PASS
V6,F8,8,1007,4024808,30,500,30,-4568.765972948257,-1726.090940377079,-4568.765972948257,1.8266300999966916,PASS
V6,F8,5,1004,4024805,30,500,30,-8989.831018981036,-1605.4114947545195,-8989.831018981036,1.864515700028278,PASS
V6,F8,7,1006,4024807,30,500,30,-8343.688323037291,-1885.772866590057,-8343.688323037291,1.8680122999940068,PASS
V6,F8,11,1010,4024811,30,500,30,-4805.11840876068,-1813.4049915384448,-4805.11840876068,2.077224099979503,PASS
V6,F8,10,1009,4024810,30,500,30,-5734.560264836278,-2623.8232741546635,-5734.560264836278,2.118837899994105,PASS
V6,F8,9,1008,4024809,30,500,30,-5682.717601716602,-2337.3316623373657,-5682.717601716602,2.141046800010372,PASS
V6,F8,12,1011,4024812,30,500,30,-4590.893528149595,-2334.5511967809016,-4590.893528149595,2.1079260999977123,PASS
V6,F8,16,1015,4024816,30,500,30,-4383.655220824798,-1774.4957618865303,-4383.655220824798,2.0719746999966446,PASS
V6,F8,13,1012,4024813,30,500,30,-8275.2913846092,-2026.2048410858288,-8275.2913846092,2.1100353999936488,PASS
V6,F8,14,1013,4024814,30,500,30,-12569.486060393981,-1526.011739420307,-12569.486060393981,2.118916600011289,PASS
V6,F8,15,1014,4024815,30,500,30,-9014.721616001341,-1577.9245638457974,-9014.721616001341,2.2264256000053138,PASS
V6,F8,17,1016,4024817,30,500,30,-5893.589373150138,-3022.774183385613,-5893.589373150138,2.5150437999982387,PASS
V6,F8,18,1017,4024818,30,500,30,-5447.19671052984,-1613.727286315913,-5447.19671052984,2.531693800003268,PASS
V6,F8,19,1018,4024819,30,500,30,-4433.701201028639,-2231.4411955724777,-4433.701201028639,2.549029200017685,PASS
V6,F8,20,1019,4024820,30,500,30,-4644.737184723198,-1937.2091609434265,-4644.737184723198,2.485191499989014,PASS
V6,F8,21,1020,4024821,30,500,30,-4268.084874022588,-2248.510909834675,-4268.084874022588,1.8376344999996945,PASS
V6,F8,24,1023,4024824,30,500,30,-5816.5722482689725,-1788.751013337049,-5816.5722482689725,1.861954699998023,PASS
V6,F8,23,1022,4024823,30,500,30,-9016.239683695254,-2698.531601043908,-9016.239683695254,1.8698108999815304,PASS
V6,F8,22,1021,4024822,30,500,30,-5257.691495386669,-1439.3070195018026,-5257.691495386669,1.9260186000028625,PASS
V6,F8,28,1027,4024828,30,500,30,-12565.06722040197,-1823.0140943969723,-12565.06722040197,1.9789410999801476,PASS
V6,F8,25,1024,4024825,30,500,30,-5163.496776382583,-2207.6192588415524,-5163.496776382583,2.222810399980517,PASS
V6,F8,27,1026,4024827,30,500,30,-4424.865050967291,-1646.4051333176737,-4424.865050967291,2.163927599991439,PASS
V6,F8,26,1025,4024826,30,500,30,-5302.047868431508,-1895.6942306135086,-5302.047868431508,2.223788700008299,PASS
V6,F9,2,1001,4024902,30,500,30,0.0,384.5497490364953,0.0,1.6967051000101492,PASS
V6,F8,30,1029,4024830,30,500,30,-7147.947432782429,-1702.2535651780167,-7147.947432782429,1.8399508000002243,PASS
V6,F8,29,1028,4024829,30,500,30,-11305.840028503466,-1854.1744144476797,-11305.840028503466,1.8467385999974795,PASS
V6,F9,1,1000,4024901,30,500,30,0.0,464.87493101018356,0.0,1.8175335999985691,PASS
V6,F9,3,1002,4024903,30,500,30,0.0,424.39485150190137,0.0,2.037579399999231,PASS
V6,F9,6,1005,4024906,30,500,30,0.0,439.91283939992803,0.0,2.0012070999946445,PASS
V6,F9,4,1003,4024904,30,500,30,0.0,439.61790434394305,0.0,2.057821700000204,PASS
V6,F9,5,1004,4024905,30,500,30,0.0,448.7388944016657,0.0,2.0603813999914564,PASS
V6,F9,8,1007,4024908,30,500,30,0.0,365.8391088248434,0.0,1.8163332999974955,PASS
V6,F9,9,1008,4024909,30,500,30,0.0,448.1773913088544,0.0,1.81367240002146,PASS
V6,F9,7,1006,4024907,30,500,30,0.0,431.59183701137,0.0,1.8918871999776457,PASS
V6,F9,10,1009,4024910,30,500,30,0.0,467.3571333335915,0.0,1.8571646000200417,PASS
V6,F9,12,1011,4024912,30,500,30,0.0,441.073286920272,0.0,2.055274999991525,PASS
V6,F9,11,1010,4024911,30,500,30,0.0,447.2888938374598,0.0,2.094280399993295,PASS
V6,F9,14,1013,4024914,30,500,30,0.0,440.91474681676505,0.0,2.121835900004953,PASS
V6,F9,13,1012,4024913,30,500,30,0.0,434.02220260833974,0.0,2.1654503000027034,PASS
V6,F9,16,1015,4024916,30,500,30,0.0,433.86281469045554,0.0,1.8370749999885447,PASS
V6,F9,15,1014,4024915,30,500,30,0.0,466.36406583587524,0.0,1.860556200001156,PASS
V6,F9,17,1016,4024917,30,500,30,0.0,422.02779107708176,0.0,1.86761660000775,PASS
V6,F9,18,1017,4024918,30,500,30,0.0,469.76371664050794,0.0,1.9337999999988824,PASS
V6,F9,20,1019,4024920,30,500,30,0.0,458.030531975015,0.0,2.1214536000043154,PASS
V6,F9,22,1021,4024922,30,500,30,0.0,441.34049530442945,0.0,2.024283300008392,PASS
V6,F9,19,1018,4024919,30,500,30,0.0,414.6138424388559,0.0,2.133126100001391,PASS
V6,F9,21,1020,4024921,30,500,30,0.0,465.26417440798247,0.0,2.1883934999932535,PASS
V6,F9,23,1022,4024923,30,500,30,0.0,446.64097601097,0.0,2.0680878000275698,PASS
V6,F9,25,1024,4024925,30,500,30,0.0,408.9701533118642,0.0,2.0736743999877945,PASS
V6,F9,24,1023,4024924,30,500,30,0.0,433.79837842386155,0.0,2.1074451999738812,PASS
V6,F9,26,1025,4024926,30,500,30,0.0,473.6616560879741,0.0,2.1237367000139784,PASS
V6,F9,27,1026,4024927,30,500,30,0.0,446.03906557516507,0.0,2.4895121000008658,PASS
V6,F9,28,1027,4024928,30,500,30,0.0,447.3494195224039,0.0,2.4586727999849245,PASS
V6,F9,29,1028,4024929,30,500,30,0.0,455.002187468864,0.0,2.4824251999962144,PASS
V6,F9,30,1029,4024930,30,500,30,0.0,479.83128968283097,0.0,2.4980249000072945,PASS
V6,F10,2,1001,4025002,30,500,30,4.440892098500626e-16,20.80923383013385,4.440892098500626e-16,1.8236162999819499,PASS
V6,F10,1,1000,4025001,30,500,30,4.440892098500626e-16,20.764880617738655,4.440892098500626e-16,1.8420665000157896,PASS
V6,F10,3,1002,4025003,30,500,30,4.440892098500626e-16,20.70259726914545,4.440892098500626e-16,1.8398067000089213,PASS
V6,F10,4,1003,4025004,30,500,30,4.440892098500626e-16,20.685941618453114,4.440892098500626e-16,1.8451576000079513,PASS
V6,F10,5,1004,4025005,30,500,30,4.440892098500626e-16,20.753180108678922,4.440892098500626e-16,2.1197307000111323,PASS
V6,F10,7,1006,4025007,30,500,30,4.440892098500626e-16,20.677331650145728,4.440892098500626e-16,2.120052400015993,PASS
V6,F10,8,1007,4025008,30,500,30,4.440892098500626e-16,20.30938002246911,4.440892098500626e-16,2.169283199997153,PASS
V6,F10,6,1005,4025006,30,500,30,4.440892098500626e-16,20.739339682394206,4.440892098500626e-16,2.2428317999874707,PASS
V6,F10,11,1010,4025011,30,500,30,4.440892098500626e-16,20.873205110265417,4.440892098500626e-16,1.8874680000008084,PASS
V6,F10,12,1011,4025012,30,500,30,4.440892098500626e-16,20.569830881242734,4.440892098500626e-16,1.9005017000017688,PASS
V6,F10,10,1009,4025010,30,500,30,4.440892098500626e-16,20.764014980012245,4.440892098500626e-16,1.9957564999931492,PASS
V6,F10,9,1008,4025009,30,500,30,4.440892098500626e-16,20.6623323028609,4.440892098500626e-16,2.0419345000118483,PASS
V6,F10,13,1012,4025013,30,500,30,4.440892098500626e-16,20.566750205953976,4.440892098500626e-16,2.1267893000040203,PASS
V6,F10,14,1013,4025014,30,500,30,4.440892098500626e-16,20.669354202190537,4.440892098500626e-16,2.1381784999975935,PASS
V6,F10,15,1014,4025015,30,500,30,4.440892098500626e-16,20.49068213407767,4.440892098500626e-16,2.2484481999999844,PASS
V6,F10,16,1015,4025016,30,500,30,4.440892098500626e-16,20.64013873956227,4.440892098500626e-16,2.2333846999972593,PASS
V6,F10,18,1017,4025018,30,500,30,4.440892098500626e-16,20.8269336510937,4.440892098500626e-16,1.8350846999965142,PASS
V6,F10,17,1016,4025017,30,500,30,4.440892098500626e-16,20.795292196710726,4.440892098500626e-16,1.8973621999903116,PASS
V6,F10,19,1018,4025019,30,500,30,4.440892098500626e-16,20.287777247273507,4.440892098500626e-16,1.915244600008009,PASS
V6,F10,20,1019,4025020,30,500,30,4.440892098500626e-16,20.753576885043977,4.440892098500626e-16,1.949053999996977,PASS
V6,F10,21,1020,4025021,30,500,30,4.440892098500626e-16,20.886822358893582,4.440892098500626e-16,2.1470758999930695,PASS
V6,F10,22,1021,4025022,30,500,30,4.440892098500626e-16,20.583645012836215,4.440892098500626e-16,2.1901113000058103,PASS
V6,F10,23,1022,4025023,30,500,30,4.440892098500626e-16,20.933352404055416,4.440892098500626e-16,2.200380700000096,PASS
V6,F10,24,1023,4025024,30,500,30,4.440892098500626e-16,20.702337522964704,4.440892098500626e-16,2.2319832000066526,PASS
V6,F10,25,1024,4025025,30,500,30,4.440892098500626e-16,20.640145513776236,4.440892098500626e-16,2.014257999981055,PASS
V6,F10,27,1026,4025027,30,500,30,4.440892098500626e-16,20.70523141613285,4.440892098500626e-16,2.0367638999887276,PASS
V6,F10,26,1025,4025026,30,500,30,4.440892098500626e-16,20.66064456706877,4.440892098500626e-16,2.052132700016955,PASS
V6,F10,28,1027,4025028,30,500,30,4.440892098500626e-16,20.792506436353648,4.440892098500626e-16,2.054816200019559,PASS
V6,F10,29,1028,4025029,30,500,30,4.440892098500626e-16,20.542581961741753,4.440892098500626e-16,2.1380262000020593,PASS
V6,F11,2,1001,4025102,30,500,30,0.0,639.1480611503106,0.0,2.1276921999815386,PASS
V6,F10,30,1029,4025030,30,500,30,4.440892098500626e-16,20.847870698067215,4.440892098500626e-16,2.226234600006137,PASS
V6,F11,1,1000,4025101,30,500,30,0.0,611.291864520307,0.0,2.2914363000018056,PASS
V6,F11,5,1004,4025105,30,500,30,0.0,644.4520744510511,0.0,1.835065899998881,PASS
V6,F11,4,1003,4025104,30,500,30,0.0,640.6078006974948,0.0,1.856701900018379,PASS
V6,F11,6,1005,4025106,30,500,30,0.0,620.4511952126913,0.0,1.8771495999826584,PASS
V6,F11,3,1002,4025103,30,500,30,0.0,643.4385152741779,0.0,1.9499231999798212,PASS
V6,F11,7,1006,4025107,30,500,30,0.0,632.8296368484805,0.0,2.1099904000002425,PASS
V6,F11,8,1007,4025108,30,500,30,0.0,487.5405080335636,0.0,2.2591976999829058,PASS
V6,F11,10,1009,4025110,30,500,30,0.0,616.7396630786404,0.0,2.203419799974654,PASS
V6,F11,9,1008,4025109,30,500,30,0.0,639.6684312970408,0.0,2.2545633999980055,PASS
V6,F11,11,1010,4025111,30,500,30,0.0,718.9807578130838,0.0,1.8978573000058532,PASS
V6,F11,14,1013,4025114,30,500,30,0.0,591.7962883432442,0.0,1.9049469000019599,PASS
V6,F11,12,1011,4025112,30,500,30,0.0,542.9069981974286,0.0,1.9148709999863058,PASS
V6,F11,13,1012,4025113,30,500,30,0.0,618.2400358748203,0.0,1.9220786999794655,PASS
V6,F11,15,1014,4025115,30,500,30,0.0,563.9367128903148,0.0,2.0425925999879837,PASS
V6,F11,16,1015,4025116,30,500,30,0.0,549.6853975606296,0.0,2.0583735999825876,PASS
V6,F11,17,1016,4025117,30,500,30,0.0,658.3681797175631,0.0,2.060122399998363,PASS
V6,F11,18,1017,4025118,30,500,30,0.0,635.4820188150104,0.0,2.0607506000087596,PASS
V6,F11,22,1021,4025122,30,500,30,0.0,579.5492680434852,0.0,1.7633709000074305,PASS
V6,F11,19,1018,4025119,30,500,30,0.0,538.2294864301934,0.0,1.862090900016483,PASS
V6,F11,20,1019,4025120,30,500,30,0.0,711.0659999459813,0.0,1.8716506000200752,PASS
V6,F11,21,1020,4025121,30,500,30,0.0,738.5383591240958,0.0,1.9202683999901637,PASS
V6,F11,23,1022,4025123,30,500,30,0.0,701.8372771154101,0.0,2.2321946999873035,PASS
V6,F11,24,1023,4025124,30,500,30,0.0,649.0261533705124,0.0,2.3040505000099074,PASS
V6,F11,26,1025,4025126,30,500,30,0.0,609.8881515490872,0.0,2.2359584999794606,PASS
V6,F11,25,1024,4025125,30,500,30,0.0,508.02875095473263,0.0,2.304674699989846,PASS
V6,F11,29,1028,4025129,30,500,30,0.0,595.7920700073693,0.0,2.1465587000129744,PASS
V6,F11,27,1026,4025127,30,500,30,0.0,614.144178110117,0.0,2.1701777999987826,PASS
V6,F11,28,1027,4025128,30,500,30,0.0,642.5333046872523,0.0,2.159512899990659,PASS
V6,F11,30,1029,4025130,30,500,30,0.0,694.8702724214163,0.0,2.1471724000002723,PASS
V6,F12,1,1000,4025201,30,500,30,8.215549025816675e-09,577094378.3389748,8.215549025816675e-09,2.6031673999968916,PASS
V6,F12,2,1001,4025202,30,500,30,6.256217544131421e-07,579099359.0880492,6.256217544131421e-07,2.602735099993879,PASS
V6,F12,4,1003,4025204,30,500,30,6.076722255846745e-07,756082758.900649,6.076722255846745e-07,2.6614635000005364,PASS
V6,F12,3,1002,4025203,30,500,30,0.3807000257458206,677755348.7064486,0.3807000257458206,2.6765662000107113,PASS
V6,F12,5,1004,4025205,30,500,30,6.321929107733845e-07,600899121.4082001,6.321929107733845e-07,2.0146751000138465,PASS
V6,F12,7,1006,4025207,30,500,30,1.124040322140169e-07,669437325.0641034,1.124040322140169e-07,2.008387700014282,PASS
V6,F12,6,1005,4025206,30,500,30,4.1785655224045963e-07,613687382.5306401,4.1785655224045963e-07,2.0714804000162985,PASS
V6,F12,8,1007,4025208,30,500,30,0.5018636666289504,465147296.24454856,0.5018636666289504,2.139428399997996,PASS
V6,F12,10,1009,4025210,30,500,30,2.166626395412545e-08,608345809.8432229,2.166626395412545e-08,2.3174227999988943,PASS
V6,F12,9,1008,4025209,30,500,30,0.303828816407252,673649374.2265142,0.303828816407252,2.4389489999739453,PASS
V6,F12,11,1010,4025211,30,500,30,2.7262839603095755e-07,673700231.5011019,2.7262839603095755e-07,2.4508819000038784,PASS
V6,F12,12,1011,4025212,30,500,30,1.278968715175937e-07,354312759.8973637,1.278968715175937e-07,2.4410025000106543,PASS
V6,F12,15,1014,4025215,30,500,30,4.1134612073371375e-07,377991105.0550389,4.1134612073371375e-07,1.9972672000003513,PASS
V6,F12,13,1012,4025213,30,500,30,0.3865407880506066,409264261.74945426,0.3865407880506066,2.046603900002083,PASS
V6,F12,14,1013,4025214,30,500,30,4.766298309794795e-09,375026164.7994268,4.766298309794795e-09,2.037472299998626,PASS
V6,F12,16,1015,4025216,30,500,30,4.1628648192567924e-07,518663474.82455194,4.1628648192567924e-07,2.0868832000123803,PASS
V6,F12,17,1016,4025217,30,500,30,0.6570459980787409,602516388.8524432,0.6570459980787409,2.298968800023431,PASS
V6,F12,18,1017,4025218,30,500,30,4.093302744051733e-07,678910232.0700809,4.093302744051733e-07,2.3759524000051897,PASS
V6,F12,20,1019,4025220,30,500,30,1.1083474695035644e-06,746482921.424925,1.1083474695035644e-06,2.3763993000029586,PASS
V6,F12,19,1018,4025219,30,500,30,1.6717319578720744e-06,493317185.6586725,1.6717319578720744e-06,2.5044241000141483,PASS
V6,F12,23,1022,4025223,30,500,30,4.78037049483332e-08,527674663.0350982,4.78037049483332e-08,1.9621939999924507,PASS
V6,F12,21,1020,4025221,30,500,30,1.8858713463633747e-07,779891967.4951634,1.8858713463633747e-07,2.035039600013988,PASS
V6,F12,22,1021,4025222,30,500,30,3.59874389897723e-07,566705999.5069873,3.59874389897723e-07,2.0407118999864906,PASS
V6,F12,24,1023,4025224,30,500,30,0.3372621121989285,557034073.9341952,0.3372621121989285,2.0891647999815177,PASS
V6,F12,25,1024,4025225,30,500,30,0.38446710870718115,459268027.30294675,0.38446710870718115,2.386762899986934,PASS
V6,F12,26,1025,4025226,30,500,30,5.959597880309522e-07,655610836.8316754,5.959597880309522e-07,2.4140093000023626,PASS
V6,F12,28,1027,4025228,30,500,30,1.724937496092438e-07,735612073.6667887,1.724937496092438e-07,2.4567395000194665,PASS
V6,F12,27,1026,4025227,30,500,30,0.5366656695739359,688380987.7444726,0.5366656695739359,2.517377799988026,PASS
V6,F12,29,1028,4025229,30,500,30,3.948782309094565e-07,694579575.2440028,3.948782309094565e-07,1.903435599990189,PASS
V6,F13,2,1001,4025302,30,500,30,1.9689489210232816,1134393402.9122756,1.9689489210232816,1.9470648000133224,PASS
V6,F13,1,1000,4025301,30,500,30,7.252049056074344e-06,1121540604.907016,7.252049056074344e-06,1.9593148999847472,PASS
V6,F12,30,1029,4025230,30,500,30,3.612421584916432e-07,638200031.739138,3.612421584916432e-07,2.037277700001141,PASS
V6,F13,3,1002,4025303,30,500,30,0.07992577443676145,1279263460.7598147,0.07992577443676145,2.276187800016487,PASS
V6,F13,5,1004,4025305,30,500,30,1.5738049385507076,1170689608.5516968,1.5738049385507076,2.266704200010281,PASS
V6,F13,4,1003,4025304,30,500,30,0.16339002131492883,1409943019.8603163,0.16339002131492883,2.296137999976054,PASS
V6,F13,6,1005,4025306,30,500,30,2.2387412531747044,1181621324.1665757,2.2387412531747044,2.269468400016194,PASS
V6,F13,7,1006,4025307,30,500,30,9.024095956754564e-08,1268983075.2778127,9.024095956754564e-08,2.0020459000079427,PASS
V6,F13,10,1009,4025310,30,500,30,2.125385993191044,1170491781.6147819,2.125385993191044,2.025573599996278,PASS
V6,F13,9,1008,4025309,30,500,30,0.32501566740770493,1296042042.9580178,0.32501566740770493,2.0337163000076544,PASS
V6,F13,8,1007,4025308,30,500,30,1.8261280179819417,878154019.7635087,1.8261280179819417,2.0471464000002015,PASS
V6,F13,13,1012,4025313,30,500,30,1.4249902906307577e-07,902489281.0803057,1.4249902906307577e-07,2.4297412000014447,PASS
V6,F13,11,1010,4025311,30,500,30,0.32478236259117627,1334005063.226532,0.32478236259117627,2.483987599989632,PASS
V6,F13,14,1013,4025314,30,500,30,1.7407259209950192,813623365.5838884,1.7407259209950192,2.4528791999910027,PASS
V6,F13,12,1011,4025312,30,500,30,1.7609453642699746,746217004.1348709,1.7609453642699746,2.5049691000021994,PASS
V6,F13,16,1015,4025316,30,500,30,1.3837256434465004,992639751.8319389,1.3837256434465004,1.985248099983437,PASS
V6,F13,15,1014,4025315,30,500,30,2.3578078177021458,781768070.7565104,2.3578078177021458,2.0125999999872874,PASS
V6,F13,18,1017,4025318,30,500,30,5.252550261597389e-07,1270309810.4932654,5.252550261597389e-07,2.0205684000102337,PASS
V6,F13,17,1016,4025317,30,500,30,2.0767750577417554,1200343935.016167,2.0767750577417554,2.03279259998817,PASS
V6,F13,21,1020,4025321,30,500,30,1.659809793483599,1481567387.8877292,1.659809793483599,2.4749222999962512,PASS
V6,F13,19,1018,4025319,30,500,30,1.844675207170241,985279769.8708252,1.844675207170241,2.534104299993487,PASS
V6,F13,20,1019,4025320,30,500,30,1.9141922986186573,1427951455.304063,1.9141922986186573,2.560205199988559,PASS
V6,F13,22,1021,4025322,30,500,30,1.3471786071784917,1071852585.7528108,1.3471786071784917,2.5445571999880485,PASS
V6,F13,23,1022,4025323,30,500,30,1.4160578067489433,1057814591.9376878,1.4160578067489433,1.981679599994095,PASS
V6,F13,24,1023,4025324,30,500,30,3.662786871112629e-05,1128834171.694078,3.662786871112629e-05,2.0062256999954116,PASS
V6,F13,26,1025,4025326,30,500,30,1.4011826349256729,1213450885.258651,1.4011826349256729,2.01927180000348,PASS
V6,F13,25,1024,4025325,30,500,30,2.6551244500599642,881544869.6646192,2.6551244500599642,2.1184251999948174,PASS
V6,F13,28,1027,4025328,30,500,30,1.8125811145565809,1357932319.8784873,1.8125811145565809,2.460955599992303,PASS
V6,F13,27,1026,4025327,30,500,30,0.11099410247369423,1309554648.9066305,0.11099410247369423,2.5267543999943882,PASS
V6,F13,29,1028,4025329,30,500,30,0.10266866937723014,1284594344.47724,0.10266866937723014,2.5236565000086557,PASS
V6,F13,30,1029,4025330,30,500,30,1.794388714141328,1261783528.6462915,1.794388714141328,2.4566603999992367,PASS
V6,F14,2,1001,4025402,30,500,2,0.9980038378064826,20.799965995968776,0.9980038378064826,0.4947040000115521,PASS
V6,F14,1,1000,4025401,30,500,2,3.1094946879970022,473.71847520737606,3.1094946879970022,0.5177244000078645,PASS
V6,F14,4,1003,4025404,30,500,2,0.9980038378115003,7.991839953168932,0.9980038378115003,0.5416983999894001,PASS
V6,F14,3,1002,4025403,30,500,2,2.9821051569911785,7.856359089361977,2.9821051569911785,0.5587524000147823,PASS
V6,F14,5,1004,4025405,30,500,2,0.9980038387650143,24.322820508421295,0.9980038387650143,0.5146459999959916,PASS
V6,F14,6,1005,4025406,30,500,2,2.982105156816915,90.7409532963287,2.982105156816915,0.5187076000147499,PASS
V6,F14,7,1006,4025407,30,500,2,0.9980038379866848,16.2842641081014,0.9980038379866848,0.5194088999996893,PASS
V6,F14,8,1007,4025408,30,500,2,12.670505811135557,21.481362099196957,12.670505811135557,0.5108558000065386,PASS
V6,F14,9,1008,4025409,30,500,2,0.998003837803806,480.050865101365,0.998003837803806,0.5161007000133395,PASS
V6,F14,12,1011,4025412,30,500,2,0.9980038378451859,16.441007314171465,0.9980038378451859,0.506191000022227,PASS
V6,F14,10,1009,4025410,30,500,2,0.9980038388601185,15.108117071694181,0.9980038388601185,0.5282524999929592,PASS
V6,F14,11,1010,4025411,30,500,2,2.982105156823566,115.8570972449099,2.982105156823566,0.541154499980621,PASS
V6,F14,13,1012,4025413,30,500,2,2.9821051568199954,16.402755922508554,2.9821051568199954,0.5176844999950845,PASS
V6,F14,15,1014,4025415,30,500,2,0.9980038380156078,65.35361146386387,0.9980038380156078,0.4790668000059668,PASS
V6,F14,14,1013,4025414,30,500,2,12.670505811135913,73.97889205821518,12.670505811135913,0.5058409000048414,PASS
V6,F14,16,1015,4025416,30,500,2,0.9980038380990678,17.659718800789545,0.9980038380990678,0.5104529999953229,PASS
V6,F14,17,1016,4025417,30,500,2,0.9980038382526711,438.10288921782666,0.9980038382526711,0.506228199985344,PASS
V6,F14,19,1018,4025419,30,500,2,0.9980038377945093,2.286243956447089,0.9980038377945093,0.514800600009039,PASS
V6,F14,20,1019,4025420,30,500,2,2.9821051568340335,179.17713904158902,2.9821051568340335,0.5182506999990437,PASS
V6,F14,18,1017,4025418,30,500,2,0.998003838104438,237.59430741100795,0.998003838104438,0.536717699986184,PASS
V6,F14,21,1020,4025421,30,500,2,3.9682501058061956,87.51907188492201,3.9682501058061956,0.5249031000130344,PASS
V6,F14,24,1023,4025424,30,500,2,1.9920309002568723,294.0509123316119,1.9920309002568723,0.5122179000172764,PASS
V6,F14,22,1021,4025422,30,500,2,2.9821051568169903,29.199725330593285,2.9821051568169903,0.5333737999899313,PASS
V6,F14,23,1022,4025423,30,500,2,2.982105156828507,9.804625661988586,2.982105156828507,0.5324847000010777,PASS
V6,F14,26,1025,4025426,30,500,2,0.9980038378796082,421.40232505995556,0.9980038378796082,0.5315074999816716,PASS
V6,F14,27,1026,4025427,30,500,2,3.968250105623861,337.8200873186404,3.968250105623861,0.5379710999841336,PASS
V6,F14,25,1024,4025425,30,500,2,12.670505811135907,320.00268640700443,12.670505811135907,0.5661994999973103,PASS
V6,F14,28,1027,4025428,30,500,2,1.9920309002851326,160.2537413920019,1.9920309002851326,0.5677720000094268,PASS
V6,F15,1,1000,4025501,30,500,4,0.00031339868972438296,0.30191456608898665,0.00031339868972438296,0.4780343000020366,PASS
V6,F15,2,1001,4025502,30,500,4,0.0003266333731135675,1.2717309895536486,0.0003266333731135675,0.47746989998267964,PASS
V6,F14,29,1028,4025429,30,500,2,0.9980038378111451,2.3576554955050417,0.9980038378111451,0.5337511999823619,PASS
V6,F14,30,1029,4025430,30,500,2,0.9980038378061186,15.999537865751927,0.9980038378061186,0.5461084000125993,PASS
V6,F15,4,1003,4025504,30,500,4,0.0003162209895127381,0.1609090192272938,0.0003162209895127381,0.4864095999801066,PASS
V6,F15,5,1004,4025505,30,500,4,0.0003137747557237282,0.12948702495992004,0.0003137747557237282,0.49341339999227785,PASS
V6,F15,3,1002,4025503,30,500,4,0.0003727459416755415,0.3644888722730511,0.0003727459416755415,0.5423262999975123,PASS
V6,F15,6,1005,4025506,30,500,4,0.00031460489071014633,0.12186464086944875,0.00031460489071014633,0.5243790000095032,PASS
V6,F15,7,1006,4025507,30,500,4,0.0003686359106137149,0.12363760498402297,0.0003686359106137149,0.43802460000733845,PASS
V6,F15,8,1007,4025508,30,500,4,0.0003268415681105702,0.09018764359449179,0.0003268415681105702,0.4562265000131447,PASS
V6,F15,10,1009,4025510,30,500,4,0.00037116574863697843,0.13877679138861554,0.00037116574863697843,0.4781139999977313,PASS
V6,F15,9,1008,4025509,30,500,4,0.000312149083036491,2.2394826617102606,0.000312149083036491,0.4964002999768127,PASS
V6,F15,11,1010,4025511,30,500,4,0.0003079703988349853,0.03239128528085753,0.0003079703988349853,0.4866055999882519,PASS
V6,F15,13,1012,4025513,30,500,4,0.0003282582934226354,0.1306304824855118,0.0003282582934226354,0.4783035999862477,PASS
V6,F15,14,1013,4025514,30,500,4,0.00045755089366218536,0.1598298890496266,0.00045755089366218536,0.48607600000104867,PASS
V6,F15,12,1011,4025512,30,500,4,0.0003600812250628141,0.23498015533649527,0.0003600812250628141,0.5164300000178628,PASS
V6,F15,15,1014,4025515,30,500,4,0.000316177698389107,0.10205617825736528,0.000316177698389107,0.42611220001708716,PASS
V6,F15,16,1015,4025516,30,500,4,0.0003378931549886011,2.092356457574675,0.0003378931549886011,0.4627203999843914,PASS
V6,F15,18,1017,4025518,30,500,4,0.00036846363611565513,0.14977648977909336,0.00036846363611565513,0.43869660000200383,PASS
V6,F15,17,1016,4025517,30,500,4,0.00031458120361244746,0.2605680364275185,0.00031458120361244746,0.47589860000880435,PASS
V6,F15,19,1018,4025519,30,500,4,0.00035698780053650326,0.1985628632680977,0.00035698780053650326,0.484517600008985,PASS
V6,F15,20,1019,4025520,30,500,4,0.000357059889652016,0.1359115073620081,0.000357059889652016,0.48969129999750294,PASS
V6,F15,22,1021,4025522,30,500,4,0.00032599343556456386,0.5524050984541609,0.00032599343556456386,0.5029359000036493,PASS
V6,F15,21,1020,4025521,30,500,4,0.0003349768720418403,0.4954470688391197,0.0003349768720418403,0.5442885999800637,PASS
V6,F15,24,1023,4025524,30,500,4,0.0003415112275758961,0.298411205199563,0.0003415112275758961,0.46151399999507703,PASS
V6,F15,23,1022,4025523,30,500,4,0.0003152589816818787,0.29407409982959576,0.0003152589816818787,0.48384689999511465,PASS
V6,F15,25,1024,4025525,30,500,4,0.00030764502627322426,0.054825133501047195,0.00030764502627322426,0.47365759999956936,PASS
V6,F15,26,1025,4025526,30,500,4,0.0003428009871762066,0.2996859951874783,0.0003428009871762066,0.44221800001105294,PASS
V6,F15,27,1026,4025527,30,500,4,0.00031342117461739366,0.08376195205332174,0.00031342117461739366,0.4704589000029955,PASS
V6,F15,29,1028,4025529,30,500,4,0.00033217382459593256,0.08098779060507648,0.00033217382459593256,0.464216899999883,PASS
V6,F15,28,1027,4025528,30,500,4,0.00032087385032672586,0.03968409975464774,0.00032087385032672586,0.48981490000733174,PASS
V6,F15,30,1029,4025530,30,500,4,0.00031264755132590696,0.14413165160408462,0.00031264755132590696,0.4914146999944933,PASS
V6,F16,1,1000,4025601,30,500,2,-1.031628446742327,2.181179457071373,-1.031628446742327,0.2213515999901574,PASS
V6,F16,2,1001,4025602,30,500,2,-1.0316284108855802,-0.027012733357646004,-1.0316284108855802,0.229098999989219,PASS
V6,F16,3,1002,4025603,30,500,2,-1.0316284296180134,0.7607607404739891,-1.0316284296180134,0.22330979999969713,PASS
V6,F16,4,1003,4025604,30,500,2,-1.0316283807780255,-0.39997849461446167,-1.0316283807780255,0.21571509999921545,PASS
V6,F16,5,1004,4025605,30,500,2,-1.0316284232435877,-0.170143036311162,-1.0316284232435877,0.2375105999817606,PASS
V6,F16,6,1005,4025606,30,500,2,-1.0316283515476472,-0.9735315253417971,-1.0316283515476472,0.2387917000160087,PASS
V6,F16,7,1006,4025607,30,500,2,-1.031628200497725,-0.20638118856745086,-1.031628200497725,0.24497689999407157,PASS
V6,F16,8,1007,4025608,30,500,2,-1.0316284526711132,-0.24021923047679472,-1.0316284526711132,0.24946099999942817,PASS
V6,F16,9,1008,4025609,30,500,2,-1.0316284056981708,2.3278539991551703,-1.0316284056981708,0.22041680000256747,PASS
V6,F16,10,1009,4025610,30,500,2,-1.0316282601917703,1.0848751489960493,-1.0316282601917703,0.21307749999687076,PASS
V6,F16,12,1011,4025612,30,500,2,-1.0316284522238748,-1.0303686554309606,-1.0316284522238748,0.22017010001582094,PASS
V6,F16,11,1010,4025611,30,500,2,-1.0316284320217348,2.3611245635192675,-1.0316284320217348,0.2252229999867268,PASS
V6,F16,13,1012,4025613,30,500,2,-1.0316283900043117,1.5398855373431712,-1.0316283900043117,0.2745279000082519,PASS
V6,F16,14,1013,4025614,30,500,2,-1.0316282697573607,-0.8050538505238225,-1.0316282697573607,0.26094340000418015,PASS
V6,F16,15,1014,4025615,30,500,2,-1.0316284327790841,0.23957312171001172,-1.0316284327790841,0.26779529999475926,PASS
V6,F16,16,1015,4025616,30,500,2,-1.0316276799393753,0.7787012712336405,-1.0316276799393753,0.26129980001132935,PASS
V6,F16,17,1016,4025617,30,500,2,-1.0316284521463872,0.9570585820096484,-1.0316284521463872,0.2143633000086993,PASS
V6,F16,18,1017,4025618,30,500,2,-1.0316282156766754,1.6470124840433833,-1.0316282156766754,0.21041579998563975,PASS
V6,F16,19,1018,4025619,30,500,2,-1.031628439597381,0.7878546115016152,-1.031628439597381,0.2117378999828361,PASS
V6,F16,20,1019,4025620,30,500,2,-1.0316284250565573,-0.9362291745164019,-1.0316284250565573,0.22102980001363903,PASS
V6,F16,21,1020,4025621,30,500,2,-1.0316278465608055,0.6778025610508492,-1.0316278465608055,0.25108109999564476,PASS
V6,F16,23,1022,4025623,30,500,2,-1.031628079781073,1.3326463850849646,-1.031628079781073,0.24398690002271906,PASS
V6,F16,22,1021,4025622,30,500,2,-1.03162832222709,1.5766615624712603,-1.03162832222709,0.2553081999940332,PASS
V6,F16,24,1023,4025624,30,500,2,-1.031628448647575,2.6557067430875065,-1.031628448647575,0.2599564999982249,PASS
V6,F16,25,1024,4025625,30,500,2,-1.0316284475428972,2.429026067201413,-1.0316284475428972,0.2267930000089109,PASS
V6,F16,27,1026,4025627,30,500,2,-1.0316283184000608,-0.1512971369952485,-1.0316283184000608,0.2226031000027433,PASS
V6,F16,26,1025,4025626,30,500,2,-1.0316284177138437,21.49073996804959,-1.0316284177138437,0.2385565000004135,PASS
V6,F16,28,1027,4025628,30,500,2,-1.0316282939049504,0.6076326090253817,-1.0316282939049504,0.24427860000287183,PASS
V6,F16,29,1028,4025629,30,500,2,-1.0316283531845838,-0.12993145689296656,-1.0316283531845838,0.24986169999465346,PASS
V6,F17,2,1001,4025702,30,500,2,0.3979148238175778,1.2443773973881989,0.3979148238175778,0.257482400018489,PASS
V6,F16,30,1029,4025630,30,500,2,-1.031628257044087,2.6013826494536425,-1.031628257044087,0.27577170002041385,PASS
V6,F17,1,1000,4025701,30,500,2,0.3979006510964549,1.0638829597342436,0.3979006510964549,0.2791633000015281,PASS
V6,F17,3,1002,4025703,30,500,2,0.3978977414482454,0.5710175662180976,0.3978977414482454,0.2515832999779377,PASS
V6,F17,4,1003,4025704,30,500,2,0.39793523032519573,2.6652672686497105,0.39793523032519573,0.2442280999966897,PASS
V6,F17,6,1005,4025706,30,500,2,0.39789402772896665,0.7328401017256851,0.39789402772896665,0.2543034999980591,PASS
V6,F17,5,1004,4025705,30,500,2,0.39792129697766043,0.7300291394205143,0.39792129697766043,0.2686524999735411,PASS
V6,F17,10,1009,4025710,30,500,2,0.3978878093235849,3.966514797561688,0.3978878093235849,0.2572709000087343,PASS
V6,F17,8,1007,4025708,30,500,2,0.39792592339208177,0.8184767311208248,0.39792592339208177,0.2665506000048481,PASS
V6,F17,7,1006,4025707,30,500,2,0.3978894731526914,1.0302901000661695,0.3978894731526914,0.2689267999958247,PASS
V6,F17,9,1008,4025709,30,500,2,0.3978876525341004,1.6574038437894387,0.3978876525341004,0.27121099998475984,PASS
V6,F17,11,1010,4025711,30,500,2,0.3978877210412932,0.9236150306333499,0.3978877210412932,0.23086899999179877,PASS
V6,F17,13,1012,4025713,30,500,2,0.39791067445510997,0.653014811080423,0.39791067445510997,0.22373070000321604,PASS
V6,F17,12,1011,4025712,30,500,2,0.39788744096743933,4.005505020167275,0.39788744096743933,0.2505156000261195,PASS
V6,F17,14,1013,4025714,30,500,2,0.397887605599923,1.2794390638585824,0.397887605599923,0.2560910999891348,PASS
V6,F17,16,1015,4025716,30,500,2,0.39788740620817364,0.5472008050952475,0.39788740620817364,0.24566459999186918,PASS
V6,F17,15,1014,4025715,30,500,2,0.3978885887448982,0.5699043454949582,0.3978885887448982,0.26176680001663044,PASS
V6,F17,18,1017,4025718,30,500,2,0.3978905266399888,1.6377791627432448,0.3978905266399888,0.247211799985962,PASS
V6,F17,17,1016,4025717,30,500,2,0.39788779752020886,1.9307324415435367,0.39788779752020886,0.27141039998969063,PASS
V6,F17,20,1019,4025720,30,500,2,0.39789121691331,0.4636423262601532,0.39789121691331,0.21152399998391047,PASS
V6,F17,21,1020,4025721,30,500,2,0.39789921933690486,2.247938566819121,0.39789921933690486,0.22188480000477284,PASS
V6,F17,19,1018,4025719,30,500,2,0.39788778440253125,1.8190149992010163,0.39788778440253125,0.2375305000168737,PASS
V6,F17,22,1021,4025722,30,500,2,0.3978967756319953,1.8216716190815827,0.3978967756319953,0.22295279998797923,PASS
V6,F17,23,1022,4025723,30,500,2,0.39789924164967516,0.615174882056257,0.39789924164967516,0.3049118000199087,PASS
V6,F17,24,1023,4025724,30,500,2,0.397892805822309,14.151514125962425,0.397892805822309,0.30307140000513755,PASS
V6,F17,25,1024,4025725,30,500,2,0.39790083000827003,1.6869208412063283,0.39790083000827003,0.32607380000990815,PASS
V6,F17,26,1025,4025726,30,500,2,0.39788745123177627,3.889306158017198,0.39788745123177627,0.33208650001324713,PASS
V6,F17,27,1026,4025727,30,500,2,0.39788797449029545,1.0566819945015116,0.39788797449029545,0.2506792999920435,PASS
V6,F17,28,1027,4025728,30,500,2,0.3978876920448169,2.9510390763983754,0.3978876920448169,0.2586239999800455,PASS
V6,F17,29,1028,4025729,30,500,2,0.3978895889944898,2.4485590920128137,0.3978895889944898,0.24981059998390265,PASS
V6,F17,30,1029,4025730,30,500,2,0.39789095652983875,0.47798940625165187,0.39789095652983875,0.26352149999001995,PASS
V6,F18,2,1001,4025802,30,500,2,20.26144379020648,30.688673464406033,20.26144379020648,0.2917656000063289,PASS
V6,F18,1,1000,4025801,30,500,2,3.000003834794444,81.38562380070489,3.000003834794444,0.3165755999798421,PASS
V6,F18,3,1002,4025803,30,500,2,3.0000052625017113,34.965342142586636,3.0000052625017113,0.29972549999365583,PASS
V6,F18,4,1003,4025804,30,500,2,3.000000426031737,93.48619771902435,3.000000426031737,0.3133805000106804,PASS
V6,F18,5,1004,4025805,30,500,2,3.0000089565551855,50.082085355619114,3.0000089565551855,0.35419409998576157,PASS
V6,F18,6,1005,4025806,30,500,2,3.000002833869939,60.063618491605254,3.000002833869939,0.3606203000235837,PASS
V6,F18,7,1006,4025807,30,500,2,3.0000029734854934,5.7914370508281126,3.0000029734854934,0.3594627999991644,PASS
V6,F18,8,1007,4025808,30,500,2,3.0000010084688506,64.59830186416433,3.0000010084688506,0.3550643000053242,PASS
V6,F18,9,1008,4025809,30,500,2,3.0000058887782677,25.521419373542102,3.0000058887782677,0.2868638999934774,PASS
V6,F18,11,1010,4025811,30,500,2,3.0000012666882188,88.7536597773862,3.0000012666882188,0.2935767999733798,PASS
V6,F18,10,1009,4025810,30,500,2,3.0000061597208245,3.5313798537296646,3.0000061597208245,0.3008393000054639,PASS
V6,F18,12,1011,4025812,30,500,2,3.00000497065926,39.964935115530984,3.00000497065926,0.30087570002069697,PASS
V6,F18,13,1012,4025813,30,500,2,3.0000106006440195,9.426190913628409,3.0000106006440195,0.2636350999819115,PASS
V6,F18,15,1014,4025815,30,500,2,3.000000527859496,21.8168014034403,3.000000527859496,0.26372290001017973,PASS
V6,F18,14,1013,4025814,30,500,2,3.000001286282609,13.07568843364808,3.000001286282609,0.2845981999998912,PASS
V6,F18,16,1015,4025816,30,500,2,3.0000288125117294,329.91156437221537,3.0000288125117294,0.27677319999202155,PASS
V6,F18,18,1017,4025818,30,500,2,17.1136533535478,195.47673454838912,17.1136533535478,0.26604129999759607,PASS
V6,F18,17,1016,4025817,30,500,2,3.0000055494240367,91.84738429723461,3.0000055494240367,0.2794319000095129,PASS
V6,F18,19,1018,4025819,30,500,2,3.0000004152077593,10.909611757157371,3.0000004152077593,0.2794309000018984,PASS
V6,F18,20,1019,4025820,30,500,2,3.0000002172578277,273.7028443942355,3.0000002172578277,0.2801852999837138,PASS
V6,F18,22,1021,4025822,30,500,2,3.000000082739718,66.7727554338801,3.000000082739718,0.24471100000664592,PASS
V6,F18,21,1020,4025821,30,500,2,84.00033121868695,317.38163063086415,84.00033121868695,0.2576769999868702,PASS
V6,F18,23,1022,4025823,30,500,2,21.724107347509722,77.76899365473201,21.724107347509722,0.2707761999918148,PASS
V6,F18,24,1023,4025824,30,500,2,24.790543100869275,35.89485466192964,24.790543100869275,0.27813579997746274,PASS
V6,F18,25,1024,4025825,30,500,2,3.000001260446157,77.76507019353373,3.000001260446157,0.2819292999920435,PASS
V6,F18,28,1027,4025828,30,500,2,3.0000008149555883,18.92539432381692,3.0000008149555883,0.2769566999922972,PASS
V6,F18,26,1025,4025826,30,500,2,3.0000051566185686,52.45697833328407,3.0000051566185686,0.2859673000057228,PASS
V6,F18,27,1026,4025827,30,500,2,3.0000047309487172,64.85636849106568,3.0000047309487172,0.3158664999937173,PASS
V6,F18,29,1028,4025829,30,500,2,3.0000057761577628,45.603141869610994,3.0000057761577628,0.2595331000047736,PASS
V6,F18,30,1029,4025830,30,500,2,3.0000001015441287,9.657899738468323,3.0000001015441287,0.24417850002646446,PASS
V6,F19,1,1000,4025901,30,500,3,-3.8627641108189428,-2.8152364689429965,-3.8627641108189428,0.5995816999929957,PASS
V6,F19,2,1001,4025902,30,500,3,-3.862747560605581,-3.0010573399050178,-3.862747560605581,0.5717177999904379,PASS
V6,F19,5,1004,4025905,30,500,3,-3.8561433900726545,-3.639512885449389,-3.8561433900726545,0.6251312000094913,PASS
V6,F19,4,1003,4025904,30,500,3,-3.8627645718259105,-3.1461542137665415,-3.8627645718259105,0.6557219999958761,PASS
V6,F19,3,1002,4025903,30,500,3,-3.8605633030481146,-3.725083575446613,-3.8605633030481146,0.6691474999825004,PASS
V6,F19,6,1005,4025906,30,500,3,-3.854887964598386,-3.5964528439046646,-3.854887964598386,0.6850434000079986,PASS
V6,F19,7,1006,4025907,30,500,3,-3.8627498368636077,-3.5365431240230087,-3.8627498368636077,0.6457293999847025,PASS
V6,F19,8,1007,4025908,30,500,3,-3.8626886431451797,-3.371709865860915,-3.8626886431451797,0.6288061999948695,PASS
V6,F19,9,1008,4025909,30,500,3,-3.855009105668863,-2.3770187007264147,-3.855009105668863,0.6272578999924008,PASS
V6,F19,10,1009,4025910,30,500,3,-3.862766316725681,-3.6842803474191888,-3.862766316725681,0.628614799992647,PASS
V6,F19,12,1011,4025912,30,500,3,-3.8627355503444756,-3.4451524449101667,-3.8627355503444756,0.6049583999847528,PASS
V6,F19,11,1010,4025911,30,500,3,-3.8548914107738286,-3.3317115223347478,-3.8548914107738286,0.6304259000171442,PASS
V6,F19,14,1013,4025914,30,500,3,-3.8627352908735517,-2.7738840559770095,-3.8627352908735517,0.6207705000124406,PASS
V6,F19,13,1012,4025913,30,500,3,-3.862755462036132,-3.635871471826206,-3.862755462036132,0.6532982000207994,PASS
V6,F19,15,1014,4025915,30,500,3,-3.8627652557287995,-3.0661071327576335,-3.8627652557287995,0.5607539999764413,PASS
V6,F19,16,1015,4025916,30,500,3,-3.8626880211158277,-3.3706466472251426,-3.8626880211158277,0.6130899999989197,PASS
V6,F19,17,1016,4025917,30,500,3,-3.8627546298899933,-2.5942404342513865,-3.8627546298899933,0.5970876000064891,PASS
V6,F19,18,1017,4025918,30,500,3,-3.8548964533152295,-3.529350907698285,-3.8548964533152295,0.5911683000158519,PASS
V6,F19,19,1018,4025919,30,500,3,-3.8627693671390677,-3.399138298593093,-3.8627693671390677,0.5881468000006862,PASS
V6,F19,20,1019,4025920,30,500,3,-3.862775387390921,-2.937918383007861,-3.862775387390921,0.6082126999972388,PASS
V6,F19,22,1021,4025922,30,500,3,-3.8548963672058147,-3.757311537153646,-3.8548963672058147,0.6463116999948397,PASS
V6,F19,21,1020,4025921,30,500,3,-3.8627725646366153,-2.5311476977977185,-3.8627725646366153,0.6719047999940813,PASS
V6,F19,23,1022,4025923,30,500,3,-3.862757681225862,-3.2132895898117337,-3.862757681225862,0.6622628000041004,PASS
V6,F19,24,1023,4025924,30,500,3,-3.8627506057733734,-3.0648914677945323,-3.8627506057733734,0.665910800016718,PASS
V6,F19,26,1025,4025926,30,500,3,-3.854890105504021,-2.924795237972474,-3.854890105504021,0.6004304999951273,PASS
V6,F19,25,1024,4025925,30,500,3,-3.862755923736531,-3.2314525429469114,-3.862755923736531,0.6486979000037536,PASS
V6,F19,27,1026,4025927,30,500,3,-3.8627607025449917,-2.8590384198361467,-3.8627607025449917,0.6337158000096679,PASS
V6,F19,30,1029,4025930,30,500,3,-3.8627130231527382,-3.661052938270577,-3.8627130231527382,0.6669341000088025,PASS
V6,F19,29,1028,4025929,30,500,3,-3.8627740851425667,-2.805569559471893,-3.8627740851425667,0.6699134999944363,PASS
V6,F19,28,1027,4025928,30,500,3,-3.8625715149578888,-3.0773264067719293,-3.8625715149578888,0.6968460000061896,PASS
V6,F20,2,1001,4026002,30,500,6,-3.3220200153293415,-2.366607712192178,-3.3220200153293415,0.74993849999737,PASS
V6,F20,1,1000,4026001,30,500,6,-3.3211992989647228,-1.719657427599971,-3.3211992989647228,0.8082359000109136,PASS
V6,F20,3,1002,4026003,30,500,6,-3.1969970564220405,-2.639546222318051,-3.1969970564220405,0.8096594999951776,PASS
V6,F20,4,1003,4026004,30,500,6,-3.3214198144046643,-1.4156844025488817,-3.3214198144046643,0.78931660001399,PASS
V6,F20,5,1004,4026005,30,500,6,-3.0748147805854944,-1.546975718287114,-3.0748147805854944,0.814974600012647,PASS
V6,F20,8,1007,4026008,30,500,6,-3.321642082175432,-1.1897588416913751,-3.321642082175432,0.7981954999850132,PASS
V6,F20,6,1005,4026006,30,500,6,-3.196721648144128,-0.9891623935739681,-3.196721648144128,0.846495000005234,PASS
V6,F20,7,1006,4026007,30,500,6,-3.3218149366266982,-1.3524600207773423,-3.3218149366266982,0.8628419000015128,PASS
V6,F20,9,1008,4026009,30,500,6,-3.2012531969028326,-2.5573730477528325,-3.2012531969028326,0.7824442999844905,PASS
V6,F20,10,1009,4026010,30,500,6,-3.1326547883977374,-1.5097145340696625,-3.1326547883977374,0.8450564999948256,PASS
V6,F20,12,1011,4026012,30,500,6,-3.083855672764661,-1.3334487205410632,-3.083855672764661,0.8363021000113804,PASS
V6,F20,11,1010,4026011,30,500,6,-3.321072608107828,-0.6291784544978798,-3.321072608107828,0.8854386000020895,PASS
V6,F20,14,1013,4026014,30,500,6,-3.201979449439364,-1.8745849243144121,-3.201979449439364,0.7706266000168398,PASS
V6,F20,13,1012,4026013,30,500,6,-3.0763463811800786,-1.0595512897021777,-3.0763463811800786,0.795185599999968,PASS
V6,F20,16,1015,4026016,30,500,6,-3.3209941290553884,-1.42589448097107,-3.3209941290553884,0.792195999994874,PASS
V6,F20,15,1014,4026015,30,500,6,-3.202100603386473,-2.443957038960648,-3.202100603386473,0.7947259999928065,PASS
V6,F20,19,1018,4026019,30,500,6,-3.3213781185997355,-1.6501266361374602,-3.3213781185997355,0.764489399996819,PASS
V6,F20,17,1016,4026017,30,500,6,-3.3206037251934397,-0.7707250057888351,-3.3206037251934397,0.8119072999979835,PASS
V6,F20,20,1019,4026020,30,500,6,-3.076804332542943,-1.1694872668654595,-3.076804332542943,0.7920512999990024,PASS
V6,F20,18,1017,4026018,30,500,6,-3.3214830353791287,-1.2806836046999825,-3.3214830353791287,0.8043428999953903,PASS
V6,F20,22,1021,4026022,30,500,6,-3.321455462172427,-1.9643777697330147,-3.321455462172427,0.7907182000053581,PASS
V6,F20,21,1020,4026021,30,500,6,-3.093940178407798,-1.3182646272649436,-3.093940178407798,0.8077362000185531,PASS
V6,F20,23,1022,4026023,30,500,6,-3.1993933428788996,-0.8292420221596318,-3.1993933428788996,0.8103565000055823,PASS
V6,F20,24,1023,4026024,30,500,6,-3.3216491883741903,-1.66295644462256,-3.3216491883741903,0.8562271000118926,PASS
V6,F20,25,1024,4026025,30,500,6,-3.321840796628022,-0.9695628721775759,-3.321840796628022,0.7410485000000335,PASS
V6,F20,26,1025,4026026,30,500,6,-3.3212904644642225,-1.6523507833992392,-3.3212904644642225,0.7627590999763925,PASS
V6,F20,27,1026,4026027,30,500,6,-3.1370003422709902,-2.2223661928383214,-3.1370003422709902,0.756552400009241,PASS
V6,F20,28,1027,4026028,30,500,6,-3.320581435922962,-0.7602290577530897,-3.320581435922962,0.748526999988826,PASS
V6,F21,1,1000,4026101,30,500,4,-10.137639537629697,-0.7856612453746614,-10.137639537629697,0.6409336999931838,PASS
V6,F21,2,1001,4026102,30,500,4,-5.099386346873151,-0.255284514021552,-5.099386346873151,0.6365577999968082,PASS
V6,F20,29,1028,4026029,30,500,6,-3.3216027646973862,-1.1782094607932692,-3.3216027646973862,0.7792373000120278,PASS
V6,F20,30,1029,4026030,30,500,6,-3.321546331989524,-1.358077861654103,-3.321546331989524,0.771088100009365,PASS
V6,F21,3,1002,4026103,30,500,4,-5.055190306733956,-0.7458813166548436,-5.055190306733956,0.6597854999999981,PASS
V6,F21,4,1003,4026104,30,500,4,-5.099917569725472,-0.3482705863990612,-5.099917569725472,0.6851705000153743,PASS
V6,F21,6,1005,4026106,30,500,4,-10.152014755125267,-0.5910831778647738,-10.152014755125267,0.6593598000181373,PASS
V6,F21,5,1004,4026105,30,500,4,-10.15269721726501,-0.42018439611118236,-10.15269721726501,0.6757198999985121,PASS
V6,F21,9,1008,4026109,30,500,4,-10.15285354654747,-0.3954824691564748,-10.15285354654747,0.7167352999967989,PASS
V6,F21,10,1009,4026110,30,500,4,-10.14678192185785,-0.3873214329929367,-10.14678192185785,0.7236539000004996,PASS
V6,F21,8,1007,4026108,30,500,4,-5.055186241166038,-0.5537203015819497,-5.055186241166038,0.7453580999863334,PASS
V6,F21,7,1006,4026107,30,500,4,-10.15202605667215,-0.42913328296464676,-10.15202605667215,0.7626776000251994,PASS
V6,F21,13,1012,4026113,30,500,4,-10.153064259746099,-0.5398028645395757,-10.153064259746099,0.6128802000021096,PASS
V6,F21,14,1013,4026114,30,500,4,-10.15053455897923,-0.4533003470413142,-10.15053455897923,0.6151114999956917,PASS
V6,F21,11,1010,4026111,30,500,4,-10.152181901426317,-0.3122489822002593,-10.152181901426317,0.6858643000014126,PASS
V6,F21,12,1011,4026112,30,500,4,-10.152412261071964,-0.42577067910792477,-10.152412261071964,0.6925290999934077,PASS
V6,F21,16,1015,4026116,30,500,4,-10.15155998429923,-0.5643107717396479,-10.15155998429923,0.6427982999884989,PASS
V6,F21,15,1014,4026115,30,500,4,-10.151226412676898,-0.3593500916460118,-10.151226412676898,0.653559900005348,PASS
V6,F21,18,1017,4026118,30,500,4,-10.153082652345553,-0.3187300785834754,-10.153082652345553,0.6431283999991138,PASS
V6,F21,17,1016,4026117,30,500,4,-10.148160681567047,-1.3126153292827127,-10.148160681567047,0.6893128999799956,PASS
V6,F21,21,1020,4026121,30,500,4,-10.149049176657076,-0.39892324222710235,-10.149049176657076,0.6330739999830257,PASS
V6,F21,19,1018,4026119,30,500,4,-10.15061263626436,-0.4201398663247763,-10.15061263626436,0.6646554000035394,PASS
V6,F21,20,1019,4026120,30,500,4,-5.086166002752544,-0.556094779406882,-5.086166002752544,0.6641611999948509,PASS
V6,F21,22,1021,4026122,30,500,4,-10.152875984846784,-0.8124729051033841,-10.152875984846784,0.6456932000000961,PASS
V6,F21,24,1023,4026124,30,500,4,-10.151800161362322,-0.36248300442977327,-10.151800161362322,0.6474886999931186,PASS
V6,F21,25,1024,4026125,30,500,4,-10.151501207628876,-0.4078383896375593,-10.151501207628876,0.6589643000042997,PASS
V6,F21,23,1022,4026123,30,500,4,-5.100469424653717,-0.5751988255431095,-5.100469424653717,0.6748276999860536,PASS
V6,F21,26,1025,4026126,30,500,4,-10.144657736373683,-0.3234823818806821,-10.144657736373683,0.6721666000084952,PASS
V6,F21,27,1026,4026127,30,500,4,-10.141617541623035,-0.29612421486392365,-10.141617541623035,0.6249705000082031,PASS
V6,F21,28,1027,4026128,30,500,4,-10.151304083790459,-0.3986533020007952,-10.151304083790459,0.6369701000221539,PASS
V6,F21,29,1028,4026129,30,500,4,-10.150830407229847,-0.3985356486821531,-10.150830407229847,0.6521345000073779,PASS
V6,F21,30,1029,4026130,30,500,4,-5.055182899532342,-0.36908201859372297,-5.055182899532342,0.6433827999862842,PASS
V6,F22,2,1001,4026202,30,500,4,-10.396303607125642,-0.9222716528520395,-10.396303607125642,0.7296266000194009,PASS
V6,F22,3,1002,4026203,30,500,4,-5.0876676460232675,-0.7773340207644487,-5.0876676460232675,0.7658184000174515,PASS
V6,F22,1,1000,4026201,30,500,4,-10.388061881315467,-0.9317573703945224,-10.388061881315467,0.7948319000133779,PASS
V6,F22,4,1003,4026204,30,500,4,-5.12799833287715,-0.370970802781476,-5.12799833287715,0.8004836000036448,PASS
V6,F22,5,1004,4026205,30,500,4,-10.40281438825164,-0.5275828087880526,-10.40281438825164,0.740913499990711,PASS
V6,F22,6,1005,4026206,30,500,4,-10.397044845359877,-0.6964166048173347,-10.397044845359877,0.7285271000000648,PASS
V6,F22,7,1006,4026207,30,500,4,-10.398802252123826,-0.4985747392352459,-10.398802252123826,0.7595984000072349,PASS
V6,F22,8,1007,4026208,30,500,4,-5.087655734142189,-0.582643477675555,-5.087655734142189,0.7333609999914188,PASS
V6,F22,10,1009,4026210,30,500,4,-10.398458901260883,-0.5770862732792144,-10.398458901260883,0.7984961000038311,PASS
V6,F22,11,1010,4026211,30,500,4,-10.399528773090001,-0.4296436080947541,-10.399528773090001,0.7797290000016801,PASS
V6,F22,12,1011,4026212,30,500,4,-10.3960459737766,-0.5645985806520991,-10.3960459737766,0.8074577999941539,PASS
V6,F22,9,1008,4026209,30,500,4,-10.402479853910563,-0.49284895953941,-10.402479853910563,0.8726439999882132,PASS
V6,F22,13,1012,4026213,30,500,4,-10.402689494833185,-0.6449517732088035,-10.402689494833185,0.7592737999802921,PASS
V6,F22,14,1013,4026214,30,500,4,-10.402127185229464,-0.9848094857049149,-10.402127185229464,0.7795527999987826,PASS
V6,F22,16,1015,4026216,30,500,4,-10.39283598078134,-0.6218257843354295,-10.39283598078134,0.7359728000010364,PASS
V6,F22,15,1014,4026215,30,500,4,-10.401117735188734,-0.4103758613869799,-10.401117735188734,0.7800065999908838,PASS
V6,F22,17,1016,4026217,30,500,4,-10.398185300786643,-1.5765565707085023,-10.398185300786643,0.783783199993195,PASS
V6,F22,18,1017,4026218,30,500,4,-10.40283827468341,-0.44933832522368744,-10.40283827468341,0.7875809000106528,PASS
V6,F22,20,1019,4026220,30,500,4,-5.114328596464661,-0.5828681600134475,-5.114328596464661,0.7864558000001125,PASS
V6,F22,19,1018,4026219,30,500,4,-10.40268413386858,-0.5128377893703403,-10.40268413386858,0.8227500999928452,PASS
V6,F22,21,1020,4026221,30,500,4,-10.392976389090801,-1.121161539213936,-10.392976389090801,0.7472988000081386,PASS
V6,F22,22,1021,4026222,30,500,4,-10.397422473651686,-0.9797111395033686,-10.397422473651686,0.8073002000164706,PASS
V6,F22,23,1022,4026223,30,500,4,-5.1285361363160815,-0.6086256797700836,-5.1285361363160815,0.8100219999905676,PASS
V6,F22,24,1023,4026224,30,500,4,-10.397638983417627,-0.46854024723853555,-10.397638983417627,0.7787076999957208,PASS
V6,F22,27,1026,4026227,30,500,4,-10.402390265625264,-0.3899985277776262,-10.402390265625264,0.7563356000173371,PASS
V6,F22,25,1024,4026225,30,500,4,-10.389797845448966,-0.5048069121336105,-10.389797845448966,0.7999639000045136,PASS
V6,F22,26,1025,4026226,30,500,4,-5.0876716623829035,-0.4813761157500475,-5.0876716623829035,0.8096622999873944,PASS
V6,F22,28,1027,4026228,30,500,4,-10.401336050621381,-0.7157489465814115,-10.401336050621381,0.8167699000041466,PASS
V6,F22,29,1028,4026229,30,500,4,-10.401155398228713,-0.7171582833042149,-10.401155398228713,0.7414187999966089,PASS
V6,F22,30,1029,4026230,30,500,4,-10.3931368523991,-0.43985095714117073,-10.3931368523991,0.7614804000186268,PASS
V6,F23,1,1000,4026301,30,500,4,-10.521536308176412,-1.0238629556348218,-10.521536308176412,0.8632106999866664,PASS
V6,F23,2,1001,4026302,30,500,4,-10.529696696129381,-1.0008003304569233,-10.529696696129381,0.8865159999986645,PASS
V6,F23,6,1005,4026306,30,500,4,-10.535164034186273,-0.7414380430410371,-10.535164034186273,0.958303799998248,PASS
V6,F23,5,1004,4026305,30,500,4,-10.536230674470279,-0.8454832942164738,-10.536230674470279,0.9871267999988049,PASS
V6,F23,4,1003,4026304,30,500,4,-10.53339912698233,-0.5565675694250592,-10.53339912698233,1.0189604999904986,PASS
V6,F23,3,1002,4026303,30,500,4,-5.128479166308588,-0.8164625137143151,-5.128479166308588,1.0392392000067048,PASS
V6,F23,9,1008,4026309,30,500,4,-10.535976092103015,-0.5747711898984762,-10.535976092103015,0.8844847000145819,PASS
V6,F23,7,1006,4026307,30,500,4,-10.532478630448677,-0.6872915656446693,-10.532478630448677,0.9970325000176672,PASS
V6,F23,8,1007,4026308,30,500,4,-10.533469746750137,-0.7874801856706389,-10.533469746750137,0.9845036000187974,PASS
V6,F23,10,1009,4026310,30,500,4,-10.535808881064915,-0.645758260380765,-10.535808881064915,0.9850842000159901,PASS
V6,F23,11,1010,4026311,30,500,4,-10.532961321689305,-0.4663841659661791,-10.532961321689305,0.9008038000029046,PASS
V6,F23,12,1011,4026312,30,500,4,-10.535652373932422,-0.823786750800087,-10.535652373932422,0.9002250999910757,PASS
V6,F23,13,1012,4026313,30,500,4,-10.5361749229982,-0.7770502763168828,-10.5361749229982,0.9728425999928731,PASS
V6,F23,14,1013,4026314,30,500,4,-10.534668648239208,-1.0997090054454173,-10.534668648239208,1.0175383999885526,PASS
V6,F23,16,1015,4026316,30,500,4,-5.172404164461863,-0.9043428755262034,-5.172404164461863,0.8478681000124197,PASS
V6,F23,15,1014,4026315,30,500,4,-10.526561087445536,-0.5002675730803412,-10.526561087445536,0.9171035000181291,PASS
V6,F23,17,1016,4026317,30,500,4,-10.5361667402459,-1.7597194378362429,-10.5361667402459,0.9035094999999274,PASS
V6,F23,18,1017,4026318,30,500,4,-10.536277743162287,-0.47569531546084826,-10.536277743162287,0.9021464000106789,PASS
V6,F23,20,1019,4026320,30,500,4,-5.16115635302803,-0.6308786806539844,-5.16115635302803,0.9405463000002783,PASS
V6,F23,22,1021,4026322,30,500,4,-10.5308460187536,-1.0750391172262725,-10.5308460187536,0.9591548999887891,PASS
V6,F23,21,1020,4026321,30,500,4,-10.536192561782384,-1.2125486530771716,-10.536192561782384,0.9651121000060812,PASS
V6,F23,19,1018,4026319,30,500,4,-10.536133155793225,-0.5736082314038227,-10.536133155793225,1.0416968999779783,PASS
V6,F23,23,1022,4026323,30,500,4,-2.869922613583684,-0.7229501803676563,-2.869922613583684,0.9230207999935374,PASS
V6,F23,25,1024,4026325,30,500,4,-5.168999833327219,-0.6700425911086935,-5.168999833327219,0.8979487000033259,PASS
V6,F23,24,1023,4026324,30,500,4,-2.8710971100875327,-0.7987194079905501,-2.8710971100875327,0.9453941000101622,PASS
V6,F23,26,1025,4026326,30,500,4,-10.527092585026201,-0.6147683017235526,-10.527092585026201,1.0066202000016347,PASS
V6,F23,29,1028,4026329,30,500,4,-10.53448817968303,-0.8835439811854388,-10.53448817968303,0.9561487000028137,PASS
V6,F23,27,1026,4026327,30,500,4,-10.524750607475312,-0.820457114634507,-10.524750607475312,1.0206074999878183,PASS
V6,F23,30,1029,4026330,30,500,4,-10.530433384779416,-0.5471043607426501,-10.530433384779416,0.9908686999988277,PASS
V6,F23,28,1027,4026328,30,500,4,-10.53494941850376,-0.8946038920849877,-10.53494941850376,1.002142699988326,PASS
V7,F1,1,1000,4024101,30,500,30,0.0,67810.20717660758,0.0,1.9864693999988958,PASS
V7,F1,3,1002,4024103,30,500,30,0.0,71382.05725267014,0.0,2.069600199989509,PASS
V7,F1,4,1003,4024104,30,500,30,0.0,71067.53341075269,0.0,2.0657637999975123,PASS
V7,F1,2,1001,4024102,30,500,30,0.0,70905.34012781148,0.0,2.1076864000060596,PASS
V7,F1,5,1004,4024105,30,500,30,0.0,71494.67494006979,0.0,1.936819499998819,PASS
V7,F1,7,1006,4024107,30,500,30,0.0,70203.2929860324,0.0,1.9505548999877647,PASS
V7,F1,6,1005,4024106,30,500,30,0.0,68827.91056515143,0.0,1.975882200000342,PASS
V7,F1,8,1007,4024108,30,500,30,0.0,54060.05645133964,0.0,2.0061365000146907,PASS
V7,F1,11,1010,4024111,30,500,30,0.0,79775.6397390009,0.0,2.264501099998597,PASS
V7,F1,10,1009,4024110,30,500,30,0.0,68415.51807348001,0.0,2.2898469000065234,PASS
V7,F1,9,1008,4024109,30,500,30,0.0,70963.15903282672,0.0,2.3634421000024304,PASS
V7,F1,12,1011,4024112,30,500,30,0.0,60211.88868860319,0.0,2.37245090000215,PASS
V7,F1,13,1012,4024113,30,500,30,0.0,68582.22618939156,0.0,1.8609268000000156,PASS
V7,F1,16,1015,4024116,30,500,30,0.0,60965.044173403294,0.0,1.902138700010255,PASS
V7,F1,15,1014,4024115,30,500,30,0.0,62548.52364809662,0.0,1.967873099987628,PASS
V7,F1,14,1013,4024114,30,500,30,0.0,65644.03203813086,0.0,1.9749384000024293,PASS
V7,F1,18,1017,4024118,30,500,30,0.0,70498.00209305885,0.0,2.0760513999848627,PASS
V7,F1,17,1016,4024117,30,500,30,0.0,73040.90885855701,0.0,2.1638163999887183,PASS
V7,F1,20,1019,4024120,30,500,30,0.0,78896.22221622002,0.0,2.0742322000151034,PASS
V7,F1,19,1018,4024119,30,500,30,0.0,59692.16515890604,0.0,2.1258350999851245,PASS
V7,F1,22,1021,4024122,30,500,30,0.0,64283.25200493102,0.0,1.9352095999929588,PASS
V7,F1,23,1022,4024123,30,500,30,0.0,77870.80856837892,0.0,1.9354209000011906,PASS
V7,F1,21,1020,4024121,30,500,30,0.0,81948.70656934404,0.0,1.9734262000129092,PASS
V7,F1,24,1023,4024124,30,500,30,0.0,72002.90593091116,0.0,2.0058232999872416,PASS
V7,F1,25,1024,4024125,30,500,30,0.0,56336.5278763339,0.0,2.4411111999943387,PASS
V7,F1,26,1025,4024126,30,500,30,0.0,67654.2390610096,0.0,2.4389531000051647,PASS
V7,F1,27,1026,4024127,30,500,30,0.0,68127.13090112404,0.0,2.425902799994219,PASS
V7,F1,28,1027,4024128,30,500,30,0.0,71281.47829858353,0.0,2.5233031999960076,PASS
V7,F1,29,1028,4024129,30,500,30,0.0,66088.0070704646,0.0,2.1215123000147287,PASS
V7,F1,30,1029,4024130,30,500,30,0.0,77096.69700709768,0.0,2.186085900000762,PASS
V7,F2,2,1001,4024202,30,500,30,0.0,1715602834860.7356,0.0,2.2221845999883953,PASS
V7,F2,1,1000,4024201,30,500,30,0.0,360067002398.5346,0.0,2.2595695000200067,PASS
V7,F2,3,1002,4024203,30,500,30,0.0,702308869043.374,0.0,2.4229939999931958,PASS
V7,F2,4,1003,4024204,30,500,30,0.0,2634424742592.452,0.0,2.430713400011882,PASS
V7,F2,5,1004,4024205,30,500,30,0.0,2899651184.9231544,0.0,2.412771800009068,PASS
V7,F2,6,1005,4024206,30,500,30,0.0,332841078922.353,0.0,2.4007516999845393,PASS
V7,F2,7,1006,4024207,30,500,30,0.0,76547012233.40517,0.0,1.9179095999861602,PASS
V7,F2,8,1007,4024208,30,500,30,0.0,729704378291.7789,0.0,1.9581681000126991,PASS
V7,F2,9,1008,4024209,30,500,30,0.0,26401294709.697582,0.0,1.9593210000020918,PASS
V7,F2,10,1009,4024210,30,500,30,0.0,713724413990.0226,0.0,1.9778447999851778,PASS
V7,F2,12,1011,4024212,30,500,30,0.0,39939133237.937126,0.0,2.1802028999954928,PASS
V7,F2,13,1012,4024213,30,500,30,0.0,9593437258663.51,0.0,2.225090599997202,PASS
V7,F2,11,1010,4024211,30,500,30,0.0,80213629036800.12,0.0,2.3815596000058576,PASS
V7,F2,14,1013,4024214,30,500,30,0.0,4038700082325.6636,0.0,2.4007191999990027,PASS
V7,F2,17,1016,4024217,30,500,30,0.0,2021349198795.503,0.0,1.7438320999790449,PASS
V7,F2,15,1014,4024215,30,500,30,0.0,22135772844271.426,0.0,1.8188512999913655,PASS
V7,F2,18,1017,4024218,30,500,30,0.0,2748969363192.687,0.0,1.7710508999880403,PASS
V7,F2,16,1015,4024216,30,500,30,0.0,34707708682.06033,0.0,1.8330627999966964,PASS
V7,F2,19,1018,4024219,30,500,30,0.0,10392937112.024113,0.0,2.10290809997241,PASS
V7,F2,21,1020,4024221,30,500,30,0.0,102707326348.72324,0.0,2.1552759000041988,PASS
V7,F2,20,1019,4024220,30,500,30,0.0,47711548051367.61,0.0,2.168837100005476,PASS
V7,F2,22,1021,4024222,30,500,30,0.0,7683677948828.628,0.0,2.1835904000035953,PASS
V7,F2,25,1024,4024225,30,500,30,0.0,3865443685.5409384,0.0,1.8580686000059359,PASS
V7,F2,24,1023,4024224,30,500,30,0.0,1339473094382.0034,0.0,1.8770357000175864,PASS
V7,F2,26,1025,4024226,30,500,30,0.0,68338205734834.914,0.0,1.8893693999852985,PASS
V7,F2,23,1022,4024223,30,500,30,0.0,155737363148.78427,0.0,1.912177399994107,PASS
V7,F2,28,1027,4024228,30,500,30,0.0,3236421004233.4863,0.0,2.341347500012489,PASS
V7,F2,30,1029,4024230,30,500,30,0.0,811737307015.2843,0.0,2.3653581999824382,PASS
V7,F2,27,1026,4024227,30,500,30,0.0,67722205355.99468,0.0,2.4379016000020783,PASS
V7,F2,29,1028,4024229,30,500,30,0.0,3305236700.5331717,0.0,2.4201239999965765,PASS
V7,F3,1,1000,4024301,30,500,30,0.0,106811.1871437447,0.0,1.931646000011824,PASS
V7,F3,4,1003,4024304,30,500,30,0.0,252004.5370062454,0.0,1.913596200000029,PASS
V7,F3,2,1001,4024302,30,500,30,0.0,228881.45062340857,0.0,1.9648817999986932,PASS
V7,F3,3,1002,4024303,30,500,30,0.0,132408.1368091635,0.0,1.9623433999950066,PASS
V7,F3,5,1004,4024305,30,500,30,0.0,126006.68015739581,0.0,2.381485399993835,PASS
V7,F3,6,1005,4024306,30,500,30,0.0,121185.1674532735,0.0,2.410044799995376,PASS
V7,F3,7,1006,4024307,30,500,30,0.0,133484.8315350889,0.0,2.386945200007176,PASS
V7,F3,8,1007,4024308,30,500,30,0.0,192911.98136862018,0.0,2.440553299995372,PASS
V7,F3,9,1008,4024309,30,500,30,0.0,135241.10379381198,0.0,1.8829258999903686,PASS
V7,F3,12,1011,4024312,30,500,30,0.0,137478.41138112583,0.0,1.8697343000094406,PASS
V7,F3,11,1010,4024311,30,500,30,0.0,258402.473983956,0.0,1.9557522000104655,PASS
V7,F3,10,1009,4024310,30,500,30,0.0,107976.19188391927,0.0,1.9848847999819554,PASS
V7,F3,13,1012,4024313,30,500,30,0.0,157787.82385873256,0.0,2.3066931000212207,PASS
V7,F3,14,1013,4024314,30,500,30,0.0,166657.1711129854,0.0,2.460470999998506,PASS
V7,F3,16,1015,4024316,30,500,30,0.0,294151.3375734341,0.0,2.3807427999854553,PASS
V7,F3,15,1014,4024315,30,500,30,0.0,221992.0552764344,0.0,2.4617058000003453,PASS
V7,F3,19,1018,4024319,30,500,30,0.0,244606.59772993292,0.0,1.7995221999881323,PASS
V7,F3,17,1016,4024317,30,500,30,0.0,119365.44128648656,0.0,1.872276400012197,PASS
V7,F3,20,1019,4024320,30,500,30,0.0,161467.97997834763,0.0,1.862458699994022,PASS
V7,F3,18,1017,4024318,30,500,30,0.0,245433.61431170706,0.0,1.927715600002557,PASS
V7,F3,21,1020,4024321,30,500,30,0.0,126211.38335020539,0.0,2.2893781999882776,PASS
V7,F3,22,1021,4024322,30,500,30,0.0,135794.76099693272,0.0,2.263106600003084,PASS
V7,F3,24,1023,4024324,30,500,30,0.0,113871.83421879425,0.0,2.3115567000058945,PASS
V7,F3,23,1022,4024323,30,500,30,0.0,163245.37719853327,0.0,2.4308829000219703,PASS
V7,F3,28,1027,4024328,30,500,30,0.0,131384.1741233503,0.0,1.8839150000130758,PASS
V7,F3,25,1024,4024325,30,500,30,0.0,79356.08665120536,0.0,1.921292299986817,PASS
V7,F3,27,1026,4024327,30,500,30,0.0,183635.15749931926,0.0,1.9339195000065956,PASS
V7,F3,26,1025,4024326,30,500,30,0.0,123007.79353130393,0.0,1.9534323000116274,PASS
V7,F3,29,1028,4024329,30,500,30,0.0,171958.72311027217,0.0,2.3149825999862514,PASS
V7,F4,1,1000,4024401,30,500,30,0.0,89.41203274460929,0.0,2.313220799987903,PASS
V7,F3,30,1029,4024330,30,500,30,0.0,90997.76111955676,0.0,2.3708048000116833,PASS
V7,F4,2,1001,4024402,30,500,30,0.0,88.23531594133786,0.0,2.3645555000111926,PASS
V7,F4,4,1003,4024404,30,500,30,0.0,90.05593850015435,0.0,1.7771472000167705,PASS
V7,F4,3,1002,4024403,30,500,30,0.0,90.93773968107635,0.0,1.8178470999991987,PASS
V7,F4,5,1004,4024405,30,500,30,0.0,83.47974018645405,0.0,1.8176232999830972,PASS
V7,F4,6,1005,4024406,30,500,30,0.0,87.42803920060479,0.0,1.829047300008824,PASS
V7,F4,7,1006,4024407,30,500,30,0.0,89.67489840896681,0.0,2.029340000008233,PASS
V7,F4,10,1009,4024410,30,500,30,0.0,88.62436437004385,0.0,2.0291021000011824,PASS
V7,F4,8,1007,4024408,30,500,30,0.0,88.56020743697258,0.0,2.131241399998544,PASS
V7,F4,9,1008,4024409,30,500,30,0.0,90.98182394999645,0.0,2.148939299979247,PASS
V7,F4,12,1011,4024412,30,500,30,0.0,87.6380567694806,0.0,1.8173157999990508,PASS
V7,F4,14,1013,4024414,30,500,30,0.0,77.8379255985727,0.0,1.832573499996215,PASS
V7,F4,11,1010,4024411,30,500,30,0.0,82.14021784717164,0.0,1.889156399993226,PASS
V7,F4,13,1012,4024413,30,500,30,0.0,81.54232198828862,0.0,1.9095961999846622,PASS
V7,F4,15,1014,4024415,30,500,30,0.0,77.5649543326395,0.0,2.1208432000130415,PASS
V7,F4,16,1015,4024416,30,500,30,0.0,89.52145242027729,0.0,2.175550400017528,PASS
V7,F4,18,1017,4024418,30,500,30,0.0,91.69265780583274,0.0,2.1104874000011478,PASS
V7,F4,17,1016,4024417,30,500,30,0.0,89.68075670875115,0.0,2.2163146999955643,PASS
V7,F4,19,1018,4024419,30,500,30,0.0,87.81454527863241,0.0,1.841606400004821,PASS
V7,F4,22,1021,4024422,30,500,30,0.0,90.86947090420732,0.0,1.8121135999972466,PASS
V7,F4,20,1019,4024420,30,500,30,0.0,89.14712458834947,0.0,1.856265300011728,PASS
V7,F4,21,1020,4024421,30,500,30,0.0,93.48016114980666,0.0,1.8980704999994487,PASS
V7,F4,24,1023,4024424,30,500,30,0.0,86.34666057993036,0.0,2.285908899997594,PASS
V7,F4,23,1022,4024423,30,500,30,0.0,86.36772034124569,0.0,2.305139300005976,PASS
V7,F4,25,1024,4024425,30,500,30,0.0,83.43944699892515,0.0,2.3631393000250682,PASS
V7,F4,26,1025,4024426,30,500,30,0.0,92.17294370207554,0.0,2.319206000014674,PASS
V7,F4,30,1029,4024430,30,500,30,0.0,90.25056319313495,0.0,1.8543520999955945,PASS
V7,F4,28,1027,4024428,30,500,30,7.286819713746175e-290,88.89385763229512,7.286819713746175e-290,1.8959999000071548,PASS
V7,F4,27,1026,4024427,30,500,30,0.0,90.2554612114578,0.0,1.911224100011168,PASS
V7,F4,29,1028,4024429,30,500,30,0.0,88.97595126021793,0.0,1.9302332999941427,PASS
V7,F5,1,1000,4024501,30,500,30,28.860663136364145,262803966.06144178,28.860663136364145,2.210086000006413,PASS
V7,F5,2,1001,4024502,30,500,30,28.678444240078008,265509719.66763252,28.678444240078008,2.1981381000077818,PASS
V7,F5,4,1003,4024504,30,500,30,28.85772772912486,314425104.8265708,28.85772772912486,2.239610199991148,PASS
V7,F5,3,1002,4024503,30,500,30,28.141901504236515,290152790.99322855,28.141901504236515,2.3015125999809243,PASS
V7,F5,5,1004,4024505,30,500,30,28.823955724761127,264814459.6730534,28.823955724761127,2.0869052999769337,PASS
V7,F5,7,1006,4024507,30,500,30,28.864374255372322,275703968.057919,28.864374255372322,2.191747700009728,PASS
V7,F5,6,1005,4024506,30,500,30,28.77115822550992,275607877.05815667,28.77115822550992,2.2072078000055626,PASS
V7,F5,8,1007,4024508,30,500,30,27.514853291702117,196990313.2842615,27.514853291702117,2.2057765999925323,PASS
V7,F5,9,1008,4024509,30,500,30,28.02413895803745,264277025.01725703,28.02413895803745,2.708834499993827,PASS
V7,F5,12,1011,4024512,30,500,30,27.807745384368037,135783553.73670316,27.807745384368037,2.683337599999504,PASS
V7,F5,11,1010,4024511,30,500,30,26.714429656082256,311741780.6244718,26.714429656082256,2.7031891999940854,PASS
V7,F5,10,1009,4024510,30,500,30,28.889463440306077,275312500.08404154,28.889463440306077,2.712082600017311,PASS
V7,F5,15,1014,4024515,30,500,30,28.09572372418851,199986599.631898,28.09572372418851,1.992583499988541,PASS
V7,F5,13,1012,4024513,30,500,30,27.969315693754307,223922765.9861003,27.969315693754307,2.149346499994863,PASS
V7,F5,14,1013,4024514,30,500,30,27.979633295792528,198137301.02750832,27.979633295792528,2.1285809999972116,PASS
V7,F5,16,1015,4024516,30,500,30,27.99403866995092,230963403.05164534,27.99403866995092,2.152036199986469,PASS
V7,F5,17,1016,4024517,30,500,30,28.668944643263636,267563143.6435758,28.668944643263636,2.118870100006461,PASS
V7,F5,18,1017,4024518,30,500,30,28.647397874486387,261605126.34257632,28.647397874486387,2.1343760000017937,PASS
V7,F5,19,1018,4024519,30,500,30,28.645286938071813,235011607.0552513,28.645286938071813,2.235303399997065,PASS
V7,F5,20,1019,4024520,30,500,30,28.646162120733358,318067279.8984649,28.646162120733358,2.29188219999196,PASS
V7,F5,21,1020,4024521,30,500,30,28.86778409266069,320276562.2341088,28.86778409266069,1.9666187000111677,PASS
V7,F5,24,1023,4024524,30,500,30,27.084466049882817,272530389.63664186,27.084466049882817,1.9797227999952156,PASS
V7,F5,23,1022,4024523,30,500,30,28.830869157519754,224106822.12627918,28.830869157519754,1.9849754000024404,PASS
V7,F5,22,1021,4024522,30,500,30,28.897317506794316,250438783.368967,28.897317506794316,2.0346340999822132,PASS
V7,F5,25,1024,4024525,30,500,30,28.05909382295107,197086662.74910796,28.05909382295107,2.1173721000086516,PASS
V7,F5,26,1025,4024526,30,500,30,28.771110758608152,272825950.8696747,28.771110758608152,2.1370099000050686,PASS
V7,F5,28,1027,4024528,30,500,30,28.633149641689478,306443111.17072505,28.633149641689478,2.1955056999868248,PASS
V7,F5,27,1026,4024527,30,500,30,28.864440039220046,289149958.1576517,28.864440039220046,2.252366400003666,PASS
V7,F5,29,1028,4024529,30,500,30,28.885087822322507,254911291.89617184,28.885087822322507,1.8448516000062227,PASS
V7,F5,30,1029,4024530,30,500,30,28.655764387669247,297997041.8303026,28.655764387669247,1.8565622000023723,PASS
V7,F6,2,1001,4024602,30,500,30,0.0003043910021991234,70582.57089954114,0.0003043910021991234,1.8473486000148114,PASS
V7,F6,1,1000,4024601,30,500,30,3.050505711094457,67909.83159949695,3.050505711094457,1.8619375999842305,PASS
V7,F6,4,1003,4024604,30,500,30,2.269067040136676,71219.00386103941,2.269067040136676,2.1598554000083823,PASS
V7,F6,3,1002,4024603,30,500,30,2.6791866079097146,71353.455751133,2.6791866079097146,2.183316900016507,PASS
V7,F6,6,1005,4024606,30,500,30,0.14558685131503252,68955.29999951718,0.14558685131503252,2.1734612000000197,PASS
V7,F6,5,1004,4024605,30,500,30,0.1929224171442538,71208.03386246378,0.1929224171442538,2.2040224999946076,PASS
V7,F6,10,1009,4024610,30,500,30,1.2951271307673612e-05,68295.92181788973,1.2951271307673612e-05,1.7925103999732528,PASS
V7,F6,8,1007,4024608,30,500,30,3.8773226910935397,54162.957873925516,3.8773226910935397,1.8271603000175674,PASS
V7,F6,7,1006,4024607,30,500,30,0.0009863537127365806,70011.4366295226,0.0009863537127365806,1.8689506000082474,PASS
V7,F6,9,1008,4024609,30,500,30,1.5091734052069838,70501.21762803209,1.5091734052069838,1.9635053999954835,PASS
V7,F6,11,1010,4024611,30,500,30,0.00013492539017378525,79935.06488261481,0.00013492539017378525,2.1310270999965724,PASS
V7,F6,12,1011,4024612,30,500,30,0.09187500962067374,60343.443806650605,0.09187500962067374,2.1973356000089552,PASS
V7,F6,13,1012,4024613,30,500,30,0.08209278515513732,68881.92519101789,0.08209278515513732,2.1794069000170566,PASS
V7,F6,14,1013,4024614,30,500,30,0.04462514194170894,66078.30058116298,0.04462514194170894,2.13500860001659,PASS
V7,F6,15,1014,4024615,30,500,30,0.22467151181200828,62157.94499673396,0.22467151181200828,1.805792900006054,PASS
V7,F6,16,1015,4024616,30,500,30,0.006175533522669868,61089.234661411996,0.006175533522669868,1.8304241999867372,PASS
V7,F6,17,1016,4024617,30,500,30,0.0007873606220267706,73031.55585073962,0.0007873606220267706,1.8602886000007857,PASS
V7,F6,18,1017,4024618,30,500,30,2.5456610730226905,70606.59378046433,2.5456610730226905,1.8734471000207122,PASS
V7,F6,19,1018,4024619,30,500,30,3.2564651785513425,59960.68287322056,3.2564651785513425,2.1910377999884076,PASS
V7,F6,21,1020,4024621,30,500,30,0.07297515359427094,81635.30658606326,0.07297515359427094,2.18358260000241,PASS
V7,F6,20,1019,4024620,30,500,30,2.774248001529512,79344.06586895653,2.774248001529512,2.2286964999802876,PASS
V7,F6,22,1021,4024622,30,500,30,0.00038104488605099346,64215.54876603678,0.00038104488605099346,2.232672999991337,PASS
V7,F6,24,1023,4024624,30,500,30,0.00011567409181597928,72276.33926858637,0.00011567409181597928,1.8238832999777514,PASS
V7,F6,23,1022,4024623,30,500,30,0.7592089745935476,78086.57507584567,0.7592089745935476,1.8720143000246026,PASS
V7,F6,26,1025,4024626,30,500,30,0.004102586488775228,67862.6591007802,0.004102586488775228,1.8624056999979075,PASS
V7,F6,25,1024,4024625,30,500,30,3.502832630533926e-05,56465.69237297281,3.502832630533926e-05,1.864794900000561,PASS
V7,F6,27,1026,4024627,30,500,30,2.036530323415035,68320.91352360474,2.036530323415035,2.0898460000171326,PASS
V7,F6,30,1029,4024630,30,500,30,0.022239249108885913,77102.38991476683,0.022239249108885913,2.1224526000150945,PASS
V7,F6,29,1028,4024629,30,500,30,0.027822526348554772,66095.4100418736,0.027822526348554772,2.1334104999841657,PASS
V7,F6,28,1027,4024628,30,500,30,0.000759357188650895,71067.99746945646,0.000759357188650895,2.1626818999939132,PASS
V7,F7,3,1002,4024703,30,500,30,1.6784381334677967e-05,106.8866083511403,1.6784381334677967e-05,1.908949999982724,PASS
V7,F7,2,1001,4024702,30,500,30,6.837286203809079e-05,129.07738590868695,6.837286203809079e-05,1.9284119999792892,PASS
V7,F7,1,1000,4024701,30,500,30,9.45915362848826e-06,132.24256505296452,9.45915362848826e-06,1.9320385000028182,PASS
V7,F7,4,1003,4024704,30,500,30,7.080694142436172e-05,120.0123686763614,7.080694142436172e-05,1.9416957999928854,PASS
V7,F7,6,1005,4024706,30,500,30,0.0002044215615785161,95.90377798740067,0.0002044215615785161,2.3361973999999464,PASS
V7,F7,7,1006,4024707,30,500,30,8.514306014872908e-05,109.43532753152996,8.514306014872908e-05,2.3892717999988236,PASS
V7,F7,5,1004,4024705,30,500,30,0.0002432252979321925,128.77654886785405,0.0002432252979321925,2.4193263999768533,PASS
V7,F7,8,1007,4024708,30,500,30,9.530159643600378e-05,89.84776718932376,9.530159643600378e-05,2.406166700005997,PASS
V7,F7,12,1011,4024712,30,500,30,0.00014672705711849272,88.02744560759177,0.00014672705711849272,1.90047510000295,PASS
V7,F7,9,1008,4024709,30,500,30,1.5447923321199042e-05,112.92200132609992,1.5447923321199042e-05,1.9724996000004467,PASS
V7,F7,10,1009,4024710,30,500,30,8.368433869609948e-05,124.61338032043707,8.368433869609948e-05,1.9835545000096317,PASS
V7,F7,11,1010,4024711,30,500,30,0.00021914311776938256,145.50908467686799,0.00021914311776938256,2.017970900022192,PASS
V7,F7,13,1012,4024713,30,500,30,4.457786551659293e-05,109.2388515683827,4.457786551659293e-05,2.155920499993954,PASS
V7,F7,16,1015,4024716,30,500,30,0.00014586593514698265,118.50476153098273,0.00014586593514698265,2.250015200028429,PASS
V7,F7,15,1014,4024715,30,500,30,4.9591094465339935e-06,99.80960290906447,4.9591094465339935e-06,2.4024551000038628,PASS
V7,F7,14,1013,4024714,30,500,30,2.8207178147332646e-05,125.18640614897903,2.8207178147332646e-05,2.4509946999896783,PASS
V7,F7,18,1017,4024718,30,500,30,0.00021633445300472953,146.54341813360404,0.00021633445300472953,1.874360899993917,PASS
V7,F7,20,1019,4024720,30,500,30,2.5783503506016147e-05,134.11199381657298,2.5783503506016147e-05,1.8795125000178814,PASS
V7,F7,17,1016,4024717,30,500,30,0.00057313278933524,142.86321654785507,0.00057313278933524,1.9185333999921568,PASS
V7,F7,19,1018,4024719,30,500,30,0.00021026431482795704,129.37924729813335,0.00021026431482795704,1.9279515000234824,PASS
V7,F7,21,1020,4024721,30,500,30,7.261338490871516e-05,134.48686620550905,7.261338490871516e-05,2.356080999976257,PASS
V7,F7,22,1021,4024722,30,500,30,7.447946452421306e-05,97.89929812706661,7.447946452421306e-05,2.3457379000028595,PASS
V7,F7,23,1022,4024723,30,500,30,5.6976333538738544e-05,133.0436737145348,5.6976333538738544e-05,2.3314042999991216,PASS
V7,F7,24,1023,4024724,30,500,30,0.00013413908657777807,134.83866130923477,0.00013413908657777807,2.361366500001168,PASS
V7,F7,25,1024,4024725,30,500,30,0.00018987324554264884,105.12427574420931,0.00018987324554264884,1.8525443999969866,PASS
V7,F7,28,1027,4024728,30,500,30,3.238470623567746e-05,93.82607923366973,3.238470623567746e-05,1.8356525000126567,PASS
V7,F7,27,1026,4024727,30,500,30,0.00019470491795281486,135.53438780914385,0.00019470491795281486,1.850625899998704,PASS
V7,F7,26,1025,4024726,30,500,30,6.071988832667685e-05,144.99096006092753,6.071988832667685e-05,1.879297300009057,PASS
V7,F7,30,1029,4024730,30,500,30,0.000128178818000646,130.6949254804745,0.000128178818000646,2.31109249999281,PASS
V7,F8,1,1000,4024801,30,500,30,-5702.484597165804,-2451.876014434408,-5702.484597165804,2.345439400000032,PASS
V7,F7,29,1028,4024729,30,500,30,1.0751409406872803e-05,162.80296180734086,1.0751409406872803e-05,2.395368600002257,PASS
V7,F8,2,1001,4024802,30,500,30,-5936.719359083878,-2690.889994276502,-5936.719359083878,2.3869148999801837,PASS
V7,F8,3,1002,4024803,30,500,30,-5056.7623497984105,-1692.1826887752877,-5056.7623497984105,1.915052199998172,PASS
V7,F8,4,1003,4024804,30,500,30,-5261.695784556859,-2110.3517025625324,-5261.695784556859,1.9813747000007425,PASS
V7,F8,6,1005,4024806,30,500,30,-8075.4663276309375,-3595.6367869269293,-8075.4663276309375,2.008397800003877,PASS
V7,F8,5,1004,4024805,30,500,30,-8097.627016458241,-1605.4114947545195,-8097.627016458241,2.1073458999744616,PASS
V7,F8,9,1008,4024809,30,500,30,-6053.385243000522,-2337.3316623373657,-6053.385243000522,2.244524799985811,PASS
V7,F8,7,1006,4024807,30,500,30,-4889.603413647969,-1885.772866590057,-4889.603413647969,2.3813208999927156,PASS
V7,F8,8,1007,4024808,30,500,30,-8088.411235894588,-1726.090940377079,-8088.411235894588,2.34205330000259,PASS
V7,F8,10,1009,4024810,30,500,30,-6042.257259079938,-2623.8232741546635,-6042.257259079938,2.4142345000000205,PASS
V7,F8,14,1013,4024814,30,500,30,-11888.655343573111,-1526.011739420307,-11888.655343573111,1.9407744000200182,PASS
V7,F8,12,1011,4024812,30,500,30,-5553.577340039773,-2334.5511967809016,-5553.577340039773,1.9611752000055276,PASS
V7,F8,13,1012,4024813,30,500,30,-5664.18411393376,-2026.2048410858288,-5664.18411393376,1.9892241000197828,PASS
V7,F8,11,1010,4024811,30,500,30,-8795.755598920025,-1813.4049915384448,-8795.755598920025,2.006134800001746,PASS
V7,F8,15,1014,4024815,30,500,30,-7421.972747041134,-1577.9245638457974,-7421.972747041134,2.6257952000014484,PASS
V7,F8,16,1015,4024816,30,500,30,-6051.671240635287,-1774.4957618865303,-6051.671240635287,2.6204293000046164,PASS
V7,F8,18,1017,4024818,30,500,30,-6567.81294099505,-1613.727286315913,-6567.81294099505,2.608035099983681,PASS
V7,F8,17,1016,4024817,30,500,30,-12497.788360394108,-3022.774183385613,-12497.788360394108,2.63554839999415,PASS
V7,F8,19,1018,4024819,30,500,30,-4761.975905573531,-2231.4411955724777,-4761.975905573531,2.134755100007169,PASS
V7,F8,20,1019,4024820,30,500,30,-4929.824238592262,-1937.2091609434265,-4929.824238592262,2.1365782999782823,PASS
V7,F8,21,1020,4024821,30,500,30,-5993.759991119417,-2248.510909834675,-5993.759991119417,2.160602399992058,PASS
V7,F8,22,1021,4024822,30,500,30,-5720.054023936097,-1439.3070195018026,-5720.054023936097,2.228266899997834,PASS
V7,F8,23,1022,4024823,30,500,30,-5608.84110629345,-2698.531601043908,-5608.84110629345,2.3383053000143263,PASS
V7,F8,24,1023,4024824,30,500,30,-10930.65970354189,-1788.751013337049,-10930.65970354189,2.372986700007459,PASS
V7,F8,25,1024,4024825,30,500,30,-8844.58123949967,-2207.6192588415524,-8844.58123949967,2.404649700009031,PASS
V7,F8,26,1025,4024826,30,500,30,-9004.428846916793,-1895.6942306135086,-9004.428846916793,2.3979372000030708,PASS
V7,F8,29,1028,4024829,30,500,30,-10628.829637376308,-1854.1744144476797,-10628.829637376308,1.8637365000031423,PASS
V7,F8,28,1027,4024828,30,500,30,-11941.760624925257,-1823.0140943969723,-11941.760624925257,1.8989266999997199,PASS
V7,F8,27,1026,4024827,30,500,30,-4294.589234643324,-1646.4051333176737,-4294.589234643324,1.9229616000084206,PASS
V7,F8,30,1029,4024830,30,500,30,-8001.620954154905,-1702.2535651780167,-8001.620954154905,1.93210919998819,PASS
V7,F9,1,1000,4024901,30,500,30,0.0,464.87493101018356,0.0,2.326362199994037,PASS
V7,F9,2,1001,4024902,30,500,30,0.0,384.5497490364953,0.0,2.3483676000032574,PASS
V7,F9,3,1002,4024903,30,500,30,0.0,424.39485150190137,0.0,2.3720899999898393,PASS
V7,F9,4,1003,4024904,30,500,30,0.0,439.61790434394305,0.0,2.338681399996858,PASS
V7,F9,8,1007,4024908,30,500,30,0.0,365.8391088248434,0.0,1.859182400017744,PASS
V7,F9,7,1006,4024907,30,500,30,0.0,431.59183701137,0.0,1.87873799999943,PASS
V7,F9,5,1004,4024905,30,500,30,0.0,448.7388944016657,0.0,1.9032124000077602,PASS
V7,F9,6,1005,4024906,30,500,30,0.0,439.91283939992803,0.0,1.9056477999838535,PASS
V7,F9,9,1008,4024909,30,500,30,0.0,448.1773913088544,0.0,2.3075951999926474,PASS
V7,F9,11,1010,4024911,30,500,30,0.0,447.2888938374598,0.0,2.292051399999764,PASS
V7,F9,10,1009,4024910,30,500,30,0.0,467.3571333335915,0.0,2.340314600005513,PASS
V7,F9,12,1011,4024912,30,500,30,0.0,441.073286920272,0.0,2.3246589000045788,PASS
V7,F9,16,1015,4024916,30,500,30,0.0,433.86281469045554,0.0,1.963123599998653,PASS
V7,F9,15,1014,4024915,30,500,30,0.0,466.36406583587524,0.0,1.9835125999816228,PASS
V7,F9,13,1012,4024913,30,500,30,0.0,434.02220260833974,0.0,2.006992300011916,PASS
V7,F9,14,1013,4024914,30,500,30,0.0,440.91474681676505,0.0,2.032390900014434,PASS
V7,F9,18,1017,4024918,30,500,30,0.0,469.76371664050794,0.0,2.19417929998599,PASS
V7,F9,20,1019,4024920,30,500,30,0.0,458.030531975015,0.0,2.2937688999809325,PASS
V7,F9,17,1016,4024917,30,500,30,0.0,422.02779107708176,0.0,2.422325300023658,PASS
V7,F9,19,1018,4024919,30,500,30,0.0,414.6138424388559,0.0,2.3997170999937225,PASS
V7,F9,22,1021,4024922,30,500,30,0.0,441.34049530442945,0.0,1.9368517000111751,PASS
V7,F9,21,1020,4024921,30,500,30,0.0,465.26417440798247,0.0,1.9690303999814205,PASS
V7,F9,24,1023,4024924,30,500,30,0.0,433.79837842386155,0.0,1.9565822000149637,PASS
V7,F9,23,1022,4024923,30,500,30,0.0,446.64097601097,0.0,2.0009934999980032,PASS
V7,F9,25,1024,4024925,30,500,30,0.0,408.9701533118642,0.0,2.1486128000251483,PASS
V7,F9,28,1027,4024928,30,500,30,0.0,447.3494195224039,0.0,2.0706162999849766,PASS
V7,F9,26,1025,4024926,30,500,30,0.0,473.6616560879741,0.0,2.167001599998912,PASS
V7,F9,27,1026,4024927,30,500,30,0.0,446.03906557516507,0.0,2.21636450002552,PASS
V7,F9,29,1028,4024929,30,500,30,0.0,455.002187468864,0.0,1.905130500002997,PASS
V7,F10,2,1001,4025002,30,500,30,4.440892098500626e-16,20.80923383013385,4.440892098500626e-16,2.048703199980082,PASS
V7,F9,30,1029,4024930,30,500,30,0.0,479.83128968283097,0.0,2.0810316000133753,PASS
V7,F10,1,1000,4025001,30,500,30,4.440892098500626e-16,20.764880617738655,4.440892098500626e-16,2.1214081999787595,PASS
V7,F10,3,1002,4025003,30,500,30,4.440892098500626e-16,20.70259726914545,4.440892098500626e-16,2.3513175999978557,PASS
V7,F10,4,1003,4025004,30,500,30,4.440892098500626e-16,20.685941618453114,4.440892098500626e-16,2.328394300013315,PASS
V7,F10,5,1004,4025005,30,500,30,4.440892098500626e-16,20.753180108678922,4.440892098500626e-16,2.3466533000173513,PASS
V7,F10,6,1005,4025006,30,500,30,4.440892098500626e-16,20.739339682394206,4.440892098500626e-16,2.3737758999923244,PASS
V7,F10,9,1008,4025009,30,500,30,4.440892098500626e-16,20.6623323028609,4.440892098500626e-16,2.0091122000012547,PASS
V7,F10,10,1009,4025010,30,500,30,4.440892098500626e-16,20.764014980012245,4.440892098500626e-16,2.043967799982056,PASS
V7,F10,7,1006,4025007,30,500,30,4.440892098500626e-16,20.677331650145728,4.440892098500626e-16,2.0748466000077315,PASS
V7,F10,8,1007,4025008,30,500,30,4.440892098500626e-16,20.30938002246911,4.440892098500626e-16,2.12234509998234,PASS
V7,F10,12,1011,4025012,30,500,30,4.440892098500626e-16,20.569830881242734,4.440892098500626e-16,2.3614053999772295,PASS
V7,F10,11,1010,4025011,30,500,30,4.440892098500626e-16,20.873205110265417,4.440892098500626e-16,2.409425400022883,PASS
V7,F10,14,1013,4025014,30,500,30,4.440892098500626e-16,20.669354202190537,4.440892098500626e-16,2.318369199987501,PASS
V7,F10,13,1012,4025013,30,500,30,4.440892098500626e-16,20.566750205953976,4.440892098500626e-16,2.4037690999975894,PASS
V7,F10,16,1015,4025016,30,500,30,4.440892098500626e-16,20.64013873956227,4.440892098500626e-16,1.9909886000095867,PASS
V7,F10,15,1014,4025015,30,500,30,4.440892098500626e-16,20.49068213407767,4.440892098500626e-16,2.058442000008654,PASS
V7,F10,18,1017,4025018,30,500,30,4.440892098500626e-16,20.8269336510937,4.440892098500626e-16,2.0342923999996856,PASS
V7,F10,17,1016,4025017,30,500,30,4.440892098500626e-16,20.795292196710726,4.440892098500626e-16,2.059285399998771,PASS
V7,F10,20,1019,4025020,30,500,30,4.440892098500626e-16,20.753576885043977,4.440892098500626e-16,2.2326746999751776,PASS
V7,F10,19,1018,4025019,30,500,30,4.440892098500626e-16,20.287777247273507,4.440892098500626e-16,2.349710199981928,PASS
V7,F10,21,1020,4025021,30,500,30,4.440892098500626e-16,20.886822358893582,4.440892098500626e-16,2.3345043000008445,PASS
V7,F10,22,1021,4025022,30,500,30,4.440892098500626e-16,20.583645012836215,4.440892098500626e-16,2.3197584000008646,PASS
V7,F10,23,1022,4025023,30,500,30,4.440892098500626e-16,20.933352404055416,4.440892098500626e-16,1.927489300025627,PASS
V7,F10,25,1024,4025025,30,500,30,4.440892098500626e-16,20.640145513776236,4.440892098500626e-16,1.9469936999958009,PASS
V7,F10,24,1023,4025024,30,500,30,4.440892098500626e-16,20.702337522964704,4.440892098500626e-16,2.0592116999905556,PASS
V7,F10,26,1025,4025026,30,500,30,4.440892098500626e-16,20.66064456706877,4.440892098500626e-16,2.0970280000183266,PASS
V7,F10,27,1026,4025027,30,500,30,4.440892098500626e-16,20.70523141613285,4.440892098500626e-16,2.2137880999944173,PASS
V7,F10,28,1027,4025028,30,500,30,4.440892098500626e-16,20.792506436353648,4.440892098500626e-16,2.2294639000028837,PASS
V7,F10,29,1028,4025029,30,500,30,4.440892098500626e-16,20.542581961741753,4.440892098500626e-16,2.2003971000085585,PASS
V7,F10,30,1029,4025030,30,500,30,4.440892098500626e-16,20.847870698067215,4.440892098500626e-16,2.1786590999981854,PASS
V7,F11,2,1001,4025102,30,500,30,0.0,639.1480611503106,0.0,1.9182411000074353,PASS
V7,F11,1,1000,4025101,30,500,30,0.0,611.291864520307,0.0,1.955081499996595,PASS
V7,F11,4,1003,4025104,30,500,30,0.0,640.6078006974948,0.0,1.970982600003481,PASS
V7,F11,3,1002,4025103,30,500,30,0.0,643.4385152741779,0.0,2.0523326999973506,PASS
V7,F11,6,1005,4025106,30,500,30,0.0,620.4511952126913,0.0,2.3960915000061505,PASS
V7,F11,5,1004,4025105,30,500,30,0.0,644.4520744510511,0.0,2.429921299975831,PASS
V7,F11,7,1006,4025107,30,500,30,0.0,632.8296368484805,0.0,2.4131843999784905,PASS
V7,F11,8,1007,4025108,30,500,30,0.0,487.5405080335636,0.0,2.4215479000122286,PASS
V7,F11,11,1010,4025111,30,500,30,0.0,718.9807578130838,0.0,1.8338148999901023,PASS
V7,F11,10,1009,4025110,30,500,30,0.0,616.7396630786404,0.0,1.8532634000002872,PASS
V7,F11,12,1011,4025112,30,500,30,0.0,542.9069981974286,0.0,1.8539192999887746,PASS
V7,F11,9,1008,4025109,30,500,30,0.0,639.6684312970408,0.0,1.899425199982943,PASS
V7,F11,13,1012,4025113,30,500,30,0.0,618.2400358748203,0.0,2.173519200005103,PASS
V7,F11,16,1015,4025116,30,500,30,0.0,549.6853975606296,0.0,2.2226249999948777,PASS
V7,F11,15,1014,4025115,30,500,30,0.0,563.9367128903148,0.0,2.2630787000234704,PASS
V7,F11,14,1013,4025114,30,500,30,0.0,591.7962883432442,0.0,2.3300006999925245,PASS
V7,F11,17,1016,4025117,30,500,30,0.0,658.3681797175631,0.0,2.036674699978903,PASS
V7,F11,19,1018,4025119,30,500,30,0.0,538.2294864301934,0.0,2.118419200007338,PASS
V7,F11,20,1019,4025120,30,500,30,0.0,711.0659999459813,0.0,2.134830499999225,PASS
V7,F11,18,1017,4025118,30,500,30,0.0,635.4820188150104,0.0,2.1982353999919724,PASS
V7,F11,21,1020,4025121,30,500,30,0.0,738.5383591240958,0.0,2.519409500004258,PASS
V7,F11,23,1022,4025123,30,500,30,0.0,701.8372771154101,0.0,2.4572085000108927,PASS
V7,F11,22,1021,4025122,30,500,30,0.0,579.5492680434852,0.0,2.569656900013797,PASS
V7,F11,24,1023,4025124,30,500,30,0.0,649.0261533705124,0.0,2.64536439999938,PASS
V7,F11,26,1025,4025126,30,500,30,0.0,609.8881515490872,0.0,2.2332114999881014,PASS
V7,F11,25,1024,4025125,30,500,30,0.0,508.02875095473263,0.0,2.2750978999829385,PASS
V7,F11,27,1026,4025127,30,500,30,0.0,614.144178110117,0.0,2.2462892000039574,PASS
V7,F11,28,1027,4025128,30,500,30,0.0,642.5333046872523,0.0,2.2925450000038836,PASS
V7,F11,29,1028,4025129,30,500,30,0.0,595.7920700073693,0.0,2.4851209000044037,PASS
V7,F11,30,1029,4025130,30,500,30,0.0,694.8702724214163,0.0,2.5093946999986656,PASS
V7,F12,1,1000,4025201,30,500,30,1.4874242401216866,577094378.3389748,1.4874242401216866,2.772135499981232,PASS
V7,F12,2,1001,4025202,30,500,30,3.2415230396671176e-07,579099359.0880492,3.2415230396671176e-07,2.7507623999845237,PASS
V7,F12,3,1002,4025203,30,500,30,0.576667167523235,677755348.7064486,0.576667167523235,2.191932199988514,PASS
V7,F12,5,1004,4025205,30,500,30,8.373648552996156e-08,600899121.4082001,8.373648552996156e-08,2.1884380000119563,PASS
V7,F12,6,1005,4025206,30,500,30,1.4419615602747932e-06,613687382.5306401,1.4419615602747932e-06,2.1903803999884985,PASS
V7,F12,4,1003,4025204,30,500,30,5.669885168800234e-08,756082758.900649,5.669885168800234e-08,2.236483099986799,PASS
V7,F12,8,1007,4025208,30,500,30,0.7479383206997511,465147296.24454856,0.7479383206997511,2.5568162999989,PASS
V7,F12,10,1009,4025210,30,500,30,1.3434478138259457e-07,608345809.8432229,1.3434478138259457e-07,2.5974782000121195,PASS
V7,F12,9,1008,4025209,30,500,30,2.2120829759925286e-07,673649374.2265142,2.2120829759925286e-07,2.64637319999747,PASS
V7,F12,7,1006,4025207,30,500,30,0.3676617188545974,669437325.0641034,0.3676617188545974,2.6950286999926902,PASS
V7,F12,11,1010,4025211,30,500,30,1.916581365650184e-06,673700231.5011019,1.916581365650184e-06,2.154607699980261,PASS
V7,F12,12,1011,4025212,30,500,30,0.8820615786102493,354312759.8973637,0.8820615786102493,2.1900582000089344,PASS
V7,F12,13,1012,4025213,30,500,30,0.6074745504827916,409264261.74945426,0.6074745504827916,2.1901139999972656,PASS
V7,F12,14,1013,4025214,30,500,30,0.43615890391669526,375026164.7994268,0.43615890391669526,2.21938819999923,PASS
V7,F12,15,1014,4025215,30,500,30,3.2202937786660664e-08,377991105.0550389,3.2202937786660664e-08,2.6714675999828614,PASS
V7,F12,17,1016,4025217,30,500,30,2.056125703096676e-06,602516388.8524432,2.056125703096676e-06,2.6524778000020888,PASS
V7,F12,16,1015,4025216,30,500,30,3.228942902177052e-06,518663474.82455194,3.228942902177052e-06,2.6893889000057243,PASS
V7,F12,18,1017,4025218,30,500,30,1.462658808091561e-06,678910232.0700809,1.462658808091561e-06,2.666214500000933,PASS
V7,F12,22,1021,4025222,30,500,30,3.2825191620849706e-07,566705999.5069873,3.2825191620849706e-07,2.1127673000155482,PASS
V7,F12,20,1019,4025220,30,500,30,5.464222099432602e-07,746482921.424925,5.464222099432602e-07,2.171051699988311,PASS
V7,F12,19,1018,4025219,30,500,30,1.0621305241147076e-08,493317185.6586725,1.0621305241147076e-08,2.213231400004588,PASS
V7,F12,21,1020,4025221,30,500,30,4.187491752738546e-07,779891967.4951634,4.187491752738546e-07,2.31737819997943,PASS
V7,F12,23,1022,4025223,30,500,30,3.001481952853352e-07,527674663.0350982,3.001481952853352e-07,2.644950100017013,PASS
V7,F12,25,1024,4025225,30,500,30,1.401746380207802e-06,459268027.30294675,1.401746380207802e-06,2.662763600004837,PASS
V7,F12,24,1023,4025224,30,500,30,0.5681492149586967,557034073.9341952,0.5681492149586967,2.7233793000050355,PASS
V7,F12,26,1025,4025226,30,500,30,4.640997983062767e-07,655610836.8316754,4.640997983062767e-07,2.6146614000026602,PASS
V7,F12,27,1026,4025227,30,500,30,0.21458896227054178,688380987.7444726,0.21458896227054178,2.011164800002007,PASS
V7,F12,30,1029,4025230,30,500,30,1.2895631511951324e-06,638200031.739138,1.2895631511951324e-06,1.9894070999871474,PASS
V7,F12,28,1027,4025228,30,500,30,0.7901848897577297,735612073.6667887,0.7901848897577297,2.052705000009155,PASS
V7,F12,29,1028,4025229,30,500,30,4.84782331652948e-07,694579575.2440028,4.84782331652948e-07,2.049312099989038,PASS
V7,F13,1,1000,4025301,30,500,30,0.10590140148027255,1121540604.907016,0.10590140148027255,2.524410399986664,PASS
V7,F13,2,1001,4025302,30,500,30,0.33136086996618513,1134393402.9122756,0.33136086996618513,2.5208810000040103,PASS
V7,F13,3,1002,4025303,30,500,30,1.9181713719335065,1279263460.7598147,1.9181713719335065,2.537234299990814,PASS
V7,F13,4,1003,4025304,30,500,30,1.8559932845075946,1409943019.8603163,1.8559932845075946,2.5084849999984726,PASS
V7,F13,6,1005,4025306,30,500,30,5.493601430753605e-06,1181621324.1665757,5.493601430753605e-06,2.016968900017673,PASS
V7,F13,8,1007,4025308,30,500,30,1.630215323992265e-07,878154019.7635087,1.630215323992265e-07,2.011995599983493,PASS
V7,F13,5,1004,4025305,30,500,30,2.371414569188846,1170689608.5516968,2.371414569188846,2.049919499986572,PASS
V7,F13,7,1006,4025307,30,500,30,9.453556364279341e-07,1268983075.2778127,9.453556364279341e-07,2.0714463000185788,PASS
V7,F13,9,1008,4025309,30,500,30,1.3475810719522106,1296042042.9580178,1.3475810719522106,2.455874599982053,PASS
V7,F13,11,1010,4025311,30,500,30,1.3352174358054307,1334005063.226532,1.3352174358054307,2.468492400017567,PASS
V7,F13,10,1009,4025310,30,500,30,2.3737625865419334,1170491781.6147819,2.3737625865419334,2.520511200011242,PASS
V7,F13,12,1011,4025312,30,500,30,2.228940535718453,746217004.1348709,2.228940535718453,2.5270740000123624,PASS
V7,F13,13,1012,4025313,30,500,30,2.052177767686959,902489281.0803057,2.052177767686959,2.0807869999844115,PASS
V7,F13,16,1015,4025316,30,500,30,1.7975108191669216,992639751.8319389,1.7975108191669216,2.062406600016402,PASS
V7,F13,14,1013,4025314,30,500,30,5.8150256240581835e-06,813623365.5838884,5.8150256240581835e-06,2.105488899978809,PASS
V7,F13,15,1014,4025315,30,500,30,0.14757193198711768,781768070.7565104,0.14757193198711768,2.113298300013412,PASS
V7,F13,18,1017,4025318,30,500,30,1.841462888071349,1270309810.4932654,1.841462888071349,2.4955406000080984,PASS
V7,F13,19,1018,4025319,30,500,30,1.8809986208602796,985279769.8708252,1.8809986208602796,2.488440300017828,PASS
V7,F13,17,1016,4025317,30,500,30,2.532741103329242,1200343935.016167,2.532741103329242,2.5517339000070933,PASS
V7,F13,20,1019,4025320,30,500,30,2.0764767732546114,1427951455.304063,2.0764767732546114,2.5315465000167023,PASS
V7,F13,23,1022,4025323,30,500,30,2.127021455137365,1057814591.9376878,2.127021455137365,2.0989888999902178,PASS
V7,F13,21,1020,4025321,30,500,30,0.31456626122894477,1481567387.8877292,0.31456626122894477,2.16857120001805,PASS
V7,F13,24,1023,4025324,30,500,30,1.4071559885151168e-06,1128834171.694078,1.4071559885151168e-06,2.2585728999983985,PASS
V7,F13,22,1021,4025322,30,500,30,0.3154483782463078,1071852585.7528108,0.3154483782463078,2.3209960000240244,PASS
V7,F13,25,1024,4025325,30,500,30,2.4415825497735044,881544869.6646192,2.4415825497735044,2.5742693999782205,PASS
V7,F13,26,1025,4025326,30,500,30,5.102259796779741e-06,1213450885.258651,5.102259796779741e-06,2.5612933000084013,PASS
V7,F13,27,1026,4025327,30,500,30,0.30759384258311917,1309554648.9066305,0.30759384258311917,2.566408799990313,PASS
V7,F13,28,1027,4025328,30,500,30,1.8398190502187266,1357932319.8784873,1.8398190502187266,2.6612046000082046,PASS
V7,F14,1,1000,4025401,30,500,2,2.9821051568170716,473.71847520737606,2.9821051568170716,0.5779597000218928,PASS
V7,F14,2,1001,4025402,30,500,2,0.9980038378331403,20.799965995968776,0.9980038378331403,0.581535499979509,PASS
V7,F14,3,1002,4025403,30,500,2,2.9821051568170116,7.856359089361977,2.9821051568170116,0.5545777000079397,PASS
V7,F14,4,1003,4025404,30,500,2,0.9980038378081718,7.991839953168932,0.9980038378081718,0.5628450999793131,PASS
V7,F14,6,1005,4025406,30,500,2,2.9821051568270285,90.7409532963287,2.9821051568270285,0.5217350000166334,PASS
V7,F14,5,1004,4025405,30,500,2,0.9980038387736196,24.322820508421295,0.9980038387736196,0.5464867000118829,PASS
V7,F13,29,1028,4025329,30,500,30,2.143190247471203,1284594344.47724,2.143190247471203,2.143189099995652,PASS
V7,F13,30,1029,4025330,30,500,30,2.1916106267116233,1261783528.6462915,2.1916106267116233,2.1325413000013214,PASS
V7,F14,8,1007,4025408,30,500,2,12.670505811135556,21.481362099196957,12.670505811135556,0.5250199000001885,PASS
V7,F14,9,1008,4025409,30,500,2,0.998003837844664,480.050865101365,0.998003837844664,0.5174115999834612,PASS
V7,F14,7,1006,4025407,30,500,2,0.9980038379322792,16.2842641081014,0.9980038379322792,0.5522789999959059,PASS
V7,F14,10,1009,4025410,30,500,2,2.9821051568169934,15.108117071694181,2.9821051568169934,0.5551670000131708,PASS
V7,F14,12,1011,4025412,30,500,2,0.9980038378484679,16.441007314171465,0.9980038378484679,0.471314499998698,PASS
V7,F14,13,1012,4025413,30,500,2,2.982105156818,16.402755922508554,2.982105156818,0.5072776000015438,PASS
V7,F14,11,1010,4025411,30,500,2,2.982105156816826,115.8570972449099,2.982105156816826,0.5432913000113331,PASS
V7,F14,14,1013,4025414,30,500,2,12.670505811135616,73.97889205821518,12.670505811135616,0.5522185000008903,PASS
V7,F14,15,1014,4025415,30,500,2,0.9980038378071222,65.35361146386387,0.9980038378071222,0.4957693000033032,PASS
V7,F14,16,1015,4025416,30,500,2,0.9980038380974642,17.659718800789545,0.9980038380974642,0.5100583999883384,PASS
V7,F14,18,1017,4025418,30,500,2,0.998003837795133,237.59430741100795,0.998003837795133,0.5121359000040684,PASS
V7,F14,17,1016,4025417,30,500,2,0.9980038378056111,438.10288921782666,0.9980038378056111,0.5799837000085972,PASS
V7,F14,19,1018,4025419,30,500,2,0.9980038378451731,2.286243956447089,0.9980038378451731,0.5255699999979697,PASS
V7,F14,21,1020,4025421,30,500,2,12.670505811135556,87.51907188492201,12.670505811135556,0.48621999999159016,PASS
V7,F14,20,1019,4025420,30,500,2,2.9821051568242143,179.17713904158902,2.9821051568242143,0.5238068000180647,PASS
V7,F14,22,1021,4025422,30,500,2,2.9821051568235073,29.199725330593285,2.9821051568235073,0.5216282000183128,PASS
V7,F14,23,1022,4025423,30,500,2,2.9821051568167594,9.804625661988586,2.9821051568167594,0.5344393000123091,PASS
V7,F14,25,1024,4025425,30,500,2,12.670505811135914,320.00268640700443,12.670505811135914,0.5332357000152115,PASS
V7,F14,24,1023,4025424,30,500,2,0.9980038381840477,294.0509123316119,0.9980038381840477,0.5530241999949794,PASS
V7,F14,26,1025,4025426,30,500,2,0.9980038378227115,421.40232505995556,0.9980038378227115,0.545382200012682,PASS
V7,F14,28,1027,4025428,30,500,2,0.9980038378307072,160.2537413920019,0.9980038378307072,0.4695108999731019,PASS
V7,F14,27,1026,4025427,30,500,2,12.670505811135557,337.8200873186404,12.670505811135557,0.5091105999890715,PASS
V7,F14,29,1028,4025429,30,500,2,0.9980038379139219,2.3576554955050417,0.9980038379139219,0.49421229999279603,PASS
V7,F14,30,1029,4025430,30,500,2,0.9980038377963869,15.999537865751927,0.9980038377963869,0.5411122999794316,PASS
V7,F15,4,1003,4025504,30,500,4,0.0003082898889187491,0.1609090192272938,0.0003082898889187491,0.46457640000153333,PASS
V7,F15,2,1001,4025502,30,500,4,0.0004263263424202268,1.2717309895536486,0.0004263263424202268,0.5117821999883745,PASS
V7,F15,1,1000,4025501,30,500,4,0.0003535484466532614,0.30191456608898665,0.0003535484466532614,0.5422292999865022,PASS
V7,F15,3,1002,4025503,30,500,4,0.00032431022188779624,0.3644888722730511,0.00032431022188779624,0.5273472999979276,PASS
V7,F15,5,1004,4025505,30,500,4,0.000331487011340878,0.12948702495992004,0.000331487011340878,0.4919776000024285,PASS
V7,F15,6,1005,4025506,30,500,4,0.00031774479561521077,0.12186464086944875,0.00031774479561521077,0.47801150000304915,PASS
V7,F15,8,1007,4025508,30,500,4,0.000319625504665067,0.09018764359449179,0.000319625504665067,0.4627258999971673,PASS
V7,F15,7,1006,4025507,30,500,4,0.00032099699579038015,0.12363760498402297,0.00032099699579038015,0.5037219000223558,PASS
V7,F15,11,1010,4025511,30,500,4,0.0003096963434276126,0.03239128528085753,0.0003096963434276126,0.487005400005728,PASS
V7,F15,10,1009,4025510,30,500,4,0.00031629061889149626,0.13877679138861554,0.00031629061889149626,0.5042949999915436,PASS
V7,F15,12,1011,4025512,30,500,4,0.0003565748695269668,0.23498015533649527,0.0003565748695269668,0.5257021999859717,PASS
V7,F15,9,1008,4025509,30,500,4,0.00032847706693921516,2.2394826617102606,0.00032847706693921516,0.5665374000091106,PASS
V7,F15,13,1012,4025513,30,500,4,0.0003293510685935786,0.1306304824855118,0.0003293510685935786,0.4852029999892693,PASS
V7,F15,14,1013,4025514,30,500,4,0.00030980324410037656,0.1598298890496266,0.00030980324410037656,0.5093142999976408,PASS
V7,F15,16,1015,4025516,30,500,4,0.00033351807220446467,2.092356457574675,0.00033351807220446467,0.4927573000022676,PASS
V7,F15,15,1014,4025515,30,500,4,0.0003108609277542493,0.10205617825736528,0.0003108609277542493,0.5165764999983367,PASS
V7,F15,17,1016,4025517,30,500,4,0.0003304432924572065,0.2605680364275185,0.0003304432924572065,0.49374130001524463,PASS
V7,F15,19,1018,4025519,30,500,4,0.00032013020635708687,0.1985628632680977,0.00032013020635708687,0.5028259000100661,PASS
V7,F15,18,1017,4025518,30,500,4,0.0003267811590672319,0.14977648977909336,0.0003267811590672319,0.5105078000051435,PASS
V7,F15,20,1019,4025520,30,500,4,0.00030769357304927556,0.1359115073620081,0.00030769357304927556,0.5106963000143878,PASS
V7,F15,21,1020,4025521,30,500,4,0.0003096608196536201,0.4954470688391197,0.0003096608196536201,0.46428350001224317,PASS
V7,F15,22,1021,4025522,30,500,4,0.00034769288956253163,0.5524050984541609,0.00034769288956253163,0.45097800000803545,PASS
V7,F15,24,1023,4025524,30,500,4,0.0003106096775025204,0.298411205199563,0.0003106096775025204,0.5006520999886561,PASS
V7,F15,23,1022,4025523,30,500,4,0.0003188450280508243,0.29407409982959576,0.0003188450280508243,0.5121827000111807,PASS
V7,F15,25,1024,4025525,30,500,4,0.00031164438310642394,0.054825133501047195,0.00031164438310642394,0.4960745999997016,PASS
V7,F15,26,1025,4025526,30,500,4,0.00034525528486450155,0.2996859951874783,0.00034525528486450155,0.5078599999833386,PASS
V7,F15,28,1027,4025528,30,500,4,0.0003163565935343943,0.03968409975464774,0.0003163565935343943,0.4969037000264507,PASS
V7,F15,27,1026,4025527,30,500,4,0.00032863859577508624,0.08376195205332174,0.00032863859577508624,0.4982091000129003,PASS
V7,F16,2,1001,4025602,30,500,2,-1.0316284374860731,-0.027012733357646004,-1.0316284374860731,0.26114879999659024,PASS
V7,F16,1,1000,4025601,30,500,2,-1.0316284484098397,2.181179457071373,-1.0316284484098397,0.2696051999810152,PASS
V7,F15,29,1028,4025529,30,500,4,0.0003460740585284474,0.08098779060507648,0.0003460740585284474,0.4716257999825757,PASS
V7,F15,30,1029,4025530,30,500,4,0.00032118551092486165,0.14413165160408462,0.00032118551092486165,0.4505383000068832,PASS
V7,F16,5,1004,4025605,30,500,2,-1.0316284063156624,-0.170143036311162,-1.0316284063156624,0.2478193000133615,PASS
V7,F16,3,1002,4025603,30,500,2,-1.0316284482177687,0.7607607404739891,-1.0316284482177687,0.2717689000128303,PASS
V7,F16,6,1005,4025606,30,500,2,-1.0316284140677152,-0.9735315253417971,-1.0316284140677152,0.25260700000217184,PASS
V7,F16,4,1003,4025604,30,500,2,-1.031628449252361,-0.39997849461446167,-1.031628449252361,0.27449059998616576,PASS
V7,F16,7,1006,4025607,30,500,2,-1.0316284406765261,-0.20638118856745086,-1.0316284406765261,0.22645550000015646,PASS
V7,F16,10,1009,4025610,30,500,2,-1.0316284525647772,1.0848751489960493,-1.0316284525647772,0.23669319998589344,PASS
V7,F16,8,1007,4025608,30,500,2,-1.0316284331385401,-0.24021923047679472,-1.0316284331385401,0.24675849999766797,PASS
V7,F16,9,1008,4025609,30,500,2,-1.0316284003132747,2.3278539991551703,-1.0316284003132747,0.25457739998819306,PASS
V7,F16,13,1012,4025613,30,500,2,-1.0316284346571092,1.5398855373431712,-1.0316284346571092,0.25377119999029674,PASS
V7,F16,12,1011,4025612,30,500,2,-1.031628434608291,-1.0303686554309606,-1.031628434608291,0.2644735999929253,PASS
V7,F16,11,1010,4025611,30,500,2,-1.0316284483250462,2.3611245635192675,-1.0316284483250462,0.2826911000011023,PASS
V7,F16,14,1013,4025614,30,500,2,-1.0316284384462924,-0.8050538505238225,-1.0316284384462924,0.2669593000027817,PASS
V7,F16,16,1015,4025616,30,500,2,-1.0316283628421807,0.7787012712336405,-1.0316283628421807,0.21447370000532828,PASS
V7,F16,15,1014,4025615,30,500,2,-1.0316284409620182,0.23957312171001172,-1.0316284409620182,0.23971230001188815,PASS
V7,F16,17,1016,4025617,30,500,2,-1.0316284491950507,0.9570585820096484,-1.0316284491950507,0.25206250001792796,PASS
V7,F16,18,1017,4025618,30,500,2,-1.0316284223706345,1.6470124840433833,-1.0316284223706345,0.2660743000160437,PASS
V7,F16,19,1018,4025619,30,500,2,-1.031628447730569,0.7878546115016152,-1.031628447730569,0.2642558000225108,PASS
V7,F16,20,1019,4025620,30,500,2,-1.0316284366933846,-0.9362291745164019,-1.0316284366933846,0.28279540000949055,PASS
V7,F16,21,1020,4025621,30,500,2,-1.0316283494726954,0.6778025610508492,-1.0316283494726954,0.2962458000110928,PASS
V7,F16,22,1021,4025622,30,500,2,-1.0316284466677093,1.5766615624712603,-1.0316284466677093,0.3137548999802675,PASS
V7,F16,23,1022,4025623,30,500,2,-1.0316284418603905,1.3326463850849646,-1.0316284418603905,0.2904172000125982,PASS
V7,F16,24,1023,4025624,30,500,2,-1.031628452350645,2.6557067430875065,-1.031628452350645,0.2913129999942612,PASS
V7,F16,25,1024,4025625,30,500,2,-1.0316284171162724,2.429026067201413,-1.0316284171162724,0.2714848999748938,PASS
V7,F16,26,1025,4025626,30,500,2,-1.0316284397507305,21.49073996804959,-1.0316284397507305,0.27286800000001676,PASS
V7,F16,27,1026,4025627,30,500,2,-1.0316284206023618,-0.1512971369952485,-1.0316284206023618,0.31214329999056645,PASS
V7,F16,29,1028,4025629,30,500,2,-1.0316284405149527,-0.12993145689296656,-1.0316284405149527,0.312777700019069,PASS
V7,F16,28,1027,4025628,30,500,2,-1.0316284427374032,0.6076326090253817,-1.0316284427374032,0.3270198999962304,PASS
V7,F16,30,1029,4025630,30,500,2,-1.0316284513232161,2.6013826494536425,-1.0316284513232161,0.3147762999869883,PASS
V7,F17,1,1000,4025701,30,500,2,0.39789166522345987,1.0638829597342436,0.39789166522345987,0.27822949999244884,PASS
V7,F17,4,1003,4025704,30,500,2,0.3978893128855088,2.6652672686497105,0.3978893128855088,0.27508799999486655,PASS
V7,F17,3,1002,4025703,30,500,2,0.39788752478497713,0.5710175662180976,0.39788752478497713,0.28513989999191836,PASS
V7,F17,2,1001,4025702,30,500,2,0.39788806943171195,1.2443773973881989,0.39788806943171195,0.2999588000238873,PASS
V7,F17,5,1004,4025705,30,500,2,0.3978894782609572,0.7300291394205143,0.3978894782609572,0.2837195000029169,PASS
V7,F17,7,1006,4025707,30,500,2,0.39788912821007294,1.0302901000661695,0.39788912821007294,0.2878614999935962,PASS
V7,F17,6,1005,4025706,30,500,2,0.39788885660003004,0.7328401017256851,0.39788885660003004,0.2896943000087049,PASS
V7,F17,8,1007,4025708,30,500,2,0.39789368926853363,0.8184767311208248,0.39789368926853363,0.29838520000339486,PASS
V7,F17,9,1008,4025709,30,500,2,0.3978921216519389,1.6574038437894387,0.3978921216519389,0.26700760002131574,PASS
V7,F17,10,1009,4025710,30,500,2,0.3978895431317575,3.966514797561688,0.3978895431317575,0.25026130001060665,PASS
V7,F17,11,1010,4025711,30,500,2,0.39788842473743635,0.9236150306333499,0.39788842473743635,0.2669680000108201,PASS
V7,F17,12,1011,4025712,30,500,2,0.3978874714563627,4.005505020167275,0.3978874714563627,0.26811400000588037,PASS
V7,F17,13,1012,4025713,30,500,2,0.3978956232276971,0.653014811080423,0.3978956232276971,0.27645120001398027,PASS
V7,F17,14,1013,4025714,30,500,2,0.39788761612226686,1.2794390638585824,0.39788761612226686,0.2909201000002213,PASS
V7,F17,15,1014,4025715,30,500,2,0.39788743113709835,0.5699043454949582,0.39788743113709835,0.28837280001607724,PASS
V7,F17,16,1015,4025716,30,500,2,0.3978925805633988,0.5472008050952475,0.3978925805633988,0.28516270002000965,PASS
V7,F17,17,1016,4025717,30,500,2,0.39788764344126015,1.9307324415435367,0.39788764344126015,0.24154739998630248,PASS
V7,F17,19,1018,4025719,30,500,2,0.39788760632984044,1.8190149992010163,0.39788760632984044,0.24470579999615438,PASS
V7,F17,20,1019,4025720,30,500,2,0.3978908012657083,0.4636423262601532,0.3978908012657083,0.2505517000099644,PASS
V7,F17,18,1017,4025718,30,500,2,0.3978923143602202,1.6377791627432448,0.3978923143602202,0.2717281999939587,PASS
V7,F17,21,1020,4025721,30,500,2,0.39788785410452476,2.247938566819121,0.39788785410452476,0.27270339999813586,PASS
V7,F17,24,1023,4025724,30,500,2,0.39788846714807136,14.151514125962425,0.39788846714807136,0.27667200000723824,PASS
V7,F17,23,1022,4025723,30,500,2,0.39788859080958794,0.615174882056257,0.39788859080958794,0.28581190001568757,PASS
V7,F17,22,1021,4025722,30,500,2,0.3978949419839015,1.8216716190815827,0.3978949419839015,0.2980120000138413,PASS
V7,F17,26,1025,4025726,30,500,2,0.3978878482921875,3.889306158017198,0.3978878482921875,0.24794999998994172,PASS
V7,F17,25,1024,4025725,30,500,2,0.39789107067902485,1.6869208412063283,0.39789107067902485,0.2690553999855183,PASS
V7,F17,28,1027,4025728,30,500,2,0.39789243470912083,2.9510390763983754,0.39789243470912083,0.2647405999887269,PASS
V7,F17,27,1026,4025727,30,500,2,0.3978874713519289,1.0566819945015116,0.3978874713519289,0.2772570000088308,PASS
V7,F17,29,1028,4025729,30,500,2,0.39789117142547425,2.4485590920128137,0.39789117142547425,0.27309400000376627,PASS
V7,F17,30,1029,4025730,30,500,2,0.39789097890801983,0.47798940625165187,0.39789097890801983,0.2879208000085782,PASS
V7,F18,1,1000,4025801,30,500,2,3.000001247467915,81.38562380070489,3.000001247467915,0.29508049998548813,PASS
V7,F18,2,1001,4025802,30,500,2,26.117364264666744,30.688673464406033,26.117364264666744,0.2972758999967482,PASS
V7,F18,3,1002,4025803,30,500,2,3.000003865834702,34.965342142586636,3.000003865834702,0.26564469997538254,PASS
V7,F18,6,1005,4025806,30,500,2,3.000001316852098,60.063618491605254,3.000001316852098,0.24363059998722747,PASS
V7,F18,4,1003,4025804,30,500,2,3.0000006711041394,93.48619771902435,3.0000006711041394,0.26419780001742765,PASS
V7,F18,5,1004,4025805,30,500,2,3.0000054550081803,50.082085355619114,3.0000054550081803,0.2572160999989137,PASS
V7,F18,7,1006,4025807,30,500,2,3.0000010138812856,5.7914370508281126,3.0000010138812856,0.28492599999299273,PASS
V7,F18,10,1009,4025810,30,500,2,3.0000021697803487,3.5313798537296646,3.0000021697803487,0.26676500000758097,PASS
V7,F18,9,1008,4025809,30,500,2,3.0000022289750228,25.521419373542102,3.0000022289750228,0.2764067999960389,PASS
V7,F18,8,1007,4025808,30,500,2,3.0000014190138984,64.59830186416433,3.0000014190138984,0.2802613999811001,PASS
V7,F18,11,1010,4025811,30,500,2,3.0000000248123007,88.7536597773862,3.0000000248123007,0.25206440000329167,PASS
V7,F18,12,1011,4025812,30,500,2,3.000002302138712,39.964935115530984,3.000002302138712,0.2574165999831166,PASS
V7,F18,14,1013,4025814,30,500,2,3.0000001773889458,13.07568843364808,3.0000001773889458,0.25377079998725094,PASS
V7,F18,13,1012,4025813,30,500,2,3.0000063544667643,9.426190913628409,3.0000063544667643,0.25487050000810996,PASS
V7,F18,17,1016,4025817,30,500,2,3.000002832816064,91.84738429723461,3.000002832816064,0.2495395999867469,PASS
V7,F18,18,1017,4025818,30,500,2,3.0000013126226395,195.47673454838912,3.0000013126226395,0.24617560001206584,PASS
V7,F18,15,1014,4025815,30,500,2,3.000000279556789,21.8168014034403,3.000000279556789,0.2853772999951616,PASS
V7,F18,16,1015,4025816,30,500,2,3.146796482871776,329.91156437221537,3.146796482871776,0.287739400024293,PASS
V7,F18,19,1018,4025819,30,500,2,3.0000005782451606,10.909611757157371,3.0000005782451606,0.22860629999195226,PASS
V7,F18,20,1019,4025820,30,500,2,3.000001231152417,273.7028443942355,3.000001231152417,0.22937389998696744,PASS
V7,F18,21,1020,4025821,30,500,2,84.00029540261568,317.38163063086415,84.00029540261568,0.2701515999797266,PASS
V7,F18,22,1021,4025822,30,500,2,3.0000000364925747,66.7727554338801,3.0000000364925747,0.2598001000005752,PASS
V7,F18,24,1023,4025824,30,500,2,3.0000091567573977,35.89485466192964,3.0000091567573977,0.2750354000017978,PASS
V7,F18,23,1022,4025823,30,500,2,23.294935592781023,77.76899365473201,23.294935592781023,0.29999500000849366,PASS
V7,F18,25,1024,4025825,30,500,2,3.0000000780547245,77.76507019353373,3.0000000780547245,0.2975493000121787,PASS
V7,F18,26,1025,4025826,30,500,2,3.0000023448935194,52.45697833328407,3.0000023448935194,0.3093656999990344,PASS
V7,F18,27,1026,4025827,30,500,2,3.0000012097845543,64.85636849106568,3.0000012097845543,0.2551044000138063,PASS
V7,F18,28,1027,4025828,30,500,2,3.0000001717004694,18.92539432381692,3.0000001717004694,0.27693070002715103,PASS
V7,F18,29,1028,4025829,30,500,2,15.575349589390157,45.603141869610994,15.575349589390157,0.2700644000142347,PASS
V7,F18,30,1029,4025830,30,500,2,3.0000004126522377,9.657899738468323,3.0000004126522377,0.2608569999865722,PASS
V7,F19,1,1000,4025901,30,500,3,-3.8627567290542144,-2.8152364689429965,-3.8627567290542144,0.6220958000048995,PASS
V7,F19,3,1002,4025903,30,500,3,-3.8627705824554317,-3.725083575446613,-3.8627705824554317,0.6268603000207804,PASS
V7,F19,2,1001,4025902,30,500,3,-3.8627721935401276,-3.0010573399050178,-3.8627721935401276,0.6637889000121504,PASS
V7,F19,4,1003,4025904,30,500,3,-3.8627762783967685,-3.1461542137665415,-3.8627762783967685,0.6664350999926683,PASS
V7,F19,5,1004,4025905,30,500,3,-3.8558118318775083,-3.639512885449389,-3.8558118318775083,0.6105020999966655,PASS
V7,F19,6,1005,4025906,30,500,3,-3.862778681584152,-3.5964528439046646,-3.862778681584152,0.6346334999834653,PASS
V7,F19,7,1006,4025907,30,500,3,-3.862771476715624,-3.5365431240230087,-3.862771476715624,0.6411496000073384,PASS
V7,F19,8,1007,4025908,30,500,3,-3.8627760090145493,-3.371709865860915,-3.8627760090145493,0.6225860000122339,PASS
V7,F19,9,1008,4025909,30,500,3,-3.8627733943764246,-2.3770187007264147,-3.8627733943764246,0.6452863000158686,PASS
V7,F19,12,1011,4025912,30,500,3,-3.8627723342690583,-3.4451524449101667,-3.8627723342690583,0.6353684999921825,PASS
V7,F19,10,1009,4025910,30,500,3,-3.8627740859151825,-3.6842803474191888,-3.8627740859151825,0.6657814999925904,PASS
V7,F19,11,1010,4025911,30,500,3,-3.8600746860226387,-3.3317115223347478,-3.8600746860226387,0.680630699993344,PASS
V7,F19,13,1012,4025913,30,500,3,-3.8627779970121123,-3.635871471826206,-3.8627779970121123,0.6218896999780554,PASS
V7,F19,14,1013,4025914,30,500,3,-3.8627679065837017,-2.7738840559770095,-3.8627679065837017,0.6399657000147272,PASS
V7,F19,15,1014,4025915,30,500,3,-3.862772566276689,-3.0661071327576335,-3.862772566276689,0.6175324999785516,PASS
V7,F19,16,1015,4025916,30,500,3,-3.862770203786228,-3.3706466472251426,-3.862770203786228,0.6278233999910299,PASS
V7,F19,17,1016,4025917,30,500,3,-3.8627727381640953,-2.5942404342513865,-3.8627727381640953,0.654543399985414,PASS
V7,F19,18,1017,4025918,30,500,3,-3.855007994901402,-3.529350907698285,-3.855007994901402,0.660559000010835,PASS
V7,F19,20,1019,4025920,30,500,3,-3.862769020376879,-2.937918383007861,-3.862769020376879,0.6662921999813989,PASS
V7,F19,19,1018,4025919,30,500,3,-3.8627758588685275,-3.399138298593093,-3.8627758588685275,0.6756025000067893,PASS
V7,F19,22,1021,4025922,30,500,3,-3.862768001755402,-3.757311537153646,-3.862768001755402,0.590414200007217,PASS
V7,F19,21,1020,4025921,30,500,3,-3.862779761117942,-2.5311476977977185,-3.862779761117942,0.6561436000047252,PASS
V7,F19,23,1022,4025923,30,500,3,-3.862778012460573,-3.2132895898117337,-3.862778012460573,0.6247475000272971,PASS
V7,F19,24,1023,4025924,30,500,3,-3.8549007510179267,-3.0648914677945323,-3.8549007510179267,0.6378405000141356,PASS
V7,F19,26,1025,4025926,30,500,3,-3.862767867710854,-2.924795237972474,-3.862767867710854,0.6441061999939848,PASS
V7,F19,25,1024,4025925,30,500,3,-3.862776797175251,-3.2314525429469114,-3.862776797175251,0.666775299992878,PASS
V7,F19,27,1026,4025927,30,500,3,-3.8627775933092376,-2.8590384198361467,-3.8627775933092376,0.6629800999944564,PASS
V7,F19,28,1027,4025928,30,500,3,-3.862775808677606,-3.0773264067719293,-3.862775808677606,0.6841706000268459,PASS
V7,F19,30,1029,4025930,30,500,3,-3.8627786337700947,-3.661052938270577,-3.8627786337700947,0.6251416000013705,PASS
V7,F19,29,1028,4025929,30,500,3,-3.862778014913876,-2.805569559471893,-3.862778014913876,0.6681040000112262,PASS
V7,F20,1,1000,4026001,30,500,6,-3.3216523166329277,-1.719657427599971,-3.3216523166329277,0.8297780999855604,PASS
V7,F20,2,1001,4026002,30,500,6,-3.322059400164019,-2.366607712192178,-3.322059400164019,0.8128009999927599,PASS
V7,F20,4,1003,4026004,30,500,6,-3.321129392484032,-1.4156844025488817,-3.321129392484032,0.8054931999940891,PASS
V7,F20,6,1005,4026006,30,500,6,-3.1376434137064293,-0.9891623935739681,-3.1376434137064293,0.8076686999993399,PASS
V7,F20,3,1002,4026003,30,500,6,-3.197211505880465,-2.639546222318051,-3.197211505880465,0.8357592999818735,PASS
V7,F20,5,1004,4026005,30,500,6,-3.0836506547863283,-1.546975718287114,-3.0836506547863283,0.8389095999882556,PASS
V7,F20,8,1007,4026008,30,500,6,-3.321926025622844,-1.1897588416913751,-3.321926025622844,0.8000113000161946,PASS
V7,F20,9,1008,4026009,30,500,6,-3.2028984900472954,-2.5573730477528325,-3.2028984900472954,0.7922873000206891,PASS
V7,F20,10,1009,4026010,30,500,6,-3.2026537724258355,-1.5097145340696625,-3.2026537724258355,0.8085429000202566,PASS
V7,F20,7,1006,4026007,30,500,6,-3.32187678686421,-1.3524600207773423,-3.32187678686421,0.8666967000172008,PASS
V7,F20,13,1012,4026013,30,500,6,-3.3219544983155282,-1.0595512897021777,-3.3219544983155282,0.7608159999945201,PASS
V7,F20,11,1010,4026011,30,500,6,-3.3221803625144886,-0.6291784544978798,-3.3221803625144886,0.8354839999810793,PASS
V7,F20,14,1013,4026014,30,500,6,-3.202674484576998,-1.8745849243144121,-3.202674484576998,0.8307653999945614,PASS
V7,F20,12,1011,4026012,30,500,6,-3.202422149646,-1.3334487205410632,-3.202422149646,0.8532781999965664,PASS
V7,F20,15,1014,4026015,30,500,6,-3.202614120928915,-2.443957038960648,-3.202614120928915,0.8688586999778636,PASS
V7,F20,17,1016,4026017,30,500,6,-3.3214877548459016,-0.7707250057888351,-3.3214877548459016,0.8312295000068843,PASS
V7,F20,16,1015,4026016,30,500,6,-3.3216193786079247,-1.42589448097107,-3.3216193786079247,0.8708440999907907,PASS
V7,F20,18,1017,4026018,30,500,6,-3.3214815631567896,-1.2806836046999825,-3.3214815631567896,0.876519899989944,PASS
V7,F20,19,1018,4026019,30,500,6,-3.3220755247543092,-1.6501266361374602,-3.3220755247543092,0.8180166000092868,PASS
V7,F20,21,1020,4026021,30,500,6,-3.320274702158657,-1.3182646272649436,-3.320274702158657,0.8118333000165876,PASS
V7,F20,20,1019,4026020,30,500,6,-3.3221843941647395,-1.1694872668654595,-3.3221843941647395,0.840653100021882,PASS
V7,F20,22,1021,4026022,30,500,6,-3.3218955886297175,-1.9643777697330147,-3.3218955886297175,0.8585295999946538,PASS
V7,F20,23,1022,4026023,30,500,6,-3.202452074987157,-0.8292420221596318,-3.202452074987157,0.7792233999934979,PASS
V7,F20,25,1024,4026025,30,500,6,-3.3219384272649486,-0.9695628721775759,-3.3219384272649486,0.7496449999744073,PASS
V7,F20,24,1023,4026024,30,500,6,-3.321702687755602,-1.66295644462256,-3.321702687755602,0.8099017000058666,PASS
V7,F20,26,1025,4026026,30,500,6,-3.0768526050382383,-1.6523507833992392,-3.0768526050382383,0.8158690000127535,PASS
V7,F20,28,1027,4026028,30,500,6,-3.321764264220449,-0.7602290577530897,-3.321764264220449,0.8004804000083823,PASS
V7,F20,27,1026,4026027,30,500,6,-3.2030678246438007,-2.2223661928383214,-3.2030678246438007,0.8090558999974746,PASS
V7,F20,30,1029,4026030,30,500,6,-3.3220492870521885,-1.358077861654103,-3.3220492870521885,0.815450599999167,PASS
V7,F20,29,1028,4026029,30,500,6,-3.3222220203673887,-1.1782094607932692,-3.3222220203673887,0.8196376000123564,PASS
V7,F21,2,1001,4026102,30,500,4,-5.100409731793446,-0.255284514021552,-5.100409731793446,0.6780176000029314,PASS
V7,F21,1,1000,4026101,30,500,4,-10.15306364437922,-0.7856612453746614,-10.15306364437922,0.686443499987945,PASS
V7,F21,3,1002,4026103,30,500,4,-5.055104687454849,-0.7458813166548436,-5.055104687454849,0.6800124000001233,PASS
V7,F21,4,1003,4026104,30,500,4,-5.0879303173182695,-0.3482705863990612,-5.0879303173182695,0.693771199992625,PASS
V7,F21,5,1004,4026105,30,500,4,-10.151245767450911,-0.42018439611118236,-10.151245767450911,0.7117276000208221,PASS
V7,F21,7,1006,4026107,30,500,4,-10.153198301932218,-0.42913328296464676,-10.153198301932218,0.7057776000001468,PASS
V7,F21,6,1005,4026106,30,500,4,-10.15312741964593,-0.5910831778647738,-10.15312741964593,0.7248844999994617,PASS
V7,F21,8,1007,4026108,30,500,4,-5.055195884766155,-0.5537203015819497,-5.055195884766155,0.7338893999985885,PASS
V7,F21,9,1008,4026109,30,500,4,-10.14785941546404,-0.3954824691564748,-10.14785941546404,0.687949099985417,PASS
V7,F21,12,1011,4026112,30,500,4,-2.626078578096249,-0.42577067910792477,-2.626078578096249,0.6718050999916159,PASS
V7,F21,10,1009,4026110,30,500,4,-10.145069172698072,-0.3873214329929367,-10.145069172698072,0.7058250000118278,PASS
V7,F21,11,1010,4026111,30,500,4,-2.6287527809976186,-0.3122489822002593,-2.6287527809976186,0.7137122999993153,PASS
V7,F21,14,1013,4026114,30,500,4,-10.148027246980604,-0.4533003470413142,-10.148027246980604,0.6670561000064481,PASS
V7,F21,15,1014,4026115,30,500,4,-10.151330846973194,-0.3593500916460118,-10.151330846973194,0.6848720999842044,PASS
V7,F21,13,1012,4026113,30,500,4,-10.12782002763792,-0.5398028645395757,-10.12782002763792,0.7326966999971773,PASS
V7,F21,16,1015,4026116,30,500,4,-10.147203480406215,-0.5643107717396479,-10.147203480406215,0.7308412000129465,PASS
V7,F21,17,1016,4026117,30,500,4,-10.152931049280628,-1.3126153292827127,-10.152931049280628,0.69711430001189,PASS
V7,F21,18,1017,4026118,30,500,4,-5.1007720510119,-0.3187300785834754,-5.1007720510119,0.679622300027404,PASS
V7,F21,19,1018,4026119,30,500,4,-10.132235120222791,-0.4201398663247763,-10.132235120222791,0.6879010999982711,PASS
V7,F21,20,1019,4026120,30,500,4,-5.098026214915316,-0.556094779406882,-5.098026214915316,0.6764713999873493,PASS
V7,F21,21,1020,4026121,30,500,4,-10.140635852875851,-0.39892324222710235,-10.140635852875851,0.7325086999917403,PASS
V7,F21,22,1021,4026122,30,500,4,-10.14425216994531,-0.8124729051033841,-10.14425216994531,0.7201986000000034,PASS
V7,F21,23,1022,4026123,30,500,4,-5.098808617125165,-0.5751988255431095,-5.098808617125165,0.7383208000101149,PASS
V7,F21,24,1023,4026124,30,500,4,-10.152484515843826,-0.36248300442977327,-10.152484515843826,0.7503611000138335,PASS
V7,F21,26,1025,4026126,30,500,4,-10.153000633232447,-0.3234823818806821,-10.153000633232447,0.6574093999806792,PASS
V7,F21,27,1026,4026127,30,500,4,-10.151077684642187,-0.29612421486392365,-10.151077684642187,0.6663134999980684,PASS
V7,F21,25,1024,4026125,30,500,4,-10.148737070208906,-0.4078383896375593,-10.148737070208906,0.709628899989184,PASS
V7,F21,28,1027,4026128,30,500,4,-10.151309516443215,-0.3986533020007952,-10.151309516443215,0.6832224999961909,PASS
V7,F21,29,1028,4026129,30,500,4,-10.151430993593642,-0.3985356486821531,-10.151430993593642,0.673853499989491,PASS
V7,F21,30,1029,4026130,30,500,4,-5.055186286180479,-0.36908201859372297,-5.055186286180479,0.6707840999879409,PASS
V7,F22,1,1000,4026201,30,500,4,-10.402581659344545,-0.9317573703945224,-10.402581659344545,0.7772635000001173,PASS
V7,F22,2,1001,4026202,30,500,4,-10.400424498298095,-0.9222716528520395,-10.400424498298095,0.8320826999843121,PASS
V7,F22,4,1003,4026204,30,500,4,-5.115871618771866,-0.370970802781476,-5.115871618771866,0.7665223999938462,PASS
V7,F22,3,1002,4026203,30,500,4,-5.087590297414889,-0.7773340207644487,-5.087590297414889,0.7793691999977455,PASS
V7,F22,5,1004,4026205,30,500,4,-10.402470769803132,-0.5275828087880526,-10.402470769803132,0.7657654999929946,PASS
V7,F22,6,1005,4026206,30,500,4,-10.392177271963138,-0.6964166048173347,-10.392177271963138,0.7507231000054162,PASS
V7,F22,9,1008,4026209,30,500,4,-10.40017380217571,-0.49284895953941,-10.40017380217571,0.7442051999969408,PASS
V7,F22,7,1006,4026207,30,500,4,-10.402597656692189,-0.4985747392352459,-10.402597656692189,0.751513299997896,PASS
V7,F22,10,1009,4026210,30,500,4,-10.402794272266718,-0.5770862732792144,-10.402794272266718,0.7606449000013527,PASS
V7,F22,8,1007,4026208,30,500,4,-5.087671352320769,-0.582643477675555,-5.087671352320769,0.782671199995093,PASS
V7,F22,11,1010,4026211,30,500,4,-2.764660021999973,-0.4296436080947541,-2.764660021999973,0.7524278000055347,PASS
V7,F22,12,1011,4026212,30,500,4,-10.396425841363014,-0.5645985806520991,-10.396425841363014,0.7572474000044167,PASS
V7,F22,13,1012,4026213,30,500,4,-10.378530653308747,-0.6449517732088035,-10.378530653308747,0.7640236000006553,PASS
V7,F22,14,1013,4026214,30,500,4,-10.402385886592816,-0.9848094857049149,-10.402385886592816,0.7570818999956828,PASS
V7,F22,17,1016,4026217,30,500,4,-10.402564093469659,-1.5765565707085023,-10.402564093469659,0.8015060999896377,PASS
V7,F22,15,1014,4026215,30,500,4,-10.383352222837582,-0.4103758613869799,-10.383352222837582,0.8151468000141904,PASS
V7,F22,16,1015,4026216,30,500,4,-10.398761706997867,-0.6218257843354295,-10.398761706997867,0.8513131999934558,PASS
V7,F22,18,1017,4026218,30,500,4,-10.400729916974022,-0.44933832522368744,-10.400729916974022,0.8503133000049274,PASS
V7,F22,20,1019,4026220,30,500,4,-5.126128429678135,-0.5828681600134475,-5.126128429678135,0.7869094999914523,PASS
V7,F22,19,1018,4026219,30,500,4,-10.383069243106476,-0.5128377893703403,-10.383069243106476,0.8104257000086363,PASS
V7,F22,22,1021,4026222,30,500,4,-10.396858524447277,-0.9797111395033686,-10.396858524447277,0.7976028999837581,PASS
V7,F22,21,1020,4026221,30,500,4,-10.400880597202116,-1.121161539213936,-10.400880597202116,0.8738931000116281,PASS
V7,F22,24,1023,4026224,30,500,4,-10.402121761664027,-0.46854024723853555,-10.402121761664027,0.7969756999809761,PASS
V7,F22,23,1022,4026223,30,500,4,-5.126812487084918,-0.6086256797700836,-5.126812487084918,0.8179932000057306,PASS
V7,F22,26,1025,4026226,30,500,4,-5.087497188298145,-0.4813761157500475,-5.087497188298145,0.809706100000767,PASS
V7,F22,25,1024,4026225,30,500,4,-10.40285445982736,-0.5048069121336105,-10.40285445982736,0.8214154000161216,PASS
V7,F22,27,1026,4026227,30,500,4,-10.402353549675842,-0.3899985277776262,-10.402353549675842,0.7895607000100426,PASS
V7,F22,28,1027,4026228,30,500,4,-10.385028577793765,-0.7157489465814115,-10.385028577793765,0.8067279000242706,PASS
V7,F22,30,1029,4026230,30,500,4,-10.401367633489398,-0.43985095714117073,-10.401367633489398,0.7746939999924507,PASS
V7,F22,29,1028,4026229,30,500,4,-10.401935653527413,-0.7171582833042149,-10.401935653527413,0.7976803000201471,PASS
V7,F23,1,1000,4026301,30,500,4,-10.53607327278998,-1.0238629556348218,-10.53607327278998,0.9207732999930158,PASS
V7,F23,2,1001,4026302,30,500,4,-10.534982829917627,-1.0008003304569233,-10.534982829917627,0.9657664000114892,PASS
V7,F23,3,1002,4026303,30,500,4,-5.1284801636160005,-0.8164625137143151,-5.1284801636160005,0.981345699983649,PASS
V7,F23,4,1003,4026304,30,500,4,-10.535944385561098,-0.5565675694250592,-10.535944385561098,0.9949905999819748,PASS
V7,F23,5,1004,4026305,30,500,4,-10.535668292967305,-0.8454832942164738,-10.535668292967305,0.848407200013753,PASS
V7,F23,6,1005,4026306,30,500,4,-10.53621623966511,-0.7414380430410371,-10.53621623966511,0.9169465000159107,PASS
V7,F23,8,1007,4026308,30,500,4,-10.524280343362259,-0.7874801856706389,-10.524280343362259,0.9157808000163641,PASS
V7,F23,7,1006,4026307,30,500,4,-10.534693424163393,-0.6872915656446693,-10.534693424163393,0.9414463000139222,PASS
V7,F23,9,1008,4026309,30,500,4,-10.533616986048665,-0.5747711898984762,-10.533616986048665,0.9337140000134241,PASS
V7,F23,10,1009,4026310,30,500,4,-10.536004217739276,-0.645758260380765,-10.536004217739276,0.9399776999780443,PASS
V7,F23,11,1010,4026311,30,500,4,-2.7959752543903704,-0.4663841659661791,-2.7959752543903704,0.9668283999781124,PASS
V7,F23,12,1011,4026312,30,500,4,-2.86904537249662,-0.823786750800087,-2.86904537249662,0.9720955000084359,PASS
V7,F23,13,1012,4026313,30,500,4,-10.512671327498332,-0.7770502763168828,-10.512671327498332,0.9686845999967773,PASS
V7,F23,14,1013,4026314,30,500,4,-10.535885810030612,-1.0997090054454173,-10.535885810030612,0.9849472999922,PASS
V7,F23,16,1015,4026316,30,500,4,-5.175250203016816,-0.9043428755262034,-5.175250203016816,0.9502715000126045,PASS
V7,F23,15,1014,4026315,30,500,4,-10.515900280517254,-0.5002675730803412,-10.515900280517254,1.0244486999872606,PASS
V7,F23,18,1017,4026318,30,500,4,-10.534201142512346,-0.47569531546084826,-10.534201142512346,0.9104628000059165,PASS
V7,F23,19,1018,4026319,30,500,4,-10.516397294562813,-0.5736082314038227,-10.516397294562813,0.911777000001166,PASS
V7,F23,17,1016,4026317,30,500,4,-10.536086032677792,-1.7597194378362429,-10.536086032677792,0.9987863999849651,PASS
V7,F23,20,1019,4026320,30,500,4,-5.173020976919785,-0.6308786806539844,-5.173020976919785,0.9889440999832004,PASS
V7,F23,21,1020,4026321,30,500,4,-10.524267567570627,-1.2125486530771716,-10.524267567570627,0.9485038999991957,PASS
V7,F23,22,1021,4026322,30,500,4,-10.53599880827457,-1.0750391172262725,-10.53599880827457,0.9581445000076201,PASS
V7,F23,24,1023,4026324,30,500,4,-2.8702070346331254,-0.7987194079905501,-2.8702070346331254,0.9629955999844242,PASS
V7,F23,23,1022,4026323,30,500,4,-10.523027727250415,-0.7229501803676563,-10.523027727250415,0.9906302999879699,PASS
V7,F23,27,1026,4026327,30,500,4,-5.175544377884054,-0.820457114634507,-5.175544377884054,0.9617587000248022,PASS
V7,F23,28,1027,4026328,30,500,4,-10.518085958609472,-0.8946038920849877,-10.518085958609472,0.9846548999776132,PASS
V7,F23,25,1024,4026325,30,500,4,-5.173665652889611,-0.6700425911086935,-5.173665652889611,1.0074496000015642,PASS
V7,F23,26,1025,4026326,30,500,4,-10.527384112220817,-0.6147683017235526,-10.527384112220817,1.0381631999916863,PASS
V7,F23,29,1028,4026329,30,500,4,-10.529245803123617,-0.8835439811854388,-10.529245803123617,0.9663310000032652,PASS
V7,F23,30,1029,4026330,30,500,4,-10.5360995749358,-0.5471043607426501,-10.5360995749358,1.0289926000114065,PASS
V8,F1,2,1001,4024102,30,500,30,0.0,70905.34012781148,0.0,1.500872900011018,PASS
V8,F1,1,1000,4024101,30,500,30,0.0,67810.20717660758,0.0,1.5392196000029799,PASS
V8,F1,3,1002,4024103,30,500,30,0.0,71382.05725267014,0.0,1.5829159999848343,PASS
V8,F1,4,1003,4024104,30,500,30,0.0,71067.53341075269,0.0,1.6114124000014272,PASS
V8,F1,5,1004,4024105,30,500,30,0.0,71494.67494006979,0.0,1.642474599997513,PASS
V8,F1,6,1005,4024106,30,500,30,0.0,68827.91056515143,0.0,1.6628897000045981,PASS
V8,F1,7,1006,4024107,30,500,30,0.0,70203.2929860324,0.0,1.639318400004413,PASS
V8,F1,8,1007,4024108,30,500,30,0.0,54060.05645133964,0.0,1.6940964999957941,PASS
V8,F1,10,1009,4024110,30,500,30,0.0,68415.51807348001,0.0,1.7099732999922708,PASS
V8,F1,9,1008,4024109,30,500,30,0.0,70963.15903282672,0.0,1.7552977000013925,PASS
V8,F1,11,1010,4024111,30,500,30,0.0,79775.6397390009,0.0,1.5263230000273325,PASS
V8,F1,12,1011,4024112,30,500,30,0.0,60211.88868860319,0.0,1.5398783999844454,PASS
V8,F1,14,1013,4024114,30,500,30,0.0,65644.03203813086,0.0,1.540041400003247,PASS
V8,F1,13,1012,4024113,30,500,30,0.0,68582.22618939156,0.0,1.5454898000170942,PASS
V8,F1,16,1015,4024116,30,500,30,0.0,60965.044173403294,0.0,1.6225621000048704,PASS
V8,F1,15,1014,4024115,30,500,30,0.0,62548.52364809662,0.0,1.6598264999920502,PASS
V8,F1,18,1017,4024118,30,500,30,0.0,70498.00209305885,0.0,1.6432586000009906,PASS
V8,F1,17,1016,4024117,30,500,30,0.0,73040.90885855701,0.0,1.6780620000208728,PASS
V8,F1,22,1021,4024122,30,500,30,0.0,64283.25200493102,0.0,1.6008934999990743,PASS
V8,F1,19,1018,4024119,30,500,30,0.0,59692.16515890604,0.0,1.6443021000013687,PASS
V8,F1,20,1019,4024120,30,500,30,0.0,78896.22221622002,0.0,1.7056338000111282,PASS
V8,F1,21,1020,4024121,30,500,30,0.0,81948.70656934404,0.0,1.705759800010128,PASS
V8,F1,23,1022,4024123,30,500,30,0.0,77870.80856837892,0.0,2.1041774000041187,PASS
V8,F1,24,1023,4024124,30,500,30,0.0,72002.90593091116,0.0,2.0782176999782678,PASS
V8,F1,25,1024,4024125,30,500,30,0.0,56336.5278763339,0.0,2.073034799977904,PASS
V8,F1,26,1025,4024126,30,500,30,0.0,67654.2390610096,0.0,2.073110400000587,PASS
V8,F1,27,1026,4024127,30,500,30,0.0,68127.13090112404,0.0,1.6547103000048082,PASS
V8,F1,28,1027,4024128,30,500,30,0.0,71281.47829858353,0.0,1.6713595000037458,PASS
V8,F1,30,1029,4024130,30,500,30,0.0,77096.69700709768,0.0,1.7120164999796543,PASS
V8,F1,29,1028,4024129,30,500,30,0.0,66088.0070704646,0.0,1.7342010000138544,PASS
V8,F2,1,1000,4024201,30,500,30,0.0,360067002398.5346,0.0,1.9475160000147298,PASS
V8,F2,3,1002,4024203,30,500,30,0.0,702308869043.374,0.0,1.8420370999956504,PASS
V8,F2,4,1003,4024204,30,500,30,0.0,2634424742592.452,0.0,1.9108530000085011,PASS
V8,F2,2,1001,4024202,30,500,30,0.0,1715602834860.7356,0.0,1.990607199986698,PASS
V8,F2,8,1007,4024208,30,500,30,0.0,729704378291.7789,0.0,1.589975200011395,PASS
V8,F2,7,1006,4024207,30,500,30,0.0,76547012233.40517,0.0,1.666478900006041,PASS
V8,F2,5,1004,4024205,30,500,30,0.0,2899651184.9231544,0.0,1.723528400005307,PASS
V8,F2,6,1005,4024206,30,500,30,0.0,332841078922.353,0.0,1.8004967999877408,PASS
V8,F2,9,1008,4024209,30,500,30,0.0,26401294709.697582,0.0,1.700097499997355,PASS
V8,F2,11,1010,4024211,30,500,30,0.0,80213629036800.12,0.0,1.7781891000049654,PASS
V8,F2,10,1009,4024210,30,500,30,0.0,713724413990.0226,0.0,1.8999229000182822,PASS
V8,F2,12,1011,4024212,30,500,30,0.0,39939133237.937126,0.0,1.9172528999915812,PASS
V8,F2,16,1015,4024216,30,500,30,0.0,34707708682.06033,0.0,1.6167251000006218,PASS
V8,F2,14,1013,4024214,30,500,30,0.0,4038700082325.6636,0.0,1.6566081999917515,PASS
V8,F2,15,1014,4024215,30,500,30,0.0,22135772844271.426,0.0,1.6665659999998752,PASS
V8,F2,13,1012,4024213,30,500,30,0.0,9593437258663.51,0.0,1.700390600017272,PASS
V8,F2,17,1016,4024217,30,500,30,0.0,2021349198795.503,0.0,1.8109793000039645,PASS
V8,F2,18,1017,4024218,30,500,30,0.0,2748969363192.687,0.0,1.7935987999953795,PASS
V8,F2,19,1018,4024219,30,500,30,0.0,10392937112.024113,0.0,1.940562800009502,PASS
V8,F2,20,1019,4024220,30,500,30,0.0,47711548051367.61,0.0,1.9403051999979652,PASS
V8,F2,21,1020,4024221,30,500,30,0.0,102707326348.72324,0.0,1.5532416999922134,PASS
V8,F2,22,1021,4024222,30,500,30,0.0,7683677948828.628,0.0,1.5857962000009138,PASS
V8,F2,23,1022,4024223,30,500,30,0.0,155737363148.78427,0.0,1.5905358000018168,PASS
V8,F2,24,1023,4024224,30,500,30,0.0,1339473094382.0034,0.0,1.6084531999949832,PASS
V8,F2,27,1026,4024227,30,500,30,0.0,67722205355.99468,0.0,1.6134072999993805,PASS
V8,F2,25,1024,4024225,30,500,30,0.0,3865443685.5409384,0.0,1.7624787999957334,PASS
V8,F2,28,1027,4024228,30,500,30,0.0,3236421004233.4863,0.0,1.7113078999973368,PASS
V8,F2,26,1025,4024226,30,500,30,0.0,68338205734834.914,0.0,1.7760984000051394,PASS
V8,F3,1,1000,4024301,30,500,30,0.0,106811.1871437447,0.0,1.6341016000078525,PASS
V8,F2,29,1028,4024229,30,500,30,0.0,3305236700.5331717,0.0,1.6865606000064872,PASS
V8,F2,30,1029,4024230,30,500,30,0.0,811737307015.2843,0.0,1.7034721999953035,PASS
V8,F3,2,1001,4024302,30,500,30,0.0,228881.45062340857,0.0,1.7064486000163015,PASS
V8,F3,3,1002,4024303,30,500,30,0.0,132408.1368091635,0.0,1.796087599999737,PASS
V8,F3,4,1003,4024304,30,500,30,0.0,252004.5370062454,0.0,1.796867500001099,PASS
V8,F3,5,1004,4024305,30,500,30,0.0,126006.68015739581,0.0,1.7829186999879312,PASS
V8,F3,6,1005,4024306,30,500,30,0.0,121185.1674532735,0.0,1.772555800009286,PASS
V8,F3,9,1008,4024309,30,500,30,0.0,135241.10379381198,0.0,1.6038333000033163,PASS
V8,F3,10,1009,4024310,30,500,30,0.0,107976.19188391927,0.0,1.6332966999907512,PASS
V8,F3,8,1007,4024308,30,500,30,0.0,192911.98136862018,0.0,1.6378407000156585,PASS
V8,F3,7,1006,4024307,30,500,30,0.0,133484.8315350889,0.0,1.647802400024375,PASS
V8,F3,13,1012,4024313,30,500,30,0.0,157787.82385873256,0.0,1.7328924000030383,PASS
V8,F3,11,1010,4024311,30,500,30,0.0,258402.473983956,0.0,1.8219528999761678,PASS
V8,F3,14,1013,4024314,30,500,30,0.0,166657.1711129854,0.0,1.7844343000033405,PASS
V8,F3,12,1011,4024312,30,500,30,0.0,137478.41138112583,0.0,1.7998919999809004,PASS
V8,F3,17,1016,4024317,30,500,30,0.0,119365.44128648656,0.0,1.6191933999944013,PASS
V8,F3,15,1014,4024315,30,500,30,0.0,221992.0552764344,0.0,1.6290931999974418,PASS
V8,F3,18,1017,4024318,30,500,30,0.0,245433.61431170706,0.0,1.6272596000053454,PASS
V8,F3,16,1015,4024316,30,500,30,0.0,294151.3375734341,0.0,1.6340266999904998,PASS
V8,F3,19,1018,4024319,30,500,30,0.0,244606.59772993292,0.0,1.6157681999902707,PASS
V8,F3,20,1019,4024320,30,500,30,0.0,161467.97997834763,0.0,1.6696639000147115,PASS
V8,F3,21,1020,4024321,30,500,30,0.0,126211.38335020539,0.0,1.7010953999997582,PASS
V8,F3,22,1021,4024322,30,500,30,0.0,135794.76099693272,0.0,1.71775370000978,PASS
V8,F3,24,1023,4024324,30,500,30,0.0,113871.83421879425,0.0,1.566935699986061,PASS
V8,F3,26,1025,4024326,30,500,30,0.0,123007.79353130393,0.0,1.5926398000156041,PASS
V8,F3,23,1022,4024323,30,500,30,0.0,163245.37719853327,0.0,1.6407686999882571,PASS
V8,F3,25,1024,4024325,30,500,30,0.0,79356.08665120536,0.0,1.6226650000025984,PASS
V8,F3,27,1026,4024327,30,500,30,0.0,183635.15749931926,0.0,1.8193551000149455,PASS
V8,F3,30,1029,4024330,30,500,30,0.0,90997.76111955676,0.0,1.756024400005117,PASS
V8,F3,28,1027,4024328,30,500,30,0.0,131384.1741233503,0.0,1.8086044999945443,PASS
V8,F3,29,1028,4024329,30,500,30,0.0,171958.72311027217,0.0,1.8381822000083048,PASS
V8,F4,2,1001,4024402,30,500,30,0.0,88.23531594133786,0.0,1.5568824000074528,PASS
V8,F4,1,1000,4024401,30,500,30,0.0,89.41203274460929,0.0,1.5724849000107497,PASS
V8,F4,3,1002,4024403,30,500,30,2.408126152706e-312,90.93773968107635,2.408126152706e-312,1.592492099996889,PASS
V8,F4,4,1003,4024404,30,500,30,0.0,90.05593850015435,0.0,1.664636999979848,PASS
V8,F4,5,1004,4024405,30,500,30,0.0,83.47974018645405,0.0,1.7043573000119068,PASS
V8,F4,6,1005,4024406,30,500,30,0.0,87.42803920060479,0.0,1.8757318000134546,PASS
V8,F4,7,1006,4024407,30,500,30,9.067259557607682e-303,89.67489840896681,9.067259557607682e-303,1.8573802000028081,PASS
V8,F4,8,1007,4024408,30,500,30,0.0,88.56020743697258,0.0,1.78011749999132,PASS
V8,F4,9,1008,4024409,30,500,30,0.0,90.98182394999645,0.0,1.5683737999934237,PASS
V8,F4,10,1009,4024410,30,500,30,0.0,88.62436437004385,0.0,1.5858446000202093,PASS
V8,F4,11,1010,4024411,30,500,30,0.0,82.14021784717164,0.0,1.662336300010793,PASS
V8,F4,12,1011,4024412,30,500,30,0.0,87.6380567694806,0.0,1.6936679999926127,PASS
V8,F4,13,1012,4024413,30,500,30,0.0,81.54232198828862,0.0,1.6802819000149611,PASS
V8,F4,14,1013,4024414,30,500,30,0.0,77.8379255985727,0.0,1.748694699985208,PASS
V8,F4,15,1014,4024415,30,500,30,0.0,77.5649543326395,0.0,1.6993478999938816,PASS
V8,F4,16,1015,4024416,30,500,30,0.0,89.52145242027729,0.0,1.7326344999892171,PASS
V8,F4,17,1016,4024417,30,500,30,0.0,89.68075670875115,0.0,1.480061400012346,PASS
V8,F4,19,1018,4024419,30,500,30,0.0,87.81454527863241,0.0,1.5719163999892771,PASS
V8,F4,18,1017,4024418,30,500,30,0.0,91.69265780583274,0.0,1.6295744999952149,PASS
V8,F4,20,1019,4024420,30,500,30,0.0,89.14712458834947,0.0,1.647246400010772,PASS
V8,F4,21,1020,4024421,30,500,30,0.0,93.48016114980666,0.0,1.7283367000054568,PASS
V8,F4,22,1021,4024422,30,500,30,0.0,90.86947090420732,0.0,1.669165700004669,PASS
V8,F4,24,1023,4024424,30,500,30,0.0,86.34666057993036,0.0,1.6745166000036988,PASS
V8,F4,23,1022,4024423,30,500,30,0.0,86.36772034124569,0.0,1.7614892999990843,PASS
V8,F4,26,1025,4024426,30,500,30,0.0,92.17294370207554,0.0,1.5128354000044055,PASS
V8,F4,25,1024,4024425,30,500,30,0.0,83.43944699892515,0.0,1.528025899984641,PASS
V8,F4,27,1026,4024427,30,500,30,0.0,90.2554612114578,0.0,1.5229909000045154,PASS
V8,F4,28,1027,4024428,30,500,30,0.0,88.89385763229512,0.0,1.625934400013648,PASS
V8,F4,29,1028,4024429,30,500,30,0.0,88.97595126021793,0.0,1.6656917000073008,PASS
V8,F4,30,1029,4024430,30,500,30,0.0,90.25056319313495,0.0,1.7247028000128921,PASS
V8,F5,1,1000,4024501,30,500,30,28.005406145418657,262803966.06144178,28.005406145418657,1.8091321000247262,PASS
V8,F5,2,1001,4024502,30,500,30,28.658671873795555,265509719.66763252,28.658671873795555,1.7445674000191502,PASS
V8,F5,5,1004,4024505,30,500,30,28.871426138878448,264814459.6730534,28.871426138878448,1.5879674000025261,PASS
V8,F5,4,1003,4024504,30,500,30,28.83718482751216,314425104.8265708,28.83718482751216,1.6042080000042915,PASS
V8,F5,3,1002,4024503,30,500,30,28.638444137646285,290152790.99322855,28.638444137646285,1.6468557000043802,PASS
V8,F5,6,1005,4024506,30,500,30,28.771784920569935,275607877.05815667,28.771784920569935,1.6579681999864988,PASS
V8,F5,8,1007,4024508,30,500,30,28.626064806004585,196990313.2842615,28.626064806004585,1.6989623999979813,PASS
V8,F5,7,1006,4024507,30,500,30,28.65987736053816,275703968.057919,28.65987736053816,1.75003480000305,PASS
V8,F5,9,1008,4024509,30,500,30,27.85398197054758,264277025.01725703,27.85398197054758,1.759928299987223,PASS
V8,F5,10,1009,4024510,30,500,30,28.817513506123067,275312500.08404154,28.817513506123067,1.7642424999794457,PASS
V8,F5,11,1010,4024511,30,500,30,26.351181741849448,311741780.6244718,26.351181741849448,1.5966887999966275,PASS
V8,F5,12,1011,4024512,30,500,30,27.5133722322995,135783553.73670316,27.5133722322995,1.608027399983257,PASS
V8,F5,13,1012,4024513,30,500,30,27.968926631650408,223922765.9861003,27.968926631650408,1.5887500000244472,PASS
V8,F5,14,1013,4024514,30,500,30,28.78584353290222,198137301.02750832,28.78584353290222,1.6440331999910995,PASS
V8,F5,16,1015,4024516,30,500,30,27.9646168133012,230963403.05164534,27.9646168133012,1.7390881000028457,PASS
V8,F5,15,1014,4024515,30,500,30,28.07166706967312,199986599.631898,28.07166706967312,1.760990100010531,PASS
V8,F5,17,1016,4024517,30,500,30,27.783703805028086,267563143.6435758,27.783703805028086,1.7279187999956775,PASS
V8,F5,18,1017,4024518,30,500,30,28.865203727451963,261605126.34257632,28.865203727451963,1.7487027999886777,PASS
V8,F5,20,1019,4024520,30,500,30,27.999358081356835,318067279.8984649,27.999358081356835,1.6443559000035748,PASS
V8,F5,21,1020,4024521,30,500,30,28.988135880018714,320276562.2341088,28.988135880018714,1.636013199982699,PASS
V8,F5,22,1021,4024522,30,500,30,27.91440307794148,250438783.368967,27.91440307794148,1.6960840999963693,PASS
V8,F5,19,1018,4024519,30,500,30,28.035930545253564,235011607.0552513,28.035930545253564,1.729028300003847,PASS
V8,F5,23,1022,4024523,30,500,30,27.34288855026016,224106822.12627918,27.34288855026016,2.2279209999833256,PASS
V8,F5,24,1023,4024524,30,500,30,27.251896321331657,272530389.63664186,27.251896321331657,2.2359494999982417,PASS
V8,F5,26,1025,4024526,30,500,30,28.853236700218893,272825950.8696747,28.853236700218893,2.2323487999965437,PASS
V8,F5,25,1024,4024525,30,500,30,28.100366838419898,197086662.74910796,28.100366838419898,2.314487099996768,PASS
V8,F5,27,1026,4024527,30,500,30,28.77203913226663,289149958.1576517,28.77203913226663,1.6846966999873985,PASS
V8,F5,28,1027,4024528,30,500,30,28.827987913828352,306443111.17072505,28.827987913828352,1.7520165000169072,PASS
V8,F5,30,1029,4024530,30,500,30,28.84022250944964,297997041.8303026,28.84022250944964,1.7761426999932155,PASS
V8,F5,29,1028,4024529,30,500,30,28.63805167511199,254911291.89617184,28.63805167511199,1.7914942000061274,PASS
V8,F6,1,1000,4024601,30,500,30,0.0005397649371368285,67909.83159949695,0.0005397649371368285,1.8380169999727514,PASS
V8,F6,3,1002,4024603,30,500,30,2.7891461844028185,71353.455751133,2.7891461844028185,1.7691357999865431,PASS
V8,F6,2,1001,4024602,30,500,30,0.07044757422569158,70582.57089954114,0.07044757422569158,1.8144720999989659,PASS
V8,F6,4,1003,4024604,30,500,30,2.087610090064427,71219.00386103941,2.087610090064427,1.7873976000119,PASS
V8,F6,5,1004,4024605,30,500,30,0.19292842217164946,71208.03386246378,0.19292842217164946,1.5953921000182163,PASS
V8,F6,7,1006,4024607,30,500,30,0.00016213683916705405,70011.4366295226,0.00016213683916705405,1.587190999998711,PASS
V8,F6,6,1005,4024606,30,500,30,0.10423431754094079,68955.29999951718,0.10423431754094079,1.626074100000551,PASS
V8,F6,8,1007,4024608,30,500,30,0.014573567182614718,54162.957873925516,0.014573567182614718,1.6251074000028893,PASS
V8,F6,10,1009,4024610,30,500,30,2.301632537922591,68295.92181788973,2.301632537922591,1.787481499981368,PASS
V8,F6,12,1011,4024612,30,500,30,0.3293710439851718,60343.443806650605,0.3293710439851718,1.7791025999758858,PASS
V8,F6,9,1008,4024609,30,500,30,1.4992256210698627,70501.21762803209,1.4992256210698627,1.8630909999774303,PASS
V8,F6,11,1010,4024611,30,500,30,3.25258440245474e-06,79935.06488261481,3.25258440245474e-06,1.8366844999836758,PASS
V8,F6,14,1013,4024614,30,500,30,0.02730871259837569,66078.30058116298,0.02730871259837569,1.520957200002158,PASS
V8,F6,13,1012,4024613,30,500,30,0.08331050509725489,68881.92519101789,0.08331050509725489,1.5571160000108648,PASS
V8,F6,16,1015,4024616,30,500,30,8.699838016466976e-05,61089.234661411996,8.699838016466976e-05,1.565676500002155,PASS
V8,F6,15,1014,4024615,30,500,30,0.14410639796796904,62157.94499673396,0.14410639796796904,1.6066519000160042,PASS
V8,F6,17,1016,4024617,30,500,30,0.007298718487012332,73031.55585073962,0.007298718487012332,1.6226394000113942,PASS
V8,F6,19,1018,4024619,30,500,30,2.6968135838084843,59960.68287322056,2.6968135838084843,1.6588421000051312,PASS
V8,F6,18,1017,4024618,30,500,30,0.00016879219551393655,70606.59378046433,0.00016879219551393655,1.6943999999784864,PASS
V8,F6,20,1019,4024620,30,500,30,0.08549022571909241,79344.06586895653,0.08549022571909241,1.6496600999962538,PASS
V8,F6,21,1020,4024621,30,500,30,0.008831098880858573,81635.30658606326,0.008831098880858573,1.530196599982446,PASS
V8,F6,22,1021,4024622,30,500,30,0.139962981864335,64215.54876603678,0.139962981864335,1.5264024999924004,PASS
V8,F6,23,1022,4024623,30,500,30,0.10053213875751284,78086.57507584567,0.10053213875751284,1.5253934999927878,PASS
V8,F6,24,1023,4024624,30,500,30,0.0020201086083485227,72276.33926858637,0.0020201086083485227,1.5539663000090513,PASS
V8,F6,27,1026,4024627,30,500,30,2.25787155590406,68320.91352360474,2.25787155590406,1.6548605000134557,PASS
V8,F6,25,1024,4024625,30,500,30,2.7192647073936773,56465.69237297281,2.7192647073936773,1.6857093000144232,PASS
V8,F6,26,1025,4024626,30,500,30,2.239721995748757e-05,67862.6591007802,2.239721995748757e-05,1.7184561000030953,PASS
V8,F6,28,1027,4024628,30,500,30,0.00024232448000540668,71067.99746945646,0.00024232448000540668,1.7015346999978647,PASS
V8,F6,29,1028,4024629,30,500,30,0.06236497922319759,66095.4100418736,0.06236497922319759,1.60067970000091,PASS
V8,F6,30,1029,4024630,30,500,30,0.0883470756012733,77102.38991476683,0.0883470756012733,1.6152271000028122,PASS
V8,F7,1,1000,4024701,30,500,30,9.45915362848826e-06,132.24256505296452,9.45915362848826e-06,1.6571599000017159,PASS
V8,F7,2,1001,4024702,30,500,30,6.837286203809079e-05,129.07738590868695,6.837286203809079e-05,1.7186666000052355,PASS
V8,F7,3,1002,4024703,30,500,30,1.6784381334677967e-05,106.8866083511403,1.6784381334677967e-05,1.7621472000028007,PASS
V8,F7,4,1003,4024704,30,500,30,7.080694142436172e-05,120.0123686763614,7.080694142436172e-05,1.7812288000131957,PASS
V8,F7,6,1005,4024706,30,500,30,0.0002044215615785161,95.90377798740067,0.0002044215615785161,1.8478165999986231,PASS
V8,F7,5,1004,4024705,30,500,30,0.0002432252979321925,128.77654886785405,0.0002432252979321925,1.9507967999961693,PASS
V8,F7,9,1008,4024709,30,500,30,1.5447923321199042e-05,112.92200132609992,1.5447923321199042e-05,1.609613399981754,PASS
V8,F7,10,1009,4024710,30,500,30,8.368433869609948e-05,124.61338032043707,8.368433869609948e-05,1.6386569000023883,PASS
V8,F7,7,1006,4024707,30,500,30,8.514306014872908e-05,109.43532753152996,8.514306014872908e-05,1.701493800006574,PASS
V8,F7,8,1007,4024708,30,500,30,9.530159643600378e-05,89.84776718932376,9.530159643600378e-05,1.7885670999821741,PASS
V8,F7,11,1010,4024711,30,500,30,0.00021914311776938256,145.50908467686799,0.00021914311776938256,1.7806158000021242,PASS
V8,F7,12,1011,4024712,30,500,30,0.00014672705711849272,88.02744560759177,0.00014672705711849272,1.7956363999983296,PASS
V8,F7,13,1012,4024713,30,500,30,4.457786551659293e-05,109.2388515683827,4.457786551659293e-05,1.9196399000065867,PASS
V8,F7,14,1013,4024714,30,500,30,2.8207178147332534e-05,125.18640614897903,2.8207178147332534e-05,1.8777597000007518,PASS
V8,F7,17,1016,4024717,30,500,30,0.0005731327939137422,142.86321654785507,0.0005731327939137422,1.568850499985274,PASS
V8,F7,16,1015,4024716,30,500,30,0.00014586593514698265,118.50476153098273,0.00014586593514698265,1.651450899982592,PASS
V8,F7,18,1017,4024718,30,500,30,0.00021633445300472953,146.54341813360404,0.00021633445300472953,1.7505722999922,PASS
V8,F7,15,1014,4024715,30,500,30,4.9591094465339935e-06,99.80960290906447,4.9591094465339935e-06,1.793052599998191,PASS
V8,F7,19,1018,4024719,30,500,30,0.00021026431482795704,129.37924729813335,0.00021026431482795704,1.8556226999789942,PASS
V8,F7,20,1019,4024720,30,500,30,2.5783503506016147e-05,134.11199381657298,2.5783503506016147e-05,1.888319899997441,PASS
V8,F7,22,1021,4024722,30,500,30,7.447946452421306e-05,97.89929812706661,7.447946452421306e-05,1.9598564000043552,PASS
V8,F7,21,1020,4024721,30,500,30,7.261338490871516e-05,134.48686620550905,7.261338490871516e-05,1.997942600020906,PASS
V8,F7,23,1022,4024723,30,500,30,5.6976333538738544e-05,133.0436737145348,5.6976333538738544e-05,1.6307484999997541,PASS
V8,F7,25,1024,4024725,30,500,30,0.00018987324554264884,105.12427574420931,0.00018987324554264884,1.6731497000146192,PASS
V8,F7,24,1023,4024724,30,500,30,0.00013413908657777807,134.83866130923477,0.00013413908657777807,1.7025540999893565,PASS
V8,F7,26,1025,4024726,30,500,30,6.071988832667685e-05,144.99096006092753,6.071988832667685e-05,1.7234972000005655,PASS
V8,F7,27,1026,4024727,30,500,30,0.00019470491795281486,135.53438780914385,0.00019470491795281486,1.8365999999805354,PASS
V8,F7,30,1029,4024730,30,500,30,0.000128178818000646,130.6949254804745,0.000128178818000646,1.7315115999954287,PASS
V8,F7,29,1028,4024729,30,500,30,1.0751409406872803e-05,162.80296180734086,1.0751409406872803e-05,1.7685837000026368,PASS
V8,F7,28,1027,4024728,30,500,30,3.238470623567746e-05,93.82607923366973,3.238470623567746e-05,1.8710189000121318,PASS
V8,F8,1,1000,4024801,30,500,30,-12550.990491980412,-2451.876014434408,-12550.990491980412,1.5972684000153095,PASS
V8,F8,2,1001,4024802,30,500,30,-5939.505007189529,-2690.889994276502,-5939.505007189529,1.634685900004115,PASS
V8,F8,3,1002,4024803,30,500,30,-5376.208229586555,-1692.1826887752877,-5376.208229586555,1.6372014000080526,PASS
V8,F8,4,1003,4024804,30,500,30,-5414.3407845212505,-2110.3517025625324,-5414.3407845212505,1.6819560000149067,PASS
V8,F8,6,1005,4024806,30,500,30,-11721.21678909766,-3595.6367869269293,-11721.21678909766,1.7342392000136897,PASS
V8,F8,5,1004,4024805,30,500,30,-9016.336445791021,-1605.4114947545195,-9016.336445791021,1.8671057999890763,PASS
V8,F8,8,1007,4024808,30,500,30,-8542.706020261707,-1726.090940377079,-8542.706020261707,1.7939589000015985,PASS
V8,F8,7,1006,4024807,30,500,30,-4889.603676933426,-1885.772866590057,-4889.603676933426,1.8485766999947373,PASS
V8,F8,9,1008,4024809,30,500,30,-5953.753638863797,-2337.3316623373657,-5953.753638863797,1.5004040999920107,PASS
V8,F8,10,1009,4024810,30,500,30,-12552.51080853434,-2623.8232741546635,-12552.51080853434,1.6488174000114668,PASS
V8,F8,11,1010,4024811,30,500,30,-9015.538075307792,-1813.4049915384448,-9015.538075307792,1.6437147000106052,PASS
V8,F8,12,1011,4024812,30,500,30,-5506.776610652115,-2334.5511967809016,-5506.776610652115,1.6617361000098754,PASS
V8,F8,13,1012,4024813,30,500,30,-5664.144167616376,-2026.2048410858288,-5664.144167616376,1.6792942000029143,PASS
V8,F8,16,1015,4024816,30,500,30,-5960.499136351394,-1774.4957618865303,-5960.499136351394,1.6881270000012591,PASS
V8,F8,15,1014,4024815,30,500,30,-8666.213931113201,-1577.9245638457974,-8666.213931113201,1.714812999998685,PASS
V8,F8,14,1013,4024814,30,500,30,-11888.655343573111,-1526.011739420307,-11888.655343573111,1.723139000008814,PASS
V8,F8,17,1016,4024817,30,500,30,-12438.682978853325,-3022.774183385613,-12438.682978853325,1.5060123000002932,PASS
V8,F8,19,1018,4024819,30,500,30,-4761.975901923862,-2231.4411955724777,-4761.975901923862,1.5897991999809165,PASS
V8,F8,20,1019,4024820,30,500,30,-4872.352286586387,-1937.2091609434265,-4872.352286586387,1.6070915999880526,PASS
V8,F8,18,1017,4024818,30,500,30,-6625.0273446853025,-1613.727286315913,-6625.0273446853025,1.6665634000091814,PASS
V8,F8,21,1020,4024821,30,500,30,-5902.774837106435,-2248.510909834675,-5902.774837106435,1.6020665000251029,PASS
V8,F8,23,1022,4024823,30,500,30,-5565.302796297072,-2698.531601043908,-5565.302796297072,1.5986711999867111,PASS
V8,F8,22,1021,4024822,30,500,30,-5720.253347418095,-1439.3070195018026,-5720.253347418095,1.637736499978928,PASS
V8,F8,24,1023,4024824,30,500,30,-10775.930017513472,-1788.751013337049,-10775.930017513472,1.670451599988155,PASS
V8,F8,28,1027,4024828,30,500,30,-12106.556951109187,-1823.0140943969723,-12106.556951109187,1.5543972000014037,PASS
V8,F8,27,1026,4024827,30,500,30,-4293.792630227509,-1646.4051333176737,-4293.792630227509,1.5631455999973696,PASS
V8,F8,26,1025,4024826,30,500,30,-9016.222561787858,-1895.6942306135086,-9016.222561787858,1.6315884999930859,PASS
V8,F8,25,1024,4024825,30,500,30,-9009.197996325067,-2207.6192588415524,-9009.197996325067,1.6611743999819737,PASS
V8,F8,29,1028,4024829,30,500,30,-10585.925521469177,-1854.1744144476797,-10585.925521469177,1.7421593999897595,PASS
V8,F8,30,1029,4024830,30,500,30,-7912.495257152803,-1702.2535651780167,-7912.495257152803,1.7854396000038832,PASS
V8,F9,2,1001,4024902,30,500,30,0.0,384.5497490364953,0.0,1.8796275999920908,PASS
V8,F9,1,1000,4024901,30,500,30,0.0,464.87493101018356,0.0,1.9119493000034709,PASS
V8,F9,4,1003,4024904,30,500,30,0.0,439.61790434394305,0.0,1.6204458000138402,PASS
V8,F9,3,1002,4024903,30,500,30,0.0,424.39485150190137,0.0,1.705076599988388,PASS
V8,F9,6,1005,4024906,30,500,30,0.0,439.91283939992803,0.0,1.7022446999908425,PASS
V8,F9,5,1004,4024905,30,500,30,0.0,448.7388944016657,0.0,1.7111405000032391,PASS
V8,F9,10,1009,4024910,30,500,30,0.0,467.3571333335915,0.0,1.7167539999936707,PASS
V8,F9,8,1007,4024908,30,500,30,0.0,365.8391088248434,0.0,1.7588819999946281,PASS
V8,F9,7,1006,4024907,30,500,30,0.0,431.59183701137,0.0,1.9170988999831025,PASS
V8,F9,9,1008,4024909,30,500,30,0.0,448.1773913088544,0.0,1.8562798999773804,PASS
V8,F9,12,1011,4024912,30,500,30,0.0,441.073286920272,0.0,1.5631598000181839,PASS
V8,F9,11,1010,4024911,30,500,30,0.0,447.2888938374598,0.0,1.6069074999832083,PASS
V8,F9,14,1013,4024914,30,500,30,0.0,440.91474681676505,0.0,1.644472299987683,PASS
V8,F9,13,1012,4024913,30,500,30,0.0,434.02220260833974,0.0,1.6706497000122909,PASS
V8,F9,16,1015,4024916,30,500,30,0.0,433.86281469045554,0.0,1.7556397000153083,PASS
V8,F9,15,1014,4024915,30,500,30,0.0,466.36406583587524,0.0,1.7629051999829244,PASS
V8,F9,18,1017,4024918,30,500,30,0.0,469.76371664050794,0.0,1.7568771000078414,PASS
V8,F9,17,1016,4024917,30,500,30,0.0,422.02779107708176,0.0,1.832670900010271,PASS
V8,F9,19,1018,4024919,30,500,30,0.0,414.6138424388559,0.0,1.6884619000193197,PASS
V8,F9,21,1020,4024921,30,500,30,0.0,465.26417440798247,0.0,1.6800924999988638,PASS
V8,F9,22,1021,4024922,30,500,30,0.0,441.34049530442945,0.0,1.7253947000135668,PASS
V8,F9,20,1019,4024920,30,500,30,0.0,458.030531975015,0.0,1.7902874999854248,PASS
V8,F9,23,1022,4024923,30,500,30,0.0,446.64097601097,0.0,2.1308682000089902,PASS
V8,F9,24,1023,4024924,30,500,30,0.0,433.79837842386155,0.0,2.1783836999966297,PASS
V8,F9,25,1024,4024925,30,500,30,0.0,408.9701533118642,0.0,2.188239400013117,PASS
V8,F9,26,1025,4024926,30,500,30,0.0,473.6616560879741,0.0,2.1737600000051316,PASS
V8,F9,28,1027,4024928,30,500,30,0.0,447.3494195224039,0.0,1.6541096000000834,PASS
V8,F9,27,1026,4024927,30,500,30,0.0,446.03906557516507,0.0,1.6853610000107437,PASS
V8,F9,29,1028,4024929,30,500,30,0.0,455.002187468864,0.0,1.6891411999822594,PASS
V8,F9,30,1029,4024930,30,500,30,0.0,479.83128968283097,0.0,1.7536560999869835,PASS
V8,F10,2,1001,4025002,30,500,30,4.440892098500626e-16,20.80923383013385,4.440892098500626e-16,1.872573700005887,PASS
V8,F10,1,1000,4025001,30,500,30,4.440892098500626e-16,20.764880617738655,4.440892098500626e-16,1.9150869000004604,PASS
V8,F10,3,1002,4025003,30,500,30,4.440892098500626e-16,20.70259726914545,4.440892098500626e-16,1.923495199996978,PASS
V8,F10,4,1003,4025004,30,500,30,4.440892098500626e-16,20.685941618453114,4.440892098500626e-16,1.9525877999840304,PASS
V8,F10,5,1004,4025005,30,500,30,4.440892098500626e-16,20.753180108678922,4.440892098500626e-16,1.6882779000152368,PASS
V8,F10,8,1007,4025008,30,500,30,4.440892098500626e-16,20.30938002246911,4.440892098500626e-16,1.6830796000140253,PASS
V8,F10,7,1006,4025007,30,500,30,4.440892098500626e-16,20.677331650145728,4.440892098500626e-16,1.7429396999941673,PASS
V8,F10,6,1005,4025006,30,500,30,4.440892098500626e-16,20.739339682394206,4.440892098500626e-16,1.8461178000143263,PASS
V8,F10,9,1008,4025009,30,500,30,4.440892098500626e-16,20.6623323028609,4.440892098500626e-16,1.9036952999886125,PASS
V8,F10,10,1009,4025010,30,500,30,4.440892098500626e-16,20.764014980012245,4.440892098500626e-16,1.9257286999782082,PASS
V8,F10,11,1010,4025011,30,500,30,4.440892098500626e-16,20.873205110265417,4.440892098500626e-16,1.9013043000013568,PASS
V8,F10,12,1011,4025012,30,500,30,4.440892098500626e-16,20.569830881242734,4.440892098500626e-16,1.8320477999805007,PASS
V8,F10,13,1012,4025013,30,500,30,4.440892098500626e-16,20.566750205953976,4.440892098500626e-16,1.703098800004227,PASS
V8,F10,14,1013,4025014,30,500,30,4.440892098500626e-16,20.669354202190537,4.440892098500626e-16,1.7232877000060398,PASS
V8,F10,16,1015,4025016,30,500,30,4.440892098500626e-16,20.64013873956227,4.440892098500626e-16,1.7219626000151038,PASS
V8,F10,15,1014,4025015,30,500,30,4.440892098500626e-16,20.49068213407767,4.440892098500626e-16,1.8339858000108507,PASS
V8,F10,17,1016,4025017,30,500,30,4.440892098500626e-16,20.795292196710726,4.440892098500626e-16,1.821990199998254,PASS
V8,F10,19,1018,4025019,30,500,30,4.440892098500626e-16,20.287777247273507,4.440892098500626e-16,1.825359300011769,PASS
V8,F10,18,1017,4025018,30,500,30,4.440892098500626e-16,20.8269336510937,4.440892098500626e-16,1.8970198000024538,PASS
V8,F10,20,1019,4025020,30,500,30,4.440892098500626e-16,20.753576885043977,4.440892098500626e-16,1.9350027000182308,PASS
V8,F10,23,1022,4025023,30,500,30,4.440892098500626e-16,20.933352404055416,4.440892098500626e-16,1.612176199996611,PASS
V8,F10,22,1021,4025022,30,500,30,4.440892098500626e-16,20.583645012836215,4.440892098500626e-16,1.6970165999955498,PASS
V8,F10,21,1020,4025021,30,500,30,4.440892098500626e-16,20.886822358893582,4.440892098500626e-16,1.702532399998745,PASS
V8,F10,24,1023,4025024,30,500,30,4.440892098500626e-16,20.702337522964704,4.440892098500626e-16,1.809712699992815,PASS
V8,F10,25,1024,4025025,30,500,30,4.440892098500626e-16,20.640145513776236,4.440892098500626e-16,1.8618979000020772,PASS
V8,F10,26,1025,4025026,30,500,30,4.440892098500626e-16,20.66064456706877,4.440892098500626e-16,1.8909999000024982,PASS
V8,F10,27,1026,4025027,30,500,30,4.440892098500626e-16,20.70523141613285,4.440892098500626e-16,1.944685099995695,PASS
V8,F10,28,1027,4025028,30,500,30,4.440892098500626e-16,20.792506436353648,4.440892098500626e-16,1.8428800999827217,PASS
V8,F11,2,1001,4025102,30,500,30,0.0,639.1480611503106,0.0,1.6855375999875832,PASS
V8,F10,29,1028,4025029,30,500,30,4.440892098500626e-16,20.542581961741753,4.440892098500626e-16,1.7175302999967244,PASS
V8,F11,1,1000,4025101,30,500,30,0.0,611.291864520307,0.0,1.7147271999856457,PASS
V8,F10,30,1029,4025030,30,500,30,4.440892098500626e-16,20.847870698067215,4.440892098500626e-16,1.784893000003649,PASS
V8,F11,5,1004,4025105,30,500,30,0.0,644.4520744510511,0.0,1.834277199988719,PASS
V8,F11,3,1002,4025103,30,500,30,0.0,643.4385152741779,0.0,1.946657899999991,PASS
V8,F11,6,1005,4025106,30,500,30,0.0,620.4511952126913,0.0,1.9067798999894876,PASS
V8,F11,4,1003,4025104,30,500,30,0.0,640.6078006974948,0.0,1.992987700010417,PASS
V8,F11,7,1006,4025107,30,500,30,0.0,632.8296368484805,0.0,1.6557003000052646,PASS
V8,F11,9,1008,4025109,30,500,30,0.0,639.6684312970408,0.0,1.6912720999971498,PASS
V8,F11,8,1007,4025108,30,500,30,0.0,487.5405080335636,0.0,1.7340603999909945,PASS
V8,F11,10,1009,4025110,30,500,30,0.0,616.7396630786404,0.0,1.7236822999839205,PASS
V8,F11,11,1010,4025111,30,500,30,0.0,718.9807578130838,0.0,1.9527627999777906,PASS
V8,F11,14,1013,4025114,30,500,30,0.0,591.7962883432442,0.0,1.8869134999986272,PASS
V8,F11,12,1011,4025112,30,500,30,0.0,542.9069981974286,0.0,1.9361903000099119,PASS
V8,F11,13,1012,4025113,30,500,30,0.0,618.2400358748203,0.0,2.0179045000113547,PASS
V8,F11,15,1014,4025115,30,500,30,0.0,563.9367128903148,0.0,1.692804199992679,PASS
V8,F11,17,1016,4025117,30,500,30,0.0,658.3681797175631,0.0,1.69708649997483,PASS
V8,F11,16,1015,4025116,30,500,30,0.0,549.6853975606296,0.0,1.745460300007835,PASS
V8,F11,18,1017,4025118,30,500,30,0.0,635.4820188150104,0.0,1.7769179999886546,PASS
V8,F11,22,1021,4025122,30,500,30,0.0,579.5492680434852,0.0,1.7779265000135638,PASS
V8,F11,19,1018,4025119,30,500,30,0.0,538.2294864301934,0.0,1.9440738999983296,PASS
V8,F11,21,1020,4025121,30,500,30,0.0,738.5383591240958,0.0,1.9185169000120368,PASS
V8,F11,20,1019,4025120,30,500,30,0.0,711.0659999459813,0.0,2.0020985000010114,PASS
V8,F11,24,1023,4025124,30,500,30,0.0,649.0261533705124,0.0,1.676498700020602,PASS
V8,F11,23,1022,4025123,30,500,30,0.0,701.8372771154101,0.0,1.7680388999870047,PASS
V8,F11,26,1025,4025126,30,500,30,0.0,609.8881515490872,0.0,1.740154099999927,PASS
V8,F11,25,1024,4025125,30,500,30,0.0,508.02875095473263,0.0,1.781456700002309,PASS
V8,F11,27,1026,4025127,30,500,30,0.0,614.144178110117,0.0,1.862447899999097,PASS
V8,F11,28,1027,4025128,30,500,30,0.0,642.5333046872523,0.0,1.8858072999864817,PASS
V8,F11,30,1029,4025130,30,500,30,0.0,694.8702724214163,0.0,1.9649890000000596,PASS
V8,F11,29,1028,4025129,30,500,30,0.0,595.7920700073693,0.0,2.025921299995389,PASS
V8,F12,4,1003,4025204,30,500,30,1.8103965805819565e-06,756082758.900649,1.8103965805819565e-06,1.8471151999838185,PASS
V8,F12,3,1002,4025203,30,500,30,0.5761063511400212,677755348.7064486,0.5761063511400212,1.926991399988765,PASS
V8,F12,1,1000,4025201,30,500,30,1.5557734374020105,577094378.3389748,1.5557734374020105,1.9453225000179373,PASS
V8,F12,2,1001,4025202,30,500,30,2.5748371710365365e-08,579099359.0880492,2.5748371710365365e-08,1.9935837000084575,PASS
V8,F12,5,1004,4025205,30,500,30,1.8079119279960413e-06,600899121.4082001,1.8079119279960413e-06,2.1248764999909326,PASS
V8,F12,6,1005,4025206,30,500,30,9.751780358175935e-07,613687382.5306401,9.751780358175935e-07,2.1296829000057187,PASS
V8,F12,7,1006,4025207,30,500,30,2.420375677534966e-07,669437325.0641034,2.420375677534966e-07,2.162207599991234,PASS
V8,F12,8,1007,4025208,30,500,30,0.6706795872521735,465147296.24454856,0.6706795872521735,2.1957115000113845,PASS
V8,F12,9,1008,4025209,30,500,30,1.329046181511754e-06,673649374.2265142,1.329046181511754e-06,1.9411684999940917,PASS
V8,F12,12,1011,4025212,30,500,30,7.28807959412096e-08,354312759.8973637,7.28807959412096e-08,1.920839700003853,PASS
V8,F12,10,1009,4025210,30,500,30,1.2479198225463403e-06,608345809.8432229,1.2479198225463403e-06,1.9488635000016075,PASS
V8,F12,11,1010,4025211,30,500,30,1.287568584425314e-06,673700231.5011019,1.287568584425314e-06,2.1025048999872524,PASS
V8,F12,14,1013,4025214,30,500,30,0.9102274072717563,375026164.7994268,0.9102274072717563,2.1796888999815565,PASS
V8,F12,13,1012,4025213,30,500,30,0.6194091178359623,409264261.74945426,0.6194091178359623,2.235434600006556,PASS
V8,F12,15,1014,4025215,30,500,30,6.2166856860564e-07,377991105.0550389,6.2166856860564e-07,2.3579474999860395,PASS
V8,F12,16,1015,4025216,30,500,30,5.238794346020081e-07,518663474.82455194,5.238794346020081e-07,2.2003298999916296,PASS
V8,F12,19,1018,4025219,30,500,30,6.365082740010814e-08,493317185.6586725,6.365082740010814e-08,1.8638721999886911,PASS
V8,F12,17,1016,4025217,30,500,30,2.138063180531772e-06,602516388.8524432,2.138063180531772e-06,1.888716299989028,PASS
V8,F12,20,1019,4025220,30,500,30,8.063712521640954e-07,746482921.424925,8.063712521640954e-07,1.957248399994569,PASS
V8,F12,18,1017,4025218,30,500,30,7.754565230510074e-07,678910232.0700809,7.754565230510074e-07,2.0250049000023864,PASS
V8,F12,22,1021,4025222,30,500,30,3.3215691065847377e-07,566705999.5069873,3.3215691065847377e-07,2.1058075000182725,PASS
V8,F12,23,1022,4025223,30,500,30,1.0836473177077793e-07,527674663.0350982,1.0836473177077793e-07,2.0964078000106383,PASS
V8,F12,21,1020,4025221,30,500,30,7.42550879022408e-08,779891967.4951634,7.42550879022408e-08,2.2330867999990005,PASS
V8,F12,24,1023,4025224,30,500,30,0.5932626230864513,557034073.9341952,0.5932626230864513,2.146078999998281,PASS
V8,F12,27,1026,4025227,30,500,30,5.418515257594109e-07,688380987.7444726,5.418515257594109e-07,1.8564477000036277,PASS
V8,F12,25,1024,4025225,30,500,30,1.7810064759373572e-06,459268027.30294675,1.7810064759373572e-06,1.9051623999839649,PASS
V8,F12,28,1027,4025228,30,500,30,0.7220963078647932,735612073.6667887,0.7220963078647932,1.9721325999998953,PASS
V8,F12,26,1025,4025226,30,500,30,6.783079083154556e-08,655610836.8316754,6.783079083154556e-08,2.014552200009348,PASS
V8,F12,29,1028,4025229,30,500,30,1.3486930075139634e-08,694579575.2440028,1.3486930075139634e-08,2.1704766000038944,PASS
V8,F12,30,1029,4025230,30,500,30,3.2693889956606594e-06,638200031.739138,3.2693889956606594e-06,2.231021100014914,PASS
V8,F13,2,1001,4025302,30,500,30,1.4645692134307777,1134393402.9122756,1.4645692134307777,2.1306160999811254,PASS
V8,F13,1,1000,4025301,30,500,30,1.3429385119550041,1121540604.907016,1.3429385119550041,2.3381872000172734,PASS
V8,F13,6,1005,4025306,30,500,30,3.389713849436812e-06,1181621324.1665757,3.389713849436812e-06,1.807443300000159,PASS
V8,F13,4,1003,4025304,30,500,30,1.9564106551292977,1409943019.8603163,1.9564106551292977,1.9012666000053287,PASS
V8,F13,5,1004,4025305,30,500,30,2.5168919697158127,1170689608.5516968,2.5168919697158127,1.9019396000076085,PASS
V8,F13,3,1002,4025303,30,500,30,2.1804440906436966,1279263460.7598147,2.1804440906436966,1.9195081999932881,PASS
V8,F13,7,1006,4025307,30,500,30,9.44116361541476e-06,1268983075.2778127,9.44116361541476e-06,2.287128700001631,PASS
V8,F13,9,1008,4025309,30,500,30,1.3841151561384053,1296042042.9580178,1.3841151561384053,2.318835299985949,PASS
V8,F13,8,1007,4025308,30,500,30,8.086496437341177e-07,878154019.7635087,8.086496437341177e-07,2.379862800007686,PASS
V8,F13,10,1009,4025310,30,500,30,2.3612456990079664,1170491781.6147819,2.3612456990079664,2.3821477000019513,PASS
V8,F13,11,1010,4025311,30,500,30,1.601768759043742,1334005063.226532,1.601768759043742,2.058327399980044,PASS
V8,F13,13,1012,4025313,30,500,30,2.325472120670302,902489281.0803057,2.325472120670302,2.116415299999062,PASS
V8,F13,12,1011,4025312,30,500,30,2.800902356015067,746217004.1348709,2.800902356015067,2.1620153000112623,PASS
V8,F13,14,1013,4025314,30,500,30,3.3599852748413645e-05,813623365.5838884,3.3599852748413645e-05,2.155851099989377,PASS
V8,F13,15,1014,4025315,30,500,30,0.13416281139990846,781768070.7565104,0.13416281139990846,2.300893999985419,PASS
V8,F13,16,1015,4025316,30,500,30,0.2103382627056023,992639751.8319389,0.2103382627056023,2.3103676000027917,PASS
V8,F13,18,1017,4025318,30,500,30,1.9515999777810706,1270309810.4932654,1.9515999777810706,2.2809130999958143,PASS
V8,F13,17,1016,4025317,30,500,30,0.11626027002279948,1200343935.016167,0.11626027002279948,2.3835080999997444,PASS
V8,F13,19,1018,4025319,30,500,30,0.11874979885785318,985279769.8708252,0.11874979885785318,1.7179452999844216,PASS
V8,F13,22,1021,4025322,30,500,30,1.6308386044240781,1071852585.7528108,1.6308386044240781,1.825974800012773,PASS
V8,F13,20,1019,4025320,30,500,30,2.6799423487330865,1427951455.304063,2.6799423487330865,1.847647800022969,PASS
V8,F13,21,1020,4025321,30,500,30,1.9239745704037359,1481567387.8877292,1.9239745704037359,1.8627183999924455,PASS
V8,F13,23,1022,4025323,30,500,30,2.130818171794995,1057814591.9376878,2.130818171794995,2.0508422999992035,PASS
V8,F13,26,1025,4025326,30,500,30,0.31901703591704145,1213450885.258651,0.31901703591704145,2.066945600003237,PASS
V8,F13,25,1024,4025325,30,500,30,2.3161360360465415,881544869.6646192,2.3161360360465415,2.0978934000013396,PASS
V8,F13,24,1023,4025324,30,500,30,3.692786836470185e-05,1128834171.694078,3.692786836470185e-05,2.1213856000103988,PASS
V8,F13,27,1026,4025327,30,500,30,1.5331223812450534e-06,1309554648.9066305,1.5331223812450534e-06,1.7093655999924522,PASS
V8,F13,30,1029,4025330,30,500,30,2.065187320448164,1261783528.6462915,2.065187320448164,1.7239712000009604,PASS
V8,F13,29,1028,4025329,30,500,30,2.1823522142975644,1284594344.47724,2.1823522142975644,1.761647899984382,PASS
V8,F13,28,1027,4025328,30,500,30,1.9932124204183213,1357932319.8784873,1.9932124204183213,1.7879909000184853,PASS
V8,F14,1,1000,4025401,30,500,2,2.9821051568177057,473.71847520737606,2.9821051568177057,0.46785950000048615,PASS
V8,F14,2,1001,4025402,30,500,2,0.9980038378331403,20.799965995968776,0.9980038378331403,0.5073197000019718,PASS
V8,F14,3,1002,4025403,30,500,2,2.9821051568170116,7.856359089361977,2.9821051568170116,0.48847209999803454,PASS
V8,F14,4,1003,4025404,30,500,2,0.9980038378081718,7.991839953168932,0.9980038378081718,0.4637528999883216,PASS
V8,F14,5,1004,4025405,30,500,2,0.9980038387789755,24.322820508421295,0.9980038387789755,0.4746828000061214,PASS
V8,F14,6,1005,4025406,30,500,2,2.9821051568270285,90.7409532963287,2.9821051568270285,0.4872888999816496,PASS
V8,F14,7,1006,4025407,30,500,2,0.9980038379322792,16.2842641081014,0.9980038379322792,0.5027003000141121,PASS
V8,F14,8,1007,4025408,30,500,2,12.670505811135556,21.481362099196957,12.670505811135556,0.5059138000069652,PASS
V8,F14,9,1008,4025409,30,500,2,0.9980038378113714,480.050865101365,0.9980038378113714,0.4604389000160154,PASS
V8,F14,10,1009,4025410,30,500,2,2.9821051568169934,15.108117071694181,2.9821051568169934,0.4658099999942351,PASS
V8,F14,11,1010,4025411,30,500,2,2.982105156816826,115.8570972449099,2.982105156816826,0.46106699999654666,PASS
V8,F14,12,1011,4025412,30,500,2,0.9980038378484679,16.441007314171465,0.9980038378484679,0.46483499999158084,PASS
V8,F14,13,1012,4025413,30,500,2,2.982105156818,16.402755922508554,2.982105156818,0.47338230002787896,PASS
V8,F14,14,1013,4025414,30,500,2,12.670505811135616,73.97889205821518,12.670505811135616,0.4768789999943692,PASS
V8,F14,16,1015,4025416,30,500,2,0.9980038380974642,17.659718800789545,0.9980038380974642,0.470444700011285,PASS
V8,F14,15,1014,4025415,30,500,2,0.9980038378071222,65.35361146386387,0.9980038378071222,0.4795190000149887,PASS
V8,F14,17,1016,4025417,30,500,2,0.9980038382888282,438.10288921782666,0.9980038382888282,0.4524911000044085,PASS
V8,F14,18,1017,4025418,30,500,2,0.998003837795133,237.59430741100795,0.998003837795133,0.447410500026308,PASS
V8,F14,19,1018,4025419,30,500,2,0.9980038378451731,2.286243956447089,0.9980038378451731,0.46091309998882934,PASS
V8,F14,20,1019,4025420,30,500,2,2.9821051568242143,179.17713904158902,2.9821051568242143,0.4567691999836825,PASS
V8,F14,22,1021,4025422,30,500,2,2.9821051568235073,29.199725330593285,2.9821051568235073,0.4855072000063956,PASS
V8,F14,21,1020,4025421,30,500,2,12.670505811135556,87.51907188492201,12.670505811135556,0.5009328000014648,PASS
V8,F14,24,1023,4025424,30,500,2,0.9980038381840477,294.0509123316119,0.9980038381840477,0.491278900008183,PASS
V8,F14,23,1022,4025423,30,500,2,2.9821051568170365,9.804625661988586,2.9821051568170365,0.5053819999739062,PASS
V8,F14,25,1024,4025425,30,500,2,12.670505811135914,320.00268640700443,12.670505811135914,0.4792719000251964,PASS
V8,F14,28,1027,4025428,30,500,2,0.9980038378307072,160.2537413920019,0.9980038378307072,0.48001170001225546,PASS
V8,F14,26,1025,4025426,30,500,2,0.9980038378227115,421.40232505995556,0.9980038378227115,0.4989292999962345,PASS
V8,F14,27,1026,4025427,30,500,2,12.670505811135556,337.8200873186404,12.670505811135556,0.5076976999989711,PASS
V8,F15,2,1001,4025502,30,500,4,0.0004306766014704754,1.2717309895536486,0.0004306766014704754,0.44642839999869466,PASS
V8,F14,29,1028,4025429,30,500,2,0.9980038379139219,2.3576554955050417,0.9980038379139219,0.5004954999894835,PASS
V8,F15,1,1000,4025501,30,500,4,0.0003535484466532614,0.30191456608898665,0.0003535484466532614,0.47204960000817664,PASS
V8,F14,30,1029,4025430,30,500,2,0.9980038377963869,15.999537865751927,0.9980038377963869,0.507852599985199,PASS
V8,F15,3,1002,4025503,30,500,4,0.00031623888607662303,0.3644888722730511,0.00031623888607662303,0.46107049999409355,PASS
V8,F15,4,1003,4025504,30,500,4,0.0003082898890028037,0.1609090192272938,0.0003082898890028037,0.4536130000196863,PASS
V8,F15,6,1005,4025506,30,500,4,0.00031774479561521077,0.12186464086944875,0.00031774479561521077,0.4650268999976106,PASS
V8,F15,5,1004,4025505,30,500,4,0.0003275904943005709,0.12948702495992004,0.0003275904943005709,0.4673104000103194,PASS
V8,F15,9,1008,4025509,30,500,4,0.0003125448843907028,2.2394826617102606,0.0003125448843907028,0.4625497999950312,PASS
V8,F15,10,1009,4025510,30,500,4,0.0003158264608754905,0.13877679138861554,0.0003158264608754905,0.45720500001334585,PASS
V8,F15,8,1007,4025508,30,500,4,0.00031770800516736956,0.09018764359449179,0.00031770800516736956,0.47554420001688413,PASS
V8,F15,7,1006,4025507,30,500,4,0.00032060889864972647,0.12363760498402297,0.00032060889864972647,0.4987548000062816,PASS
V8,F15,14,1013,4025514,30,500,4,0.00031499846076818325,0.1598298890496266,0.00031499846076818325,0.43495250001433305,PASS
V8,F15,12,1011,4025512,30,500,4,0.0003152002509530962,0.23498015533649527,0.0003152002509530962,0.4634420000074897,PASS
V8,F15,11,1010,4025511,30,500,4,0.00030968796914471197,0.03239128528085753,0.00030968796914471197,0.4690818999952171,PASS
V8,F15,13,1012,4025513,30,500,4,0.00032939739244267383,0.1306304824855118,0.00032939739244267383,0.47496059999684803,PASS
V8,F15,16,1015,4025516,30,500,4,0.0003332507183006625,2.092356457574675,0.0003332507183006625,0.4750157999806106,PASS
V8,F15,15,1014,4025515,30,500,4,0.0003123579728922301,0.10205617825736528,0.0003123579728922301,0.5084115999925416,PASS
V8,F15,17,1016,4025517,30,500,4,0.0003304432924572065,0.2605680364275185,0.0003304432924572065,0.49463199998717755,PASS
V8,F15,18,1017,4025518,30,500,4,0.000325294425178001,0.14977648977909336,0.000325294425178001,0.4899054999987129,PASS
V8,F15,19,1018,4025519,30,500,4,0.0003532939904372478,0.1985628632680977,0.0003532939904372478,0.48592240002471954,PASS
V8,F15,20,1019,4025520,30,500,4,0.0003079987477767022,0.1359115073620081,0.0003079987477767022,0.47185840000747703,PASS
V8,F15,22,1021,4025522,30,500,4,0.0003413059213370171,0.5524050984541609,0.0003413059213370171,0.46492190001299605,PASS
V8,F15,21,1020,4025521,30,500,4,0.00031697830466511897,0.4954470688391197,0.00031697830466511897,0.4689185000024736,PASS
V8,F15,23,1022,4025523,30,500,4,0.0003188450280511199,0.29407409982959576,0.0003188450280511199,0.4969905999896582,PASS
V8,F15,24,1023,4025524,30,500,4,0.0003106088572484541,0.298411205199563,0.0003106088572484541,0.48948360001668334,PASS
V8,F15,26,1025,4025526,30,500,4,0.00033618321301187587,0.2996859951874783,0.00033618321301187587,0.5024639000184834,PASS
V8,F15,25,1024,4025525,30,500,4,0.0003119302797028339,0.054825133501047195,0.0003119302797028339,0.5302998999832198,PASS
V8,F15,27,1026,4025527,30,500,4,0.00032863859577508624,0.08376195205332174,0.00032863859577508624,0.42839859999367036,PASS
V8,F15,28,1027,4025528,30,500,4,0.00031949334106499153,0.03968409975464774,0.00031949334106499153,0.44050810000044294,PASS
V8,F15,29,1028,4025529,30,500,4,0.0003460741833614095,0.08098779060507648,0.0003460741833614095,0.45045579998986796,PASS
V8,F15,30,1029,4025530,30,500,4,0.00031412223925314406,0.14413165160408462,0.00031412223925314406,0.4283313000050839,PASS
V8,F16,1,1000,4025601,30,500,2,-1.0316283941752813,2.181179457071373,-1.0316283941752813,0.23161429999163374,PASS
V8,F16,2,1001,4025602,30,500,2,-1.0316284374860731,-0.027012733357646004,-1.0316284374860731,0.241418200021144,PASS
V8,F16,3,1002,4025603,30,500,2,-1.0316284482430256,0.7607607404739891,-1.0316284482430256,0.24403550001443364,PASS
V8,F16,4,1003,4025604,30,500,2,-1.031628449252361,-0.39997849461446167,-1.031628449252361,0.2504115999909118,PASS
V8,F16,5,1004,4025605,30,500,2,-1.0316284063156624,-0.170143036311162,-1.0316284063156624,0.22344439997687005,PASS
V8,F16,7,1006,4025607,30,500,2,-1.0316284406765261,-0.20638118856745086,-1.0316284406765261,0.2042866999981925,PASS
V8,F16,6,1005,4025606,30,500,2,-1.031628414058039,-0.9735315253417971,-1.031628414058039,0.21679730000323616,PASS
V8,F16,8,1007,4025608,30,500,2,-1.0316284331385264,-0.24021923047679472,-1.0316284331385264,0.21681069998885505,PASS
V8,F16,9,1008,4025609,30,500,2,-1.03162838198675,2.3278539991551703,-1.03162838198675,0.22660840000025928,PASS
V8,F16,10,1009,4025610,30,500,2,-1.0316284525647772,1.0848751489960493,-1.0316284525647772,0.23881919999257661,PASS
V8,F16,12,1011,4025612,30,500,2,-1.031628434608291,-1.0303686554309606,-1.031628434608291,0.22486149999895133,PASS
V8,F16,11,1010,4025611,30,500,2,-1.0316284483250462,2.3611245635192675,-1.0316284483250462,0.23103470000205562,PASS
V8,F16,13,1012,4025613,30,500,2,-1.0316284346571092,1.5398855373431712,-1.0316284346571092,0.22047600001678802,PASS
V8,F16,14,1013,4025614,30,500,2,-1.0316284384462924,-0.8050538505238225,-1.0316284384462924,0.21709520000149496,PASS
V8,F16,16,1015,4025616,30,500,2,-1.0316283628421807,0.7787012712336405,-1.0316283628421807,0.20964770001592115,PASS
V8,F16,15,1014,4025615,30,500,2,-1.031628440962018,0.23957312171001172,-1.031628440962018,0.22048119999817573,PASS
V8,F16,17,1016,4025617,30,500,2,-1.0316284491950507,0.9570585820096484,-1.0316284491950507,0.23132339998846874,PASS
V8,F16,18,1017,4025618,30,500,2,-1.0316284223706345,1.6470124840433833,-1.0316284223706345,0.23582580001675524,PASS
V8,F16,19,1018,4025619,30,500,2,-1.031628447730569,0.7878546115016152,-1.031628447730569,0.25856089999433607,PASS
V8,F16,20,1019,4025620,30,500,2,-1.0316284366933846,-0.9362291745164019,-1.0316284366933846,0.26413749999483116,PASS
V8,F16,21,1020,4025621,30,500,2,-1.0316283494726954,0.6778025610508492,-1.0316283494726954,0.21659109997563064,PASS
V8,F16,24,1023,4025624,30,500,2,-1.031628452350645,2.6557067430875065,-1.031628452350645,0.20920400001341477,PASS
V8,F16,22,1021,4025622,30,500,2,-1.0316284466677093,1.5766615624712603,-1.0316284466677093,0.24955939999199472,PASS
V8,F16,23,1022,4025623,30,500,2,-1.0316284418603905,1.3326463850849646,-1.0316284418603905,0.2622886000026483,PASS
V8,F16,25,1024,4025625,30,500,2,-1.031628429504418,2.429026067201413,-1.031628429504418,0.22924059999058954,PASS
V8,F16,26,1025,4025626,30,500,2,-1.0316284397507305,21.49073996804959,-1.0316284397507305,0.2518287999846507,PASS
V8,F16,28,1027,4025628,30,500,2,-1.0316284427374032,0.6076326090253817,-1.0316284427374032,0.26693149999482557,PASS
V8,F16,27,1026,4025627,30,500,2,-1.031628420602362,-0.1512971369952485,-1.031628420602362,0.28481029998511076,PASS
V8,F16,29,1028,4025629,30,500,2,-1.0316284405149527,-0.12993145689296656,-1.0316284405149527,0.23062310001114383,PASS
V8,F16,30,1029,4025630,30,500,2,-1.0316284513232161,2.6013826494536425,-1.0316284513232161,0.2131727999949362,PASS
V8,F17,1,1000,4025701,30,500,2,0.39789166522345987,1.0638829597342436,0.39789166522345987,0.2220376000041142,PASS
V8,F17,2,1001,4025702,30,500,2,0.39788806943171195,1.2443773973881989,0.39788806943171195,0.22734449998824857,PASS
V8,F17,4,1003,4025704,30,500,2,0.3978893128855088,2.6652672686497105,0.3978893128855088,0.2397351000108756,PASS
V8,F17,3,1002,4025703,30,500,2,0.39788752478497713,0.5710175662180976,0.39788752478497713,0.26474539999617264,PASS
V8,F17,6,1005,4025706,30,500,2,0.3978879135078479,0.7328401017256851,0.3978879135078479,0.24630239998805337,PASS
V8,F17,5,1004,4025705,30,500,2,0.3978894782609572,0.7300291394205143,0.3978894782609572,0.26418429997283965,PASS
V8,F17,7,1006,4025707,30,500,2,0.39788912821007294,1.0302901000661695,0.39788912821007294,0.22672080001211725,PASS
V8,F17,10,1009,4025710,30,500,2,0.3978895431317575,3.966514797561688,0.3978895431317575,0.20586639997782186,PASS
V8,F17,9,1008,4025709,30,500,2,0.3978921216519389,1.6574038437894387,0.3978921216519389,0.22055179998278618,PASS
V8,F17,8,1007,4025708,30,500,2,0.39789368926853363,0.8184767311208248,0.39789368926853363,0.2550895999884233,PASS
V8,F17,11,1010,4025711,30,500,2,0.39788842473743635,0.9236150306333499,0.39788842473743635,0.25022440002067015,PASS
V8,F17,12,1011,4025712,30,500,2,0.3978874714563627,4.005505020167275,0.3978874714563627,0.24995040000067092,PASS
V8,F17,13,1012,4025713,30,500,2,0.3978956232276971,0.653014811080423,0.3978956232276971,0.25927860001684166,PASS
V8,F17,14,1013,4025714,30,500,2,0.39788761612226686,1.2794390638585824,0.39788761612226686,0.26329610001994297,PASS
V8,F17,15,1014,4025715,30,500,2,0.39788743113709835,0.5699043454949582,0.39788743113709835,0.23104119999334216,PASS
V8,F17,16,1015,4025716,30,500,2,0.3978925805633988,0.5472008050952475,0.3978925805633988,0.21458420000271872,PASS
V8,F17,17,1016,4025717,30,500,2,0.39788764344126015,1.9307324415435367,0.39788764344126015,0.20829099998809397,PASS
V8,F17,18,1017,4025718,30,500,2,0.3978923143602202,1.6377791627432448,0.3978923143602202,0.2265205000003334,PASS
V8,F17,21,1020,4025721,30,500,2,0.39788785410452476,2.247938566819121,0.39788785410452476,0.23874210001667961,PASS
V8,F17,19,1018,4025719,30,500,2,0.39788760632984044,1.8190149992010163,0.39788760632984044,0.2759280000173021,PASS
V8,F17,22,1021,4025722,30,500,2,0.3978949419839015,1.8216716190815827,0.3978949419839015,0.28324040002189577,PASS
V8,F17,20,1019,4025720,30,500,2,0.3978908012644027,0.4636423262601532,0.3978908012644027,0.2894711999979336,PASS
V8,F17,23,1022,4025723,30,500,2,0.39788859080958794,0.615174882056257,0.39788859080958794,0.2103212999936659,PASS
V8,F17,24,1023,4025724,30,500,2,0.39788846714807136,14.151514125962425,0.39788846714807136,0.20940910000354052,PASS
V8,F17,25,1024,4025725,30,500,2,0.39789107067897866,1.6869208412063283,0.39789107067897866,0.20899269997607917,PASS
V8,F17,26,1025,4025726,30,500,2,0.3978878482921875,3.889306158017198,0.3978878482921875,0.2216953999886755,PASS
V8,F17,30,1029,4025730,30,500,2,0.39789097890801983,0.47798940625165187,0.39789097890801983,0.23844620000454597,PASS
V8,F17,27,1026,4025727,30,500,2,0.3978874713519289,1.0566819945015116,0.3978874713519289,0.26656409999122843,PASS
V8,F17,29,1028,4025729,30,500,2,0.39789117142547425,2.4485590920128137,0.39789117142547425,0.24630440000328235,PASS
V8,F17,28,1027,4025728,30,500,2,0.39789243470912083,2.9510390763983754,0.39789243470912083,0.28430100000696257,PASS
V8,F18,1,1000,4025801,30,500,2,3.0000014466920613,81.38562380070489,3.0000014466920613,0.22782470000674948,PASS
V8,F18,4,1003,4025804,30,500,2,3.0000006711041394,93.48619771902435,3.0000006711041394,0.2122864999982994,PASS
V8,F18,3,1002,4025803,30,500,2,3.000003865834702,34.965342142586636,3.000003865834702,0.24944500002311543,PASS
V8,F18,2,1001,4025802,30,500,2,26.117518674414796,30.688673464406033,26.117518674414796,0.263969099993119,PASS
V8,F18,5,1004,4025805,30,500,2,3.0000054549787007,50.082085355619114,3.0000054549787007,0.2718577999912668,PASS
V8,F18,8,1007,4025808,30,500,2,3.0000014190138478,64.59830186416433,3.0000014190138478,0.2587595999939367,PASS
V8,F18,7,1006,4025807,30,500,2,3.0000010138824207,5.7914370508281126,3.0000010138824207,0.2666082999785431,PASS
V8,F18,6,1005,4025806,30,500,2,3.000001316852098,60.063618491605254,3.000001316852098,0.28238940000301227,PASS
V8,F18,10,1009,4025810,30,500,2,3.0000021697803487,3.5313798537296646,3.0000021697803487,0.2160747000016272,PASS
V8,F18,9,1008,4025809,30,500,2,3.0000022289750228,25.521419373542102,3.0000022289750228,0.2452783000189811,PASS
V8,F18,11,1010,4025811,30,500,2,3.0000000248123007,88.7536597773862,3.0000000248123007,0.22433149997959845,PASS
V8,F18,12,1011,4025812,30,500,2,3.000002302116781,39.964935115530984,3.000002302116781,0.22962259998894297,PASS
V8,F18,13,1012,4025813,30,500,2,3.0000077507702434,9.426190913628409,3.0000077507702434,0.2501093999890145,PASS
V8,F18,14,1013,4025814,30,500,2,3.0000001773889458,13.07568843364808,3.0000001773889458,0.24691210000310093,PASS
V8,F18,16,1015,4025816,30,500,2,3.146796482871776,329.91156437221537,3.146796482871776,0.25376299998606555,PASS
V8,F18,15,1014,4025815,30,500,2,3.000000279556789,21.8168014034403,3.000000279556789,0.27268930000718683,PASS
V8,F18,18,1017,4025818,30,500,2,3.0000013126226395,195.47673454838912,3.0000013126226395,0.2230361000110861,PASS
V8,F18,17,1016,4025817,30,500,2,3.000002832816064,91.84738429723461,3.000002832816064,0.2403409999969881,PASS
V8,F18,19,1018,4025819,30,500,2,3.0000005782451606,10.909611757157371,3.0000005782451606,0.23348599998280406,PASS
V8,F18,20,1019,4025820,30,500,2,3.000000553358768,273.7028443942355,3.000000553358768,0.21738250000635162,PASS
V8,F18,21,1020,4025821,30,500,2,84.00029540261568,317.38163063086415,84.00029540261568,0.2421265000011772,PASS
V8,F18,24,1023,4025824,30,500,2,3.000007940772745,35.89485466192964,3.000007940772745,0.2536396999785211,PASS
V8,F18,22,1021,4025822,30,500,2,3.0000000364925747,66.7727554338801,3.0000000364925747,0.2944804999860935,PASS
V8,F18,23,1022,4025823,30,500,2,23.294935592781023,77.76899365473201,23.294935592781023,0.3011195000144653,PASS
V8,F18,25,1024,4025825,30,500,2,3.0000000780547245,77.76507019353373,3.0000000780547245,0.24263940000673756,PASS
V8,F18,26,1025,4025826,30,500,2,3.0000023448935194,52.45697833328407,3.0000023448935194,0.22163880002335645,PASS
V8,F18,27,1026,4025827,30,500,2,3.0000012097845543,64.85636849106568,3.0000012097845543,0.2323878000024706,PASS
V8,F18,28,1027,4025828,30,500,2,3.0000001717004694,18.92539432381692,3.0000001717004694,0.23648120000143535,PASS
V8,F18,30,1029,4025830,30,500,2,3.0000004126522377,9.657899738468323,3.0000004126522377,0.25241439999081194,PASS
V8,F18,29,1028,4025829,30,500,2,15.575349589392994,45.603141869610994,15.575349589392994,0.2616252000152599,PASS
V8,F19,1,1000,4025901,30,500,3,-3.8627567290564526,-2.8152364689429965,-3.8627567290564526,0.589407100022072,PASS
V8,F19,2,1001,4025902,30,500,3,-3.8627689183037863,-3.0010573399050178,-3.8627689183037863,0.6101187999884132,PASS
V8,F19,3,1002,4025903,30,500,3,-3.8627705824554317,-3.725083575446613,-3.8627705824554317,0.5813462999940384,PASS
V8,F19,4,1003,4025904,30,500,3,-3.862776278371608,-3.1461542137665415,-3.862776278371608,0.5999294999928679,PASS
V8,F19,5,1004,4025905,30,500,3,-3.855811831877376,-3.639512885449389,-3.855811831877376,0.5367576999997254,PASS
V8,F19,6,1005,4025906,30,500,3,-3.8627780122769124,-3.5964528439046646,-3.8627780122769124,0.5243731000227854,PASS
V8,F19,7,1006,4025907,30,500,3,-3.862771468237578,-3.5365431240230087,-3.862771468237578,0.5833765999996103,PASS
V8,F19,10,1009,4025910,30,500,3,-3.8627740859151825,-3.6842803474191888,-3.8627740859151825,0.6053652000264265,PASS
V8,F19,9,1008,4025909,30,500,3,-3.8627733943764246,-2.3770187007264147,-3.8627733943764246,0.6332037000101991,PASS
V8,F19,8,1007,4025908,30,500,3,-3.8627760090145493,-3.371709865860915,-3.8627760090145493,0.6499457999889273,PASS
V8,F19,11,1010,4025911,30,500,3,-3.8600746860222768,-3.3317115223347478,-3.8600746860222768,0.6078026999894064,PASS
V8,F19,12,1011,4025912,30,500,3,-3.862772334269058,-3.4451524449101667,-3.862772334269058,0.5789785000088159,PASS
V8,F19,14,1013,4025914,30,500,3,-3.8627679065837017,-2.7738840559770095,-3.8627679065837017,0.5645520000252873,PASS
V8,F19,13,1012,4025913,30,500,3,-3.8627779970121123,-3.635871471826206,-3.8627779970121123,0.6097848000063095,PASS
V8,F19,15,1014,4025915,30,500,3,-3.862772566276689,-3.0661071327576335,-3.862772566276689,0.6335032000206411,PASS
V8,F19,17,1016,4025917,30,500,3,-3.8627727381640953,-2.5942404342513865,-3.8627727381640953,0.6727133000094909,PASS
V8,F19,18,1017,4025918,30,500,3,-3.855007994901402,-3.529350907698285,-3.855007994901402,0.6749618999892846,PASS
V8,F19,16,1015,4025916,30,500,3,-3.862770203786228,-3.3706466472251426,-3.862770203786228,0.686724500003038,PASS
V8,F19,19,1018,4025919,30,500,3,-3.8627758588685275,-3.399138298593093,-3.8627758588685275,0.6368564000003971,PASS
V8,F19,20,1019,4025920,30,500,3,-3.862769020376879,-2.937918383007861,-3.862769020376879,0.5927582000149414,PASS
V8,F19,21,1020,4025921,30,500,3,-3.862779761117942,-2.5311476977977185,-3.862779761117942,0.6007573000097182,PASS
V8,F19,22,1021,4025922,30,500,3,-3.862768001755402,-3.757311537153646,-3.862768001755402,0.6179605999786872,PASS
V8,F19,26,1025,4025926,30,500,3,-3.862767867710854,-2.924795237972474,-3.862767867710854,0.5920743999886326,PASS
V8,F19,25,1024,4025925,30,500,3,-3.862776797175251,-3.2314525429469114,-3.862776797175251,0.6185090000217315,PASS
V8,F19,24,1023,4025924,30,500,3,-3.8549007510179267,-3.0648914677945323,-3.8549007510179267,0.6530195999948774,PASS
V8,F19,23,1022,4025923,30,500,3,-3.862778012460573,-3.2132895898117337,-3.862778012460573,0.6637756999989506,PASS
V8,F19,27,1026,4025927,30,500,3,-3.8627775933092376,-2.8590384198361467,-3.8627775933092376,0.5612650000257418,PASS
V8,F19,28,1027,4025928,30,500,3,-3.862775808677606,-3.0773264067719293,-3.862775808677606,0.5913096999865957,PASS
V8,F19,29,1028,4025929,30,500,3,-3.862778014913876,-2.805569559471893,-3.862778014913876,0.6145395000057761,PASS
V8,F19,30,1029,4025930,30,500,3,-3.8627786337700947,-3.661052938270577,-3.8627786337700947,0.6269658000092022,PASS
V8,F20,2,1001,4026002,30,500,6,-3.3220584929671926,-2.366607712192178,-3.3220584929671926,0.7241355000005569,PASS
V8,F20,1,1000,4026001,30,500,6,-3.32165618011824,-1.719657427599971,-3.32165618011824,0.7718764000164811,PASS
V8,F20,4,1003,4026004,30,500,6,-3.321129392484032,-1.4156844025488817,-3.321129392484032,0.7587673999951221,PASS
V8,F20,3,1002,4026003,30,500,6,-3.1972115241871664,-2.639546222318051,-3.1972115241871664,0.8062356000009459,PASS
V8,F20,5,1004,4026005,30,500,6,-3.0836506547863283,-1.546975718287114,-3.0836506547863283,0.7461741000006441,PASS
V8,F20,7,1006,4026007,30,500,6,-3.3218763636251136,-1.3524600207773423,-3.3218763636251136,0.7260597000131384,PASS
V8,F20,6,1005,4026006,30,500,6,-3.1376434137064293,-0.9891623935739681,-3.1376434137064293,0.7558271999878343,PASS
V8,F20,8,1007,4026008,30,500,6,-3.321926025622844,-1.1897588416913751,-3.321926025622844,0.7616986999928486,PASS
V8,F20,10,1009,4026010,30,500,6,-3.2026537724258355,-1.5097145340696625,-3.2026537724258355,0.7414802999992389,PASS
V8,F20,12,1011,4026012,30,500,6,-3.2024047245967204,-1.3334487205410632,-3.2024047245967204,0.7668030000058934,PASS
V8,F20,9,1008,4026009,30,500,6,-3.2028984900474335,-2.5573730477528325,-3.2028984900474335,0.789885400008643,PASS
V8,F20,11,1010,4026011,30,500,6,-3.3221803625144886,-0.6291784544978798,-3.3221803625144886,0.7827306999824941,PASS
V8,F20,13,1012,4026013,30,500,6,-3.3219544983155336,-1.0595512897021777,-3.3219544983155336,0.7375008999952115,PASS
V8,F20,15,1014,4026015,30,500,6,-3.202491001123324,-2.443957038960648,-3.202491001123324,0.7133133999886923,PASS
V8,F20,14,1013,4026014,30,500,6,-3.202674517204299,-1.8745849243144121,-3.202674517204299,0.7821811999892816,PASS
V8,F20,16,1015,4026016,30,500,6,-3.3216193786079247,-1.42589448097107,-3.3216193786079247,0.7711133999982849,PASS
V8,F20,17,1016,4026017,30,500,6,-3.3218471594359227,-0.7707250057888351,-3.3218471594359227,0.7470924999797717,PASS
V8,F20,20,1019,4026020,30,500,6,-3.3221843941647395,-1.1694872668654595,-3.3221843941647395,0.7471551999915391,PASS
V8,F20,19,1018,4026019,30,500,6,-3.3220755247543092,-1.6501266361374602,-3.3220755247543092,0.7655883000115864,PASS
V8,F20,18,1017,4026018,30,500,6,-3.3214815631567896,-1.2806836046999825,-3.3214815631567896,0.7966815000108909,PASS
V8,F20,22,1021,4026022,30,500,6,-3.321895588627635,-1.9643777697330147,-3.321895588627635,0.7593097999924794,PASS
V8,F20,21,1020,4026021,30,500,6,-3.3202920193772365,-1.3182646272649436,-3.3202920193772365,0.7788283999834675,PASS
V8,F20,24,1023,4026024,30,500,6,-3.3217026885284247,-1.66295644462256,-3.3217026885284247,0.7273724999977276,PASS
V8,F20,23,1022,4026023,30,500,6,-3.202452074987157,-0.8292420221596318,-3.202452074987157,0.7961202999867965,PASS
V8,F20,25,1024,4026025,30,500,6,-3.3219384272649486,-0.9695628721775759,-3.3219384272649486,0.734141399996588,PASS
V8,F20,28,1027,4026028,30,500,6,-3.3217642642204135,-0.7602290577530897,-3.3217642642204135,0.7615146999887656,PASS
V8,F20,26,1025,4026026,30,500,6,-3.076852605038247,-1.6523507833992392,-3.076852605038247,0.7672572000010405,PASS
V8,F20,27,1026,4026027,30,500,6,-3.2030678246437607,-2.2223661928383214,-3.2030678246437607,0.7767150000145193,PASS
V8,F21,1,1000,4026101,30,500,4,-10.15306364437922,-0.7856612453746614,-10.15306364437922,0.6648180999909528,PASS
V8,F21,2,1001,4026102,30,500,4,-5.100409731793446,-0.255284514021552,-5.100409731793446,0.6881176000169944,PASS
V8,F20,29,1028,4026029,30,500,6,-3.3222220203673887,-1.1782094607932692,-3.3222220203673887,0.7718856999999844,PASS
V8,F20,30,1029,4026030,30,500,6,-3.3220492870521885,-1.358077861654103,-3.3220492870521885,0.7693112999841105,PASS
V8,F21,3,1002,4026103,30,500,4,-5.055104687454849,-0.7458813166548436,-5.055104687454849,0.6471667000150774,PASS
V8,F21,4,1003,4026104,30,500,4,-5.0879303173182695,-0.3482705863990612,-5.0879303173182695,0.641935999999987,PASS
V8,F21,6,1005,4026106,30,500,4,-10.152126603847924,-0.5910831778647738,-10.152126603847924,0.6317432000068948,PASS
V8,F21,5,1004,4026105,30,500,4,-10.130925605127802,-0.42018439611118236,-10.130925605127802,0.6784347000066191,PASS
V8,F21,8,1007,4026108,30,500,4,-5.055195884766155,-0.5537203015819497,-5.055195884766155,0.6269025000219699,PASS
V8,F21,7,1006,4026107,30,500,4,-10.151214915173652,-0.42913328296464676,-10.151214915173652,0.6402119999984279,PASS
V8,F21,9,1008,4026109,30,500,4,-10.14785941546404,-0.3954824691564748,-10.14785941546404,0.627079900004901,PASS
V8,F21,10,1009,4026110,30,500,4,-10.145069172698072,-0.3873214329929367,-10.145069172698072,0.645051900006365,PASS
V8,F21,13,1012,4026113,30,500,4,-10.127763172928177,-0.5398028645395757,-10.127763172928177,0.6060719999950379,PASS
V8,F21,12,1011,4026112,30,500,4,-2.6260795512804824,-0.42577067910792477,-2.6260795512804824,0.6233997000090312,PASS
V8,F21,14,1013,4026114,30,500,4,-10.148027246980604,-0.4533003470413142,-10.148027246980604,0.6173472999944352,PASS
V8,F21,11,1010,4026111,30,500,4,-2.6287527809976186,-0.3122489822002593,-2.6287527809976186,0.657621599995764,PASS
V8,F21,15,1014,4026115,30,500,4,-10.133977171566656,-0.3593500916460118,-10.133977171566656,0.5796349000011105,PASS
V8,F21,16,1015,4026116,30,500,4,-10.147187515167253,-0.5643107717396479,-10.147187515167253,0.6067425000073854,PASS
V8,F21,18,1017,4026118,30,500,4,-5.1007720510119,-0.3187300785834754,-5.1007720510119,0.6071940999827348,PASS
V8,F21,17,1016,4026117,30,500,4,-10.152931049280628,-1.3126153292827127,-10.152931049280628,0.632640600000741,PASS
V8,F21,19,1018,4026119,30,500,4,-10.132235120222791,-0.4201398663247763,-10.132235120222791,0.6135985000000801,PASS
V8,F21,20,1019,4026120,30,500,4,-5.098026214915316,-0.556094779406882,-5.098026214915316,0.6263448000245262,PASS
V8,F21,21,1020,4026121,30,500,4,-10.14826366000449,-0.39892324222710235,-10.14826366000449,0.628950000012992,PASS
V8,F21,22,1021,4026122,30,500,4,-10.14425216994531,-0.8124729051033841,-10.14425216994531,0.6417285999923479,PASS
V8,F21,23,1022,4026123,30,500,4,-5.098808617125165,-0.5751988255431095,-5.098808617125165,0.6157101000135299,PASS
V8,F21,24,1023,4026124,30,500,4,-10.152921686601879,-0.36248300442977327,-10.152921686601879,0.6065260999894235,PASS
V8,F21,25,1024,4026125,30,500,4,-10.15310327532381,-0.4078383896375593,-10.15310327532381,0.6130064999742899,PASS
V8,F21,26,1025,4026126,30,500,4,-10.15289414268588,-0.3234823818806821,-10.15289414268588,0.6311223999946378,PASS
V8,F21,29,1028,4026129,30,500,4,-10.151430993593642,-0.3985356486821531,-10.151430993593642,0.6340351999970153,PASS
V8,F21,30,1029,4026130,30,500,4,-5.055186280962712,-0.36908201859372297,-5.055186280962712,0.6428701000113506,PASS
V8,F21,28,1027,4026128,30,500,4,-10.151309516443215,-0.3986533020007952,-10.151309516443215,0.6553787000011653,PASS
V8,F21,27,1026,4026127,30,500,4,-10.151077684642187,-0.29612421486392365,-10.151077684642187,0.6744888999965042,PASS
V8,F22,1,1000,4026201,30,500,4,-10.402581659344545,-0.9317573703945224,-10.402581659344545,0.702610399981495,PASS
V8,F22,4,1003,4026204,30,500,4,-5.115871618771866,-0.370970802781476,-5.115871618771866,0.6761562000028789,PASS
V8,F22,2,1001,4026202,30,500,4,-10.386800557846957,-0.9222716528520395,-10.386800557846957,0.7029532000015024,PASS
V8,F22,3,1002,4026203,30,500,4,-5.087590297414889,-0.7773340207644487,-5.087590297414889,0.7303864999848884,PASS
V8,F22,8,1007,4026208,30,500,4,-5.087671352320769,-0.582643477675555,-5.087671352320769,0.723065600002883,PASS
V8,F22,5,1004,4026205,30,500,4,-10.402470769803127,-0.5275828087880526,-10.402470769803127,0.7545062999997754,PASS
V8,F22,7,1006,4026207,30,500,4,-10.402597656692189,-0.4985747392352459,-10.402597656692189,0.7294630999967922,PASS
V8,F22,6,1005,4026206,30,500,4,-10.401180670959201,-0.6964166048173347,-10.401180670959201,0.7460265999834519,PASS
V8,F22,10,1009,4026210,30,500,4,-10.401200030903539,-0.5770862732792144,-10.401200030903539,0.7166928999940865,PASS
V8,F22,11,1010,4026211,30,500,4,-2.764660021999973,-0.4296436080947541,-2.764660021999973,0.7189006000116933,PASS
V8,F22,9,1008,4026209,30,500,4,-10.40017378655578,-0.49284895953941,-10.40017378655578,0.7345680999860633,PASS
V8,F22,12,1011,4026212,30,500,4,-10.396425841363014,-0.5645985806520991,-10.396425841363014,0.7398070000053849,PASS
V8,F22,13,1012,4026213,30,500,4,-10.378473836234573,-0.6449517732088035,-10.378473836234573,0.7860121999983676,PASS
V8,F22,14,1013,4026214,30,500,4,-10.402314067571682,-0.9848094857049149,-10.402314067571682,0.7810071000130847,PASS
V8,F22,16,1015,4026216,30,500,4,-10.399141160271778,-0.6218257843354295,-10.399141160271778,0.8125693000038154,PASS
V8,F22,15,1014,4026215,30,500,4,-10.383963930401592,-0.4103758613869799,-10.383963930401592,0.841537900007097,PASS
V8,F22,17,1016,4026217,30,500,4,-10.402564093469659,-1.5765565707085023,-10.402564093469659,0.8059425000101328,PASS
V8,F22,18,1017,4026218,30,500,4,-10.401905826810381,-0.44933832522368744,-10.401905826810381,0.812022900005104,PASS
V8,F22,19,1018,4026219,30,500,4,-10.383069243106476,-0.5128377893703403,-10.383069243106476,0.83998160000192,PASS
V8,F22,20,1019,4026220,30,500,4,-5.126128429678135,-0.5828681600134475,-5.126128429678135,0.85214870001073,PASS
V8,F22,21,1020,4026221,30,500,4,-10.400880597202116,-1.121161539213936,-10.400880597202116,0.7818160000024363,PASS
V8,F22,22,1021,4026222,30,500,4,-10.396858524447277,-0.9797111395033686,-10.396858524447277,0.8053586999885738,PASS
V8,F22,24,1023,4026224,30,500,4,-10.402243699915479,-0.46854024723853555,-10.402243699915479,0.8508739999961108,PASS
V8,F22,23,1022,4026223,30,500,4,-5.126812487084918,-0.6086256797700836,-5.126812487084918,0.8705430999980308,PASS
V8,F22,25,1024,4026225,30,500,4,-10.402857710904453,-0.5048069121336105,-10.402857710904453,0.8207733999879565,PASS
V8,F22,26,1025,4026226,30,500,4,-5.087641339776466,-0.4813761157500475,-5.087641339776466,0.8245159999933094,PASS
V8,F22,27,1026,4026227,30,500,4,-10.402353549675842,-0.3899985277776262,-10.402353549675842,0.8055109999841079,PASS
V8,F22,28,1027,4026228,30,500,4,-10.386255008079237,-0.7157489465814115,-10.386255008079237,0.8105034000182059,PASS
V8,F22,29,1028,4026229,30,500,4,-10.391919884126493,-0.7171582833042149,-10.391919884126493,0.7526685999764595,PASS
V8,F22,30,1029,4026230,30,500,4,-10.376064971005993,-0.43985095714117073,-10.376064971005993,0.7492017000040505,PASS
V8,F23,2,1001,4026302,30,500,4,-10.518170534161312,-1.0008003304569233,-10.518170534161312,0.9036897999758366,PASS
V8,F23,1,1000,4026301,30,500,4,-10.53607327278998,-1.0238629556348218,-10.53607327278998,0.9148067999922205,PASS
V8,F23,4,1003,4026304,30,500,4,-10.535954464629896,-0.5565675694250592,-10.535954464629896,0.8654485000006389,PASS
V8,F23,3,1002,4026303,30,500,4,-5.1284801636160005,-0.8164625137143151,-5.1284801636160005,0.8898869999975432,PASS
V8,F23,5,1004,4026305,30,500,4,-10.535668292967305,-0.8454832942164738,-10.535668292967305,0.8599825999990571,PASS
V8,F23,6,1005,4026306,30,500,4,-10.536289558818899,-0.7414380430410371,-10.536289558818899,0.87140589999035,PASS
V8,F23,8,1007,4026308,30,500,4,-10.531585684002216,-0.7874801856706389,-10.531585684002216,0.8830445999919903,PASS
V8,F23,7,1006,4026307,30,500,4,-10.534693424163393,-0.6872915656446693,-10.534693424163393,0.9362023999856319,PASS
V8,F23,9,1008,4026309,30,500,4,-10.533616969579874,-0.5747711898984762,-10.533616969579874,0.9241929999843705,PASS
V8,F23,10,1009,4026310,30,500,4,-10.536004217739276,-0.645758260380765,-10.536004217739276,0.931284999998752,PASS
V8,F23,12,1011,4026312,30,500,4,-2.8710442755266734,-0.823786750800087,-2.8710442755266734,0.811435799987521,PASS
V8,F23,11,1010,4026311,30,500,4,-2.7959752543903704,-0.4663841659661791,-2.7959752543903704,0.8642114000103902,PASS
V8,F23,14,1013,4026314,30,500,4,-10.535816545431095,-1.0997090054454173,-10.535816545431095,0.8482991999771912,PASS
V8,F23,13,1012,4026313,30,500,4,-10.512615089345644,-0.7770502763168828,-10.512615089345644,0.8607630000042263,PASS
V8,F23,15,1014,4026315,30,500,4,-10.53619184921892,-0.5002675730803412,-10.53619184921892,0.8642044000152964,PASS
V8,F23,16,1015,4026316,30,500,4,-5.165425510300066,-0.9043428755262034,-5.165425510300066,0.877815499989083,PASS
V8,F23,18,1017,4026318,30,500,4,-10.535290605141084,-0.47569531546084826,-10.535290605141084,0.8833431999955792,PASS
V8,F23,17,1016,4026317,30,500,4,-10.536086032677792,-1.7597194378362429,-10.536086032677792,0.9181088999903295,PASS
V8,F23,20,1019,4026320,30,500,4,-5.173020976919785,-0.6308786806539844,-5.173020976919785,0.8337829999800306,PASS
V8,F23,21,1020,4026321,30,500,4,-10.524267567570627,-1.2125486530771716,-10.524267567570627,0.8276656999951228,PASS
V8,F23,19,1018,4026319,30,500,4,-10.516397294562813,-0.5736082314038227,-10.516397294562813,0.8983817000116687,PASS
V8,F23,22,1021,4026322,30,500,4,-10.53599880827457,-1.0750391172262725,-10.53599880827457,0.8644777000008617,PASS
V8,F23,23,1022,4026323,30,500,4,-10.523027727250415,-0.7229501803676563,-10.523027727250415,0.8531333999999333,PASS
V8,F23,24,1023,4026324,30,500,4,-2.8702070346331254,-0.7987194079905501,-2.8702070346331254,0.8498958999989554,PASS
V8,F23,26,1025,4026326,30,500,4,-10.527384112220817,-0.6147683017235526,-10.527384112220817,0.8661886999907438,PASS
V8,F23,25,1024,4026325,30,500,4,-5.173976660231849,-0.6700425911086935,-5.173976660231849,0.8967645000084303,PASS
V8,F23,28,1027,4026328,30,500,4,-10.519764156259908,-0.8946038920849877,-10.519764156259908,0.8619324000028428,PASS
V8,F23,27,1026,4026327,30,500,4,-5.175544377884054,-0.820457114634507,-5.175544377884054,0.8855153000040445,PASS
V8,F23,29,1028,4026329,30,500,4,-10.528798072093277,-0.8835439811854388,-10.528798072093277,0.8708031999995001,PASS
V8,F23,30,1029,4026330,30,500,4,-10.531523421841257,-0.5471043607426501,-10.531523421841257,0.950846099993214,PASS
V9,F1,2,1001,4024102,30,500,30,4.337798599847505e-277,70905.34012781148,4.337798599847505e-277,1.5646249999990687,PASS
V9,F1,4,1003,4024104,30,500,30,2.0304968670294126e-279,71067.53341075269,2.0304968670294126e-279,1.5598145000112709,PASS
V9,F1,3,1002,4024103,30,500,30,2.1582791460449396e-281,71382.05725267014,2.1582791460449396e-281,1.621235800004797,PASS
V9,F1,1,1000,4024101,30,500,30,3.761877173444329e-273,67810.20717660758,3.761877173444329e-273,1.6709033999941312,PASS
V9,F1,6,1005,4024106,30,500,30,9.74862699666552e-267,68827.91056515143,9.74862699666552e-267,1.7977843999979086,PASS
V9,F1,7,1006,4024107,30,500,30,2.5607564953318634e-298,70203.2929860324,2.5607564953318634e-298,1.8061612999881618,PASS
V9,F1,5,1004,4024105,30,500,30,1.95098111204974e-286,71494.67494006979,1.95098111204974e-286,1.8794276000116952,PASS
V9,F1,8,1007,4024108,30,500,30,1.391678695027163e-262,54060.05645133964,1.391678695027163e-262,1.8653676999965683,PASS
V9,F1,10,1009,4024110,30,500,30,0.0,68415.51807348001,0.0,1.63524740000139,PASS
V9,F1,9,1008,4024109,30,500,30,0.0,70963.15903282672,0.0,1.679069600009825,PASS
V9,F1,11,1010,4024111,30,500,30,0.0,79775.6397390009,0.0,1.6821340000024065,PASS
V9,F1,12,1011,4024112,30,500,30,4.241091111482678e-303,60211.88868860319,4.241091111482678e-303,1.6998375999974087,PASS
V9,F1,14,1013,4024114,30,500,30,0.0,65644.03203813086,0.0,1.7415016000159085,PASS
V9,F1,13,1012,4024113,30,500,30,2.0799759435296153e-302,68582.22618939156,2.0799759435296153e-302,1.7745173000148498,PASS
V9,F1,15,1014,4024115,30,500,30,4.365869610215051e-277,62548.52364809662,4.365869610215051e-277,1.7397788999951445,PASS
V9,F1,16,1015,4024116,30,500,30,3.433157450843958e-294,60965.044173403294,3.433157450843958e-294,1.7718034999852534,PASS
V9,F1,18,1017,4024118,30,500,30,9.0199699605466e-263,70498.00209305885,9.0199699605466e-263,1.6763988000166137,PASS
V9,F1,17,1016,4024117,30,500,30,7.136672423490776e-289,73040.90885855701,7.136672423490776e-289,1.6786546000221279,PASS
V9,F1,19,1018,4024119,30,500,30,0.0,59692.16515890604,0.0,1.744579899997916,PASS
V9,F1,20,1019,4024120,30,500,30,1.2855717127014243e-285,78896.22221622002,1.2855717127014243e-285,1.7693497000145726,PASS
V9,F1,21,1020,4024121,30,500,30,0.0,81948.70656934404,0.0,1.9512174999981653,PASS
V9,F1,22,1021,4024122,30,500,30,1.637214232372663e-272,64283.25200493102,1.637214232372663e-272,1.9545618999982253,PASS
V9,F1,24,1023,4024124,30,500,30,0.0,72002.90593091116,0.0,1.927676799998153,PASS
V9,F1,23,1022,4024123,30,500,30,3.4047725069489546e-270,77870.80856837892,3.4047725069489546e-270,1.9601590000092983,PASS
V9,F1,26,1025,4024126,30,500,30,0.0,67654.2390610096,0.0,1.6570352999842726,PASS
V9,F1,25,1024,4024125,30,500,30,3.7831866023274976e-295,56336.5278763339,3.7831866023274976e-295,1.6702695999993011,PASS
V9,F1,27,1026,4024127,30,500,30,8.921957055024521e-287,68127.13090112404,8.921957055024521e-287,1.7174060000106692,PASS
V9,F1,28,1027,4024128,30,500,30,1.0488530292323951e-302,71281.47829858353,1.0488530292323951e-302,1.714975000009872,PASS
V9,F1,30,1029,4024130,30,500,30,0.0,77096.69700709768,0.0,1.979495199979283,PASS
V9,F2,1,1000,4024201,30,500,30,5.810713650281025e-145,360067002398.5346,5.810713650281025e-145,1.9210971999855246,PASS
V9,F1,29,1028,4024129,30,500,30,1.218510772017899e-295,66088.0070704646,1.218510772017899e-295,1.9997499999881256,PASS
V9,F2,2,1001,4024202,30,500,30,0.0,1715602834860.7356,0.0,1.9347792000044137,PASS
V9,F2,3,1002,4024203,30,500,30,1.3633283804396737e-148,702308869043.374,1.3633283804396737e-148,1.6109771999763325,PASS
V9,F2,4,1003,4024204,30,500,30,4.6394218330412795e-150,2634424742592.452,4.6394218330412795e-150,1.7002489999867976,PASS
V9,F2,5,1004,4024205,30,500,30,4.116428481076491e-144,2899651184.9231544,4.116428481076491e-144,1.7068642000085674,PASS
V9,F2,6,1005,4024206,30,500,30,4.818495109934158e-149,332841078922.353,4.818495109934158e-149,1.73467669999809,PASS
V9,F2,8,1007,4024208,30,500,30,0.0,729704378291.7789,0.0,1.8012694000208285,PASS
V9,F2,7,1006,4024207,30,500,30,3.856350107749206e-147,76547012233.40517,3.856350107749206e-147,1.9291448000003584,PASS
V9,F2,9,1008,4024209,30,500,30,9.602925786796799e-146,26401294709.697582,9.602925786796799e-146,1.8154868000128772,PASS
V9,F2,10,1009,4024210,30,500,30,0.0,713724413990.0226,0.0,1.8528237999998964,PASS
V9,F2,11,1010,4024211,30,500,30,2.8288303231984284e-146,80213629036800.12,2.8288303231984284e-146,1.5533504000050016,PASS
V9,F2,12,1011,4024212,30,500,30,0.0,39939133237.937126,0.0,1.6067930999852251,PASS
V9,F2,13,1012,4024213,30,500,30,4.9694854485139424e-152,9593437258663.51,4.9694854485139424e-152,1.6189317999815103,PASS
V9,F2,14,1013,4024214,30,500,30,1.5799867138154716e-148,4038700082325.6636,1.5799867138154716e-148,1.6504016000253614,PASS
V9,F2,15,1014,4024215,30,500,30,2.2968456227503704e-151,22135772844271.426,2.2968456227503704e-151,1.7694734999968205,PASS
V9,F2,16,1015,4024216,30,500,30,3.5256409284122294e-150,34707708682.06033,3.5256409284122294e-150,1.8075339999923017,PASS
V9,F2,18,1017,4024218,30,500,30,0.0,2748969363192.687,0.0,1.7631129999936093,PASS
V9,F2,17,1016,4024217,30,500,30,1.1242763695565242e-159,2021349198795.503,1.1242763695565242e-159,1.85895100000198,PASS
V9,F2,20,1019,4024220,30,500,30,1.0228569054824636e-156,47711548051367.61,1.0228569054824636e-156,1.6972233000269625,PASS
V9,F2,19,1018,4024219,30,500,30,2.7119509702689733e-143,10392937112.024113,2.7119509702689733e-143,1.7609028999868315,PASS
V9,F2,22,1021,4024222,30,500,30,4.0020237766757566e-156,7683677948828.628,4.0020237766757566e-156,1.7327876999916043,PASS
V9,F2,21,1020,4024221,30,500,30,0.0,102707326348.72324,0.0,1.8530894000141416,PASS
V9,F2,23,1022,4024223,30,500,30,0.0,155737363148.78427,0.0,1.9307627999805845,PASS
V9,F2,25,1024,4024225,30,500,30,8.388982367234402e-148,3865443685.5409384,8.388982367234402e-148,2.0028920999902766,PASS
V9,F2,24,1023,4024224,30,500,30,0.0,1339473094382.0034,0.0,2.0440802999946754,PASS
V9,F2,26,1025,4024226,30,500,30,1.0045295118387568e-151,68338205734834.914,1.0045295118387568e-151,2.046680900006322,PASS
V9,F2,30,1029,4024230,30,500,30,9.652927215724072e-148,811737307015.2843,9.652927215724072e-148,1.6788391000009142,PASS
V9,F2,28,1027,4024228,30,500,30,0.0,3236421004233.4863,0.0,1.7498024000087753,PASS
V9,F2,29,1028,4024229,30,500,30,5.6531383668806424e-142,3305236700.5331717,5.6531383668806424e-142,1.7732618000009097,PASS
V9,F2,27,1026,4024227,30,500,30,9.964152975242279e-146,67722205355.99468,9.964152975242279e-146,1.8282940000062808,PASS
V9,F3,1,1000,4024301,30,500,30,0.0,106811.1871437447,0.0,1.845120699988911,PASS
V9,F3,2,1001,4024302,30,500,30,6.029608461153273e-275,228881.45062340857,6.029608461153273e-275,1.9172433000057936,PASS
V9,F3,3,1002,4024303,30,500,30,1.041221759755737e-266,132408.1368091635,1.041221759755737e-266,1.904000399983488,PASS
V9,F3,4,1003,4024304,30,500,30,2.5393644318187723e-282,252004.5370062454,2.5393644318187723e-282,1.8753892999957316,PASS
V9,F3,8,1007,4024308,30,500,30,2.843613198738139e-274,192911.98136862018,2.843613198738139e-274,1.6846721000038087,PASS
V9,F3,7,1006,4024307,30,500,30,6.417760275455178e-257,133484.8315350889,6.417760275455178e-257,1.7013850000221282,PASS
V9,F3,5,1004,4024305,30,500,30,0.0,126006.68015739581,0.0,1.7499389000004157,PASS
V9,F3,6,1005,4024306,30,500,30,4.112785834045785e-279,121185.1674532735,4.112785834045785e-279,1.7788831999932881,PASS
V9,F3,12,1011,4024312,30,500,30,0.0,137478.41138112583,0.0,1.7937198000145145,PASS
V9,F3,9,1008,4024309,30,500,30,3.508880592716856e-259,135241.10379381198,3.508880592716856e-259,1.8597153000009712,PASS
V9,F3,11,1010,4024311,30,500,30,5.919402809646419e-263,258402.473983956,5.919402809646419e-263,1.931369600002654,PASS
V9,F3,10,1009,4024310,30,500,30,0.0,107976.19188391927,0.0,2.0047347999934573,PASS
V9,F3,14,1013,4024314,30,500,30,2.162491000780456e-265,166657.1711129854,2.162491000780456e-265,1.6618347000039648,PASS
V9,F3,15,1014,4024315,30,500,30,9.867934977617122e-261,221992.0552764344,9.867934977617122e-261,1.6634005999949295,PASS
V9,F3,13,1012,4024313,30,500,30,8.31040165857007e-284,157787.82385873256,8.31040165857007e-284,1.7705321999965236,PASS
V9,F3,16,1015,4024316,30,500,30,9.349782301309402e-286,294151.3375734341,9.349782301309402e-286,1.8015908999950625,PASS
V9,F3,18,1017,4024318,30,500,30,1.2659677572982851e-248,245433.61431170706,1.2659677572982851e-248,1.9160515000112355,PASS
V9,F3,17,1016,4024317,30,500,30,0.0,119365.44128648656,0.0,1.9480743000167422,PASS
V9,F3,19,1018,4024319,30,500,30,1.1056664391214895e-257,244606.59772993292,1.1056664391214895e-257,1.9063200999808032,PASS
V9,F3,20,1019,4024320,30,500,30,8.086535340833511e-279,161467.97997834763,8.086535340833511e-279,1.945808099990245,PASS
V9,F3,23,1022,4024323,30,500,30,0.0,163245.37719853327,0.0,1.7305414000002202,PASS
V9,F3,21,1020,4024321,30,500,30,5.797826487362419e-295,126211.38335020539,5.797826487362419e-295,1.7570132999971975,PASS
V9,F3,24,1023,4024324,30,500,30,6.454868464913744e-288,113871.83421879425,6.454868464913744e-288,1.7711888999911025,PASS
V9,F3,22,1021,4024322,30,500,30,3.200170272259461e-294,135794.76099693272,3.200170272259461e-294,1.7823509000008926,PASS
V9,F3,27,1026,4024327,30,500,30,1.2326837805434693e-274,183635.15749931926,1.2326837805434693e-274,1.8628587999846786,PASS
V9,F3,28,1027,4024328,30,500,30,8.251589725942503e-264,131384.1741233503,8.251589725942503e-264,1.9479068999935407,PASS
V9,F3,25,1024,4024325,30,500,30,5.241217606024063e-258,79356.08665120536,5.241217606024063e-258,1.997652099991683,PASS
V9,F3,26,1025,4024326,30,500,30,2.2748066274302085e-280,123007.79353130393,2.2748066274302085e-280,2.081302800012054,PASS
V9,F3,30,1029,4024330,30,500,30,3.373369026390969e-263,90997.76111955676,3.373369026390969e-263,1.8300579999922775,PASS
V9,F3,29,1028,4024329,30,500,30,3.5895206904383205e-252,171958.72311027217,3.5895206904383205e-252,1.854152999992948,PASS
V9,F4,2,1001,4024402,30,500,30,3.2299482647950403e-149,88.23531594133786,3.2299482647950403e-149,1.8426470000122208,PASS
V9,F4,1,1000,4024401,30,500,30,0.0,89.41203274460929,0.0,1.8565341000212356,PASS
V9,F4,4,1003,4024404,30,500,30,0.0,90.05593850015435,0.0,2.231030399998417,PASS
V9,F4,5,1004,4024405,30,500,30,1.250121981338262e-125,83.47974018645405,1.250121981338262e-125,2.242654000001494,PASS
V9,F4,3,1002,4024403,30,500,30,2.305111085466058e-142,90.93773968107635,2.305111085466058e-142,2.270110100012971,PASS
V9,F4,6,1005,4024406,30,500,30,1.062461072418593e-140,87.42803920060479,1.062461072418593e-140,2.2552540999895427,PASS
V9,F4,7,1006,4024407,30,500,30,0.0,89.67489840896681,0.0,1.6640232999925502,PASS
V9,F4,8,1007,4024408,30,500,30,1.564276438644192e-136,88.56020743697258,1.564276438644192e-136,1.6840882000105921,PASS
V9,F4,10,1009,4024410,30,500,30,0.0,88.62436437004385,0.0,1.6972066000162158,PASS
V9,F4,9,1008,4024409,30,500,30,6.892695924319116e-130,90.98182394999645,6.892695924319116e-130,1.723111200000858,PASS
V9,F4,11,1010,4024411,30,500,30,2.3826755872385176e-162,82.14021784717164,2.3826755872385176e-162,1.8520567999803461,PASS
V9,F4,12,1011,4024412,30,500,30,8.996114284658332e-138,87.6380567694806,8.996114284658332e-138,1.844347199978074,PASS
V9,F4,13,1012,4024413,30,500,30,7.509206783941373e-150,81.54232198828862,7.509206783941373e-150,1.8752344999811612,PASS
V9,F4,14,1013,4024414,30,500,30,1.0945849791998242e-137,77.8379255985727,1.0945849791998242e-137,1.8780648999963887,PASS
V9,F4,18,1017,4024418,30,500,30,1.6161524200060366e-138,91.69265780583274,1.6161524200060366e-138,1.6331180999986827,PASS
V9,F4,15,1014,4024415,30,500,30,6.8250596474086535e-136,77.5649543326395,6.8250596474086535e-136,1.7439689000020735,PASS
V9,F4,16,1015,4024416,30,500,30,0.0,89.52145242027729,0.0,1.7284898000070825,PASS
V9,F4,17,1016,4024417,30,500,30,1.2306026534756748e-129,89.68075670875115,1.2306026534756748e-129,1.7336748999950942,PASS
V9,F4,20,1019,4024420,30,500,30,0.0,89.14712458834947,0.0,1.7806214000156615,PASS
V9,F4,22,1021,4024422,30,500,30,5.243275144464207e-135,90.86947090420732,5.243275144464207e-135,1.8128546999942046,PASS
V9,F4,19,1018,4024419,30,500,30,2.6077957379320725e-127,87.81454527863241,2.6077957379320725e-127,1.9164002999896184,PASS
V9,F4,21,1020,4024421,30,500,30,1.5650440297928577e-135,93.48016114980666,1.5650440297928577e-135,1.8337628000008408,PASS
V9,F4,25,1024,4024425,30,500,30,1.2270672030418987e-138,83.43944699892515,1.2270672030418987e-138,1.6125806999916676,PASS
V9,F4,24,1023,4024424,30,500,30,1.755421078720572e-138,86.34666057993036,1.755421078720572e-138,1.677248599997256,PASS
V9,F4,23,1022,4024423,30,500,30,4.063251053286151e-129,86.36772034124569,4.063251053286151e-129,1.6969255000003614,PASS
V9,F4,26,1025,4024426,30,500,30,3.4380691227482376e-126,92.17294370207554,3.4380691227482376e-126,1.7272314000001643,PASS
V9,F4,27,1026,4024427,30,500,30,2.0051844047528376e-134,90.2554612114578,2.0051844047528376e-134,1.8720101000217255,PASS
V9,F4,28,1027,4024428,30,500,30,0.0,88.89385763229512,0.0,1.897388499986846,PASS
V9,F4,30,1029,4024430,30,500,30,1.0594399137592902e-142,90.25056319313495,1.0594399137592902e-142,1.8622578000067733,PASS
V9,F4,29,1028,4024429,30,500,30,1.204824543541558e-133,88.97595126021793,1.204824543541558e-133,1.9287874999863561,PASS
V9,F5,1,1000,4024501,30,500,30,28.81182484656922,262803966.06144178,28.81182484656922,1.627456299989717,PASS
V9,F5,4,1003,4024504,30,500,30,27.146008421076814,314425104.8265708,27.146008421076814,1.7136985000106506,PASS
V9,F5,2,1001,4024502,30,500,30,27.969951426441284,265509719.66763252,27.969951426441284,1.746536799997557,PASS
V9,F5,3,1002,4024503,30,500,30,27.97106192840327,290152790.99322855,27.97106192840327,1.7982397000014316,PASS
V9,F5,5,1004,4024505,30,500,30,27.94100993553114,264814459.6730534,27.94100993553114,2.008499199990183,PASS
V9,F5,7,1006,4024507,30,500,30,28.811280726804497,275703968.057919,28.811280726804497,1.9237793000065722,PASS
V9,F5,6,1005,4024506,30,500,30,28.594965847912878,275607877.05815667,28.594965847912878,1.9859082000039052,PASS
V9,F5,8,1007,4024508,30,500,30,28.63013135592185,196990313.2842615,28.63013135592185,1.9571771000046283,PASS
V9,F5,12,1011,4024512,30,500,30,27.98578728244724,135783553.73670316,27.98578728244724,1.6592380000220146,PASS
V9,F5,11,1010,4024511,30,500,30,28.590018838559747,311741780.6244718,28.590018838559747,1.6944659000146203,PASS
V9,F5,9,1008,4024509,30,500,30,27.990228367770268,264277025.01725703,27.990228367770268,1.7530259000195656,PASS
V9,F5,10,1009,4024510,30,500,30,27.97363817598773,275312500.08404154,27.97363817598773,1.779316000000108,PASS
V9,F5,13,1012,4024513,30,500,30,27.137734772052784,223922765.9861003,27.137734772052784,1.8422568999812938,PASS
V9,F5,14,1013,4024514,30,500,30,28.012283330365154,198137301.02750832,28.012283330365154,1.8431947999924887,PASS
V9,F5,15,1014,4024515,30,500,30,27.920560332452688,199986599.631898,27.920560332452688,1.8600659999938216,PASS
V9,F5,16,1015,4024516,30,500,30,27.681877759005,230963403.05164534,27.681877759005,1.8544026000017766,PASS
V9,F5,17,1016,4024517,30,500,30,28.758681421588975,267563143.6435758,28.758681421588975,1.634975699998904,PASS
V9,F5,18,1017,4024518,30,500,30,28.57780462609064,261605126.34257632,28.57780462609064,1.623296899982961,PASS
V9,F5,19,1018,4024519,30,500,30,27.94418311372326,235011607.0552513,27.94418311372326,1.6204320000251755,PASS
V9,F5,20,1019,4024520,30,500,30,27.155585175234677,318067279.8984649,27.155585175234677,1.6713952000136487,PASS
V9,F5,23,1022,4024523,30,500,30,28.446748605350944,224106822.12627918,28.446748605350944,1.7546462999889627,PASS
V9,F5,21,1020,4024521,30,500,30,28.59291578436366,320276562.2341088,28.59291578436366,1.7737928999995347,PASS
V9,F5,22,1021,4024522,30,500,30,27.14866896341607,250438783.368967,27.14866896341607,1.8716551999968942,PASS
V9,F5,24,1023,4024524,30,500,30,28.81091868257932,272530389.63664186,28.81091868257932,1.8547811999742407,PASS
V9,F5,25,1024,4024525,30,500,30,27.145921666624613,197086662.74910796,27.145921666624613,1.6423472999886144,PASS
V9,F5,26,1025,4024526,30,500,30,27.180053179528745,272825950.8696747,27.180053179528745,1.62125319999177,PASS
V9,F5,28,1027,4024528,30,500,30,27.17730463022076,306443111.17072505,27.17730463022076,1.6467531999805942,PASS
V9,F5,27,1026,4024527,30,500,30,26.50693618136848,289149958.1576517,26.50693618136848,1.6865530000068247,PASS
V9,F5,29,1028,4024529,30,500,30,27.164618114996305,254911291.89617184,27.164618114996305,1.7834703999978956,PASS
V9,F5,30,1029,4024530,30,500,30,27.124476974294616,297997041.8303026,27.124476974294616,1.7752009999821894,PASS
V9,F6,1,1000,4024601,30,500,30,0.026486309436192557,67909.83159949695,0.026486309436192557,1.7788463000033516,PASS
V9,F6,2,1001,4024602,30,500,30,0.08289033165726106,70582.57089954114,0.08289033165726106,1.7822861000022385,PASS
V9,F6,4,1003,4024604,30,500,30,3.349185254453403e-05,71219.00386103941,3.349185254453403e-05,1.632203400018625,PASS
V9,F6,3,1002,4024603,30,500,30,0.0003028386168421531,71353.455751133,0.0003028386168421531,1.6553995000140276,PASS
V9,F6,6,1005,4024606,30,500,30,2.046022878822982,68955.29999951718,2.046022878822982,1.659940799989272,PASS
V9,F6,5,1004,4024605,30,500,30,0.1353110385714947,71208.03386246378,0.1353110385714947,1.7455974000040442,PASS
V9,F6,7,1006,4024607,30,500,30,0.180467787603533,70011.4366295226,0.180467787603533,1.9200245000247378,PASS
V9,F6,8,1007,4024608,30,500,30,2.9577745083175113,54162.957873925516,2.9577745083175113,1.923240900010569,PASS
V9,F6,9,1008,4024609,30,500,30,2.518591176671352,70501.21762803209,2.518591176671352,1.9481651000096463,PASS
V9,F6,10,1009,4024610,30,500,30,2.283751919781041,68295.92181788973,2.283751919781041,1.9356908999907319,PASS
V9,F6,12,1011,4024612,30,500,30,0.04812985536324176,60343.443806650605,0.04812985536324176,1.5572694999864325,PASS
V9,F6,11,1010,4024611,30,500,30,0.029462539418833776,79935.06488261481,0.029462539418833776,1.6391761999984737,PASS
V9,F6,13,1012,4024613,30,500,30,0.01950520209190497,68881.92519101789,0.01950520209190497,1.6324614999757614,PASS
V9,F6,14,1013,4024614,30,500,30,0.29328074236451257,66078.30058116298,0.29328074236451257,1.6354259999934584,PASS
V9,F6,16,1015,4024616,30,500,30,0.09881148496157298,61089.234661411996,0.09881148496157298,1.6895398999913596,PASS
V9,F6,15,1014,4024615,30,500,30,0.11971980066037786,62157.94499673396,0.11971980066037786,1.7638863000029232,PASS
V9,F6,18,1017,4024618,30,500,30,0.0012023389128548432,70606.59378046433,0.0012023389128548432,1.7116668000235222,PASS
V9,F6,17,1016,4024617,30,500,30,2.3638175159694166,73031.55585073962,2.3638175159694166,1.7893735999823548,PASS
V9,F6,19,1018,4024619,30,500,30,1.9987151134280794,59960.68287322056,1.9987151134280794,1.6789822000137065,PASS
V9,F6,20,1019,4024620,30,500,30,0.0001052964960754179,79344.06586895653,0.0001052964960754179,1.7400151999900118,PASS
V9,F6,21,1020,4024621,30,500,30,2.3732801995219,81635.30658606326,2.3732801995219,1.7624761000042781,PASS
V9,F6,22,1021,4024622,30,500,30,0.06504195210785829,64215.54876603678,0.06504195210785829,1.793741300003603,PASS
V9,F6,23,1022,4024623,30,500,30,2.7952229912157596,78086.57507584567,2.7952229912157596,1.8819161000137683,PASS
V9,F6,25,1024,4024625,30,500,30,8.213112348669432e-05,56465.69237297281,8.213112348669432e-05,1.873158800008241,PASS
V9,F6,24,1023,4024624,30,500,30,0.0008854113251527374,72276.33926858637,0.0008854113251527374,1.913201499992283,PASS
V9,F6,26,1025,4024626,30,500,30,3.0456887380134705,67862.6591007802,3.0456887380134705,1.9562855999975,PASS
V9,F6,28,1027,4024628,30,500,30,1.7541065414179708,71067.99746945646,1.7541065414179708,1.562895800016122,PASS
V9,F6,27,1026,4024627,30,500,30,2.0425987401776466,68320.91352360474,2.0425987401776466,1.7108056000142824,PASS
V9,F6,30,1029,4024630,30,500,30,0.05282382358215673,77102.38991476683,0.05282382358215673,1.6869250999880023,PASS
V9,F6,29,1028,4024629,30,500,30,0.024628424593103063,66095.4100418736,0.024628424593103063,1.864867600001162,PASS
V9,F7,1,1000,4024701,30,500,30,9.45915362848826e-06,132.24256505296452,9.45915362848826e-06,1.8585363999882247,PASS
V9,F7,2,1001,4024702,30,500,30,6.837286203809079e-05,129.07738590868695,6.837286203809079e-05,2.00988420000067,PASS
V9,F7,3,1002,4024703,30,500,30,1.6784381334677967e-05,106.8866083511403,1.6784381334677967e-05,2.0108726999897044,PASS
V9,F7,4,1003,4024704,30,500,30,7.080694142436172e-05,120.0123686763614,7.080694142436172e-05,1.8737502000003587,PASS
V9,F7,8,1007,4024708,30,500,30,9.530159643600378e-05,89.84776718932376,9.530159643600378e-05,1.6806364000076428,PASS
V9,F7,6,1005,4024706,30,500,30,0.0002044215615785161,95.90377798740067,0.0002044215615785161,1.7485801000148058,PASS
V9,F7,7,1006,4024707,30,500,30,8.514306014872908e-05,109.43532753152996,8.514306014872908e-05,1.7949773000145797,PASS
V9,F7,5,1004,4024705,30,500,30,0.0002432252979321925,128.77654886785405,0.0002432252979321925,1.8179244000057224,PASS
V9,F7,9,1008,4024709,30,500,30,1.5447923321199042e-05,112.92200132609992,1.5447923321199042e-05,1.9331596000120044,PASS
V9,F7,10,1009,4024710,30,500,30,8.368433869609952e-05,124.61338032043707,8.368433869609952e-05,1.9556803000159562,PASS
V9,F7,12,1011,4024712,30,500,30,0.00014695992114428026,88.02744560759177,0.00014695992114428026,2.0153061999881174,PASS
V9,F7,11,1010,4024711,30,500,30,0.00021914311776938256,145.50908467686799,0.00021914311776938256,2.061820400005672,PASS
V9,F7,13,1012,4024713,30,500,30,4.457786551659293e-05,109.2388515683827,4.457786551659293e-05,1.7114553999854252,PASS
V9,F7,15,1014,4024715,30,500,30,4.9591094465339935e-06,99.80960290906447,4.9591094465339935e-06,1.7342977999942377,PASS
V9,F7,14,1013,4024714,30,500,30,2.8207178147332673e-05,125.18640614897903,2.8207178147332673e-05,1.7579503000015393,PASS
V9,F7,16,1015,4024716,30,500,30,0.00014586593514698265,118.50476153098273,0.00014586593514698265,1.770522600010736,PASS
V9,F7,17,1016,4024717,30,500,30,0.0006583776540748376,142.86321654785507,0.0006583776540748376,1.9720119000121485,PASS
V9,F7,19,1018,4024719,30,500,30,0.00021026431482797743,129.37924729813335,0.00021026431482797743,1.9569738999998663,PASS
V9,F7,20,1019,4024720,30,500,30,2.5783503506016103e-05,134.11199381657298,2.5783503506016103e-05,2.03548230000888,PASS
V9,F7,18,1017,4024718,30,500,30,0.000216334453166268,146.54341813360404,0.000216334453166268,2.0768692000128794,PASS
V9,F7,24,1023,4024724,30,500,30,0.00013413908657777807,134.83866130923477,0.00013413908657777807,1.65633749999688,PASS
V9,F7,22,1021,4024722,30,500,30,7.447946452510294e-05,97.89929812706661,7.447946452510294e-05,1.6767177000001539,PASS
V9,F7,21,1020,4024721,30,500,30,7.261338490871516e-05,134.48686620550905,7.261338490871516e-05,1.7281068000011146,PASS
V9,F7,23,1022,4024723,30,500,30,5.6976333538750125e-05,133.0436737145348,5.6976333538750125e-05,1.7368369000032544,PASS
V9,F7,27,1026,4024727,30,500,30,0.00019470491795281486,135.53438780914385,0.00019470491795281486,2.2950739999942016,PASS
V9,F7,25,1024,4024725,30,500,30,0.00018987324554264884,105.12427574420931,0.00018987324554264884,2.388244500005385,PASS
V9,F7,26,1025,4024726,30,500,30,6.18919342465308e-05,144.99096006092753,6.18919342465308e-05,2.380458900006488,PASS
V9,F7,28,1027,4024728,30,500,30,3.240355584894456e-05,93.82607923366973,3.240355584894456e-05,2.412283700017724,PASS
V9,F7,29,1028,4024729,30,500,30,2.3127066685910507e-05,162.80296180734086,2.3127066685910507e-05,1.758498300012434,PASS
V9,F8,1,1000,4024801,30,500,30,-8401.510557031239,-2451.876014434408,-8401.510557031239,1.7718267000163905,PASS
V9,F7,30,1029,4024730,30,500,30,0.000128178818000646,130.6949254804745,0.000128178818000646,1.7788338999962434,PASS
V9,F8,2,1001,4024802,30,500,30,-5125.291772538652,-2690.889994276502,-5125.291772538652,1.8144853000121657,PASS
V9,F8,3,1002,4024803,30,500,30,-4227.865534402277,-1692.1826887752877,-4227.865534402277,1.9240326999861281,PASS
V9,F8,5,1004,4024805,30,500,30,-3686.1398251950245,-1605.4114947545195,-3686.1398251950245,1.9782910000067204,PASS
V9,F8,6,1005,4024806,30,500,30,-4883.215651036948,-3595.6367869269293,-4883.215651036948,1.9492429999809247,PASS
V9,F8,4,1003,4024804,30,500,30,-12542.281927143535,-2110.3517025625324,-12542.281927143535,2.0087676999974065,PASS
V9,F8,10,1009,4024810,30,500,30,-4994.453608754252,-2623.8232741546635,-4994.453608754252,1.6721538999991026,PASS
V9,F8,9,1008,4024809,30,500,30,-5125.438273676555,-2337.3316623373657,-5125.438273676555,1.711167800007388,PASS
V9,F8,8,1007,4024808,30,500,30,-4710.32557812418,-1726.090940377079,-4710.32557812418,1.7251875000074506,PASS
V9,F8,7,1006,4024807,30,500,30,-7673.501032776497,-1885.772866590057,-7673.501032776497,1.7594828000001144,PASS
V9,F8,11,1010,4024811,30,500,30,-4055.772623910399,-1813.4049915384448,-4055.772623910399,1.956910999986576,PASS
V9,F8,14,1013,4024814,30,500,30,-11039.327611104165,-1526.011739420307,-11039.327611104165,1.9091667000029702,PASS
V9,F8,13,1012,4024813,30,500,30,-5583.571763928998,-2026.2048410858288,-5583.571763928998,1.9584490999986883,PASS
V9,F8,12,1011,4024812,30,500,30,-5555.907035807892,-2334.5511967809016,-5555.907035807892,2.073210900009144,PASS
V9,F8,15,1014,4024815,30,500,30,-4970.888822976063,-1577.9245638457974,-4970.888822976063,1.6591385999927297,PASS
V9,F8,17,1016,4024817,30,500,30,-11904.809522035073,-3022.774183385613,-11904.809522035073,1.6592586000042502,PASS
V9,F8,18,1017,4024818,30,500,30,-5135.103198058734,-1613.727286315913,-5135.103198058734,1.6843166000035126,PASS
V9,F8,16,1015,4024816,30,500,30,-4379.0096492043585,-1774.4957618865303,-4379.0096492043585,1.7431387999968138,PASS
V9,F8,21,1020,4024821,30,500,30,-12535.937801125863,-2248.510909834675,-12535.937801125863,1.8337502000213135,PASS
V9,F8,20,1019,4024820,30,500,30,-4537.2269645903625,-1937.2091609434265,-4537.2269645903625,1.879363399988506,PASS
V9,F8,19,1018,4024819,30,500,30,-5678.889848036217,-2231.4411955724777,-5678.889848036217,1.910846999991918,PASS
V9,F8,22,1021,4024822,30,500,30,-4788.93303216913,-1439.3070195018026,-4788.93303216913,1.854961299977731,PASS
V9,F8,26,1025,4024826,30,500,30,-8690.022181710183,-1895.6942306135086,-8690.022181710183,1.6061848999815993,PASS
V9,F8,25,1024,4024825,30,500,30,-4828.1070985916,-2207.6192588415524,-4828.1070985916,1.6443430999934208,PASS
V9,F8,24,1023,4024824,30,500,30,-4528.151520850668,-1788.751013337049,-4528.151520850668,1.672323700011475,PASS
V9,F8,23,1022,4024823,30,500,30,-8673.288051442094,-2698.531601043908,-8673.288051442094,1.708071300003212,PASS
V9,F8,28,1027,4024828,30,500,30,-11372.284574761237,-1823.0140943969723,-11372.284574761237,1.8004208000202198,PASS
V9,F8,27,1026,4024827,30,500,30,-4883.742314220682,-1646.4051333176737,-4883.742314220682,1.8658607999968808,PASS
V9,F8,29,1028,4024829,30,500,30,-10692.427533456186,-1854.1744144476797,-10692.427533456186,1.8472054000012577,PASS
V9,F8,30,1029,4024830,30,500,30,-4684.773731629548,-1702.2535651780167,-4684.773731629548,1.8584983000182547,PASS
V9,F9,1,1000,4024901,30,500,30,0.0,464.87493101018356,0.0,1.6800929000019096,PASS
V9,F9,2,1001,4024902,30,500,30,0.0,384.5497490364953,0.0,1.6964625999971759,PASS
V9,F9,4,1003,4024904,30,500,30,0.0,439.61790434394305,0.0,1.7465071000042371,PASS
V9,F9,3,1002,4024903,30,500,30,0.0,424.39485150190137,0.0,1.7711524000042118,PASS
V9,F9,6,1005,4024906,30,500,30,0.0,439.91283939992803,0.0,1.8615254000178538,PASS
V9,F9,5,1004,4024905,30,500,30,0.0,448.7388944016657,0.0,2.053390999994008,PASS
V9,F9,7,1006,4024907,30,500,30,0.0,431.59183701137,0.0,1.96717630000785,PASS
V9,F9,8,1007,4024908,30,500,30,0.0,365.8391088248434,0.0,2.01076470001135,PASS
V9,F9,9,1008,4024909,30,500,30,0.0,448.1773913088544,0.0,1.6415972000104375,PASS
V9,F9,11,1010,4024911,30,500,30,0.0,447.2888938374598,0.0,1.6263038000033703,PASS
V9,F9,12,1011,4024912,30,500,30,0.0,441.073286920272,0.0,1.6546907000010833,PASS
V9,F9,10,1009,4024910,30,500,30,0.0,467.3571333335915,0.0,1.6586365000111982,PASS
V9,F9,13,1012,4024913,30,500,30,0.0,434.02220260833974,0.0,1.7137458999932278,PASS
V9,F9,14,1013,4024914,30,500,30,0.0,440.91474681676505,0.0,1.8163232999795582,PASS
V9,F9,15,1014,4024915,30,500,30,0.0,466.36406583587524,0.0,1.8403327999985777,PASS
V9,F9,16,1015,4024916,30,500,30,0.0,433.86281469045554,0.0,1.839687600004254,PASS
V9,F9,18,1017,4024918,30,500,30,0.0,469.76371664050794,0.0,1.685940399998799,PASS
V9,F9,17,1016,4024917,30,500,30,0.0,422.02779107708176,0.0,1.7458164000126999,PASS
V9,F9,20,1019,4024920,30,500,30,0.0,458.030531975015,0.0,1.7029148000001442,PASS
V9,F9,19,1018,4024919,30,500,30,0.0,414.6138424388559,0.0,1.79265660000965,PASS
V9,F9,22,1021,4024922,30,500,30,0.0,441.34049530442945,0.0,1.7466597000020556,PASS
V9,F9,21,1020,4024921,30,500,30,0.0,465.26417440798247,0.0,1.77718430000823,PASS
V9,F9,23,1022,4024923,30,500,30,0.0,446.64097601097,0.0,1.8343103000079282,PASS
V9,F9,24,1023,4024924,30,500,30,0.0,433.79837842386155,0.0,1.814242100022966,PASS
V9,F9,25,1024,4024925,30,500,30,0.0,408.9701533118642,0.0,1.6430771000159439,PASS
V9,F9,26,1025,4024926,30,500,30,0.0,473.6616560879741,0.0,1.6675964000169188,PASS
V9,F9,27,1026,4024927,30,500,30,0.0,446.03906557516507,0.0,1.6854616999917198,PASS
V9,F9,28,1027,4024928,30,500,30,0.0,447.3494195224039,0.0,1.7292686000000685,PASS
V9,F9,29,1028,4024929,30,500,30,0.0,455.002187468864,0.0,1.971848699991824,PASS
V9,F9,30,1029,4024930,30,500,30,0.0,479.83128968283097,0.0,1.9466920999984723,PASS
V9,F10,1,1000,4025001,30,500,30,4.440892098500626e-16,20.764880617738655,4.440892098500626e-16,1.9523087000125088,PASS
V9,F10,2,1001,4025002,30,500,30,4.440892098500626e-16,20.80923383013385,4.440892098500626e-16,1.988373700005468,PASS
V9,F10,3,1002,4025003,30,500,30,4.440892098500626e-16,20.70259726914545,4.440892098500626e-16,1.6280183999915607,PASS
V9,F10,4,1003,4025004,30,500,30,4.440892098500626e-16,20.685941618453114,4.440892098500626e-16,1.6677290000079665,PASS
V9,F10,6,1005,4025006,30,500,30,4.440892098500626e-16,20.739339682394206,4.440892098500626e-16,1.6802285000158008,PASS
V9,F10,5,1004,4025005,30,500,30,4.440892098500626e-16,20.753180108678922,4.440892098500626e-16,1.6977260999847203,PASS
V9,F10,7,1006,4025007,30,500,30,4.440892098500626e-16,20.677331650145728,4.440892098500626e-16,1.8460304999898653,PASS
V9,F10,8,1007,4025008,30,500,30,4.440892098500626e-16,20.30938002246911,4.440892098500626e-16,1.8296219000185374,PASS
V9,F10,10,1009,4025010,30,500,30,4.440892098500626e-16,20.764014980012245,4.440892098500626e-16,1.8819347000098787,PASS
V9,F10,9,1008,4025009,30,500,30,4.440892098500626e-16,20.6623323028609,4.440892098500626e-16,1.9438500000105705,PASS
V9,F10,11,1010,4025011,30,500,30,4.440892098500626e-16,20.873205110265417,4.440892098500626e-16,1.6134084000077564,PASS
V9,F10,13,1012,4025013,30,500,30,4.440892098500626e-16,20.566750205953976,4.440892098500626e-16,1.6704778999846894,PASS
V9,F10,12,1011,4025012,30,500,30,4.440892098500626e-16,20.569830881242734,4.440892098500626e-16,1.6956308000080753,PASS
V9,F10,14,1013,4025014,30,500,30,4.440892098500626e-16,20.669354202190537,4.440892098500626e-16,1.7826937999925576,PASS
V9,F10,15,1014,4025015,30,500,30,4.440892098500626e-16,20.49068213407767,4.440892098500626e-16,2.0228501000092365,PASS
V9,F10,16,1015,4025016,30,500,30,4.440892098500626e-16,20.64013873956227,4.440892098500626e-16,1.9745253000000957,PASS
V9,F10,17,1016,4025017,30,500,30,4.440892098500626e-16,20.795292196710726,4.440892098500626e-16,1.9743110999988858,PASS
V9,F10,18,1017,4025018,30,500,30,4.440892098500626e-16,20.8269336510937,4.440892098500626e-16,1.9819521000026725,PASS
V9,F10,22,1021,4025022,30,500,30,4.440892098500626e-16,20.583645012836215,4.440892098500626e-16,1.6729233000078239,PASS
V9,F10,21,1020,4025021,30,500,30,4.440892098500626e-16,20.886822358893582,4.440892098500626e-16,1.7444659000029787,PASS
V9,F10,20,1019,4025020,30,500,30,4.440892098500626e-16,20.753576885043977,4.440892098500626e-16,1.762007999990601,PASS
V9,F10,19,1018,4025019,30,500,30,4.440892098500626e-16,20.287777247273507,4.440892098500626e-16,1.836890799982939,PASS
V9,F10,24,1023,4025024,30,500,30,4.440892098500626e-16,20.702337522964704,4.440892098500626e-16,1.9623106000071857,PASS
V9,F10,23,1022,4025023,30,500,30,4.440892098500626e-16,20.933352404055416,4.440892098500626e-16,2.0543308000196703,PASS
V9,F10,25,1024,4025025,30,500,30,4.440892098500626e-16,20.640145513776236,4.440892098500626e-16,1.990241200022865,PASS
V9,F10,26,1025,4025026,30,500,30,4.440892098500626e-16,20.66064456706877,4.440892098500626e-16,1.955793300003279,PASS
V9,F10,29,1028,4025029,30,500,30,4.440892098500626e-16,20.542581961741753,4.440892098500626e-16,1.6473450999765191,PASS
V9,F10,27,1026,4025027,30,500,30,4.440892098500626e-16,20.70523141613285,4.440892098500626e-16,1.733477200003108,PASS
V9,F10,30,1029,4025030,30,500,30,4.440892098500626e-16,20.847870698067215,4.440892098500626e-16,1.7409146999998484,PASS
V9,F10,28,1027,4025028,30,500,30,4.440892098500626e-16,20.792506436353648,4.440892098500626e-16,1.7876084000163246,PASS
V9,F11,1,1000,4025101,30,500,30,0.0,611.291864520307,0.0,2.0452970000042114,PASS
V9,F11,3,1002,4025103,30,500,30,0.0,643.4385152741779,0.0,1.9550813999958336,PASS
V9,F11,4,1003,4025104,30,500,30,0.0,640.6078006974948,0.0,2.0370857000234537,PASS
V9,F11,2,1001,4025102,30,500,30,0.0,639.1480611503106,0.0,2.1052520999801345,PASS
V9,F11,5,1004,4025105,30,500,30,0.0,644.4520744510511,0.0,1.738542300008703,PASS
V9,F11,6,1005,4025106,30,500,30,0.0,620.4511952126913,0.0,1.7747826999984682,PASS
V9,F11,7,1006,4025107,30,500,30,0.0,632.8296368484805,0.0,1.7743369999807328,PASS
V9,F11,8,1007,4025108,30,500,30,0.0,487.5405080335636,0.0,1.7881348000082653,PASS
V9,F11,12,1011,4025112,30,500,30,0.0,542.9069981974286,0.0,2.025575099978596,PASS
V9,F11,9,1008,4025109,30,500,30,0.0,639.6684312970408,0.0,2.088891199993668,PASS
V9,F11,11,1010,4025111,30,500,30,0.0,718.9807578130838,0.0,2.059178299998166,PASS
V9,F11,10,1009,4025110,30,500,30,0.0,616.7396630786404,0.0,2.100703700009035,PASS
V9,F11,13,1012,4025113,30,500,30,0.0,618.2400358748203,0.0,1.7001435999991372,PASS
V9,F11,15,1014,4025115,30,500,30,0.0,563.9367128903148,0.0,1.7358072999923024,PASS
V9,F11,16,1015,4025116,30,500,30,0.0,549.6853975606296,0.0,1.7718533000152092,PASS
V9,F11,14,1013,4025114,30,500,30,0.0,591.7962883432442,0.0,1.8007195999962278,PASS
V9,F11,17,1016,4025117,30,500,30,0.0,658.3681797175631,0.0,2.3112242999777663,PASS
V9,F11,18,1017,4025118,30,500,30,0.0,635.4820188150104,0.0,2.3479069999884814,PASS
V9,F11,19,1018,4025119,30,500,30,0.0,538.2294864301934,0.0,2.3272557000163943,PASS
V9,F11,20,1019,4025120,30,500,30,0.0,711.0659999459813,0.0,2.3157732999825384,PASS
V9,F11,22,1021,4025122,30,500,30,0.0,579.5492680434852,0.0,1.8370845000026748,PASS
V9,F11,24,1023,4025124,30,500,30,0.0,649.0261533705124,0.0,1.8472009000252,PASS
V9,F11,23,1022,4025123,30,500,30,0.0,701.8372771154101,0.0,1.8634034999995492,PASS
V9,F11,21,1020,4025121,30,500,30,0.0,738.5383591240958,0.0,1.8992743999988306,PASS
V9,F11,25,1024,4025125,30,500,30,0.0,508.02875095473263,0.0,2.032123099983437,PASS
V9,F11,28,1027,4025128,30,500,30,0.0,642.5333046872523,0.0,2.054736899997806,PASS
V9,F11,27,1026,4025127,30,500,30,0.0,614.144178110117,0.0,2.0760726000007708,PASS
V9,F11,26,1025,4025126,30,500,30,0.0,609.8881515490872,0.0,2.1276808999828063,PASS
V9,F11,29,1028,4025129,30,500,30,0.0,595.7920700073693,0.0,1.7875577000086196,PASS
V9,F11,30,1029,4025130,30,500,30,0.0,694.8702724214163,0.0,1.7935003000020515,PASS
V9,F12,1,1000,4025201,30,500,30,4.885813058849523e-07,577094378.3389748,4.885813058849523e-07,1.9843318000202999,PASS
V9,F12,2,1001,4025202,30,500,30,1.0171769893738639e-06,579099359.0880492,1.0171769893738639e-06,2.004411200003233,PASS
V9,F12,4,1003,4025204,30,500,30,7.212483328718455e-07,756082758.900649,7.212483328718455e-07,2.195130500011146,PASS
V9,F12,3,1002,4025203,30,500,30,5.170655752709558e-07,677755348.7064486,5.170655752709558e-07,2.256156599993119,PASS
V9,F12,5,1004,4025205,30,500,30,7.298655003662457e-07,600899121.4082001,7.298655003662457e-07,2.202637099981075,PASS
V9,F12,6,1005,4025206,30,500,30,1.069484076919031e-06,613687382.5306401,1.069484076919031e-06,2.2827895999944303,PASS
V9,F12,7,1006,4025207,30,500,30,7.878877638539388e-07,669437325.0641034,7.878877638539388e-07,1.8294662999978755,PASS
V9,F12,8,1007,4025208,30,500,30,0.18684724870028024,465147296.24454856,0.18684724870028024,1.8574143000005279,PASS
V9,F12,9,1008,4025209,30,500,30,2.4981341020272047e-06,673649374.2265142,2.4981341020272047e-06,1.8496695999929216,PASS
V9,F12,10,1009,4025210,30,500,30,9.495149239745005e-07,608345809.8432229,9.495149239745005e-07,1.8682544000039343,PASS
V9,F12,11,1010,4025211,30,500,30,6.946596495883497e-07,673700231.5011019,6.946596495883497e-07,2.144287400005851,PASS
V9,F12,12,1011,4025212,30,500,30,2.71910545064312e-07,354312759.8973637,2.71910545064312e-07,2.1377473999746144,PASS
V9,F12,13,1012,4025213,30,500,30,7.596483233165372e-07,409264261.74945426,7.596483233165372e-07,2.165654100012034,PASS
V9,F12,14,1013,4025214,30,500,30,9.76383634623751e-07,375026164.7994268,9.76383634623751e-07,2.1818380000186153,PASS
V9,F12,16,1015,4025216,30,500,30,6.685902506201692e-07,518663474.82455194,6.685902506201692e-07,1.7951513000007253,PASS
V9,F12,15,1014,4025215,30,500,30,8.247584916677679e-07,377991105.0550389,8.247584916677679e-07,1.8344508000009228,PASS
V9,F12,17,1016,4025217,30,500,30,6.951369980636708e-07,602516388.8524432,6.951369980636708e-07,1.8318497999862302,PASS
V9,F12,18,1017,4025218,30,500,30,3.637718288195742e-07,678910232.0700809,3.637718288195742e-07,1.8337647000153083,PASS
V9,F12,19,1018,4025219,30,500,30,5.754825092489294e-07,493317185.6586725,5.754825092489294e-07,2.1822543000162113,PASS
V9,F12,20,1019,4025220,30,500,30,4.925200973698879e-07,746482921.424925,4.925200973698879e-07,2.202338300005067,PASS
V9,F12,22,1021,4025222,30,500,30,9.6691765524736e-07,566705999.5069873,9.6691765524736e-07,2.189629900007276,PASS
V9,F12,21,1020,4025221,30,500,30,8.402151984861516e-07,779891967.4951634,8.402151984861516e-07,2.230123499990441,PASS
V9,F12,25,1024,4025225,30,500,30,1.6144584943946142e-06,459268027.30294675,1.6144584943946142e-06,2.1677838999894448,PASS
V9,F12,24,1023,4025224,30,500,30,9.787231004019347e-07,557034073.9341952,9.787231004019347e-07,2.2095504000026267,PASS
V9,F12,23,1022,4025223,30,500,30,9.477129257290756e-07,527674663.0350982,9.477129257290756e-07,2.246061500016367,PASS
V9,F12,26,1025,4025226,30,500,30,7.769597861694867e-07,655610836.8316754,7.769597861694867e-07,2.228486599982716,PASS
V9,F12,27,1026,4025227,30,500,30,1.6495700340427243e-06,688380987.7444726,1.6495700340427243e-06,2.4195726000180002,PASS
V9,F12,29,1028,4025229,30,500,30,9.154838961248836e-07,694579575.2440028,9.154838961248836e-07,2.3964792999904603,PASS
V9,F12,30,1029,4025230,30,500,30,5.067250408255659e-07,638200031.739138,5.067250408255659e-07,2.3975585000007413,PASS
V9,F12,28,1027,4025228,30,500,30,5.020416578997708e-07,735612073.6667887,5.020416578997708e-07,2.4282402000098955,PASS
V9,F13,1,1000,4025301,30,500,30,3.574747005026718e-06,1121540604.907016,3.574747005026718e-06,1.933954200008884,PASS
V9,F13,2,1001,4025302,30,500,30,2.033753342837646,1134393402.9122756,2.033753342837646,1.9248111000051722,PASS
V9,F13,3,1002,4025303,30,500,30,1.3899322681321948,1279263460.7598147,1.3899322681321948,1.9328062999993563,PASS
V9,F13,4,1003,4025304,30,500,30,1.3962240696406554,1409943019.8603163,1.3962240696406554,1.9499651999794878,PASS
V9,F13,5,1004,4025305,30,500,30,0.08585499222570839,1170689608.5516968,0.08585499222570839,2.1061595999926794,PASS
V9,F13,6,1005,4025306,30,500,30,2.0397388199266593,1181621324.1665757,2.0397388199266593,2.1608712000015657,PASS
V9,F13,7,1006,4025307,30,500,30,1.7853441886586876,1268983075.2778127,1.7853441886586876,2.15561549999984,PASS
V9,F13,8,1007,4025308,30,500,30,1.728012143612688,878154019.7635087,1.728012143612688,2.1794834999891464,PASS
V9,F13,10,1009,4025310,30,500,30,0.0757041822615031,1170491781.6147819,0.0757041822615031,1.8271602999884635,PASS
V9,F13,11,1010,4025311,30,500,30,1.6331872679611252,1334005063.226532,1.6331872679611252,1.9117217999882996,PASS
V9,F13,12,1011,4025312,30,500,30,1.9770842535461737,746217004.1348709,1.9770842535461737,1.9504490999970585,PASS
V9,F13,9,1008,4025309,30,500,30,1.3626960493063198,1296042042.9580178,1.3626960493063198,2.023735700000543,PASS
V9,F13,13,1012,4025313,30,500,30,0.31479060820381677,902489281.0803057,0.31479060820381677,2.2186670000082813,PASS
V9,F13,14,1013,4025314,30,500,30,1.7811584746140268,813623365.5838884,1.7811584746140268,2.2877735999936704,PASS
V9,F13,15,1014,4025315,30,500,30,0.3277532063336492,781768070.7565104,0.3277532063336492,2.2794723999977577,PASS
V9,F13,16,1015,4025316,30,500,30,1.522067668805958,992639751.8319389,1.522067668805958,2.263134299981175,PASS
V9,F13,18,1017,4025318,30,500,30,0.32632362035878915,1270309810.4932654,0.32632362035878915,1.9052822999947239,PASS
V9,F13,20,1019,4025320,30,500,30,1.652524233992184,1427951455.304063,1.652524233992184,1.9121699999959674,PASS
V9,F13,19,1018,4025319,30,500,30,1.4607158909396456,985279769.8708252,1.4607158909396456,1.98433509998722,PASS
V9,F13,17,1016,4025317,30,500,30,2.9226177727565406e-05,1200343935.016167,2.9226177727565406e-05,2.055861000000732,PASS
V9,F13,21,1020,4025321,30,500,30,1.5974178899407758,1481567387.8877292,1.5974178899407758,2.1978929999750108,PASS
V9,F13,22,1021,4025322,30,500,30,1.334862560451202,1071852585.7528108,1.334862560451202,2.1922078000206966,PASS
V9,F13,23,1022,4025323,30,500,30,1.6481260422877715,1057814591.9376878,1.6481260422877715,2.195265799993649,PASS
V9,F13,24,1023,4025324,30,500,30,1.3295765564383357e-05,1128834171.694078,1.3295765564383357e-05,2.1789469000068493,PASS
V9,F13,25,1024,4025325,30,500,30,1.2226265363781351e-05,881544869.6646192,1.2226265363781351e-05,1.9020513000141364,PASS
V9,F13,28,1027,4025328,30,500,30,0.33887877224785534,1357932319.8784873,0.33887877224785534,1.878092099999776,PASS
V9,F13,26,1025,4025326,30,500,30,1.9433862639400418e-05,1213450885.258651,1.9433862639400418e-05,1.8925121999927796,PASS
V9,F13,27,1026,4025327,30,500,30,8.653695785318424e-06,1309554648.9066305,8.653695785318424e-06,1.9536480999959167,PASS
V9,F14,1,1000,4025401,30,500,2,2.982105156817466,473.71847520737606,2.982105156817466,0.5363149000040721,PASS
V9,F14,2,1001,4025402,30,500,2,0.9980038379183296,20.799965995968776,0.9980038379183296,0.46976180002093315,PASS
V9,F13,30,1029,4025330,30,500,30,0.3296947560343403,1261783528.6462915,0.3296947560343403,2.1269853000121657,PASS
V9,F13,29,1028,4025329,30,500,30,1.4233888822327523,1284594344.47724,1.4233888822327523,2.22288670000853,PASS
V9,F14,5,1004,4025405,30,500,2,0.9980038392784372,24.322820508421295,0.9980038392784372,0.507755200000247,PASS
V9,F14,6,1005,4025406,30,500,2,2.982105156819126,90.7409532963287,2.982105156819126,0.5255369999795221,PASS
V9,F14,4,1003,4025404,30,500,2,0.9980038378318414,7.991839953168932,0.9980038378318414,0.5536980000033509,PASS
V9,F14,3,1002,4025403,30,500,2,2.9821051568173225,7.856359089361977,2.9821051568173225,0.5710275000019465,PASS
V9,F14,7,1006,4025407,30,500,2,0.9980038379396422,16.2842641081014,0.9980038379396422,0.5554779999947641,PASS
V9,F14,9,1008,4025409,30,500,2,2.9821051568236725,480.050865101365,2.9821051568236725,0.5200223000138067,PASS
V9,F14,8,1007,4025408,30,500,2,2.982105156818417,21.481362099196957,2.982105156818417,0.5306019999843556,PASS
V9,F14,10,1009,4025410,30,500,2,2.9821051568258885,15.108117071694181,2.9821051568258885,0.5153315000061411,PASS
V9,F14,11,1010,4025411,30,500,2,0.9980038377992037,115.8570972449099,0.9980038377992037,0.49173060001339763,PASS
V9,F14,13,1012,4025413,30,500,2,2.9821051568221892,16.402755922508554,2.9821051568221892,0.5091335000179242,PASS
V9,F14,14,1013,4025414,30,500,2,2.9821051568273806,73.97889205821518,2.9821051568273806,0.5532203000038862,PASS
V9,F14,12,1011,4025412,30,500,2,0.9980038378552668,16.441007314171465,0.9980038378552668,0.5748067999957129,PASS
V9,F14,15,1014,4025415,30,500,2,0.9980038383165266,65.35361146386387,0.9980038383165266,0.49823889997787774,PASS
V9,F14,18,1017,4025418,30,500,2,0.9980038377981237,237.59430741100795,0.9980038377981237,0.45771819999208674,PASS
V9,F14,16,1015,4025416,30,500,2,0.9980038381027442,17.659718800789545,0.9980038381027442,0.5227914999995846,PASS
V9,F14,17,1016,4025417,30,500,2,0.9980038377958993,438.10288921782666,0.9980038377958993,0.5201382999948692,PASS
V9,F14,21,1020,4025421,30,500,2,0.9980038386952685,87.51907188492201,0.9980038386952685,0.49502239999128506,PASS
V9,F14,22,1021,4025422,30,500,2,0.9980038379006926,29.199725330593285,0.9980038379006926,0.5021953000104986,PASS
V9,F14,19,1018,4025419,30,500,2,0.9980038378087367,2.286243956447089,0.9980038378087367,0.5314125999866519,PASS
V9,F14,20,1019,4025420,30,500,2,2.9821051568290105,179.17713904158902,2.9821051568290105,0.5365091999992728,PASS
V9,F14,23,1022,4025423,30,500,2,2.9821051568200616,9.804625661988586,2.9821051568200616,0.4793389000114985,PASS
V9,F14,24,1023,4025424,30,500,2,0.9980038388216863,294.0509123316119,0.9980038388216863,0.5018639999907464,PASS
V9,F14,25,1024,4025425,30,500,2,0.9980038383238227,320.00268640700443,0.9980038383238227,0.5141895999840926,PASS
V9,F14,26,1025,4025426,30,500,2,0.9980038382239457,421.40232505995556,0.9980038382239457,0.5029406000103336,PASS
V9,F14,27,1026,4025427,30,500,2,12.67050581113562,337.8200873186404,12.67050581113562,0.520058499998413,PASS
V9,F14,28,1027,4025428,30,500,2,2.9821051568176666,160.2537413920019,2.9821051568176666,0.5112294999998994,PASS
V9,F14,30,1029,4025430,30,500,2,0.9980038383148175,15.999537865751927,0.9980038383148175,0.5141229000000749,PASS
V9,F14,29,1028,4025429,30,500,2,0.9980038377991087,2.3576554955050417,0.9980038377991087,0.5293706000084057,PASS
V9,F15,2,1001,4025502,30,500,4,0.00044067806676680797,1.2717309895536486,0.00044067806676680797,0.44863299999269657,PASS
V9,F15,1,1000,4025501,30,500,4,0.0003112430991087054,0.30191456608898665,0.0003112430991087054,0.46776860000682063,PASS
V9,F15,3,1002,4025503,30,500,4,0.00031304780030945954,0.3644888722730511,0.00031304780030945954,0.4730950999946799,PASS
V9,F15,4,1003,4025504,30,500,4,0.00031543043984961616,0.1609090192272938,0.00031543043984961616,0.4608602000225801,PASS
V9,F15,5,1004,4025505,30,500,4,0.000312762709145009,0.12948702495992004,0.000312762709145009,0.47944599998299964,PASS
V9,F15,6,1005,4025506,30,500,4,0.00031001060026691256,0.12186464086944875,0.00031001060026691256,0.46583169998484664,PASS
V9,F15,7,1006,4025507,30,500,4,0.0003310941530983837,0.12363760498402297,0.0003310941530983837,0.4628145000024233,PASS
V9,F15,8,1007,4025508,30,500,4,0.00033397488418219275,0.09018764359449179,0.00033397488418219275,0.5374671000172384,PASS
V9,F15,10,1009,4025510,30,500,4,0.00030984918483053484,0.13877679138861554,0.00030984918483053484,0.4266866999969352,PASS
V9,F15,9,1008,4025509,30,500,4,0.00031313033775569505,2.2394826617102606,0.00031313033775569505,0.5117814000113867,PASS
V9,F15,11,1010,4025511,30,500,4,0.0003142843356065716,0.03239128528085753,0.0003142843356065716,0.4765780000016093,PASS
V9,F15,12,1011,4025512,30,500,4,0.0003120102953705661,0.23498015533649527,0.0003120102953705661,0.45165459997951984,PASS
V9,F15,13,1012,4025513,30,500,4,0.000311210636045328,0.1306304824855118,0.000311210636045328,0.47693629999412224,PASS
V9,F15,15,1014,4025515,30,500,4,0.0003130214263380494,0.10205617825736528,0.0003130214263380494,0.4787773999851197,PASS
V9,F15,16,1015,4025516,30,500,4,0.00031793773225012367,2.092356457574675,0.00031793773225012367,0.4839198000263423,PASS
V9,F15,14,1013,4025514,30,500,4,0.00032791065763548106,0.1598298890496266,0.00032791065763548106,0.5134911000204738,PASS
V9,F15,17,1016,4025517,30,500,4,0.0003122079041393043,0.2605680364275185,0.0003122079041393043,0.460912799986545,PASS
V9,F15,18,1017,4025518,30,500,4,0.00031292327569227993,0.14977648977909336,0.00031292327569227993,0.4560411999991629,PASS
V9,F15,20,1019,4025520,30,500,4,0.00031273733829068794,0.1359115073620081,0.00031273733829068794,0.44158800001605414,PASS
V9,F15,19,1018,4025519,30,500,4,0.00031600910118890845,0.1985628632680977,0.00031600910118890845,0.4888978999806568,PASS
V9,F15,21,1020,4025521,30,500,4,0.00032683328518090104,0.4954470688391197,0.00032683328518090104,0.47087699998519383,PASS
V9,F15,23,1022,4025523,30,500,4,0.00031538183426202204,0.29407409982959576,0.00031538183426202204,0.469836900010705,PASS
V9,F15,24,1023,4025524,30,500,4,0.0003206908306472175,0.298411205199563,0.0003206908306472175,0.47392350001609884,PASS
V9,F15,22,1021,4025522,30,500,4,0.0003103778876144376,0.5524050984541609,0.0003103778876144376,0.4878841000027023,PASS
V9,F15,26,1025,4025526,30,500,4,0.000315821207349852,0.2996859951874783,0.000315821207349852,0.45591680001234636,PASS
V9,F15,25,1024,4025525,30,500,4,0.0003105673692488086,0.054825133501047195,0.0003105673692488086,0.49341439999989234,PASS
V9,F15,27,1026,4025527,30,500,4,0.0003178762959577922,0.08376195205332174,0.0003178762959577922,0.48920219999854453,PASS
V9,F15,28,1027,4025528,30,500,4,0.00033392837381822994,0.03968409975464774,0.00033392837381822994,0.49964429999818094,PASS
V9,F16,1,1000,4025601,30,500,2,-1.0316282889384125,2.181179457071373,-1.0316282889384125,0.24467640000511892,PASS
V9,F16,2,1001,4025602,30,500,2,-1.03162809554144,-0.027012733357646004,-1.03162809554144,0.24668900002143346,PASS
V9,F15,29,1028,4025529,30,500,4,0.00031472646491217493,0.08098779060507648,0.00031472646491217493,0.47608530000434257,PASS
V9,F15,30,1029,4025530,30,500,4,0.0003391938629878261,0.14413165160408462,0.0003391938629878261,0.4915815999847837,PASS
V9,F16,3,1002,4025603,30,500,2,-1.0316283908464368,0.7607607404739891,-1.0316283908464368,0.24053680000361055,PASS
V9,F16,4,1003,4025604,30,500,2,-1.0316284436063712,-0.39997849461446167,-1.0316284436063712,0.24280150001868606,PASS
V9,F16,5,1004,4025605,30,500,2,-1.0316283060013085,-0.170143036311162,-1.0316283060013085,0.21094610000727698,PASS
V9,F16,6,1005,4025606,30,500,2,-1.0316283606426662,-0.9735315253417971,-1.0316283606426662,0.21036480000475422,PASS
V9,F16,7,1006,4025607,30,500,2,-1.0316284221700933,-0.20638118856745086,-1.0316284221700933,0.2562356000125874,PASS
V9,F16,9,1008,4025609,30,500,2,-1.0316283928826042,2.3278539991551703,-1.0316283928826042,0.2415855000144802,PASS
V9,F16,10,1009,4025610,30,500,2,-1.0316284354258232,1.0848751489960493,-1.0316284354258232,0.2503214000025764,PASS
V9,F16,8,1007,4025608,30,500,2,-1.031628367720896,-0.24021923047679472,-1.031628367720896,0.27730409998912364,PASS
V9,F16,11,1010,4025611,30,500,2,-1.0316284207092128,2.3611245635192675,-1.0316284207092128,0.2310097999870777,PASS
V9,F16,12,1011,4025612,30,500,2,-1.0316284517919998,-1.0303686554309606,-1.0316284517919998,0.23328220000257716,PASS
V9,F16,13,1012,4025613,30,500,2,-1.0316284196197743,1.5398855373431712,-1.0316284196197743,0.2429136999999173,PASS
V9,F16,14,1013,4025614,30,500,2,-1.0316281622110477,-0.8050538505238225,-1.0316281622110477,0.23574259999440983,PASS
V9,F16,15,1014,4025615,30,500,2,-1.0316284360263575,0.23957312171001172,-1.0316284360263575,0.2784983000019565,PASS
V9,F16,16,1015,4025616,30,500,2,-1.031628163037568,0.7787012712336405,-1.031628163037568,0.26212240001768805,PASS
V9,F16,17,1016,4025617,30,500,2,-1.0316284181406434,0.9570585820096484,-1.0316284181406434,0.2606378000054974,PASS
V9,F16,18,1017,4025618,30,500,2,-1.0316283531693615,1.6470124840433833,-1.0316283531693615,0.2576363999978639,PASS
V9,F16,21,1020,4025621,30,500,2,-1.0316283878416301,0.6778025610508492,-1.0316283878416301,0.21211949997814372,PASS
V9,F16,19,1018,4025619,30,500,2,-1.0316284326407537,0.7878546115016152,-1.0316284326407537,0.2225456000014674,PASS
V9,F16,20,1019,4025620,30,500,2,-1.0316283319993016,-0.9362291745164019,-1.0316283319993016,0.23193280000123195,PASS
V9,F16,22,1021,4025622,30,500,2,-1.031628447551507,1.5766615624712603,-1.031628447551507,0.22712460000184365,PASS
V9,F16,23,1022,4025623,30,500,2,-1.0316276013428582,1.3326463850849646,-1.0316276013428582,0.22895600000629202,PASS
V9,F16,24,1023,4025624,30,500,2,-1.031628448746288,2.6557067430875065,-1.031628448746288,0.23523600000771694,PASS
V9,F16,25,1024,4025625,30,500,2,-1.0316284248180987,2.429026067201413,-1.0316284248180987,0.236875600006897,PASS
V9,F16,26,1025,4025626,30,500,2,-1.031628188778096,21.49073996804959,-1.031628188778096,0.23128460001316853,PASS
V9,F16,27,1026,4025627,30,500,2,-1.0316283110628974,-0.1512971369952485,-1.0316283110628974,0.21465350000653416,PASS
V9,F16,30,1029,4025630,30,500,2,-1.0316284103262516,2.6013826494536425,-1.0316284103262516,0.2123853999946732,PASS
V9,F16,28,1027,4025628,30,500,2,-1.0316284315080158,0.6076326090253817,-1.0316284315080158,0.2634620000026189,PASS
V9,F16,29,1028,4025629,30,500,2,-1.0316280956105626,-0.12993145689296656,-1.0316280956105626,0.25685830001020804,PASS
V9,F17,1,1000,4025701,30,500,2,0.39790217010853723,1.0638829597342436,0.39790217010853723,0.2617661999829579,PASS
V9,F17,2,1001,4025702,30,500,2,0.39790220903843654,1.2443773973881989,0.39790220903843654,0.2713690999953542,PASS
V9,F17,4,1003,4025704,30,500,2,0.39789369755232684,2.6652672686497105,0.39789369755232684,0.2798225000151433,PASS
V9,F17,3,1002,4025703,30,500,2,0.3978931470345479,0.5710175662180976,0.3978931470345479,0.2996541999746114,PASS
V9,F17,5,1004,4025705,30,500,2,0.3978890029785287,0.7300291394205143,0.3978890029785287,0.2809927000198513,PASS
V9,F17,6,1005,4025706,30,500,2,0.39788869498652524,0.7328401017256851,0.39788869498652524,0.273170599975856,PASS
V9,F17,7,1006,4025707,30,500,2,0.397889494873235,1.0302901000661695,0.397889494873235,0.2617127999837976,PASS
V9,F17,8,1007,4025708,30,500,2,0.3978910734967176,0.8184767311208248,0.3978910734967176,0.26424869999755174,PASS
V9,F17,10,1009,4025710,30,500,2,0.39788823950078367,3.966514797561688,0.39788823950078367,0.2837774000072386,PASS
V9,F17,9,1008,4025709,30,500,2,0.3978905873122791,1.6574038437894387,0.3978905873122791,0.29981329999282025,PASS
V9,F17,11,1010,4025711,30,500,2,0.39789351688691355,0.9236150306333499,0.39789351688691355,0.3092434999998659,PASS
V9,F17,12,1011,4025712,30,500,2,0.39789451332160475,4.005505020167275,0.39789451332160475,0.3081028000160586,PASS
V9,F17,13,1012,4025713,30,500,2,0.397904666940347,0.653014811080423,0.397904666940347,0.25491339998552576,PASS
V9,F17,14,1013,4025714,30,500,2,0.3979042031535869,1.2794390638585824,0.3979042031535869,0.25947039999300614,PASS
V9,F17,16,1015,4025716,30,500,2,0.39790517955981386,0.5472008050952475,0.39790517955981386,0.2640571999945678,PASS
V9,F17,15,1014,4025715,30,500,2,0.3978875068298944,0.5699043454949582,0.3978875068298944,0.26614719998906367,PASS
V9,F17,17,1016,4025717,30,500,2,0.3978903944379404,1.9307324415435367,0.3978903944379404,0.2938997999881394,PASS
V9,F17,18,1017,4025718,30,500,2,0.3979033378964747,1.6377791627432448,0.3979033378964747,0.30094200000166893,PASS
V9,F17,19,1018,4025719,30,500,2,0.39789045973677695,1.8190149992010163,0.39789045973677695,0.2985884000081569,PASS
V9,F17,20,1019,4025720,30,500,2,0.39788859345522276,0.4636423262601532,0.39788859345522276,0.2998836999759078,PASS
V9,F17,21,1020,4025721,30,500,2,0.397890981869935,2.247938566819121,0.397890981869935,0.2528244999994058,PASS
V9,F17,22,1021,4025722,30,500,2,0.3979126328218907,1.8216716190815827,0.3979126328218907,0.25442119999206625,PASS
V9,F17,23,1022,4025723,30,500,2,0.3978880827927913,0.615174882056257,0.3978880827927913,0.243611099984264,PASS
V9,F17,24,1023,4025724,30,500,2,0.39794212282313524,14.151514125962425,0.39794212282313524,0.26361870000255294,PASS
V9,F17,26,1025,4025726,30,500,2,0.39789208756078054,3.889306158017198,0.39789208756078054,0.2700290000066161,PASS
V9,F17,25,1024,4025725,30,500,2,0.3979041069367124,1.6869208412063283,0.3979041069367124,0.27172299998346716,PASS
V9,F17,27,1026,4025727,30,500,2,0.39788834326684075,1.0566819945015116,0.39788834326684075,0.271498000016436,PASS
V9,F17,28,1027,4025728,30,500,2,0.39788972594548433,2.9510390763983754,0.39788972594548433,0.27869700000155717,PASS
V9,F17,30,1029,4025730,30,500,2,0.3978897224674185,0.47798940625165187,0.3978897224674185,0.2199912000214681,PASS
V9,F17,29,1028,4025729,30,500,2,0.397895536507864,2.4485590920128137,0.397895536507864,0.2291452999925241,PASS
V9,F18,2,1001,4025802,30,500,2,3.00000019012649,30.688673464406033,3.00000019012649,0.2679012999869883,PASS
V9,F18,1,1000,4025801,30,500,2,3.0000000595810983,81.38562380070489,3.0000000595810983,0.2757532999967225,PASS
V9,F18,3,1002,4025803,30,500,2,3.0000111099412026,34.965342142586636,3.0000111099412026,0.2565210000029765,PASS
V9,F18,4,1003,4025804,30,500,2,3.000000334562968,93.48619771902435,3.000000334562968,0.2731109000160359,PASS
V9,F18,6,1005,4025806,30,500,2,3.0000026055139455,60.063618491605254,3.0000026055139455,0.26686390000395477,PASS
V9,F18,5,1004,4025805,30,500,2,3.000000055752524,50.082085355619114,3.000000055752524,0.2775399000092875,PASS
V9,F18,7,1006,4025807,30,500,2,3.0000000399067264,5.7914370508281126,3.0000000399067264,0.24903579999227077,PASS
V9,F18,9,1008,4025809,30,500,2,3.0000002689340874,25.521419373542102,3.0000002689340874,0.24066000001039356,PASS
V9,F18,10,1009,4025810,30,500,2,3.0000000089558045,3.5313798537296646,3.0000000089558045,0.24168450001161546,PASS
V9,F18,8,1007,4025808,30,500,2,3.0000005438280137,64.59830186416433,3.0000005438280137,0.2742267999856267,PASS
V9,F18,12,1011,4025812,30,500,2,3.0000016827123663,39.964935115530984,3.0000016827123663,0.2633849999983795,PASS
V9,F18,11,1010,4025811,30,500,2,3.0000000215872187,88.7536597773862,3.0000000215872187,0.2781867000157945,PASS
V9,F18,14,1013,4025814,30,500,2,3.0000002780984416,13.07568843364808,3.0000002780984416,0.2638503999914974,PASS
V9,F18,13,1012,4025813,30,500,2,3.000000022883386,9.426190913628409,3.000000022883386,0.2675409000075888,PASS
V9,F18,15,1014,4025815,30,500,2,3.000000007644465,21.8168014034403,3.000000007644465,0.23106079999706708,PASS
V9,F18,16,1015,4025816,30,500,2,3.000006946925939,329.91156437221537,3.000006946925939,0.25958020001417026,PASS
V9,F18,18,1017,4025818,30,500,2,3.0000003338546146,195.47673454838912,3.0000003338546146,0.23934449997614138,PASS
V9,F18,17,1016,4025817,30,500,2,3.0000003822407217,91.84738429723461,3.0000003822407217,0.24880600001779385,PASS
V9,F18,19,1018,4025819,30,500,2,3.0000002092261564,10.909611757157371,3.0000002092261564,0.2748330000031274,PASS
V9,F18,20,1019,4025820,30,500,2,3.0000000371959525,273.7028443942355,3.0000000371959525,0.2698903000273276,PASS
V9,F18,22,1021,4025822,30,500,2,3.0000003184640245,66.7727554338801,3.0000003184640245,0.29029269999591634,PASS
V9,F18,21,1020,4025821,30,500,2,84.00009864386297,317.38163063086415,84.00009864386297,0.3081997999979649,PASS
V9,F18,23,1022,4025823,30,500,2,3.0000012781559704,77.76899365473201,3.0000012781559704,0.2446901999937836,PASS
V9,F18,24,1023,4025824,30,500,2,3.000004899153347,35.89485466192964,3.000004899153347,0.24952159999520518,PASS
V9,F18,25,1024,4025825,30,500,2,3.0000000007568697,77.76507019353373,3.0000000007568697,0.2661620000144467,PASS
V9,F18,26,1025,4025826,30,500,2,3.0000003083097613,52.45697833328407,3.0000003083097613,0.2517533000209369,PASS
V9,F18,28,1027,4025828,30,500,2,3.000000164426609,18.92539432381692,3.000000164426609,0.24321710001095198,PASS
V9,F18,27,1026,4025827,30,500,2,3.0000004199031203,64.85636849106568,3.0000004199031203,0.2646216999855824,PASS
V9,F18,30,1029,4025830,30,500,2,3.000000001667079,9.657899738468323,3.000000001667079,0.24334009998710826,PASS
V9,F18,29,1028,4025829,30,500,2,3.0000001908142577,45.603141869610994,3.0000001908142577,0.2684022999892477,PASS
V9,F19,4,1003,4025904,30,500,3,-3.8626986016442357,-3.1461542137665415,-3.8626986016442357,0.5622690000163857,PASS
V9,F19,3,1002,4025903,30,500,3,-3.862768278185227,-3.725083575446613,-3.862768278185227,0.594835800002329,PASS
V9,F19,2,1001,4025902,30,500,3,-3.8548971216686683,-3.0010573399050178,-3.8548971216686683,0.625158900016686,PASS
V9,F19,1,1000,4025901,30,500,3,-3.862756001276958,-2.8152364689429965,-3.862756001276958,0.6480465000204276,PASS
V9,F19,5,1004,4025905,30,500,3,-3.8627717436677065,-3.639512885449389,-3.8627717436677065,0.6292606999923009,PASS
V9,F19,7,1006,4025907,30,500,3,-3.8626354865478993,-3.5365431240230087,-3.8626354865478993,0.6392073999741115,PASS
V9,F19,8,1007,4025908,30,500,3,-3.8627606056082326,-3.371709865860915,-3.8627606056082326,0.6378318999777548,PASS
V9,F19,6,1005,4025906,30,500,3,-3.8627169726481245,-3.5964528439046646,-3.8627169726481245,0.650831399980234,PASS
V9,F19,9,1008,4025909,30,500,3,-3.8548973778065365,-2.3770187007264147,-3.8548973778065365,0.6241664999979548,PASS
V9,F19,12,1011,4025912,30,500,3,-3.8627796112618364,-3.4451524449101667,-3.8627796112618364,0.597646900016116,PASS
V9,F19,10,1009,4025910,30,500,3,-3.8627553341627276,-3.6842803474191888,-3.8627553341627276,0.6139948999916669,PASS
V9,F19,11,1010,4025911,30,500,3,-3.854894814297857,-3.3317115223347478,-3.854894814297857,0.615365000005113,PASS
V9,F19,14,1013,4025914,30,500,3,-3.854899307174256,-2.7738840559770095,-3.854899307174256,0.5744206999952439,PASS
V9,F19,15,1014,4025915,30,500,3,-3.8627301783360073,-3.0661071327576335,-3.8627301783360073,0.6059512999781873,PASS
V9,F19,13,1012,4025913,30,500,3,-3.862773640294873,-3.635871471826206,-3.862773640294873,0.6526094999862835,PASS
V9,F19,16,1015,4025916,30,500,3,-3.8627555882282483,-3.3706466472251426,-3.8627555882282483,0.6417789999977686,PASS
V9,F19,17,1016,4025917,30,500,3,-3.8627666693487197,-2.5942404342513865,-3.8627666693487197,0.6095105000131298,PASS
V9,F19,18,1017,4025918,30,500,3,-3.8627744068367837,-3.529350907698285,-3.8627744068367837,0.5811176999995951,PASS
V9,F19,19,1018,4025919,30,500,3,-3.8627479517858996,-3.399138298593093,-3.8627479517858996,0.596356800000649,PASS
V9,F19,20,1019,4025920,30,500,3,-3.8627360792945415,-2.937918383007861,-3.8627360792945415,0.5833164999785367,PASS
V9,F19,21,1020,4025921,30,500,3,-3.8627181775406254,-2.5311476977977185,-3.8627181775406254,0.5956304999999702,PASS
V9,F19,22,1021,4025922,30,500,3,-3.8627706085397717,-3.757311537153646,-3.8627706085397717,0.5916834999807179,PASS
V9,F19,24,1023,4025924,30,500,3,-3.8627618809741318,-3.0648914677945323,-3.8627618809741318,0.6266154999902938,PASS
V9,F19,23,1022,4025923,30,500,3,-3.8627787824516235,-3.2132895898117337,-3.8627787824516235,0.6328318000014406,PASS
V9,F19,26,1025,4025926,30,500,3,-3.862759212906446,-2.924795237972474,-3.862759212906446,0.5936818000045605,PASS
V9,F19,25,1024,4025925,30,500,3,-3.86275617530178,-3.2314525429469114,-3.86275617530178,0.6133648999966681,PASS
V9,F19,27,1026,4025927,30,500,3,-3.8570274997546448,-2.8590384198361467,-3.8570274997546448,0.5875012000033166,PASS
V9,F19,28,1027,4025928,30,500,3,-3.862758774530001,-3.0773264067719293,-3.862758774530001,0.6007758000050671,PASS
V9,F19,29,1028,4025929,30,500,3,-3.854898245445093,-2.805569559471893,-3.854898245445093,0.589182100025937,PASS
V9,F19,30,1029,4025930,30,500,3,-3.862724044426612,-3.661052938270577,-3.862724044426612,0.5947648000146728,PASS
V9,F20,1,1000,4026001,30,500,6,-3.317301416898406,-1.719657427599971,-3.317301416898406,0.7185693999927025,PASS
V9,F20,2,1001,4026002,30,500,6,-3.321484168646689,-2.366607712192178,-3.321484168646689,0.7574219000234734,PASS
V9,F20,3,1002,4026003,30,500,6,-3.1340863823523732,-2.639546222318051,-3.1340863823523732,0.7237777000118513,PASS
V9,F20,4,1003,4026004,30,500,6,-3.321619697993133,-1.4156844025488817,-3.321619697993133,0.739192799985176,PASS
V9,F20,5,1004,4026005,30,500,6,-3.0758250180146,-1.546975718287114,-3.0758250180146,0.7365623000077903,PASS
V9,F20,6,1005,4026006,30,500,6,-3.1362850621333602,-0.9891623935739681,-3.1362850621333602,0.7138737000059336,PASS
V9,F20,7,1006,4026007,30,500,6,-3.320665323528895,-1.3524600207773423,-3.320665323528895,0.7249451999960002,PASS
V9,F20,9,1008,4026009,30,500,6,-3.196976028374083,-2.5573730477528325,-3.196976028374083,0.7591833999904338,PASS
V9,F20,10,1009,4026010,30,500,6,-3.2006450920014466,-1.5097145340696625,-3.2006450920014466,0.7695737000030931,PASS
V9,F20,8,1007,4026008,30,500,6,-3.318563070652637,-1.1897588416913751,-3.318563070652637,0.7966873999976087,PASS
V9,F20,11,1010,4026011,30,500,6,-3.3174867487410964,-0.6291784544978798,-3.3174867487410964,0.6897140000073705,PASS
V9,F20,14,1013,4026014,30,500,6,-3.201708171566439,-1.8745849243144121,-3.201708171566439,0.7169905999908224,PASS
V9,F20,12,1011,4026012,30,500,6,-3.195630886318258,-1.3334487205410632,-3.195630886318258,0.754702800011728,PASS
V9,F20,13,1012,4026013,30,500,6,-3.321742874618991,-1.0595512897021777,-3.321742874618991,0.784346500004176,PASS
V9,F20,16,1015,4026016,30,500,6,-3.31873097924615,-1.42589448097107,-3.31873097924615,0.7350933999987319,PASS
V9,F20,17,1016,4026017,30,500,6,-3.3199896314956785,-0.7707250057888351,-3.3199896314956785,0.7447148999781348,PASS
V9,F20,15,1014,4026015,30,500,6,-3.19695698080572,-2.443957038960648,-3.19695698080572,0.7629374999960419,PASS
V9,F20,18,1017,4026018,30,500,6,-3.3187565676464104,-1.2806836046999825,-3.3187565676464104,0.7553174000058789,PASS
V9,F20,19,1018,4026019,30,500,6,-3.3208940818543944,-1.6501266361374602,-3.3208940818543944,0.6868678999890108,PASS
V9,F20,22,1021,4026022,30,500,6,-3.3204890474471465,-1.9643777697330147,-3.3204890474471465,0.713225900020916,PASS
V9,F20,20,1019,4026020,30,500,6,-3.319967042063239,-1.1694872668654595,-3.319967042063239,0.739497400005348,PASS
V9,F20,21,1020,4026021,30,500,6,-3.079123399308397,-1.3182646272649436,-3.079123399308397,0.7489545000134967,PASS
V9,F20,23,1022,4026023,30,500,6,-3.199123486960727,-0.8292420221596318,-3.199123486960727,0.7481661000056192,PASS
V9,F20,26,1025,4026026,30,500,6,-2.8403876767867913,-1.6523507833992392,-2.8403876767867913,0.7441489000048023,PASS
V9,F20,25,1024,4026025,30,500,6,-3.3209648575998933,-0.9695628721775759,-3.3209648575998933,0.7812104999902658,PASS
V9,F20,24,1023,4026024,30,500,6,-3.3195063004216743,-1.66295644462256,-3.3195063004216743,0.791510399983963,PASS
V9,F20,27,1026,4026027,30,500,6,-3.132562287810884,-2.2223661928383214,-3.132562287810884,0.7273709000146482,PASS
V9,F20,28,1027,4026028,30,500,6,-3.3195998055865723,-0.7602290577530897,-3.3195998055865723,0.751327499980107,PASS
V9,F20,30,1029,4026030,30,500,6,-3.3206376852983692,-1.358077861654103,-3.3206376852983692,0.7095941000152379,PASS
V9,F20,29,1028,4026029,30,500,6,-3.3203056838738005,-1.1782094607932692,-3.3203056838738005,0.7324434999900404,PASS
V9,F21,1,1000,4026101,30,500,4,-10.146696696664439,-0.7856612453746614,-10.146696696664439,0.6384195999999065,PASS
V9,F21,2,1001,4026102,30,500,4,-5.098907622801363,-0.255284514021552,-5.098907622801363,0.6513023000152316,PASS
V9,F21,3,1002,4026103,30,500,4,-5.055005823748197,-0.7458813166548436,-5.055005823748197,0.6508678999962285,PASS
V9,F21,4,1003,4026104,30,500,4,-5.100377356047028,-0.3482705863990612,-5.100377356047028,0.663836599997012,PASS
V9,F21,5,1004,4026105,30,500,4,-2.627056766921015,-0.42018439611118236,-2.627056766921015,0.6445946999883745,PASS
V9,F21,6,1005,4026106,30,500,4,-10.153162998668963,-0.5910831778647738,-10.153162998668963,0.6270169999916106,PASS
V9,F21,7,1006,4026107,30,500,4,-10.144393647771134,-0.42913328296464676,-10.144393647771134,0.6311879999993835,PASS
V9,F21,8,1007,4026108,30,500,4,-5.054929981230429,-0.5537203015819497,-5.054929981230429,0.6330528999969829,PASS
V9,F21,11,1010,4026111,30,500,4,-10.145648306314296,-0.3122489822002593,-10.145648306314296,0.6032230999844614,PASS
V9,F21,9,1008,4026109,30,500,4,-10.144501811026544,-0.3954824691564748,-10.144501811026544,0.6364730999921449,PASS
V9,F21,12,1011,4026112,30,500,4,-10.142172034110708,-0.42577067910792477,-10.142172034110708,0.6327524000080302,PASS
V9,F21,10,1009,4026110,30,500,4,-10.139960397254828,-0.3873214329929367,-10.139960397254828,0.6742621999874245,PASS
V9,F21,13,1012,4026113,30,500,4,-10.1456282679375,-0.5398028645395757,-10.1456282679375,0.6059203000040725,PASS
V9,F21,14,1013,4026114,30,500,4,-10.153113508386404,-0.4533003470413142,-10.153113508386404,0.6151100999850314,PASS
V9,F21,15,1014,4026115,30,500,4,-10.14261506831546,-0.3593500916460118,-10.14261506831546,0.6252505000156816,PASS
V9,F21,16,1015,4026116,30,500,4,-10.142953823940394,-0.5643107717396479,-10.142953823940394,0.6325528999732342,PASS
V9,F21,17,1016,4026117,30,500,4,-10.137944469574789,-1.3126153292827127,-10.137944469574789,0.6530821000051219,PASS
V9,F21,18,1017,4026118,30,500,4,-5.092701297771657,-0.3187300785834754,-5.092701297771657,0.6856168000085745,PASS
V9,F21,20,1019,4026120,30,500,4,-5.082537557279568,-0.556094779406882,-5.082537557279568,0.6694850000203587,PASS
V9,F21,19,1018,4026119,30,500,4,-10.136646414750292,-0.4201398663247763,-10.136646414750292,0.6999758999736514,PASS
V9,F21,21,1020,4026121,30,500,4,-5.055168390217137,-0.39892324222710235,-5.055168390217137,0.616978600010043,PASS
V9,F21,22,1021,4026122,30,500,4,-10.147938682770146,-0.8124729051033841,-10.147938682770146,0.5911223000148311,PASS
V9,F21,23,1022,4026123,30,500,4,-5.09192284123201,-0.5751988255431095,-5.09192284123201,0.6147884000092745,PASS
V9,F21,24,1023,4026124,30,500,4,-10.148299909856894,-0.36248300442977327,-10.148299909856894,0.6143722999840975,PASS
V9,F21,26,1025,4026126,30,500,4,-10.151594021891526,-0.3234823818806821,-10.151594021891526,0.61592759998166,PASS
V9,F21,25,1024,4026125,30,500,4,-10.147907583026047,-0.4078383896375593,-10.147907583026047,0.6561890000011772,PASS
V9,F21,27,1026,4026127,30,500,4,-5.055196444657678,-0.29612421486392365,-5.055196444657678,0.6508134999894537,PASS
V9,F21,28,1027,4026128,30,500,4,-10.148591973118664,-0.3986533020007952,-10.148591973118664,0.661861799977487,PASS
V9,F21,29,1028,4026129,30,500,4,-10.15264978828759,-0.3985356486821531,-10.15264978828759,0.6315008000237867,PASS
V9,F21,30,1029,4026130,30,500,4,-5.055197434736447,-0.36908201859372297,-5.055197434736447,0.647296599985566,PASS
V9,F22,1,1000,4026201,30,500,4,-10.398009454179633,-0.9317573703945224,-10.398009454179633,0.7332257000089157,PASS
V9,F22,2,1001,4026202,30,500,4,-10.400075825782809,-0.9222716528520395,-10.400075825782809,0.7186714000126813,PASS
V9,F22,5,1004,4026205,30,500,4,-2.7600015870609123,-0.5275828087880526,-2.7600015870609123,0.7197917999874335,PASS
V9,F22,4,1003,4026204,30,500,4,-10.395967098745855,-0.370970802781476,-10.395967098745855,0.743079999985639,PASS
V9,F22,6,1005,4026206,30,500,4,-10.393828484977055,-0.6964166048173347,-10.393828484977055,0.7242513000092003,PASS
V9,F22,3,1002,4026203,30,500,4,-5.087403643537783,-0.7773340207644487,-5.087403643537783,0.7481187999946997,PASS
V9,F22,8,1007,4026208,30,500,4,-5.087389414861508,-0.582643477675555,-5.087389414861508,0.709949999989476,PASS
V9,F22,10,1009,4026210,30,500,4,-10.40264343998736,-0.5770862732792144,-10.40264343998736,0.7117533000127878,PASS
V9,F22,7,1006,4026207,30,500,4,-10.402114200145586,-0.4985747392352459,-10.402114200145586,0.7287448999995831,PASS
V9,F22,9,1008,4026209,30,500,4,-10.395283938717286,-0.49284895953941,-10.395283938717286,0.7711901000002399,PASS
V9,F22,12,1011,4026212,30,500,4,-10.39142713724752,-0.5645985806520991,-10.39142713724752,0.7126506000058725,PASS
V9,F22,13,1012,4026213,30,500,4,-10.395232395760406,-0.6449517732088035,-10.395232395760406,0.7163688000000548,PASS
V9,F22,11,1010,4026211,30,500,4,-10.402787773331548,-0.4296436080947541,-10.402787773331548,0.746620999998413,PASS
V9,F22,14,1013,4026214,30,500,4,-10.402462131043814,-0.9848094857049149,-10.402462131043814,0.7307658999925479,PASS
V9,F22,15,1014,4026215,30,500,4,-10.392957506538359,-0.4103758613869799,-10.392957506538359,0.674173300008988,PASS
V9,F22,17,1016,4026217,30,500,4,-10.388629906286532,-1.5765565707085023,-10.388629906286532,0.7021603000175674,PASS
V9,F22,16,1015,4026216,30,500,4,-10.394625511585053,-0.6218257843354295,-10.394625511585053,0.7402029999939259,PASS
V9,F22,18,1017,4026218,30,500,4,-5.087633373579593,-0.44933832522368744,-5.087633373579593,0.7454658000206109,PASS
V9,F22,19,1018,4026219,30,500,4,-10.401155068385807,-0.5128377893703403,-10.401155068385807,0.7427839000010863,PASS
V9,F22,21,1020,4026221,30,500,4,-10.391163805775477,-1.121161539213936,-10.391163805775477,0.756388000008883,PASS
V9,F22,22,1021,4026222,30,500,4,-10.399768798099744,-0.9797111395033686,-10.399768798099744,0.7547087999992073,PASS
V9,F22,20,1019,4026220,30,500,4,-5.11072971236922,-0.5828681600134475,-5.11072971236922,0.8082778999814764,PASS
V9,F22,23,1022,4026223,30,500,4,-5.119874783889115,-0.6086256797700836,-5.119874783889115,0.6984723000205122,PASS
V9,F22,24,1023,4026224,30,500,4,-10.402817097768976,-0.46854024723853555,-10.402817097768976,0.6987618000130169,PASS
V9,F22,25,1024,4026225,30,500,4,-10.402193562523562,-0.5048069121336105,-10.402193562523562,0.7133044000074733,PASS
V9,F22,26,1025,4026226,30,500,4,-5.087614881693165,-0.4813761157500475,-5.087614881693165,0.723214800003916,PASS
V9,F22,28,1027,4026228,30,500,4,-10.383751644445017,-0.7157489465814115,-10.383751644445017,0.7009811999741942,PASS
V9,F22,27,1026,4026227,30,500,4,-5.087602464997631,-0.3899985277776262,-5.087602464997631,0.7598203000088688,PASS
V9,F22,29,1028,4026229,30,500,4,-10.395607147989006,-0.7171582833042149,-10.395607147989006,0.7402096000150777,PASS
V9,F22,30,1029,4026230,30,500,4,-10.389890816985508,-0.43985095714117073,-10.389890816985508,0.7710594999953173,PASS
V9,F23,1,1000,4026301,30,500,4,-10.531369736883923,-1.0238629556348218,-10.531369736883923,0.8643884000193793,PASS
V9,F23,2,1001,4026302,30,500,4,-10.53346240485717,-1.0008003304569233,-10.53346240485717,0.8738890999811701,PASS
V9,F23,3,1002,4026303,30,500,4,-5.128185316708396,-0.8164625137143151,-5.128185316708396,0.8964413999929093,PASS
V9,F23,4,1003,4026304,30,500,4,-10.535903745711272,-0.5565675694250592,-10.535903745711272,0.9166679999907501,PASS
V9,F23,7,1006,4026307,30,500,4,-10.535622958720362,-0.6872915656446693,-10.535622958720362,0.8827168999996502,PASS
V9,F23,8,1007,4026308,30,500,4,-10.53491638788669,-0.7874801856706389,-10.53491638788669,0.881497299997136,PASS
V9,F23,5,1004,4026305,30,500,4,-10.536150422832874,-0.8454832942164738,-10.536150422832874,0.9054100000066683,PASS
V9,F23,6,1005,4026306,30,500,4,-10.535429339987738,-0.7414380430410371,-10.535429339987738,0.8954899000236765,PASS
V9,F23,12,1011,4026312,30,500,4,-10.524581645302089,-0.823786750800087,-10.524581645302089,0.8523789999890141,PASS
V9,F23,10,1009,4026310,30,500,4,-10.536131747521512,-0.645758260380765,-10.536131747521512,0.8608079999976326,PASS
V9,F23,9,1008,4026309,30,500,4,-10.52885934121518,-0.5747711898984762,-10.52885934121518,0.8806834999995772,PASS
V9,F23,11,1010,4026311,30,500,4,-10.528188466448022,-0.4663841659661791,-10.528188466448022,0.89239130000351,PASS
V9,F23,13,1012,4026313,30,500,4,-10.528565150677277,-0.7770502763168828,-10.528565150677277,0.8557365000015125,PASS
V9,F23,14,1013,4026314,30,500,4,-10.535959099805202,-1.0997090054454173,-10.535959099805202,0.8388057999836747,PASS
V9,F23,15,1014,4026315,30,500,4,-10.526315347939915,-0.5002675730803412,-10.526315347939915,0.9298883999872487,PASS
V9,F23,16,1015,4026316,30,500,4,-5.128478490747313,-0.9043428755262034,-5.128478490747313,0.9237697999924421,PASS
V9,F23,17,1016,4026317,30,500,4,-10.521612610962478,-1.7597194378362429,-10.521612610962478,0.8272521999897435,PASS
V9,F23,18,1017,4026318,30,500,4,-5.1284516711077,-0.47569531546084826,-5.1284516711077,0.8242773000092711,PASS
V9,F23,19,1018,4026319,30,500,4,-10.534685786784394,-0.5736082314038227,-10.534685786784394,0.8522327000100631,PASS
V9,F23,20,1019,4026320,30,500,4,-5.157830781855373,-0.6308786806539844,-5.157830781855373,0.8684962000115775,PASS
V9,F23,21,1020,4026321,30,500,4,-10.525123429927739,-1.2125486530771716,-10.525123429927739,0.8756906999915373,PASS
V9,F23,23,1022,4026323,30,500,4,-10.532432718014372,-0.7229501803676563,-10.532432718014372,0.8596575999981724,PASS
V9,F23,24,1023,4026324,30,500,4,-10.519533790640248,-0.7987194079905501,-10.519533790640248,0.8881757999770343,PASS
V9,F23,22,1021,4026322,30,500,4,-10.533264047246652,-1.0750391172262725,-10.533264047246652,0.9388506000104826,PASS
V9,F23,26,1025,4026326,30,500,4,-10.522323555957074,-0.6147683017235526,-10.522323555957074,0.8330623999936506,PASS
V9,F23,25,1024,4026325,30,500,4,-10.52912831788962,-0.6700425911086935,-10.52912831788962,0.8854370999906678,PASS
V9,F23,27,1026,4026327,30,500,4,-10.5327108852842,-0.820457114634507,-10.5327108852842,0.8939767999981996,PASS
V9,F23,28,1027,4026328,30,500,4,-10.516769180557425,-0.8946038920849877,-10.516769180557425,0.8508186000108253,PASS
V9,F23,29,1028,4026329,30,500,4,-10.528868817418642,-0.8835439811854388,-10.528868817418642,0.889759600016987,PASS
V9,F23,30,1029,4026330,30,500,4,-10.527041750999034,-0.5471043607426501,-10.527041750999034,0.9077890999906231,PASS
V10,F1,1,1000,4024101,30,500,30,0.0,67810.20717660758,0.0,1.9292543999908958,PASS
V10,F1,2,1001,4024102,30,500,30,0.0,70905.34012781148,0.0,1.9693632000125945,PASS
V10,F1,3,1002,4024103,30,500,30,0.0,71382.05725267014,0.0,1.961409499985166,PASS
V10,F1,4,1003,4024104,30,500,30,0.0,71067.53341075269,0.0,2.0011961000273004,PASS
V10,F1,5,1004,4024105,30,500,30,0.0,71494.67494006979,0.0,2.211711199983256,PASS
V10,F1,6,1005,4024106,30,500,30,0.0,68827.91056515143,0.0,2.2295601000078022,PASS
V10,F1,9,1008,4024109,30,500,30,0.0,70963.15903282672,0.0,1.880052299995441,PASS
V10,F1,7,1006,4024107,30,500,30,0.0,70203.2929860324,0.0,1.9259976999892388,PASS
V10,F1,10,1009,4024110,30,500,30,0.0,68415.51807348001,0.0,1.9084219000069425,PASS
V10,F1,8,1007,4024108,30,500,30,0.0,54060.05645133964,0.0,1.9814507999981288,PASS
V10,F1,13,1012,4024113,30,500,30,0.0,68582.22618939156,0.0,2.266734600008931,PASS
V10,F1,12,1011,4024112,30,500,30,0.0,60211.88868860319,0.0,2.3481260999978986,PASS
V10,F1,11,1010,4024111,30,500,30,0.0,79775.6397390009,0.0,2.416804000007687,PASS
V10,F1,14,1013,4024114,30,500,30,0.0,65644.03203813086,0.0,2.4001344999996945,PASS
V10,F1,16,1015,4024116,30,500,30,0.0,60965.044173403294,0.0,1.8974431999959052,PASS
V10,F1,17,1016,4024117,30,500,30,0.0,73040.90885855701,0.0,1.9008789000217803,PASS
V10,F1,18,1017,4024118,30,500,30,0.0,70498.00209305885,0.0,1.9086073999933433,PASS
V10,F1,15,1014,4024115,30,500,30,0.0,62548.52364809662,0.0,1.931846499996027,PASS
V10,F1,20,1019,4024120,30,500,30,0.0,78896.22221622002,0.0,2.184197700000368,PASS
V10,F1,21,1020,4024121,30,500,30,0.0,81948.70656934404,0.0,2.312995799991768,PASS
V10,F1,19,1018,4024119,30,500,30,0.0,59692.16515890604,0.0,2.3779691999952774,PASS
V10,F1,22,1021,4024122,30,500,30,0.0,64283.25200493102,0.0,2.398328599985689,PASS
V10,F1,24,1023,4024124,30,500,30,0.0,72002.90593091116,0.0,2.1274774999765214,PASS
V10,F1,26,1025,4024126,30,500,30,0.0,67654.2390610096,0.0,2.1204483000037726,PASS
V10,F1,23,1022,4024123,30,500,30,0.0,77870.80856837892,0.0,2.155879999976605,PASS
V10,F1,25,1024,4024125,30,500,30,0.0,56336.5278763339,0.0,2.1463718000159133,PASS
V10,F1,27,1026,4024127,30,500,30,0.0,68127.13090112404,0.0,2.7923069999960717,PASS
V10,F1,28,1027,4024128,30,500,30,0.0,71281.47829858353,0.0,2.8033347000018694,PASS
V10,F1,29,1028,4024129,30,500,30,0.0,66088.0070704646,0.0,2.822985200007679,PASS
V10,F1,30,1029,4024130,30,500,30,0.0,77096.69700709768,0.0,2.8404516000009608,PASS
V10,F2,2,1001,4024202,30,500,30,0.0,1715602834860.7356,0.0,1.9606361000041943,PASS
V10,F2,4,1003,4024204,30,500,30,0.0,2634424742592.452,0.0,1.9481369999994058,PASS
V10,F2,3,1002,4024203,30,500,30,0.0,702308869043.374,0.0,1.9672190999845043,PASS
V10,F2,1,1000,4024201,30,500,30,0.0,360067002398.5346,0.0,1.9989260000002105,PASS
V10,F2,6,1005,4024206,30,500,30,0.0,332841078922.353,0.0,2.392218699998921,PASS
V10,F2,5,1004,4024205,30,500,30,0.0,2899651184.9231544,0.0,2.402627500006929,PASS
V10,F2,7,1006,4024207,30,500,30,0.0,76547012233.40517,0.0,2.4389695999852847,PASS
V10,F2,8,1007,4024208,30,500,30,0.0,729704378291.7789,0.0,2.452946500008693,PASS
V10,F2,11,1010,4024211,30,500,30,0.0,80213629036800.12,0.0,1.8823985000199173,PASS
V10,F2,12,1011,4024212,30,500,30,0.0,39939133237.937126,0.0,1.9330451000132598,PASS
V10,F2,9,1008,4024209,30,500,30,0.0,26401294709.697582,0.0,1.9631284000060987,PASS
V10,F2,10,1009,4024210,30,500,30,0.0,713724413990.0226,0.0,1.9875438000017311,PASS
V10,F2,13,1012,4024213,30,500,30,0.0,9593437258663.51,0.0,2.2233559000014793,PASS
V10,F2,14,1013,4024214,30,500,30,0.0,4038700082325.6636,0.0,2.29414650000399,PASS
V10,F2,15,1014,4024215,30,500,30,0.0,22135772844271.426,0.0,2.2876342000090517,PASS
V10,F2,16,1015,4024216,30,500,30,0.0,34707708682.06033,0.0,2.3182764000084717,PASS
V10,F2,17,1016,4024217,30,500,30,0.0,2021349198795.503,0.0,1.9252601000189316,PASS
V10,F2,18,1017,4024218,30,500,30,0.0,2748969363192.687,0.0,1.9984515999967698,PASS
V10,F2,20,1019,4024220,30,500,30,0.0,47711548051367.61,0.0,2.0102509999996983,PASS
V10,F2,19,1018,4024219,30,500,30,0.0,10392937112.024113,0.0,2.0223462999856565,PASS
V10,F2,21,1020,4024221,30,500,30,0.0,102707326348.72324,0.0,2.435720000008587,PASS
V10,F2,22,1021,4024222,30,500,30,0.0,7683677948828.628,0.0,2.3678201000147965,PASS
V10,F2,23,1022,4024223,30,500,30,0.0,155737363148.78427,0.0,2.420801699976437,PASS
V10,F2,24,1023,4024224,30,500,30,0.0,1339473094382.0034,0.0,2.4709977000020444,PASS
V10,F2,27,1026,4024227,30,500,30,0.0,67722205355.99468,0.0,1.8893069000041578,PASS
V10,F2,28,1027,4024228,30,500,30,0.0,3236421004233.4863,0.0,1.9264075999963097,PASS
V10,F2,26,1025,4024226,30,500,30,0.0,68338205734834.914,0.0,1.9882122999988496,PASS
V10,F2,25,1024,4024225,30,500,30,0.0,3865443685.5409384,0.0,2.017161199997645,PASS
V10,F2,30,1029,4024230,30,500,30,0.0,811737307015.2843,0.0,2.2633119999954943,PASS
V10,F2,29,1028,4024229,30,500,30,0.0,3305236700.5331717,0.0,2.3880000000062864,PASS
V10,F3,1,1000,4024301,30,500,30,0.0,106811.1871437447,0.0,2.3100714000174776,PASS
V10,F3,2,1001,4024302,30,500,30,0.0,228881.45062340857,0.0,2.356914699979825,PASS
V10,F3,3,1002,4024303,30,500,30,0.0,132408.1368091635,0.0,1.9095567000040319,PASS
V10,F3,5,1004,4024305,30,500,30,0.0,126006.68015739581,0.0,1.9349098000093363,PASS
V10,F3,4,1003,4024304,30,500,30,0.0,252004.5370062454,0.0,2.0376806000131182,PASS
V10,F3,6,1005,4024306,30,500,30,0.0,121185.1674532735,0.0,2.0338338000001386,PASS
V10,F3,7,1006,4024307,30,500,30,0.0,133484.8315350889,0.0,2.258405500004301,PASS
V10,F3,8,1007,4024308,30,500,30,0.0,192911.98136862018,0.0,2.399375700013479,PASS
V10,F3,9,1008,4024309,30,500,30,0.0,135241.10379381198,0.0,2.413889299990842,PASS
V10,F3,10,1009,4024310,30,500,30,0.0,107976.19188391927,0.0,2.4537238999910187,PASS
V10,F3,11,1010,4024311,30,500,30,0.0,258402.473983956,0.0,2.0494838999875356,PASS
V10,F3,14,1013,4024314,30,500,30,0.0,166657.1711129854,0.0,2.124507399974391,PASS
V10,F3,13,1012,4024313,30,500,30,0.0,157787.82385873256,0.0,2.1387129000213463,PASS
V10,F3,12,1011,4024312,30,500,30,0.0,137478.41138112583,0.0,2.1583405999990646,PASS
V10,F3,18,1017,4024318,30,500,30,0.0,245433.61431170706,0.0,2.3376368999888655,PASS
V10,F3,15,1014,4024315,30,500,30,0.0,221992.0552764344,0.0,2.563567700010026,PASS
V10,F3,17,1016,4024317,30,500,30,0.0,119365.44128648656,0.0,2.46945410000626,PASS
V10,F3,16,1015,4024316,30,500,30,0.0,294151.3375734341,0.0,2.553481799986912,PASS
V10,F3,20,1019,4024320,30,500,30,0.0,161467.97997834763,0.0,1.9841422000026796,PASS
V10,F3,22,1021,4024322,30,500,30,0.0,135794.76099693272,0.0,2.0065919999906328,PASS
V10,F3,21,1020,4024321,30,500,30,0.0,126211.38335020539,0.0,2.019587100017816,PASS
V10,F3,19,1018,4024319,30,500,30,0.0,244606.59772993292,0.0,2.0648979999823496,PASS
V10,F3,25,1024,4024325,30,500,30,0.0,79356.08665120536,0.0,2.309739799995441,PASS
V10,F3,26,1025,4024326,30,500,30,0.0,123007.79353130393,0.0,2.3696784999920055,PASS
V10,F3,23,1022,4024323,30,500,30,0.0,163245.37719853327,0.0,2.4438857000204735,PASS
V10,F3,24,1023,4024324,30,500,30,0.0,113871.83421879425,0.0,2.4913305999943987,PASS
V10,F3,29,1028,4024329,30,500,30,0.0,171958.72311027217,0.0,2.0819843000208493,PASS
V10,F3,28,1027,4024328,30,500,30,0.0,131384.1741233503,0.0,2.145439299987629,PASS
V10,F3,27,1026,4024327,30,500,30,0.0,183635.15749931926,0.0,2.1751701000030152,PASS
V10,F3,30,1029,4024330,30,500,30,0.0,90997.76111955676,0.0,2.1692072000005282,PASS
V10,F4,1,1000,4024401,30,500,30,0.0,89.41203274460929,0.0,2.4527329000120517,PASS
V10,F4,2,1001,4024402,30,500,30,0.0,88.23531594133786,0.0,2.4139881000155583,PASS
V10,F4,3,1002,4024403,30,500,30,0.0,90.93773968107635,0.0,2.440477299998747,PASS
V10,F4,4,1003,4024404,30,500,30,0.0,90.05593850015435,0.0,2.421759699995164,PASS
V10,F4,6,1005,4024406,30,500,30,0.0,87.42803920060479,0.0,2.0235258000029717,PASS
V10,F4,8,1007,4024408,30,500,30,0.0,88.56020743697258,0.0,2.0912581000011414,PASS
V10,F4,7,1006,4024407,30,500,30,0.0,89.67489840896681,0.0,2.113161500019487,PASS
V10,F4,5,1004,4024405,30,500,30,0.0,83.47974018645405,0.0,2.1353109999909066,PASS
V10,F4,9,1008,4024409,30,500,30,0.0,90.98182394999645,0.0,2.433056599984411,PASS
V10,F4,11,1010,4024411,30,500,30,0.0,82.14021784717164,0.0,2.492072100023506,PASS
V10,F4,10,1009,4024410,30,500,30,0.0,88.62436437004385,0.0,2.522606499987887,PASS
V10,F4,12,1011,4024412,30,500,30,0.0,87.6380567694806,0.0,2.5358278000203427,PASS
V10,F4,15,1014,4024415,30,500,30,0.0,77.5649543326395,0.0,1.9758275999920443,PASS
V10,F4,13,1012,4024413,30,500,30,0.0,81.54232198828862,0.0,2.081919599993853,PASS
V10,F4,14,1013,4024414,30,500,30,0.0,77.8379255985727,0.0,2.092730600008508,PASS
V10,F4,16,1015,4024416,30,500,30,0.0,89.52145242027729,0.0,2.112049900024431,PASS
V10,F4,20,1019,4024420,30,500,30,0.0,89.14712458834947,0.0,2.2198759999882895,PASS
V10,F4,17,1016,4024417,30,500,30,0.0,89.68075670875115,0.0,2.432943100022385,PASS
V10,F4,18,1017,4024418,30,500,30,0.0,91.69265780583274,0.0,2.3931328000035137,PASS
V10,F4,19,1018,4024419,30,500,30,0.0,87.81454527863241,0.0,2.409528299991507,PASS
V10,F4,23,1022,4024423,30,500,30,0.0,86.36772034124569,0.0,2.0203221999981906,PASS
V10,F4,22,1021,4024422,30,500,30,0.0,90.86947090420732,0.0,2.0384110000159126,PASS
V10,F4,24,1023,4024424,30,500,30,0.0,86.34666057993036,0.0,2.0718453000008594,PASS
V10,F4,21,1020,4024421,30,500,30,0.0,93.48016114980666,0.0,2.1134209999872837,PASS
V10,F4,26,1025,4024426,30,500,30,0.0,92.17294370207554,0.0,2.3708584000123665,PASS
V10,F4,25,1024,4024425,30,500,30,0.0,83.43944699892515,0.0,2.393867200007662,PASS
V10,F4,28,1027,4024428,30,500,30,0.0,88.89385763229512,0.0,2.4450868000276387,PASS
V10,F4,27,1026,4024427,30,500,30,0.0,90.2554612114578,0.0,2.5012009000056423,PASS
V10,F4,29,1028,4024429,30,500,30,0.0,88.97595126021793,0.0,2.2654410999966785,PASS
V10,F4,30,1029,4024430,30,500,30,0.0,90.25056319313495,0.0,2.3494268000067677,PASS
V10,F5,2,1001,4024502,30,500,30,28.646043128024257,265509719.66763252,28.646043128024257,2.3983295999933034,PASS
V10,F5,1,1000,4024501,30,500,30,28.015921092257305,262803966.06144178,28.015921092257305,2.41568050000933,PASS
V10,F5,3,1002,4024503,30,500,30,26.711808396090998,290152790.99322855,26.711808396090998,2.8114699000143446,PASS
V10,F5,4,1003,4024504,30,500,30,28.82600974297789,314425104.8265708,28.82600974297789,2.8644499000220094,PASS
V10,F5,5,1004,4024505,30,500,30,28.804678672178632,264814459.6730534,28.804678672178632,2.8471609999833163,PASS
V10,F5,6,1005,4024506,30,500,30,27.986036622923237,275607877.05815667,27.986036622923237,2.8433986000018194,PASS
V10,F5,7,1006,4024507,30,500,30,28.823883329262852,275703968.057919,28.823883329262852,2.2093806999910157,PASS
V10,F5,10,1009,4024510,30,500,30,28.04247388399021,275312500.08404154,28.04247388399021,2.1927885000186507,PASS
V10,F5,9,1008,4024509,30,500,30,27.984841698309754,264277025.01725703,27.984841698309754,2.257556399999885,PASS
V10,F5,8,1007,4024508,30,500,30,27.99937554664406,196990313.2842615,27.99937554664406,2.321351099992171,PASS
V10,F5,12,1011,4024512,30,500,30,28.657390325827524,135783553.73670316,28.657390325827524,2.4582313999999315,PASS
V10,F5,14,1013,4024514,30,500,30,28.771111300530727,198137301.02750832,28.771111300530727,2.4159248000069056,PASS
V10,F5,11,1010,4024511,30,500,30,26.054231599578767,311741780.6244718,26.054231599578767,2.574839000008069,PASS
V10,F5,13,1012,4024513,30,500,30,28.9901213820155,223922765.9861003,28.9901213820155,2.5745929999975488,PASS
V10,F5,16,1015,4024516,30,500,30,27.15601620168102,230963403.05164534,27.15601620168102,2.0728218000149354,PASS
V10,F5,18,1017,4024518,30,500,30,28.85918261656663,261605126.34257632,28.85918261656663,2.0714870000083465,PASS
V10,F5,17,1016,4024517,30,500,30,27.234020646011118,267563143.6435758,27.234020646011118,2.1264533000066876,PASS
V10,F5,15,1014,4024515,30,500,30,27.9794774319341,199986599.631898,27.9794774319341,2.159776899992721,PASS
V10,F5,19,1018,4024519,30,500,30,28.866610745930465,235011607.0552513,28.866610745930465,2.489082200016128,PASS
V10,F5,20,1019,4024520,30,500,30,28.59516632503656,318067279.8984649,28.59516632503656,2.5415152000205126,PASS
V10,F5,22,1021,4024522,30,500,30,28.77121654341793,250438783.368967,28.77121654341793,2.5382502999855205,PASS
V10,F5,21,1020,4024521,30,500,30,28.808942298707827,320276562.2341088,28.808942298707827,2.555232899991097,PASS
V10,F5,23,1022,4024523,30,500,30,28.005517157195616,224106822.12627918,28.005517157195616,2.0803213999897707,PASS
V10,F5,26,1025,4024526,30,500,30,28.771134544774323,272825950.8696747,28.771134544774323,2.1166427999851294,PASS
V10,F5,25,1024,4024525,30,500,30,28.919466224391016,197086662.74910796,28.919466224391016,2.217456599988509,PASS
V10,F5,24,1023,4024524,30,500,30,28.856224577274787,272530389.63664186,28.856224577274787,2.2606051999900956,PASS
V10,F5,27,1026,4024527,30,500,30,28.09431401159681,289149958.1576517,28.09431401159681,2.496187899989309,PASS
V10,F5,28,1027,4024528,30,500,30,28.662293095955434,306443111.17072505,28.662293095955434,2.4598829000024125,PASS
V10,F5,29,1028,4024529,30,500,30,27.981433531863367,254911291.89617184,27.981433531863367,2.517109000007622,PASS
V10,F5,30,1029,4024530,30,500,30,28.658484924061998,297997041.8303026,28.658484924061998,2.5244107999897096,PASS
V10,F6,4,1003,4024604,30,500,30,0.17110700168476095,71219.00386103941,0.17110700168476095,2.0229122000164352,PASS
V10,F6,2,1001,4024602,30,500,30,1.2883104401730798e-05,70582.57089954114,1.2883104401730798e-05,2.043922399985604,PASS
V10,F6,1,1000,4024601,30,500,30,0.013130195624321371,67909.83159949695,0.013130195624321371,2.066884100000607,PASS
V10,F6,3,1002,4024603,30,500,30,7.442784470224734e-05,71353.455751133,7.442784470224734e-05,2.131334500008961,PASS
V10,F6,5,1004,4024605,30,500,30,2.717429079865979e-05,71208.03386246378,2.717429079865979e-05,2.347634100005962,PASS
V10,F6,7,1006,4024607,30,500,30,0.01640533304135499,70011.4366295226,0.01640533304135499,2.4312574999930803,PASS
V10,F6,6,1005,4024606,30,500,30,4.618673374330677e-06,68955.29999951718,4.618673374330677e-06,2.493040099972859,PASS
V10,F6,8,1007,4024608,30,500,30,0.20546921029196893,54162.957873925516,0.20546921029196893,2.536834500002442,PASS
V10,F6,9,1008,4024609,30,500,30,0.04878216853768201,70501.21762803209,0.04878216853768201,1.9461411999945994,PASS
V10,F6,12,1011,4024612,30,500,30,1.6687165379929943e-05,60343.443806650605,1.6687165379929943e-05,1.9128894000023138,PASS
V10,F6,11,1010,4024611,30,500,30,6.673276259336553e-07,79935.06488261481,6.673276259336553e-07,1.9626691000012215,PASS
V10,F6,10,1009,4024610,30,500,30,0.060072657756019054,68295.92181788973,0.060072657756019054,2.0112036999780685,PASS
V10,F6,15,1014,4024615,30,500,30,0.003453539437581238,62157.94499673396,0.003453539437581238,2.218660499987891,PASS
V10,F6,14,1013,4024614,30,500,30,2.795550123591419,66078.30058116298,2.795550123591419,2.2830749999848194,PASS
V10,F6,13,1012,4024613,30,500,30,0.08624501807262244,68881.92519101789,0.08624501807262244,2.334089399984805,PASS
V10,F6,16,1015,4024616,30,500,30,0.13803039456997057,61089.234661411996,0.13803039456997057,2.293034800008172,PASS
V10,F6,20,1019,4024620,30,500,30,0.00613062009414393,79344.06586895653,0.00613062009414393,2.0536625999957323,PASS
V10,F6,17,1016,4024617,30,500,30,1.0519810154506114e-05,73031.55585073962,1.0519810154506114e-05,2.0829007999855094,PASS
V10,F6,19,1018,4024619,30,500,30,2.515493404898491,59960.68287322056,2.515493404898491,2.0802887000027113,PASS
V10,F6,18,1017,4024618,30,500,30,0.04801296180244671,70606.59378046433,0.04801296180244671,2.170099599985406,PASS
V10,F6,21,1020,4024621,30,500,30,0.016652691306696162,81635.30658606326,0.016652691306696162,2.5294422000006307,PASS
V10,F6,22,1021,4024622,30,500,30,1.0279552571344979,64215.54876603678,1.0279552571344979,2.5487981000042055,PASS
V10,F6,23,1022,4024623,30,500,30,0.021321667097448125,78086.57507584567,0.021321667097448125,2.6121870999922976,PASS
V10,F6,24,1023,4024624,30,500,30,0.03418477896022081,72276.33926858637,0.03418477896022081,2.5273771999927703,PASS
V10,F6,25,1024,4024625,30,500,30,0.10852345357410413,56465.69237297281,0.10852345357410413,1.973855199990794,PASS
V10,F6,26,1025,4024626,30,500,30,0.00013819722495449308,67862.6591007802,0.00013819722495449308,1.9716967999993358,PASS
V10,F6,28,1027,4024628,30,500,30,0.0001690948551789555,71067.99746945646,0.0001690948551789555,1.9656252000131644,PASS
V10,F6,27,1026,4024627,30,500,30,1.4706234153065194,68320.91352360474,1.4706234153065194,2.0129771000065375,PASS
V10,F6,29,1028,4024629,30,500,30,0.055550114658812995,66095.4100418736,0.055550114658812995,2.3237662999890745,PASS
V10,F6,30,1029,4024630,30,500,30,0.03287214857791662,77102.38991476683,0.03287214857791662,2.315691199997673,PASS
V10,F7,1,1000,4024701,30,500,30,9.45915362848826e-06,132.24256505296452,9.45915362848826e-06,2.4149761000007857,PASS
V10,F7,2,1001,4024702,30,500,30,6.837286203809079e-05,129.07738590868695,6.837286203809079e-05,2.4038246999843977,PASS
V10,F7,3,1002,4024703,30,500,30,1.6784381334677967e-05,106.8866083511403,1.6784381334677967e-05,2.047831400006544,PASS
V10,F7,5,1004,4024705,30,500,30,0.0002432252979321925,128.77654886785405,0.0002432252979321925,2.1212355000025127,PASS
V10,F7,6,1005,4024706,30,500,30,0.0002044215615785161,95.90377798740067,0.0002044215615785161,2.1420616999967024,PASS
V10,F7,4,1003,4024704,30,500,30,7.080694142436172e-05,120.0123686763614,7.080694142436172e-05,2.1939578999881633,PASS
V10,F7,7,1006,4024707,30,500,30,8.514306014872908e-05,109.43532753152996,8.514306014872908e-05,2.343010400014464,PASS
V10,F7,9,1008,4024709,30,500,30,1.5447923321199042e-05,112.92200132609992,1.5447923321199042e-05,2.362131900008535,PASS
V10,F7,8,1007,4024708,30,500,30,9.530159643600378e-05,89.84776718932376,9.530159643600378e-05,2.4173798999981955,PASS
V10,F7,10,1009,4024710,30,500,30,8.368433869609948e-05,124.61338032043707,8.368433869609948e-05,2.427124299982097,PASS
V10,F7,13,1012,4024713,30,500,30,4.457786551659293e-05,109.2388515683827,4.457786551659293e-05,2.0436006999807432,PASS
V10,F7,12,1011,4024712,30,500,30,0.00014672705711848977,88.02744560759177,0.00014672705711848977,2.0991090000024997,PASS
V10,F7,11,1010,4024711,30,500,30,0.00021914311776938256,145.50908467686799,0.00021914311776938256,2.154242199991131,PASS
V10,F7,14,1013,4024714,30,500,30,2.820717814733256e-05,125.18640614897903,2.820717814733256e-05,2.223024800012354,PASS
V10,F7,15,1014,4024715,30,500,30,4.9591094465339935e-06,99.80960290906447,4.9591094465339935e-06,2.5766300999966916,PASS
V10,F7,17,1016,4024717,30,500,30,0.00057313278933524,142.86321654785507,0.00057313278933524,2.6024534000025596,PASS
V10,F7,16,1015,4024716,30,500,30,0.00014586593514698265,118.50476153098273,0.00014586593514698265,2.6929109999909997,PASS
V10,F7,18,1017,4024718,30,500,30,0.00021633445300472953,146.54341813360404,0.00021633445300472953,2.692384599999059,PASS
V10,F7,19,1018,4024719,30,500,30,0.00021026431482795704,129.37924729813335,0.00021026431482795704,2.030517900013365,PASS
V10,F7,20,1019,4024720,30,500,30,2.5783503506016147e-05,134.11199381657298,2.5783503506016147e-05,2.0828331999946386,PASS
V10,F7,22,1021,4024722,30,500,30,7.447946452421306e-05,97.89929812706661,7.447946452421306e-05,2.1107944999821484,PASS
V10,F7,21,1020,4024721,30,500,30,7.261338490871516e-05,134.48686620550905,7.261338490871516e-05,2.1884428999910597,PASS
V10,F7,23,1022,4024723,30,500,30,5.6976333538738544e-05,133.0436737145348,5.6976333538738544e-05,2.544797999988077,PASS
V10,F7,24,1023,4024724,30,500,30,0.00013413908657777807,134.83866130923477,0.00013413908657777807,2.6091369000205304,PASS
V10,F7,25,1024,4024725,30,500,30,0.00018987324554264884,105.12427574420931,0.00018987324554264884,2.705390900024213,PASS
V10,F7,26,1025,4024726,30,500,30,6.071988832667685e-05,144.99096006092753,6.071988832667685e-05,2.7108625000109896,PASS
V10,F7,29,1028,4024729,30,500,30,1.0751409406872803e-05,162.80296180734086,1.0751409406872803e-05,1.9604209000244737,PASS
V10,F7,28,1027,4024728,30,500,30,3.238470623567746e-05,93.82607923366973,3.238470623567746e-05,2.055651199974818,PASS
V10,F7,27,1026,4024727,30,500,30,0.00019470491795281486,135.53438780914385,0.00019470491795281486,2.0911223999864887,PASS
V10,F7,30,1029,4024730,30,500,30,0.000128178818000646,130.6949254804745,0.000128178818000646,2.1081918999843765,PASS
V10,F8,1,1000,4024801,30,500,30,-5568.157570552696,-2451.876014434408,-5568.157570552696,2.8963417999912053,PASS
V10,F8,3,1002,4024803,30,500,30,-5143.470475311303,-1692.1826887752877,-5143.470475311303,2.916113299987046,PASS
V10,F8,2,1001,4024802,30,500,30,-5299.129330349344,-2690.889994276502,-5299.129330349344,2.942084899987094,PASS
V10,F8,4,1003,4024804,30,500,30,-5224.8548672187,-2110.3517025625324,-5224.8548672187,2.958967099984875,PASS
V10,F8,6,1005,4024806,30,500,30,-12405.279453200263,-3595.6367869269293,-12405.279453200263,2.028572199982591,PASS
V10,F8,5,1004,4024805,30,500,30,-9003.695396489997,-1605.4114947545195,-9003.695396489997,2.1785457000078168,PASS
V10,F8,8,1007,4024808,30,500,30,-8324.734630918814,-1726.090940377079,-8324.734630918814,2.1702283000049647,PASS
V10,F8,7,1006,4024807,30,500,30,-8198.825215088236,-1885.772866590057,-8198.825215088236,2.180922300001839,PASS
V10,F8,9,1008,4024809,30,500,30,-5828.450935982204,-2337.3316623373657,-5828.450935982204,2.4748408000159543,PASS
V10,F8,10,1009,4024810,30,500,30,-6026.446352947354,-2623.8232741546635,-6026.446352947354,2.3633081000007223,PASS
V10,F8,12,1011,4024812,30,500,30,-5465.931590285007,-2334.5511967809016,-5465.931590285007,2.3755370999861043,PASS
V10,F8,11,1010,4024811,30,500,30,-5036.739629222879,-1813.4049915384448,-5036.739629222879,2.3801155999826733,PASS
V10,F8,15,1014,4024815,30,500,30,-4597.617752086166,-1577.9245638457974,-4597.617752086166,2.045522799977334,PASS
V10,F8,14,1013,4024814,30,500,30,-12169.502671241858,-1526.011739420307,-12169.502671241858,2.0485639999969862,PASS
V10,F8,13,1012,4024813,30,500,30,-5758.444035915702,-2026.2048410858288,-5758.444035915702,2.080241100018611,PASS
V10,F8,16,1015,4024816,30,500,30,-6053.85871163641,-1774.4957618865303,-6053.85871163641,2.0920540999795776,PASS
V10,F8,18,1017,4024818,30,500,30,-12539.92340874144,-1613.727286315913,-12539.92340874144,2.4067475000047125,PASS
V10,F8,19,1018,4024819,30,500,30,-4773.509633689517,-2231.4411955724777,-4773.509633689517,2.5090209000045434,PASS
V10,F8,17,1016,4024817,30,500,30,-8600.292282404893,-3022.774183385613,-8600.292282404893,2.5364931999938563,PASS
V10,F8,20,1019,4024820,30,500,30,-4797.520034485213,-1937.2091609434265,-4797.520034485213,2.560882500023581,PASS
V10,F8,21,1020,4024821,30,500,30,-5721.11607838331,-2248.510909834675,-5721.11607838331,1.952127800002927,PASS
V10,F8,24,1023,4024824,30,500,30,-12569.248125985432,-1788.751013337049,-12569.248125985432,1.9731614000047557,PASS
V10,F8,22,1021,4024822,30,500,30,-5617.537737829698,-1439.3070195018026,-5617.537737829698,1.9825434999947902,PASS
V10,F8,23,1022,4024823,30,500,30,-5435.609070802741,-2698.531601043908,-5435.609070802741,2.0205162999918684,PASS
V10,F8,27,1026,4024827,30,500,30,-4098.9019041780575,-1646.4051333176737,-4098.9019041780575,2.3935079000075348,PASS
V10,F8,26,1025,4024826,30,500,30,-9003.305327375001,-1895.6942306135086,-9003.305327375001,2.4614781999844126,PASS
V10,F8,28,1027,4024828,30,500,30,-10333.671965983489,-1823.0140943969723,-10333.671965983489,2.434598299994832,PASS
V10,F8,25,1024,4024825,30,500,30,-7821.683384483051,-2207.6192588415524,-7821.683384483051,2.54193020000821,PASS
V10,F9,2,1001,4024902,30,500,30,0.0,384.5497490364953,0.0,1.8949355999939144,PASS
V10,F8,29,1028,4024829,30,500,30,-8572.93569680741,-1854.1744144476797,-8572.93569680741,1.9398866999836173,PASS
V10,F9,1,1000,4024901,30,500,30,0.0,464.87493101018356,0.0,1.948669900011737,PASS
V10,F8,30,1029,4024830,30,500,30,-7647.826709347266,-1702.2535651780167,-7647.826709347266,2.0160088000120595,PASS
V10,F9,3,1002,4024903,30,500,30,0.0,424.39485150190137,0.0,2.439239400002407,PASS
V10,F9,4,1003,4024904,30,500,30,0.0,439.61790434394305,0.0,2.459868500009179,PASS
V10,F9,5,1004,4024905,30,500,30,0.0,448.7388944016657,0.0,2.4330279999994673,PASS
V10,F9,6,1005,4024906,30,500,30,0.0,439.91283939992803,0.0,2.4713363999908324,PASS
V10,F9,9,1008,4024909,30,500,30,0.0,448.1773913088544,0.0,2.079003200022271,PASS
V10,F9,7,1006,4024907,30,500,30,0.0,431.59183701137,0.0,2.092873999994481,PASS
V10,F9,8,1007,4024908,30,500,30,0.0,365.8391088248434,0.0,2.1531290999846533,PASS
V10,F9,10,1009,4024910,30,500,30,0.0,467.3571333335915,0.0,2.16976779999095,PASS
V10,F9,12,1011,4024912,30,500,30,0.0,441.073286920272,0.0,2.2964293000113685,PASS
V10,F9,11,1010,4024911,30,500,30,0.0,447.2888938374598,0.0,2.306043699994916,PASS
V10,F9,13,1012,4024913,30,500,30,0.0,434.02220260833974,0.0,2.249132800003281,PASS
V10,F9,14,1013,4024914,30,500,30,0.0,440.91474681676505,0.0,2.2784246999945026,PASS
V10,F9,17,1016,4024917,30,500,30,0.0,422.02779107708176,0.0,2.1911078999983147,PASS
V10,F9,15,1014,4024915,30,500,30,0.0,466.36406583587524,0.0,2.205864899995504,PASS
V10,F9,18,1017,4024918,30,500,30,0.0,469.76371664050794,0.0,2.2107587999780662,PASS
V10,F9,16,1015,4024916,30,500,30,0.0,433.86281469045554,0.0,2.24763030000031,PASS
V10,F9,19,1018,4024919,30,500,30,0.0,414.6138424388559,0.0,2.321320299990475,PASS
V10,F9,20,1019,4024920,30,500,30,0.0,458.030531975015,0.0,2.3526115999848116,PASS
V10,F9,22,1021,4024922,30,500,30,0.0,441.34049530442945,0.0,2.4086560000141617,PASS
V10,F9,21,1020,4024921,30,500,30,0.0,465.26417440798247,0.0,2.450885600002948,PASS
V10,F9,23,1022,4024923,30,500,30,0.0,446.64097601097,0.0,2.007376599998679,PASS
V10,F9,25,1024,4024925,30,500,30,0.0,408.9701533118642,0.0,2.162654100015061,PASS
V10,F9,24,1023,4024924,30,500,30,0.0,433.79837842386155,0.0,2.1671985000139102,PASS
V10,F9,26,1025,4024926,30,500,30,0.0,473.6616560879741,0.0,2.1996267000213265,PASS
V10,F9,27,1026,4024927,30,500,30,0.0,446.03906557516507,0.0,2.3124355000036303,PASS
V10,F9,28,1027,4024928,30,500,30,0.0,447.3494195224039,0.0,2.301152300002286,PASS
V10,F9,29,1028,4024929,30,500,30,0.0,455.002187468864,0.0,2.339017899997998,PASS
V10,F9,30,1029,4024930,30,500,30,0.0,479.83128968283097,0.0,2.3408794999995735,PASS
V10,F10,2,1001,4025002,30,500,30,4.440892098500626e-16,20.80923383013385,4.440892098500626e-16,2.1138735999993514,PASS
V10,F10,1,1000,4025001,30,500,30,4.440892098500626e-16,20.764880617738655,4.440892098500626e-16,2.125761599978432,PASS
V10,F10,4,1003,4025004,30,500,30,4.440892098500626e-16,20.685941618453114,4.440892098500626e-16,2.2275485999998637,PASS
V10,F10,3,1002,4025003,30,500,30,4.440892098500626e-16,20.70259726914545,4.440892098500626e-16,2.257642200012924,PASS
V10,F10,5,1004,4025005,30,500,30,4.440892098500626e-16,20.753180108678922,4.440892098500626e-16,2.309724999999162,PASS
V10,F10,6,1005,4025006,30,500,30,4.440892098500626e-16,20.739339682394206,4.440892098500626e-16,2.3859659000008833,PASS
V10,F10,7,1006,4025007,30,500,30,4.440892098500626e-16,20.677331650145728,4.440892098500626e-16,2.349283399991691,PASS
V10,F10,8,1007,4025008,30,500,30,4.440892098500626e-16,20.30938002246911,4.440892098500626e-16,2.360043199994834,PASS
V10,F10,9,1008,4025009,30,500,30,4.440892098500626e-16,20.6623323028609,4.440892098500626e-16,2.0943601000180934,PASS
V10,F10,10,1009,4025010,30,500,30,4.440892098500626e-16,20.764014980012245,4.440892098500626e-16,2.150106200017035,PASS
V10,F10,12,1011,4025012,30,500,30,4.440892098500626e-16,20.569830881242734,4.440892098500626e-16,2.1372626000083983,PASS
V10,F10,11,1010,4025011,30,500,30,4.440892098500626e-16,20.873205110265417,4.440892098500626e-16,2.156678600003943,PASS
V10,F10,13,1012,4025013,30,500,30,4.440892098500626e-16,20.566750205953976,4.440892098500626e-16,2.3660200999875087,PASS
V10,F10,14,1013,4025014,30,500,30,4.440892098500626e-16,20.669354202190537,4.440892098500626e-16,2.3621262999949977,PASS
V10,F10,16,1015,4025016,30,500,30,4.440892098500626e-16,20.64013873956227,4.440892098500626e-16,2.428564699977869,PASS
V10,F10,15,1014,4025015,30,500,30,4.440892098500626e-16,20.49068213407767,4.440892098500626e-16,2.449514099978842,PASS
V10,F10,18,1017,4025018,30,500,30,4.440892098500626e-16,20.8269336510937,4.440892098500626e-16,1.9374083000002429,PASS
V10,F10,17,1016,4025017,30,500,30,4.440892098500626e-16,20.795292196710726,4.440892098500626e-16,1.9693409999890719,PASS
V10,F10,19,1018,4025019,30,500,30,4.440892098500626e-16,20.287777247273507,4.440892098500626e-16,1.9766390000004321,PASS
V10,F10,20,1019,4025020,30,500,30,4.440892098500626e-16,20.753576885043977,4.440892098500626e-16,1.983309500006726,PASS
V10,F10,23,1022,4025023,30,500,30,4.440892098500626e-16,20.933352404055416,4.440892098500626e-16,2.378339600021718,PASS
V10,F10,24,1023,4025024,30,500,30,4.440892098500626e-16,20.702337522964704,4.440892098500626e-16,2.390649000008125,PASS
V10,F10,22,1021,4025022,30,500,30,4.440892098500626e-16,20.583645012836215,4.440892098500626e-16,2.477230699994834,PASS
V10,F10,21,1020,4025021,30,500,30,4.440892098500626e-16,20.886822358893582,4.440892098500626e-16,2.495770400011679,PASS
V10,F10,25,1024,4025025,30,500,30,4.440892098500626e-16,20.640145513776236,4.440892098500626e-16,2.062840300000971,PASS
V10,F10,27,1026,4025027,30,500,30,4.440892098500626e-16,20.70523141613285,4.440892098500626e-16,2.0741738000069745,PASS
V10,F10,28,1027,4025028,30,500,30,4.440892098500626e-16,20.792506436353648,4.440892098500626e-16,2.116330000018934,PASS
V10,F10,26,1025,4025026,30,500,30,4.440892098500626e-16,20.66064456706877,4.440892098500626e-16,2.1303617999947164,PASS
V10,F10,29,1028,4025029,30,500,30,4.440892098500626e-16,20.542581961741753,4.440892098500626e-16,2.3720455000002403,PASS
V10,F11,1,1000,4025101,30,500,30,0.0,611.291864520307,0.0,2.3900215000030585,PASS
V10,F10,30,1029,4025030,30,500,30,4.440892098500626e-16,20.847870698067215,4.440892098500626e-16,2.506096199998865,PASS
V10,F11,2,1001,4025102,30,500,30,0.0,639.1480611503106,0.0,2.494334400020307,PASS
V10,F11,3,1002,4025103,30,500,30,0.0,643.4385152741779,0.0,2.2747566000034567,PASS
V10,F11,4,1003,4025104,30,500,30,0.0,640.6078006974948,0.0,2.3480503000027966,PASS
V10,F11,5,1004,4025105,30,500,30,0.0,644.4520744510511,0.0,2.3468739000090864,PASS
V10,F11,6,1005,4025106,30,500,30,0.0,620.4511952126913,0.0,2.3929119000094943,PASS
V10,F11,7,1006,4025107,30,500,30,0.0,632.8296368484805,0.0,2.9547639000229537,PASS
V10,F11,8,1007,4025108,30,500,30,0.0,487.5405080335636,0.0,2.9503597999864724,PASS
V10,F11,9,1008,4025109,30,500,30,0.0,639.6684312970408,0.0,2.9764906000054907,PASS
V10,F11,10,1009,4025110,30,500,30,0.0,616.7396630786404,0.0,2.992120699986117,PASS
V10,F11,13,1012,4025113,30,500,30,0.0,618.2400358748203,0.0,2.1623342000239063,PASS
V10,F11,12,1011,4025112,30,500,30,0.0,542.9069981974286,0.0,2.2068157000176143,PASS
V10,F11,14,1013,4025114,30,500,30,0.0,591.7962883432442,0.0,2.2076583999732975,PASS
V10,F11,11,1010,4025111,30,500,30,0.0,718.9807578130838,0.0,2.2458305999753065,PASS
V10,F11,16,1015,4025116,30,500,30,0.0,549.6853975606296,0.0,2.6892860000079963,PASS
V10,F11,15,1014,4025115,30,500,30,0.0,563.9367128903148,0.0,2.7306207999936305,PASS
V10,F11,17,1016,4025117,30,500,30,0.0,658.3681797175631,0.0,2.7192231999943033,PASS
V10,F11,18,1017,4025118,30,500,30,0.0,635.4820188150104,0.0,2.7621501999965403,PASS
V10,F11,20,1019,4025120,30,500,30,0.0,711.0659999459813,0.0,2.062077099981252,PASS
V10,F11,22,1021,4025122,30,500,30,0.0,579.5492680434852,0.0,2.0697347999957856,PASS
V10,F11,19,1018,4025119,30,500,30,0.0,538.2294864301934,0.0,2.12548919999972,PASS
V10,F11,21,1020,4025121,30,500,30,0.0,738.5383591240958,0.0,2.1452494999975897,PASS
V10,F11,24,1023,4025124,30,500,30,0.0,649.0261533705124,0.0,2.649675599997863,PASS
V10,F11,23,1022,4025123,30,500,30,0.0,701.8372771154101,0.0,2.6936255999899004,PASS
V10,F11,26,1025,4025126,30,500,30,0.0,609.8881515490872,0.0,2.648884500027634,PASS
V10,F11,25,1024,4025125,30,500,30,0.0,508.02875095473263,0.0,2.7672385000041686,PASS
V10,F11,27,1026,4025127,30,500,30,0.0,614.144178110117,0.0,2.106370399997104,PASS
V10,F11,30,1029,4025130,30,500,30,0.0,694.8702724214163,0.0,2.1013510999910068,PASS
V10,F11,29,1028,4025129,30,500,30,0.0,595.7920700073693,0.0,2.117219899984775,PASS
V10,F11,28,1027,4025128,30,500,30,0.0,642.5333046872523,0.0,2.143539199983934,PASS
V10,F12,1,1000,4025201,30,500,30,0.9765850073339192,577094378.3389748,0.9765850073339192,2.88369600000442,PASS
V10,F12,2,1001,4025202,30,500,30,5.166084469255139e-07,579099359.0880492,5.166084469255139e-07,2.866455399984261,PASS
V10,F12,4,1003,4025204,30,500,30,9.568883855371482e-08,756082758.900649,9.568883855371482e-08,2.89660459998413,PASS
V10,F12,3,1002,4025203,30,500,30,0.3577963142820694,677755348.7064486,0.3577963142820694,2.9401486000278965,PASS
V10,F12,5,1004,4025205,30,500,30,1.6025619430283452e-07,600899121.4082001,1.6025619430283452e-07,2.194549799984088,PASS
V10,F12,8,1007,4025208,30,500,30,6.82303620472784e-07,465147296.24454856,6.82303620472784e-07,2.2938892999954987,PASS
V10,F12,6,1005,4025206,30,500,30,3.7060863742934807e-07,613687382.5306401,3.7060863742934807e-07,2.3393131000048015,PASS
V10,F12,7,1006,4025207,30,500,30,1.6021265390195052,669437325.0641034,1.6021265390195052,2.3554360999842174,PASS
V10,F12,9,1008,4025209,30,500,30,4.5110129271683664e-08,673649374.2265142,4.5110129271683664e-08,3.000207999983104,PASS
V10,F12,10,1009,4025210,30,500,30,8.319798285473437e-07,608345809.8432229,8.319798285473437e-07,2.9428129000007175,PASS
V10,F12,11,1010,4025211,30,500,30,0.23919993587821015,673700231.5011019,0.23919993587821015,2.9805903999949805,PASS
V10,F12,12,1011,4025212,30,500,30,0.6288613274024143,354312759.8973637,0.6288613274024143,3.020471300027566,PASS
V10,F12,16,1015,4025216,30,500,30,1.7249658554023291e-06,518663474.82455194,1.7249658554023291e-06,2.2209958000166807,PASS
V10,F12,13,1012,4025213,30,500,30,8.513785556662035e-07,409264261.74945426,8.513785556662035e-07,2.3304011000145692,PASS
V10,F12,14,1013,4025214,30,500,30,4.121896566768038e-07,375026164.7994268,4.121896566768038e-07,2.3809685000160243,PASS
V10,F12,15,1014,4025215,30,500,30,0.38843702742706404,377991105.0550389,0.38843702742706404,2.425007399986498,PASS
V10,F12,17,1016,4025217,30,500,30,3.904443901864211e-10,602516388.8524432,3.904443901864211e-10,2.825970399979269,PASS
V10,F12,18,1017,4025218,30,500,30,0.5006887932374382,678910232.0700809,0.5006887932374382,2.7732819999800995,PASS
V10,F12,19,1018,4025219,30,500,30,3.687081921477448e-07,493317185.6586725,3.687081921477448e-07,2.951905399997486,PASS
V10,F12,20,1019,4025220,30,500,30,1.7225190895278484e-06,746482921.424925,1.7225190895278484e-06,2.919204500009073,PASS
V10,F12,23,1022,4025223,30,500,30,1.114830222137943,527674663.0350982,1.114830222137943,2.326382500003092,PASS
V10,F12,24,1023,4025224,30,500,30,1.4679809277230487,557034073.9341952,1.4679809277230487,2.3287856000242755,PASS
V10,F12,21,1020,4025221,30,500,30,4.887783514411316e-07,779891967.4951634,4.887783514411316e-07,2.3819674999976996,PASS
V10,F12,22,1021,4025222,30,500,30,2.2293282087355797e-06,566705999.5069873,2.2293282087355797e-06,2.467212199990172,PASS
V10,F12,25,1024,4025225,30,500,30,0.16084197703531153,459268027.30294675,0.16084197703531153,2.9772042999975383,PASS
V10,F12,27,1026,4025227,30,500,30,0.6237036767790354,688380987.7444726,0.6237036767790354,2.9479822000139393,PASS
V10,F12,26,1025,4025226,30,500,30,0.285040114247385,655610836.8316754,0.285040114247385,3.0048664000059944,PASS
V10,F12,28,1027,4025228,30,500,30,1.9276740631022773e-06,735612073.6667887,1.9276740631022773e-06,2.9911972999980208,PASS
V10,F12,29,1028,4025229,30,500,30,3.545720779065137e-07,694579575.2440028,3.545720779065137e-07,2.2818638999888208,PASS
V10,F13,2,1001,4025302,30,500,30,4.371570325291054e-07,1134393402.9122756,4.371570325291054e-07,2.3851761000114493,PASS
V10,F12,30,1029,4025230,30,500,30,1.632656940007739e-08,638200031.739138,1.632656940007739e-08,2.3971319000120275,PASS
V10,F13,1,1000,4025301,30,500,30,1.3301825589048109,1121540604.907016,1.3301825589048109,2.424912399990717,PASS
V10,F13,3,1002,4025303,30,500,30,1.8071491593739837,1279263460.7598147,1.8071491593739837,2.8952365999866743,PASS
V10,F13,5,1004,4025305,30,500,30,2.0395799048693126,1170689608.5516968,2.0395799048693126,2.9028079999843612,PASS
V10,F13,4,1003,4025304,30,500,30,1.914195591718819,1409943019.8603163,1.914195591718819,2.9340269999811426,PASS
V10,F13,6,1005,4025306,30,500,30,1.612059226187876e-05,1181621324.1665757,1.612059226187876e-05,2.9529417000012472,PASS
V10,F13,7,1006,4025307,30,500,30,1.186501734169518e-05,1268983075.2778127,1.186501734169518e-05,2.1887325000134297,PASS
V10,F13,10,1009,4025310,30,500,30,2.021472618677669,1170491781.6147819,2.021472618677669,2.242468199983705,PASS
V10,F13,9,1008,4025309,30,500,30,1.4112473438376154,1296042042.9580178,1.4112473438376154,2.2949926999863237,PASS
V10,F13,8,1007,4025308,30,500,30,1.9443409238885074,878154019.7635087,1.9443409238885074,2.321197999990545,PASS
V10,F13,11,1010,4025311,30,500,30,2.0560074766602408,1334005063.226532,2.0560074766602408,2.682335299992701,PASS
V10,F13,12,1011,4025312,30,500,30,1.8274765391783256,746217004.1348709,1.8274765391783256,2.6956988999736495,PASS
V10,F13,14,1013,4025314,30,500,30,1.26251779623208e-05,813623365.5838884,1.26251779623208e-05,2.6636639999924228,PASS
V10,F13,13,1012,4025313,30,500,30,1.5909104298622656,902489281.0803057,1.5909104298622656,2.7272540999983903,PASS
V10,F13,18,1017,4025318,30,500,30,7.967900525081573e-07,1270309810.4932654,7.967900525081573e-07,2.252419299999019,PASS
V10,F13,15,1014,4025315,30,500,30,2.2244462555790094,781768070.7565104,2.2244462555790094,2.291490200004773,PASS
V10,F13,16,1015,4025316,30,500,30,1.7053044544059863,992639751.8319389,1.7053044544059863,2.324495400011074,PASS
V10,F13,17,1016,4025317,30,500,30,2.1220016808190794,1200343935.016167,2.1220016808190794,2.335458400018979,PASS
V10,F13,20,1019,4025320,30,500,30,1.8036089474479475,1427951455.304063,1.8036089474479475,2.803886700014118,PASS
V10,F13,21,1020,4025321,30,500,30,3.4458885258591147e-06,1481567387.8877292,3.4458885258591147e-06,2.770899199997075,PASS
V10,F13,19,1018,4025319,30,500,30,3.820477466654269e-05,985279769.8708252,3.820477466654269e-05,2.8408747000212315,PASS
V10,F13,22,1021,4025322,30,500,30,2.449795319597249,1071852585.7528108,2.449795319597249,2.7897994000231847,PASS
V10,F13,23,1022,4025323,30,500,30,2.7099369146093926,1057814591.9376878,2.7099369146093926,2.1193769999954384,PASS
V10,F13,24,1023,4025324,30,500,30,4.965824895246708e-06,1128834171.694078,4.965824895246708e-06,2.1665815000014845,PASS
V10,F13,26,1025,4025326,30,500,30,0.32001957518387636,1213450885.258651,0.32001957518387636,2.192819200019585,PASS
V10,F13,25,1024,4025325,30,500,30,1.3327493040279796,881544869.6646192,1.3327493040279796,2.2526555999938864,PASS
V10,F13,27,1026,4025327,30,500,30,1.3264969857111067e-05,1309554648.9066305,1.3264969857111067e-05,2.7572853999736253,PASS
V10,F13,29,1028,4025329,30,500,30,2.911005861146542,1284594344.47724,2.911005861146542,2.7658404000103474,PASS
V10,F13,28,1027,4025328,30,500,30,2.339696143535949,1357932319.8784873,2.339696143535949,2.8758722000056878,PASS
V10,F13,30,1029,4025330,30,500,30,2.357585786472641,1261783528.6462915,2.357585786472641,2.8664399000117555,PASS
V10,F14,4,1003,4025404,30,500,2,0.998003837821114,7.991839953168932,0.998003837821114,0.6447495999746025,PASS
V10,F14,1,1000,4025401,30,500,2,2.982105156817547,473.71847520737606,2.982105156817547,0.6774038000148721,PASS
V10,F14,3,1002,4025403,30,500,2,2.9821051568169095,7.856359089361977,2.9821051568169095,0.6628688999917358,PASS
V10,F14,2,1001,4025402,30,500,2,0.9980038378331403,20.799965995968776,0.9980038378331403,0.6848384999902919,PASS
V10,F14,7,1006,4025407,30,500,2,0.9980038379720615,16.2842641081014,0.9980038379720615,0.5514881999988575,PASS
V10,F14,6,1005,4025406,30,500,2,2.982105156827029,90.7409532963287,2.982105156827029,0.5636340000201017,PASS
V10,F14,5,1004,4025405,30,500,2,0.9980038387736196,24.322820508421295,0.9980038387736196,0.5734826999832876,PASS
V10,F14,8,1007,4025408,30,500,2,12.670505811135556,21.481362099196957,12.670505811135556,0.5588760999962687,PASS
V10,F14,9,1008,4025409,30,500,2,0.998003837844664,480.050865101365,0.998003837844664,0.5543106999830343,PASS
V10,F14,10,1009,4025410,30,500,2,2.9821051568172185,15.108117071694181,2.9821051568172185,0.5636950999905821,PASS
V10,F14,11,1010,4025411,30,500,2,2.982105156816826,115.8570972449099,2.982105156816826,0.5602961000113282,PASS
V10,F14,12,1011,4025412,30,500,2,0.9980038378495686,16.441007314171465,0.9980038378495686,0.5705203000106849,PASS
V10,F14,13,1012,4025413,30,500,2,2.9821051568191552,16.402755922508554,2.9821051568191552,0.5472666999849025,PASS
V10,F14,14,1013,4025414,30,500,2,12.670505811135616,73.97889205821518,12.670505811135616,0.5646915000106674,PASS
V10,F14,15,1014,4025415,30,500,2,0.9980038377956877,65.35361146386387,0.9980038377956877,0.5480782999948133,PASS
V10,F14,16,1015,4025416,30,500,2,0.9980038380974642,17.659718800789545,0.9980038380974642,0.5705283999850508,PASS
V10,F14,17,1016,4025417,30,500,2,0.9980038378058403,438.10288921782666,0.9980038378058403,0.5563664000073913,PASS
V10,F14,20,1019,4025420,30,500,2,2.982105156824213,179.17713904158902,2.982105156824213,0.5345414000039455,PASS
V10,F14,19,1018,4025419,30,500,2,0.9980038378451731,2.286243956447089,0.9980038378451731,0.5384706000040751,PASS
V10,F14,18,1017,4025418,30,500,2,0.998003838110943,237.59430741100795,0.998003838110943,0.5582541000039782,PASS
V10,F14,21,1020,4025421,30,500,2,12.670505811135556,87.51907188492201,12.670505811135556,0.5012332999904174,PASS
V10,F14,23,1022,4025423,30,500,2,2.9821051568195713,9.804625661988586,2.9821051568195713,0.5002505999873392,PASS
V10,F14,22,1021,4025422,30,500,2,2.9821051568240033,29.199725330593285,2.9821051568240033,0.519823999988148,PASS
V10,F14,24,1023,4025424,30,500,2,0.998003838006089,294.0509123316119,0.998003838006089,0.5116502000018954,PASS
V10,F14,25,1024,4025425,30,500,2,12.670505811135914,320.00268640700443,12.670505811135914,0.5543992999882903,PASS
V10,F14,26,1025,4025426,30,500,2,0.9980038378227115,421.40232505995556,0.9980038378227115,0.5575533999945037,PASS
V10,F14,28,1027,4025428,30,500,2,0.9980038382938468,160.2537413920019,0.9980038382938468,0.5648531000188086,PASS
V10,F14,27,1026,4025427,30,500,2,12.670505811135556,337.8200873186404,12.670505811135556,0.5709249000065029,PASS
V10,F15,1,1000,4025501,30,500,4,0.00031109030961344223,0.30191456608898665,0.00031109030961344223,0.4628867999999784,PASS
V10,F14,29,1028,4025429,30,500,2,0.9980038379139219,2.3576554955050417,0.9980038379139219,0.529357000021264,PASS
V10,F14,30,1029,4025430,30,500,2,0.9980038378245987,15.999537865751927,0.9980038378245987,0.5634424000163563,PASS
V10,F15,2,1001,4025502,30,500,4,0.0003131738900850556,1.2717309895536486,0.0003131738900850556,0.561907399998745,PASS
V10,F15,5,1004,4025505,30,500,4,0.00034501573499012795,0.12948702495992004,0.00034501573499012795,0.5348847999994177,PASS
V10,F15,4,1003,4025504,30,500,4,0.0003077648582130735,0.1609090192272938,0.0003077648582130735,0.5556081999966409,PASS
V10,F15,3,1002,4025503,30,500,4,0.00032716696100604443,0.3644888722730511,0.00032716696100604443,0.5588502999744378,PASS
V10,F15,6,1005,4025506,30,500,4,0.0003156600932456945,0.12186464086944875,0.0003156600932456945,0.5660889999999199,PASS
V10,F15,8,1007,4025508,30,500,4,0.0003200962070349812,0.09018764359449179,0.0003200962070349812,0.4820909000118263,PASS
V10,F15,7,1006,4025507,30,500,4,0.00031386214396338655,0.12363760498402297,0.00031386214396338655,0.5345699000172317,PASS
V10,F15,9,1008,4025509,30,500,4,0.0003507883853272028,2.2394826617102606,0.0003507883853272028,0.5174084999889601,PASS
V10,F15,10,1009,4025510,30,500,4,0.00037467116033882255,0.13877679138861554,0.00037467116033882255,0.5064272000163328,PASS
V10,F15,11,1010,4025511,30,500,4,0.00031107453844435946,0.03239128528085753,0.00031107453844435946,0.5348490000178572,PASS
V10,F15,13,1012,4025513,30,500,4,0.0003289881237444612,0.1306304824855118,0.0003289881237444612,0.5115483999834396,PASS
V10,F15,14,1013,4025514,30,500,4,0.0003199768396485165,0.1598298890496266,0.0003199768396485165,0.5392686999985017,PASS
V10,F15,12,1011,4025512,30,500,4,0.0003201108793848552,0.23498015533649527,0.0003201108793848552,0.5639640000008512,PASS
V10,F15,16,1015,4025516,30,500,4,0.00034108975669676985,2.092356457574675,0.00034108975669676985,0.5102705000026617,PASS
V10,F15,17,1016,4025517,30,500,4,0.00031879308946017836,0.2605680364275185,0.00031879308946017836,0.5060984000156168,PASS
V10,F15,15,1014,4025515,30,500,4,0.00030928215912573713,0.10205617825736528,0.00030928215912573713,0.5455493000044953,PASS
V10,F15,18,1017,4025518,30,500,4,0.00034547670066366093,0.14977648977909336,0.00034547670066366093,0.537127200019313,PASS
V10,F15,20,1019,4025520,30,500,4,0.00030905905551380035,0.1359115073620081,0.00030905905551380035,0.5034860000014305,PASS
V10,F15,22,1021,4025522,30,500,4,0.00030956931429939336,0.5524050984541609,0.00030956931429939336,0.49156190000940114,PASS
V10,F15,19,1018,4025519,30,500,4,0.0003277478566110926,0.1985628632680977,0.0003277478566110926,0.5338128999865148,PASS
V10,F15,21,1020,4025521,30,500,4,0.00033252165149262033,0.4954470688391197,0.00033252165149262033,0.5274725999915972,PASS
V10,F15,24,1023,4025524,30,500,4,0.000330335289893536,0.298411205199563,0.000330335289893536,0.4851671000069473,PASS
V10,F15,23,1022,4025523,30,500,4,0.0003215099639308955,0.29407409982959576,0.0003215099639308955,0.5166571000008844,PASS
V10,F15,25,1024,4025525,30,500,4,0.00031209974122651076,0.054825133501047195,0.00031209974122651076,0.5044371999974828,PASS
V10,F15,26,1025,4025526,30,500,4,0.00034187691040684937,0.2996859951874783,0.00034187691040684937,0.5378166000009514,PASS
V10,F15,27,1026,4025527,30,500,4,0.00033192430417852936,0.08376195205332174,0.00033192430417852936,0.523956699995324,PASS
V10,F15,28,1027,4025528,30,500,4,0.00031615319648140315,0.03968409975464774,0.00031615319648140315,0.5339698999887332,PASS
V10,F15,30,1029,4025530,30,500,4,0.00033412143633536356,0.14413165160408462,0.00033412143633536356,0.5188854000007268,PASS
V10,F15,29,1028,4025529,30,500,4,0.0003239854218433015,0.08098779060507648,0.0003239854218433015,0.5519215000094846,PASS
V10,F16,2,1001,4025602,30,500,2,-1.0316284487690996,-0.027012733357646004,-1.0316284487690996,0.2500483999901917,PASS
V10,F16,1,1000,4025601,30,500,2,-1.031628427289774,2.181179457071373,-1.031628427289774,0.27851050000754185,PASS
V10,F16,3,1002,4025603,30,500,2,-1.0316284482177687,0.7607607404739891,-1.0316284482177687,0.2560851000016555,PASS
V10,F16,4,1003,4025604,30,500,2,-1.031628445104622,-0.39997849461446167,-1.031628445104622,0.2519952000002377,PASS
V10,F16,5,1004,4025605,30,500,2,-1.0316284063162042,-0.170143036311162,-1.0316284063162042,0.26883230000385083,PASS
V10,F16,7,1006,4025607,30,500,2,-1.0316284528078135,-0.20638118856745086,-1.0316284528078135,0.24836840000352822,PASS
V10,F16,6,1005,4025606,30,500,2,-1.0316284140677152,-0.9735315253417971,-1.0316284140677152,0.2751253000169527,PASS
V10,F16,8,1007,4025608,30,500,2,-1.0316284121481158,-0.24021923047679472,-1.0316284121481158,0.30598550001741387,PASS
V10,F16,9,1008,4025609,30,500,2,-1.0316284477123032,2.3278539991551703,-1.0316284477123032,0.23892450000857934,PASS
V10,F16,10,1009,4025610,30,500,2,-1.0316284525647084,1.0848751489960493,-1.0316284525647084,0.24563290001242422,PASS
V10,F16,11,1010,4025611,30,500,2,-1.0316284483250429,2.3611245635192675,-1.0316284483250429,0.28019550000317395,PASS
V10,F16,12,1011,4025612,30,500,2,-1.031628434608291,-1.0303686554309606,-1.031628434608291,0.24887159999343567,PASS
V10,F16,13,1012,4025613,30,500,2,-1.0316284346571092,1.5398855373431712,-1.0316284346571092,0.24631960000260733,PASS
V10,F16,14,1013,4025614,30,500,2,-1.0316284384462922,-0.8050538505238225,-1.0316284384462922,0.25364159999298863,PASS
V10,F16,16,1015,4025616,30,500,2,-1.031628362842282,0.7787012712336405,-1.031628362842282,0.2809553999977652,PASS
V10,F16,15,1014,4025615,30,500,2,-1.0316284288414346,0.23957312171001172,-1.0316284288414346,0.2989285000076052,PASS
V10,F16,17,1016,4025617,30,500,2,-1.0316284491950556,0.9570585820096484,-1.0316284491950556,0.22166430001379922,PASS
V10,F16,18,1017,4025618,30,500,2,-1.0316284223912828,1.6470124840433833,-1.0316284223912828,0.2527731999871321,PASS
V10,F16,19,1018,4025619,30,500,2,-1.031628450496936,0.7878546115016152,-1.031628450496936,0.24964500000351109,PASS
V10,F16,20,1019,4025620,30,500,2,-1.0316284095113646,-0.9362291745164019,-1.0316284095113646,0.2688127000001259,PASS
V10,F16,21,1020,4025621,30,500,2,-1.0316283570820304,0.6778025610508492,-1.0316283570820304,0.2766350999881979,PASS
V10,F16,23,1022,4025623,30,500,2,-1.0316284418603905,1.3326463850849646,-1.0316284418603905,0.2560587000043597,PASS
V10,F16,22,1021,4025622,30,500,2,-1.0316284466677093,1.5766615624712603,-1.0316284466677093,0.2973794999998063,PASS
V10,F16,24,1023,4025624,30,500,2,-1.031628452350645,2.6557067430875065,-1.031628452350645,0.2959291999868583,PASS
V10,F16,25,1024,4025625,30,500,2,-1.031628417116272,2.429026067201413,-1.031628417116272,0.2714290999865625,PASS
V10,F16,26,1025,4025626,30,500,2,-1.0316284384408108,21.49073996804959,-1.0316284384408108,0.26800579999689944,PASS
V10,F16,27,1026,4025627,30,500,2,-1.0316284206023618,-0.1512971369952485,-1.0316284206023618,0.27337519999127835,PASS
V10,F16,28,1027,4025628,30,500,2,-1.0316284427374032,0.6076326090253817,-1.0316284427374032,0.27314219999243505,PASS
V10,F16,30,1029,4025630,30,500,2,-1.0316284102071556,2.6013826494536425,-1.0316284102071556,0.25177659999462776,PASS
V10,F16,29,1028,4025629,30,500,2,-1.0316284405149527,-0.12993145689296656,-1.0316284405149527,0.26256679999642074,PASS
V10,F17,2,1001,4025702,30,500,2,0.39789845819345615,1.2443773973881989,0.39789845819345615,0.26608289999421686,PASS
V10,F17,1,1000,4025701,30,500,2,0.3978919219023709,1.0638829597342436,0.3978919219023709,0.2741583000170067,PASS
V10,F17,4,1003,4025704,30,500,2,0.3978894125287109,2.6652672686497105,0.3978894125287109,0.2593231999780983,PASS
V10,F17,3,1002,4025703,30,500,2,0.39788752478497535,0.5710175662180976,0.39788752478497535,0.27498399998876266,PASS
V10,F17,6,1005,4025706,30,500,2,0.39788885590573564,0.7328401017256851,0.39788885590573564,0.2389641999907326,PASS
V10,F17,5,1004,4025705,30,500,2,0.3978894782609572,0.7300291394205143,0.3978894782609572,0.2693071000103373,PASS
V10,F17,9,1008,4025709,30,500,2,0.3978890527876242,1.6574038437894387,0.3978890527876242,0.2819725000008475,PASS
V10,F17,7,1006,4025707,30,500,2,0.3978904827747094,1.0302901000661695,0.3978904827747094,0.2985030999989249,PASS
V10,F17,8,1007,4025708,30,500,2,0.3978936892686029,0.8184767311208248,0.3978936892686029,0.29888439999194816,PASS
V10,F17,10,1009,4025710,30,500,2,0.3978895431317575,3.966514797561688,0.3978895431317575,0.3150538000045344,PASS
V10,F17,12,1011,4025712,30,500,2,0.39788801706879795,4.005505020167275,0.39788801706879795,0.2194378000276629,PASS
V10,F17,11,1010,4025711,30,500,2,0.39788842473253716,0.9236150306333499,0.39788842473253716,0.25999960000626743,PASS
V10,F17,13,1012,4025713,30,500,2,0.3978956232276971,0.653014811080423,0.3978956232276971,0.27153830000315793,PASS
V10,F17,14,1013,4025714,30,500,2,0.39788792517462745,1.2794390638585824,0.39788792517462745,0.26933070001541637,PASS
V10,F17,16,1015,4025716,30,500,2,0.3978925805633988,0.5472008050952475,0.3978925805633988,0.24837009998736903,PASS
V10,F17,15,1014,4025715,30,500,2,0.39788743113709835,0.5699043454949582,0.39788743113709835,0.2788950999965891,PASS
V10,F17,17,1016,4025717,30,500,2,0.39788764344126015,1.9307324415435367,0.39788764344126015,0.26374620001297444,PASS
V10,F17,18,1017,4025718,30,500,2,0.3978923143602202,1.6377791627432448,0.3978923143602202,0.2912530000030529,PASS
V10,F17,19,1018,4025719,30,500,2,0.39788761235926806,1.8190149992010163,0.39788761235926806,0.23410619999049231,PASS
V10,F17,20,1019,4025720,30,500,2,0.3978908012657083,0.4636423262601532,0.3978908012657083,0.27341680001700297,PASS
V10,F17,21,1020,4025721,30,500,2,0.39788785410452476,2.247938566819121,0.39788785410452476,0.2945400000025984,PASS
V10,F17,22,1021,4025722,30,500,2,0.3978976479987466,1.8216716190815827,0.3978976479987466,0.2684315999795217,PASS
V10,F17,23,1022,4025723,30,500,2,0.39788859080958794,0.615174882056257,0.39788859080958794,0.2594059999973979,PASS
V10,F17,24,1023,4025724,30,500,2,0.39788846714807136,14.151514125962425,0.39788846714807136,0.27386899999692105,PASS
V10,F17,26,1025,4025726,30,500,2,0.3978874719719592,3.889306158017198,0.3978874719719592,0.25954769999952987,PASS
V10,F17,25,1024,4025725,30,500,2,0.39789107067902485,1.6869208412063283,0.39789107067902485,0.27903580002021044,PASS
V10,F17,27,1026,4025727,30,500,2,0.3978874713519289,1.0566819945015116,0.3978874713519289,0.236559999990277,PASS
V10,F17,28,1027,4025728,30,500,2,0.39789243470912083,2.9510390763983754,0.39789243470912083,0.29232099998625927,PASS
V10,F17,29,1028,4025729,30,500,2,0.39789117142547425,2.4485590920128137,0.39789117142547425,0.2801010999828577,PASS
V10,F17,30,1029,4025730,30,500,2,0.39789097890801983,0.47798940625165187,0.39789097890801983,0.26367600000230595,PASS
V10,F18,1,1000,4025801,30,500,2,3.0000012832542775,81.38562380070489,3.0000012832542775,0.2961083999834955,PASS
V10,F18,2,1001,4025802,30,500,2,26.117364264666744,30.688673464406033,26.117364264666744,0.2958284000051208,PASS
V10,F18,4,1003,4025804,30,500,2,3.0000006716492247,93.48619771902435,3.0000006716492247,0.29884129998390563,PASS
V10,F18,3,1002,4025803,30,500,2,3.0000038639196873,34.965342142586636,3.0000038639196873,0.3124501000274904,PASS
V10,F18,5,1004,4025805,30,500,2,3.0000056855826154,50.082085355619114,3.0000056855826154,0.2358764000236988,PASS
V10,F18,7,1006,4025807,30,500,2,3.0000010138812856,5.7914370508281126,3.0000010138812856,0.26406539999879897,PASS
V10,F18,8,1007,4025808,30,500,2,3.0000014190173667,64.59830186416433,3.0000014190173667,0.2681377999833785,PASS
V10,F18,6,1005,4025806,30,500,2,3.0000013169552573,60.063618491605254,3.0000013169552573,0.29398389998823404,PASS
V10,F18,9,1008,4025809,30,500,2,3.0000025113901727,25.521419373542102,3.0000025113901727,0.2786797999870032,PASS
V10,F18,12,1011,4025812,30,500,2,3.000006073467932,39.964935115530984,3.000006073467932,0.29106459999457,PASS
V10,F18,10,1009,4025810,30,500,2,3.0000028460265447,3.5313798537296646,3.0000028460265447,0.3123135999776423,PASS
V10,F18,11,1010,4025811,30,500,2,3.0000000248123007,88.7536597773862,3.0000000248123007,0.3180504000047222,PASS
V10,F18,13,1012,4025813,30,500,2,3.0000036089259168,9.426190913628409,3.0000036089259168,0.23990099999355152,PASS
V10,F18,14,1013,4025814,30,500,2,3.000000183795193,13.07568843364808,3.000000183795193,0.2585617999720853,PASS
V10,F18,15,1014,4025815,30,500,2,3.000000287741794,21.8168014034403,3.000000287741794,0.2784801000088919,PASS
V10,F18,16,1015,4025816,30,500,2,3.146796482872686,329.91156437221537,3.146796482872686,0.2686894000216853,PASS
V10,F18,18,1017,4025818,30,500,2,3.0000014368856056,195.47673454838912,3.0000014368856056,0.25577859999611974,PASS
V10,F18,17,1016,4025817,30,500,2,3.0000023743317272,91.84738429723461,3.0000023743317272,0.26942810000036843,PASS
V10,F18,19,1018,4025819,30,500,2,3.0000005782451606,10.909611757157371,3.0000005782451606,0.28872040001442656,PASS
V10,F18,20,1019,4025820,30,500,2,3.000007557405637,273.7028443942355,3.000007557405637,0.2957624999980908,PASS
V10,F18,22,1021,4025822,30,500,2,3.0000000595264513,66.7727554338801,3.0000000595264513,0.2394301999884192,PASS
V10,F18,21,1020,4025821,30,500,2,84.00012105996748,317.38163063086415,84.00012105996748,0.25467029999708757,PASS
V10,F18,23,1022,4025823,30,500,2,23.294935594494458,77.76899365473201,23.294935594494458,0.23849109999719076,PASS
V10,F18,24,1023,4025824,30,500,2,3.000009163157706,35.89485466192964,3.000009163157706,0.22917279999819584,PASS
V10,F18,25,1024,4025825,30,500,2,3.0000001868331845,77.76507019353373,3.0000001868331845,0.2692282000207342,PASS
V10,F18,26,1025,4025826,30,500,2,3.0000023448935194,52.45697833328407,3.0000023448935194,0.27195639998535626,PASS
V10,F18,28,1027,4025828,30,500,2,3.0000001982914593,18.92539432381692,3.0000001982914593,0.2683645999932196,PASS
V10,F18,27,1026,4025827,30,500,2,3.0000025957069085,64.85636849106568,3.0000025957069085,0.2755458000174258,PASS
V10,F18,29,1028,4025829,30,500,2,15.899742196766251,45.603141869610994,15.899742196766251,0.27143449999857694,PASS
V10,F18,30,1029,4025830,30,500,2,3.0000000138307645,9.657899738468323,3.0000000138307645,0.26526390001527034,PASS
V10,F19,2,1001,4025902,30,500,3,-3.862774006652789,-3.0010573399050178,-3.862774006652789,0.6001583999895956,PASS
V10,F19,1,1000,4025901,30,500,3,-3.862756729066003,-2.8152364689429965,-3.862756729066003,0.6130636000016239,PASS
V10,F19,4,1003,4025904,30,500,3,-3.862776291681777,-3.1461542137665415,-3.862776291681777,0.6704784999892581,PASS
V10,F19,3,1002,4025903,30,500,3,-3.862772261801152,-3.725083575446613,-3.862772261801152,0.6804453000077046,PASS
V10,F19,5,1004,4025905,30,500,3,-3.855770459179117,-3.639512885449389,-3.855770459179117,0.7035147999995388,PASS
V10,F19,6,1005,4025906,30,500,3,-3.862778690862135,-3.5964528439046646,-3.862778690862135,0.7345680000144057,PASS
V10,F19,7,1006,4025907,30,500,3,-3.8627723845614663,-3.5365431240230087,-3.8627723845614663,0.6768188999849372,PASS
V10,F19,9,1008,4025909,30,500,3,-3.862773397821849,-2.3770187007264147,-3.862773397821849,0.6600493000005372,PASS
V10,F19,8,1007,4025908,30,500,3,-3.8627760090145493,-3.371709865860915,-3.8627760090145493,0.6945634000003338,PASS
V10,F19,10,1009,4025910,30,500,3,-3.862774107454193,-3.6842803474191888,-3.862774107454193,0.6835613999865018,PASS
V10,F19,12,1011,4025912,30,500,3,-3.8627702581322936,-3.4451524449101667,-3.8627702581322936,0.6377420999924652,PASS
V10,F19,11,1010,4025911,30,500,3,-3.858931993160069,-3.3317115223347478,-3.858931993160069,0.6580153000249993,PASS
V10,F19,14,1013,4025914,30,500,3,-3.8627775836575204,-2.7738840559770095,-3.8627775836575204,0.6740796999947634,PASS
V10,F19,13,1012,4025913,30,500,3,-3.8627635861268255,-3.635871471826206,-3.8627635861268255,0.701672299997881,PASS
V10,F19,15,1014,4025915,30,500,3,-3.862772828624433,-3.0661071327576335,-3.862772828624433,0.6117169999924954,PASS
V10,F19,16,1015,4025916,30,500,3,-3.8627671288838057,-3.3706466472251426,-3.8627671288838057,0.6541902000026312,PASS
V10,F19,17,1016,4025917,30,500,3,-3.862772928270297,-2.5942404342513865,-3.862772928270297,0.6347234999993816,PASS
V10,F19,18,1017,4025918,30,500,3,-3.855007994901402,-3.529350907698285,-3.855007994901402,0.6206747999822255,PASS
V10,F19,22,1021,4025922,30,500,3,-3.8627663099560037,-3.757311537153646,-3.8627663099560037,0.6056207000219729,PASS
V10,F19,19,1018,4025919,30,500,3,-3.8627758508508316,-3.399138298593093,-3.8627758508508316,0.6767136999987997,PASS
V10,F19,20,1019,4025920,30,500,3,-3.862767617376206,-2.937918383007861,-3.862767617376206,0.6681295000016689,PASS
V10,F19,21,1020,4025921,30,500,3,-3.862779761117942,-2.5311476977977185,-3.862779761117942,0.6736695000145119,PASS
V10,F19,23,1022,4025923,30,500,3,-3.8627791298764005,-3.2132895898117337,-3.8627791298764005,0.5896158000105061,PASS
V10,F19,24,1023,4025924,30,500,3,-3.8549007510179267,-3.0648914677945323,-3.8549007510179267,0.590708400006406,PASS
V10,F19,26,1025,4025926,30,500,3,-3.8627676502283643,-2.924795237972474,-3.8627676502283643,0.5797836999990977,PASS
V10,F19,25,1024,4025925,30,500,3,-3.862776810302285,-3.2314525429469114,-3.862776810302285,0.6049856999889016,PASS
V10,F19,27,1026,4025927,30,500,3,-3.8627775935349327,-2.8590384198361467,-3.8627775935349327,0.5941440000024159,PASS
V10,F19,29,1028,4025929,30,500,3,-3.862776870496603,-2.805569559471893,-3.862776870496603,0.638351400004467,PASS
V10,F19,28,1027,4025928,30,500,3,-3.862775804390666,-3.0773264067719293,-3.862775804390666,0.670287000015378,PASS
V10,F19,30,1029,4025930,30,500,3,-3.8627734954370285,-3.661052938270577,-3.8627734954370285,0.6608909000060521,PASS
V10,F20,1,1000,4026001,30,500,6,-3.3221333147547107,-1.719657427599971,-3.3221333147547107,0.8059380000049714,PASS
V10,F20,2,1001,4026002,30,500,6,-3.3220451621753844,-2.366607712192178,-3.3220451621753844,0.7721995000028983,PASS
V10,F20,4,1003,4026004,30,500,6,-3.32207179831207,-1.4156844025488817,-3.32207179831207,0.7728045999829192,PASS
V10,F20,3,1002,4026003,30,500,6,-3.19726059634143,-2.639546222318051,-3.19726059634143,0.8308533999952488,PASS
V10,F20,6,1005,4026006,30,500,6,-3.137642264173468,-0.9891623935739681,-3.137642264173468,0.7985743000172079,PASS
V10,F20,5,1004,4026005,30,500,6,-3.098949026652316,-1.546975718287114,-3.098949026652316,0.8427849000145216,PASS
V10,F20,8,1007,4026008,30,500,6,-3.3219157323740816,-1.1897588416913751,-3.3219157323740816,0.8345758999930695,PASS
V10,F20,7,1006,4026007,30,500,6,-3.3220446797028287,-1.3524600207773423,-3.3220446797028287,0.8537584999867249,PASS
V10,F20,9,1008,4026009,30,500,6,-3.202881831327117,-2.5573730477528325,-3.202881831327117,0.8072334000025876,PASS
V10,F20,10,1009,4026010,30,500,6,-3.2017096612353004,-1.5097145340696625,-3.2017096612353004,0.8062568999885116,PASS
V10,F20,11,1010,4026011,30,500,6,-3.3215315965162935,-0.6291784544978798,-3.3215315965162935,0.8102766000083648,PASS
V10,F20,12,1011,4026012,30,500,6,-3.2025958223585724,-1.3334487205410632,-3.2025958223585724,0.8061850999947637,PASS
V10,F20,15,1014,4026015,30,500,6,-3.203032171199977,-2.443957038960648,-3.203032171199977,0.8453687000146601,PASS
V10,F20,13,1012,4026013,30,500,6,-3.3219847391109196,-1.0595512897021777,-3.3219847391109196,0.8812091999861877,PASS
V10,F20,14,1013,4026014,30,500,6,-3.202368044937583,-1.8745849243144121,-3.202368044937583,0.8800264000019524,PASS
V10,F20,16,1015,4026016,30,500,6,-3.3217037861301315,-1.42589448097107,-3.3217037861301315,0.9050112999975681,PASS
V10,F20,17,1016,4026017,30,500,6,-3.321789266886188,-0.7707250057888351,-3.321789266886188,0.7936521000228822,PASS
V10,F20,19,1018,4026019,30,500,6,-3.3220755265925157,-1.6501266361374602,-3.3220755265925157,0.7828744999715127,PASS
V10,F20,18,1017,4026018,30,500,6,-3.32148238497215,-1.2806836046999825,-3.32148238497215,0.7980299000046216,PASS
V10,F20,20,1019,4026020,30,500,6,-3.3217968580447113,-1.1694872668654595,-3.3217968580447113,0.7784256000013556,PASS
V10,F20,21,1020,4026021,30,500,6,-3.321417940497361,-1.3182646272649436,-3.321417940497361,0.8451817999884952,PASS
V10,F20,22,1021,4026022,30,500,6,-3.3220208301355876,-1.9643777697330147,-3.3220208301355876,0.8405566000146791,PASS
V10,F20,24,1023,4026024,30,500,6,-3.3216905523207885,-1.66295644462256,-3.3216905523207885,0.840187199995853,PASS
V10,F20,23,1022,4026023,30,500,6,-3.2019460133036564,-0.8292420221596318,-3.2019460133036564,0.8776395000168122,PASS
V10,F20,26,1025,4026026,30,500,6,-3.0768526050382383,-1.6523507833992392,-3.0768526050382383,0.9182570000120904,PASS
V10,F20,25,1024,4026025,30,500,6,-3.3218030457735375,-0.9695628721775759,-3.3218030457735375,0.9249380999826826,PASS
V10,F20,27,1026,4026027,30,500,6,-3.2030655784863313,-2.2223661928383214,-3.2030655784863313,0.9269982999830972,PASS
V10,F20,28,1027,4026028,30,500,6,-3.3215453311683434,-0.7602290577530897,-3.3215453311683434,0.9074085000029299,PASS
V10,F21,2,1001,4026102,30,500,4,-5.100403777159541,-0.255284514021552,-5.100403777159541,0.7386107000056654,PASS
V10,F21,1,1000,4026101,30,500,4,-10.151813880979512,-0.7856612453746614,-10.151813880979512,0.7535165000008419,PASS
V10,F20,30,1029,4026030,30,500,6,-3.3220756922407797,-1.358077861654103,-3.3220756922407797,0.8354523000016343,PASS
V10,F20,29,1028,4026029,30,500,6,-3.3219824295562024,-1.1782094607932692,-3.3219824295562024,0.9180683000013232,PASS
V10,F21,3,1002,4026103,30,500,4,-5.05514902826489,-0.7458813166548436,-5.05514902826489,0.652478699979838,PASS
V10,F21,4,1003,4026104,30,500,4,-5.087930317317617,-0.3482705863990612,-5.087930317317617,0.6791817000193987,PASS
V10,F21,5,1004,4026105,30,500,4,-10.150878860114881,-0.42018439611118236,-10.150878860114881,0.694853900000453,PASS
V10,F21,6,1005,4026106,30,500,4,-10.146885898884456,-0.5910831778647738,-10.146885898884456,0.6957034999795724,PASS
V10,F21,9,1008,4026109,30,500,4,-10.152961960400114,-0.3954824691564748,-10.152961960400114,0.6876940000220202,PASS
V10,F21,7,1006,4026107,30,500,4,-10.150912248727902,-0.42913328296464676,-10.150912248727902,0.7198218000121415,PASS
V10,F21,8,1007,4026108,30,500,4,-5.055195884766155,-0.5537203015819497,-5.055195884766155,0.788083400024334,PASS
V10,F21,10,1009,4026110,30,500,4,-10.145069172698072,-0.3873214329929367,-10.145069172698072,0.763891100010369,PASS
V10,F21,12,1011,4026112,30,500,4,-10.151006160894543,-0.42577067910792477,-10.151006160894543,0.682402499980526,PASS
V10,F21,14,1013,4026114,30,500,4,-10.148258813780792,-0.4533003470413142,-10.148258813780792,0.6406393999932334,PASS
V10,F21,11,1010,4026111,30,500,4,-10.150964767743668,-0.3122489822002593,-10.150964767743668,0.7765180999995209,PASS
V10,F21,13,1012,4026113,30,500,4,-10.132485564514207,-0.5398028645395757,-10.132485564514207,0.7639666999748442,PASS
V10,F21,17,1016,4026117,30,500,4,-10.152931049281149,-1.3126153292827127,-10.152931049281149,0.7150679999904241,PASS
V10,F21,15,1014,4026115,30,500,4,-10.153169470239364,-0.3593500916460118,-10.153169470239364,0.7411403000005521,PASS
V10,F21,18,1017,4026118,30,500,4,-5.100756947432291,-0.3187300785834754,-5.100756947432291,0.7386507999908645,PASS
V10,F21,16,1015,4026116,30,500,4,-10.131685031244409,-0.5643107717396479,-10.131685031244409,0.8005878000112716,PASS
V10,F21,20,1019,4026120,30,500,4,-5.0786434265422535,-0.556094779406882,-5.0786434265422535,0.7003413000202272,PASS
V10,F21,19,1018,4026119,30,500,4,-10.132235282943704,-0.4201398663247763,-10.132235282943704,0.7250164000142831,PASS
V10,F21,21,1020,4026121,30,500,4,-10.152841613138607,-0.39892324222710235,-10.152841613138607,0.7310170000127982,PASS
V10,F21,22,1021,4026122,30,500,4,-10.14425215272095,-0.8124729051033841,-10.14425215272095,0.7132251000148244,PASS
V10,F21,24,1023,4026124,30,500,4,-10.141800937754047,-0.36248300442977327,-10.141800937754047,0.7217101999849547,PASS
V10,F21,25,1024,4026125,30,500,4,-10.134452972793524,-0.4078383896375593,-10.134452972793524,0.7210726999910548,PASS
V10,F21,26,1025,4026126,30,500,4,-10.135814096178468,-0.3234823818806821,-10.135814096178468,0.7182580000080634,PASS
V10,F21,23,1022,4026123,30,500,4,-5.098808617125165,-0.5751988255431095,-5.098808617125165,0.7691093000175897,PASS
V10,F21,29,1028,4026129,30,500,4,-10.1531965737984,-0.3985356486821531,-10.1531965737984,0.675209500011988,PASS
V10,F21,28,1027,4026128,30,500,4,-10.153141793526629,-0.3986533020007952,-10.153141793526629,0.7450150999939069,PASS
V10,F21,30,1029,4026130,30,500,4,-5.0551862616753445,-0.36908201859372297,-5.0551862616753445,0.735944300016854,PASS
V10,F21,27,1026,4026127,30,500,4,-10.152223449294778,-0.29612421486392365,-10.152223449294778,0.7656385000154842,PASS
V10,F22,4,1003,4026204,30,500,4,-5.11587161877121,-0.370970802781476,-5.11587161877121,0.8115071000065655,PASS
V10,F22,3,1002,4026203,30,500,4,-5.087670078838081,-0.7773340207644487,-5.087670078838081,0.8159675000060815,PASS
V10,F22,2,1001,4026202,30,500,4,-10.402216033847301,-0.9222716528520395,-10.402216033847301,0.8272208999842405,PASS
V10,F22,1,1000,4026201,30,500,4,-10.402577818901236,-0.9317573703945224,-10.402577818901236,0.8944417999882717,PASS
V10,F22,7,1006,4026207,30,500,4,-10.402597656689652,-0.4985747392352459,-10.402597656689652,0.716618100006599,PASS
V10,F22,5,1004,4026205,30,500,4,-10.395833397993918,-0.5275828087880526,-10.395833397993918,0.729122799995821,PASS
V10,F22,6,1005,4026206,30,500,4,-10.39882441438603,-0.6964166048173347,-10.39882441438603,0.8269120999902952,PASS
V10,F22,8,1007,4026208,30,500,4,-5.087671352320769,-0.582643477675555,-5.087671352320769,0.8120256999973208,PASS
V10,F22,12,1011,4026212,30,500,4,-10.384317575527483,-0.5645985806520991,-10.384317575527483,0.7852244999958202,PASS
V10,F22,11,1010,4026211,30,500,4,-10.400845384157783,-0.4296436080947541,-10.400845384157783,0.8053283999906853,PASS
V10,F22,9,1008,4026209,30,500,4,-10.40017380217571,-0.49284895953941,-10.40017380217571,0.8459267000143882,PASS
V10,F22,10,1009,4026210,30,500,4,-10.401664543922546,-0.5770862732792144,-10.401664543922546,0.8504191000247374,PASS
V10,F22,13,1012,4026213,30,500,4,-10.38319095804468,-0.6449517732088035,-10.38319095804468,0.7765500999812502,PASS
V10,F22,15,1014,4026215,30,500,4,-10.402842392845315,-0.4103758613869799,-10.402842392845315,0.7689111999934539,PASS
V10,F22,14,1013,4026214,30,500,4,-10.394523760715021,-0.9848094857049149,-10.394523760715021,0.7873186999931931,PASS
V10,F22,16,1015,4026216,30,500,4,-10.39635362728027,-0.6218257843354295,-10.39635362728027,0.7711719000071753,PASS
V10,F22,19,1018,4026219,30,500,4,-10.383069406033673,-0.5128377893703403,-10.383069406033673,0.8360365999978967,PASS
V10,F22,20,1019,4026220,30,500,4,-5.106688764079738,-0.5828681600134475,-5.106688764079738,0.8517186999961268,PASS
V10,F22,17,1016,4026217,30,500,4,-10.402564093469923,-1.5765565707085023,-10.402564093469923,0.9036645999876782,PASS
V10,F22,18,1017,4026218,30,500,4,-10.400950910281749,-0.44933832522368744,-10.400950910281749,0.9148361000115983,PASS
V10,F22,21,1020,4026221,30,500,4,-10.398519746004629,-1.121161539213936,-10.398519746004629,0.7832084000110626,PASS
V10,F22,22,1021,4026222,30,500,4,-10.396805287380438,-0.9797111395033686,-10.396805287380438,0.8066493000078481,PASS
V10,F22,23,1022,4026223,30,500,4,-5.126812487084918,-0.6086256797700836,-5.126812487084918,0.7967358999885619,PASS
V10,F22,24,1023,4026224,30,500,4,-10.402840238948503,-0.46854024723853555,-10.402840238948503,0.792430500005139,PASS
V10,F22,25,1024,4026225,30,500,4,-10.389409810848468,-0.5048069121336105,-10.389409810848468,0.8010524999990594,PASS
V10,F22,27,1026,4026227,30,500,4,-10.401840803234014,-0.3899985277776262,-10.401840803234014,0.8350072999892291,PASS
V10,F22,28,1027,4026228,30,500,4,-10.402814117706257,-0.7157489465814115,-10.402814117706257,0.8571850000007544,PASS
V10,F22,26,1025,4026226,30,500,4,-5.087465923941261,-0.4813761157500475,-5.087465923941261,0.9090679999790154,PASS
V10,F22,29,1028,4026229,30,500,4,-10.39617461647716,-0.7171582833042149,-10.39617461647716,0.8159498000168242,PASS
V10,F22,30,1029,4026230,30,500,4,-10.400004898089259,-0.43985095714117073,-10.400004898089259,0.8199339999991935,PASS
V10,F23,1,1000,4026301,30,500,4,-10.536069622903003,-1.0238629556348218,-10.536069622903003,0.9764235000184271,PASS
V10,F23,2,1001,4026302,30,500,4,-10.522675541500549,-1.0008003304569233,-10.522675541500549,0.9889430000039283,PASS
V10,F23,6,1005,4026306,30,500,4,-10.530109717938185,-0.7414380430410371,-10.530109717938185,0.9257711000100244,PASS
V10,F23,4,1003,4026304,30,500,4,-10.530098972220712,-0.5565675694250592,-10.530098972220712,0.9619079999974929,PASS
V10,F23,3,1002,4026303,30,500,4,-5.128480402474645,-0.8164625137143151,-5.128480402474645,0.9745845000143163,PASS
V10,F23,5,1004,4026305,30,500,4,-10.53607372259214,-0.8454832942164738,-10.53607372259214,0.9516788000182714,PASS
V10,F23,7,1006,4026307,30,500,4,-10.534693424166761,-0.6872915656446693,-10.534693424166761,0.9732416000042576,PASS
V10,F23,9,1008,4026309,30,500,4,-10.533616986048665,-0.5747711898984762,-10.533616986048665,0.9723261999897659,PASS
V10,F23,10,1009,4026310,30,500,4,-10.536227173146933,-0.645758260380765,-10.536227173146933,0.9736398000095505,PASS
V10,F23,8,1007,4026308,30,500,4,-10.524693739625812,-0.7874801856706389,-10.524693739625812,1.016213199996855,PASS
V10,F23,14,1013,4026314,30,500,4,-10.53626654051532,-1.0997090054454173,-10.53626654051532,1.1262215999886394,PASS
V10,F23,11,1010,4026311,30,500,4,-10.532878759180413,-0.4663841659661791,-10.532878759180413,1.1495030000223778,PASS
V10,F23,12,1011,4026312,30,500,4,-2.869743421841286,-0.823786750800087,-2.869743421841286,1.1557192000036594,PASS
V10,F23,13,1012,4026313,30,500,4,-10.517266076011486,-0.7770502763168828,-10.517266076011486,1.2608303999877535,PASS
V10,F23,16,1015,4026316,30,500,4,-5.172989403508962,-0.9043428755262034,-5.172989403508962,1.132293100003153,PASS
V10,F23,15,1014,4026315,30,500,4,-10.527411750258205,-0.5002675730803412,-10.527411750258205,1.139114099991275,PASS
V10,F23,17,1016,4026317,30,500,4,-10.536086032678085,-1.7597194378362429,-10.536086032678085,1.1308866000035778,PASS
V10,F23,18,1017,4026318,30,500,4,-10.534426635229739,-0.47569531546084826,-10.534426635229739,1.068015299999388,PASS
V10,F23,19,1018,4026319,30,500,4,-10.516397458453971,-0.5736082314038227,-10.516397458453971,0.9813318999949843,PASS
V10,F23,20,1019,4026320,30,500,4,-5.153562557853562,-0.6308786806539844,-5.153562557853562,0.9895445000147447,PASS
V10,F23,22,1021,4026322,30,500,4,-10.530579988870993,-1.0750391172262725,-10.530579988870993,0.9916821999941021,PASS
V10,F23,21,1020,4026321,30,500,4,-10.521926531752618,-1.2125486530771716,-10.521926531752618,1.0125469000195153,PASS
V10,F23,25,1024,4026325,30,500,4,-5.172896858305803,-0.6700425911086935,-5.172896858305803,0.9670525999972597,PASS
V10,F23,23,1022,4026323,30,500,4,-10.526310877289813,-0.7229501803676563,-10.526310877289813,1.0007953000022098,PASS
V10,F23,24,1023,4026324,30,500,4,-2.8702070346331254,-0.7987194079905501,-2.8702070346331254,0.9864586000039708,PASS
V10,F23,26,1025,4026326,30,500,4,-10.534422081539457,-0.6147683017235526,-10.534422081539457,1.0232607999932952,PASS
V10,F23,27,1026,4026327,30,500,4,-5.17503321551049,-0.820457114634507,-5.17503321551049,0.966024399996968,PASS
V10,F23,30,1029,4026330,30,500,4,-10.529524496039762,-0.5471043607426501,-10.529524496039762,0.9688278999819886,PASS
V10,F23,28,1027,4026328,30,500,4,-10.536286126336506,-0.8946038920849877,-10.536286126336506,1.0268872000160627,PASS
V10,F23,29,1028,4026329,30,500,4,-10.533091714987018,-0.8835439811854388,-10.533091714987018,1.0817066000017803,PASS
V11,F1,2,1001,4024102,30,500,30,0.0,70905.34012781148,0.0,1.6853128999937326,PASS
V11,F1,1,1000,4024101,30,500,30,0.0,67810.20717660758,0.0,1.7332575999898836,PASS
V11,F1,3,1002,4024103,30,500,30,0.0,71382.05725267014,0.0,1.7679579999821726,PASS
V11,F1,4,1003,4024104,30,500,30,0.0,71067.53341075269,0.0,1.7469311000022572,PASS
V11,F1,5,1004,4024105,30,500,30,0.0,71494.67494006979,0.0,1.6102046000014525,PASS
V11,F1,6,1005,4024106,30,500,30,0.0,68827.91056515143,0.0,1.6692604000272695,PASS
V11,F1,7,1006,4024107,30,500,30,0.0,70203.2929860324,0.0,1.657182399998419,PASS
V11,F1,8,1007,4024108,30,500,30,0.0,54060.05645133964,0.0,1.71743299998343,PASS
V11,F1,9,1008,4024109,30,500,30,0.0,70963.15903282672,0.0,1.7964251000084914,PASS
V11,F1,10,1009,4024110,30,500,30,0.0,68415.51807348001,0.0,1.8129479000053834,PASS
V11,F1,11,1010,4024111,30,500,30,0.0,79775.6397390009,0.0,1.8299530999793205,PASS
V11,F1,12,1011,4024112,30,500,30,0.0,60211.88868860319,0.0,1.8708610000030603,PASS
V11,F1,16,1015,4024116,30,500,30,0.0,60965.044173403294,0.0,1.6412326999998186,PASS
V11,F1,13,1012,4024113,30,500,30,0.0,68582.22618939156,0.0,1.6771775000088383,PASS
V11,F1,14,1013,4024114,30,500,30,0.0,65644.03203813086,0.0,1.6844691000005696,PASS
V11,F1,15,1014,4024115,30,500,30,0.0,62548.52364809662,0.0,1.696989099989878,PASS
V11,F1,19,1018,4024119,30,500,30,0.0,59692.16515890604,0.0,1.9267297000042163,PASS
V11,F1,20,1019,4024120,30,500,30,0.0,78896.22221622002,0.0,1.986823099985486,PASS
V11,F1,17,1016,4024117,30,500,30,0.0,73040.90885855701,0.0,2.076093400013633,PASS
V11,F1,18,1017,4024118,30,500,30,0.0,70498.00209305885,0.0,2.0839113000256475,PASS
V11,F1,24,1023,4024124,30,500,30,0.0,72002.90593091116,0.0,1.6506795000168495,PASS
V11,F1,22,1021,4024122,30,500,30,0.0,64283.25200493102,0.0,1.6635805999976583,PASS
V11,F1,21,1020,4024121,30,500,30,0.0,81948.70656934404,0.0,1.733183000003919,PASS
V11,F1,23,1022,4024123,30,500,30,0.0,77870.80856837892,0.0,1.765526899980614,PASS
V11,F1,25,1024,4024125,30,500,30,0.0,56336.5278763339,0.0,1.8388154999993276,PASS
V11,F1,26,1025,4024126,30,500,30,0.0,67654.2390610096,0.0,1.8581052999943495,PASS
V11,F1,27,1026,4024127,30,500,30,0.0,68127.13090112404,0.0,1.806485100009013,PASS
V11,F1,28,1027,4024128,30,500,30,0.0,71281.47829858353,0.0,1.8616955000034068,PASS
V11,F1,30,1029,4024130,30,500,30,0.0,77096.69700709768,0.0,1.710084900027141,PASS
V11,F1,29,1028,4024129,30,500,30,0.0,66088.0070704646,0.0,1.7991781000164337,PASS
V11,F2,2,1001,4024202,30,500,30,0.0,1715602834860.7356,0.0,1.8359177999955136,PASS
V11,F2,1,1000,4024201,30,500,30,0.0,360067002398.5346,0.0,1.841120500001125,PASS
V11,F2,3,1002,4024203,30,500,30,0.0,702308869043.374,0.0,2.024660800001584,PASS
V11,F2,4,1003,4024204,30,500,30,0.0,2634424742592.452,0.0,2.119267400004901,PASS
V11,F2,5,1004,4024205,30,500,30,0.0,2899651184.9231544,0.0,2.0979766999953426,PASS
V11,F2,6,1005,4024206,30,500,30,0.0,332841078922.353,0.0,2.1402168000058737,PASS
V11,F2,7,1006,4024207,30,500,30,0.0,76547012233.40517,0.0,1.7907947000057902,PASS
V11,F2,8,1007,4024208,30,500,30,0.0,729704378291.7789,0.0,1.7971883999998681,PASS
V11,F2,9,1008,4024209,30,500,30,0.0,26401294709.697582,0.0,1.791971900005592,PASS
V11,F2,10,1009,4024210,30,500,30,0.0,713724413990.0226,0.0,1.7985745999903884,PASS
V11,F2,11,1010,4024211,30,500,30,0.0,80213629036800.12,0.0,1.985217300010845,PASS
V11,F2,14,1013,4024214,30,500,30,0.0,4038700082325.6636,0.0,2.016211400012253,PASS
V11,F2,13,1012,4024213,30,500,30,0.0,9593437258663.51,0.0,2.070031099981861,PASS
V11,F2,12,1011,4024212,30,500,30,0.0,39939133237.937126,0.0,2.132334099995205,PASS
V11,F2,15,1014,4024215,30,500,30,0.0,22135772844271.426,0.0,1.653276500001084,PASS
V11,F2,16,1015,4024216,30,500,30,0.0,34707708682.06033,0.0,1.7419713999843225,PASS
V11,F2,18,1017,4024218,30,500,30,0.0,2748969363192.687,0.0,1.7488834999967366,PASS
V11,F2,17,1016,4024217,30,500,30,0.0,2021349198795.503,0.0,1.810268500004895,PASS
V11,F2,19,1018,4024219,30,500,30,0.0,10392937112.024113,0.0,1.9395274000125937,PASS
V11,F2,20,1019,4024220,30,500,30,0.0,47711548051367.61,0.0,1.920430900005158,PASS
V11,F2,21,1020,4024221,30,500,30,0.0,102707326348.72324,0.0,1.9347100000013597,PASS
V11,F2,22,1021,4024222,30,500,30,0.0,7683677948828.628,0.0,1.9463913000072353,PASS
V11,F2,26,1025,4024226,30,500,30,0.0,68338205734834.914,0.0,1.6722022999892943,PASS
V11,F2,23,1022,4024223,30,500,30,0.0,155737363148.78427,0.0,1.7244483999966178,PASS
V11,F2,25,1024,4024225,30,500,30,0.0,3865443685.5409384,0.0,1.7445364999875892,PASS
V11,F2,24,1023,4024224,30,500,30,0.0,1339473094382.0034,0.0,1.8216702000063378,PASS
V11,F2,27,1026,4024227,30,500,30,0.0,67722205355.99468,0.0,1.9469411000027321,PASS
V11,F2,29,1028,4024229,30,500,30,0.0,3305236700.5331717,0.0,1.9637608999910299,PASS
V11,F2,28,1027,4024228,30,500,30,0.0,3236421004233.4863,0.0,2.0219339999894146,PASS
V11,F2,30,1029,4024230,30,500,30,0.0,811737307015.2843,0.0,1.9632375000219326,PASS
V11,F3,1,1000,4024301,30,500,30,0.0,106811.1871437447,0.0,1.661057700024685,PASS
V11,F3,2,1001,4024302,30,500,30,0.0,228881.45062340857,0.0,1.676166799996281,PASS
V11,F3,3,1002,4024303,30,500,30,0.0,132408.1368091635,0.0,1.6997872999927495,PASS
V11,F3,4,1003,4024304,30,500,30,0.0,252004.5370062454,0.0,1.708818400016753,PASS
V11,F3,5,1004,4024305,30,500,30,0.0,126006.68015739581,0.0,2.0575161000015214,PASS
V11,F3,8,1007,4024308,30,500,30,0.0,192911.98136862018,0.0,2.01543749999837,PASS
V11,F3,6,1005,4024306,30,500,30,0.0,121185.1674532735,0.0,2.141925000003539,PASS
V11,F3,7,1006,4024307,30,500,30,0.0,133484.8315350889,0.0,2.1046464999963064,PASS
V11,F3,9,1008,4024309,30,500,30,0.0,135241.10379381198,0.0,1.7022786000161432,PASS
V11,F3,11,1010,4024311,30,500,30,0.0,258402.473983956,0.0,1.6849911999888718,PASS
V11,F3,10,1009,4024310,30,500,30,0.0,107976.19188391927,0.0,1.7136727000179235,PASS
V11,F3,12,1011,4024312,30,500,30,0.0,137478.41138112583,0.0,1.762807499995688,PASS
V11,F3,15,1014,4024315,30,500,30,0.0,221992.0552764344,0.0,1.9339307000045665,PASS
V11,F3,13,1012,4024313,30,500,30,0.0,157787.82385873256,0.0,1.979584499989869,PASS
V11,F3,14,1013,4024314,30,500,30,0.0,166657.1711129854,0.0,1.9762816000147723,PASS
V11,F3,16,1015,4024316,30,500,30,0.0,294151.3375734341,0.0,1.9655599000107031,PASS
V11,F3,18,1017,4024318,30,500,30,0.0,245433.61431170706,0.0,1.6731667999993078,PASS
V11,F3,17,1016,4024317,30,500,30,0.0,119365.44128648656,0.0,1.6982226000109222,PASS
V11,F3,19,1018,4024319,30,500,30,0.0,244606.59772993292,0.0,1.6952144000097178,PASS
V11,F3,20,1019,4024320,30,500,30,0.0,161467.97997834763,0.0,1.700255699979607,PASS
V11,F3,21,1020,4024321,30,500,30,0.0,126211.38335020539,0.0,1.8938252000079956,PASS
V11,F3,22,1021,4024322,30,500,30,0.0,135794.76099693272,0.0,1.953418299992336,PASS
V11,F3,23,1022,4024323,30,500,30,0.0,163245.37719853327,0.0,1.953224999975646,PASS
V11,F3,24,1023,4024324,30,500,30,0.0,113871.83421879425,0.0,1.970186399994418,PASS
V11,F3,26,1025,4024326,30,500,30,0.0,123007.79353130393,0.0,1.7343992000096478,PASS
V11,F3,28,1027,4024328,30,500,30,0.0,131384.1741233503,0.0,1.7420168000098784,PASS
V11,F3,27,1026,4024327,30,500,30,0.0,183635.15749931926,0.0,1.751069899997674,PASS
V11,F3,25,1024,4024325,30,500,30,0.0,79356.08665120536,0.0,1.7996020000136923,PASS
V11,F4,2,1001,4024402,30,500,30,0.0,88.23531594133786,0.0,1.9201854999992065,PASS
V11,F3,30,1029,4024330,30,500,30,0.0,90997.76111955676,0.0,2.019916299992474,PASS
V11,F4,1,1000,4024401,30,500,30,0.0,89.41203274460929,0.0,2.0395703999965917,PASS
V11,F3,29,1028,4024329,30,500,30,0.0,171958.72311027217,0.0,2.1104978999937885,PASS
V11,F4,5,1004,4024405,30,500,30,0.0,83.47974018645405,0.0,1.674189799989108,PASS
V11,F4,4,1003,4024404,30,500,30,0.0,90.05593850015435,0.0,1.7374756999779493,PASS
V11,F4,3,1002,4024403,30,500,30,0.0,90.93773968107635,0.0,1.7770839000004344,PASS
V11,F4,6,1005,4024406,30,500,30,0.0,87.42803920060479,0.0,1.773356599995168,PASS
V11,F4,7,1006,4024407,30,500,30,0.0,89.67489840896681,0.0,1.883762299985392,PASS
V11,F4,9,1008,4024409,30,500,30,0.0,90.98182394999645,0.0,2.020925899996655,PASS
V11,F4,10,1009,4024410,30,500,30,0.0,88.62436437004385,0.0,2.0309474999958184,PASS
V11,F4,8,1007,4024408,30,500,30,0.0,88.56020743697258,0.0,2.0866586999909487,PASS
V11,F4,12,1011,4024412,30,500,30,0.0,87.6380567694806,0.0,2.024194500001613,PASS
V11,F4,11,1010,4024411,30,500,30,0.0,82.14021784717164,0.0,2.0295705999888014,PASS
V11,F4,14,1013,4024414,30,500,30,0.0,77.8379255985727,0.0,2.0005651999963447,PASS
V11,F4,13,1012,4024413,30,500,30,0.0,81.54232198828862,0.0,2.0134656000009272,PASS
V11,F4,15,1014,4024415,30,500,30,0.0,77.5649543326395,0.0,2.2621319000027142,PASS
V11,F4,16,1015,4024416,30,500,30,0.0,89.52145242027729,0.0,2.3351408999878913,PASS
V11,F4,18,1017,4024418,30,500,30,0.0,91.69265780583274,0.0,2.3150166000123136,PASS
V11,F4,17,1016,4024417,30,500,30,0.0,89.68075670875115,0.0,2.3357187999936286,PASS
V11,F4,19,1018,4024419,30,500,30,0.0,87.81454527863241,0.0,1.804922399984207,PASS
V11,F4,20,1019,4024420,30,500,30,0.0,89.14712458834947,0.0,1.8097443000006024,PASS
V11,F4,22,1021,4024422,30,500,30,0.0,90.86947090420732,0.0,1.8190375000122003,PASS
V11,F4,21,1020,4024421,30,500,30,0.0,93.48016114980666,0.0,1.896656900004018,PASS
V11,F4,23,1022,4024423,30,500,30,0.0,86.36772034124569,0.0,2.0104322000115644,PASS
V11,F4,25,1024,4024425,30,500,30,0.0,83.43944699892515,0.0,2.0934814999927767,PASS
V11,F4,24,1023,4024424,30,500,30,0.0,86.34666057993036,0.0,2.2261867999914102,PASS
V11,F4,26,1025,4024426,30,500,30,0.0,92.17294370207554,0.0,2.221213299984811,PASS
V11,F4,29,1028,4024429,30,500,30,0.0,88.97595126021793,0.0,1.7086740000231657,PASS
V11,F4,28,1027,4024428,30,500,30,0.0,88.89385763229512,0.0,1.7353349000040907,PASS
V11,F4,27,1026,4024427,30,500,30,0.0,90.2554612114578,0.0,1.7523076000215951,PASS
V11,F4,30,1029,4024430,30,500,30,0.0,90.25056319313495,0.0,1.7925394999911077,PASS
V11,F5,3,1002,4024503,30,500,30,26.711592204135204,290152790.99322855,26.711592204135204,2.0680047999776434,PASS
V11,F5,1,1000,4024501,30,500,30,28.022898342989645,262803966.06144178,28.022898342989645,2.1140752999926917,PASS
V11,F5,2,1001,4024502,30,500,30,28.64230324415114,265509719.66763252,28.64230324415114,2.154196999996202,PASS
V11,F5,4,1003,4024504,30,500,30,28.826204138139037,314425104.8265708,28.826204138139037,2.105056999978842,PASS
V11,F5,7,1006,4024507,30,500,30,28.824510933652114,275703968.057919,28.824510933652114,1.7159303999796975,PASS
V11,F5,8,1007,4024508,30,500,30,27.99937555177982,196990313.2842615,27.99937555177982,1.7595487000071444,PASS
V11,F5,6,1005,4024506,30,500,30,27.986054810712886,275607877.05815667,27.986054810712886,1.8474247000121977,PASS
V11,F5,5,1004,4024505,30,500,30,28.804680085423037,264814459.6730534,28.804680085423037,1.8690776000148617,PASS
V11,F5,9,1008,4024509,30,500,30,27.984903195155404,264277025.01725703,27.984903195155404,2.143873299995903,PASS
V11,F5,11,1010,4024511,30,500,30,26.056079496446582,311741780.6244718,26.056079496446582,2.0613433999824338,PASS
V11,F5,10,1009,4024510,30,500,30,28.041279445630185,275312500.08404154,28.041279445630185,2.155330400011735,PASS
V11,F5,12,1011,4024512,30,500,30,28.657622386729578,135783553.73670316,28.657622386729578,2.08589759998722,PASS
V11,F5,16,1015,4024516,30,500,30,27.142434362076504,230963403.05164534,27.142434362076504,1.7299596999946516,PASS
V11,F5,14,1013,4024514,30,500,30,28.771111277971574,198137301.02750832,28.771111277971574,1.7570249999989755,PASS
V11,F5,13,1012,4024513,30,500,30,28.984194689622946,223922765.9861003,28.984194689622946,1.821571899985429,PASS
V11,F5,15,1014,4024515,30,500,30,27.979525105297526,199986599.631898,27.979525105297526,1.8165957999881357,PASS
V11,F5,17,1016,4024517,30,500,30,27.233797922112245,267563143.6435758,27.233797922112245,2.0797714999935124,PASS
V11,F5,18,1017,4024518,30,500,30,28.859025130354,261605126.34257632,28.859025130354,2.0754712999914773,PASS
V11,F5,19,1018,4024519,30,500,30,28.866596212968567,235011607.0552513,28.866596212968567,2.096216599980835,PASS
V11,F5,20,1019,4024520,30,500,30,28.595332426036578,318067279.8984649,28.595332426036578,2.125219100009417,PASS
V11,F5,21,1020,4024521,30,500,30,28.809137028708275,320276562.2341088,28.809137028708275,1.7663390999950934,PASS
V11,F5,22,1021,4024522,30,500,30,28.77121654341793,250438783.368967,28.77121654341793,1.7826329999952577,PASS
V11,F5,23,1022,4024523,30,500,30,28.00551703205017,224106822.12627918,28.00551703205017,1.8848919000010937,PASS
V11,F5,24,1023,4024524,30,500,30,28.856542727369483,272530389.63664186,28.856542727369483,1.8985682999773417,PASS
V11,F5,25,1024,4024525,30,500,30,28.919085956738325,197086662.74910796,28.919085956738325,2.164234600000782,PASS
V11,F5,26,1025,4024526,30,500,30,28.771134544765356,272825950.8696747,28.771134544765356,2.213769099995261,PASS
V11,F5,28,1027,4024528,30,500,30,28.663457042216855,306443111.17072505,28.663457042216855,2.170514400000684,PASS
V11,F5,27,1026,4024527,30,500,30,28.09403720117838,289149958.1576517,28.09403720117838,2.2404533999797422,PASS
V11,F6,1,1000,4024601,30,500,30,0.007498242457840276,67909.83159949695,0.007498242457840276,1.7271516000037082,PASS
V11,F6,2,1001,4024602,30,500,30,0.08456744454183789,70582.57089954114,0.08456744454183789,1.7297852999763563,PASS
V11,F5,30,1029,4024530,30,500,30,28.65815052394188,297997041.8303026,28.65815052394188,1.745222700003069,PASS
V11,F5,29,1028,4024529,30,500,30,27.98136697764828,254911291.89617184,27.98136697764828,1.7633819000038784,PASS
V11,F6,6,1005,4024606,30,500,30,0.001547568660019912,68955.29999951718,0.001547568660019912,1.902402700012317,PASS
V11,F6,3,1002,4024603,30,500,30,0.04027379153814453,71353.455751133,0.04027379153814453,1.9603158000099938,PASS
V11,F6,4,1003,4024604,30,500,30,9.254089880791718e-06,71219.00386103941,9.254089880791718e-06,2.0165401000122074,PASS
V11,F6,5,1004,4024605,30,500,30,0.00018198416279354167,71208.03386246378,0.00018198416279354167,2.0363057000213303,PASS
V11,F6,7,1006,4024607,30,500,30,0.01640533304135499,70011.4366295226,0.01640533304135499,1.760502599994652,PASS
V11,F6,9,1008,4024609,30,500,30,0.0022974956375055268,70501.21762803209,0.0022974956375055268,1.7145873999979813,PASS
V11,F6,8,1007,4024608,30,500,30,0.20546921029196893,54162.957873925516,0.20546921029196893,1.7350235999911092,PASS
V11,F6,10,1009,4024610,30,500,30,0.01098699906173359,68295.92181788973,0.01098699906173359,1.7583646000130102,PASS
V11,F6,11,1010,4024611,30,500,30,0.03504463565085695,79935.06488261481,0.03504463565085695,1.8764057999942452,PASS
V11,F6,12,1011,4024612,30,500,30,1.6687165379929943e-05,60343.443806650605,1.6687165379929943e-05,1.875118099997053,PASS
V11,F6,13,1012,4024613,30,500,30,0.08513224010176068,68881.92519101789,0.08513224010176068,1.8901361000025645,PASS
V11,F6,14,1013,4024614,30,500,30,2.795628257448792,66078.30058116298,2.795628257448792,1.8730817000032403,PASS
V11,F6,17,1016,4024617,30,500,30,0.10121694809792026,73031.55585073962,0.10121694809792026,1.7378227000008337,PASS
V11,F6,16,1015,4024616,30,500,30,0.005377956466438142,61089.234661411996,0.005377956466438142,1.7504353999975137,PASS
V11,F6,18,1017,4024618,30,500,30,0.05686270462951627,70606.59378046433,0.05686270462951627,1.7498860999767203,PASS
V11,F6,15,1014,4024615,30,500,30,0.18561222657254564,62157.94499673396,0.18561222657254564,1.8298985000001267,PASS
V11,F6,20,1019,4024620,30,500,30,0.07570082879838469,79344.06586895653,0.07570082879838469,1.9184517999819946,PASS
V11,F6,21,1020,4024621,30,500,30,0.23981013849824578,81635.30658606326,0.23981013849824578,1.9959235000133049,PASS
V11,F6,19,1018,4024619,30,500,30,2.51548610348466,59960.68287322056,2.51548610348466,2.034176099987235,PASS
V11,F6,22,1021,4024622,30,500,30,1.0279552726750338,64215.54876603678,1.0279552726750338,1.9815585000033025,PASS
V11,F6,23,1022,4024623,30,500,30,0.010255159892258024,78086.57507584567,0.010255159892258024,1.6817079999891575,PASS
V11,F6,25,1024,4024625,30,500,30,0.12339402054556625,56465.69237297281,0.12339402054556625,1.690880099980859,PASS
V11,F6,24,1023,4024624,30,500,30,0.01261014111007747,72276.33926858637,0.01261014111007747,1.8017702999932226,PASS
V11,F6,26,1025,4024626,30,500,30,0.00013819722495449308,67862.6591007802,0.00013819722495449308,1.8132331000233535,PASS
V11,F6,28,1027,4024628,30,500,30,0.0001573936637916381,71067.99746945646,0.0001573936637916381,1.8555637999961618,PASS
V11,F6,27,1026,4024627,30,500,30,1.4703560021755389,68320.91352360474,1.4703560021755389,1.9556616000190843,PASS
V11,F6,29,1028,4024629,30,500,30,0.031951507855360786,66095.4100418736,0.031951507855360786,1.8716884999885224,PASS
V11,F6,30,1029,4024630,30,500,30,0.03339220672801959,77102.38991476683,0.03339220672801959,1.9717130000062753,PASS
V11,F7,4,1003,4024704,30,500,30,7.080694142436172e-05,120.0123686763614,7.080694142436172e-05,1.6629094000090845,PASS
V11,F7,2,1001,4024702,30,500,30,6.837286203809079e-05,129.07738590868695,6.837286203809079e-05,1.6882765000045765,PASS
V11,F7,1,1000,4024701,30,500,30,9.45915362848826e-06,132.24256505296452,9.45915362848826e-06,1.7369536999904085,PASS
V11,F7,3,1002,4024703,30,500,30,1.6784381334677967e-05,106.8866083511403,1.6784381334677967e-05,1.8303210999874864,PASS
V11,F7,5,1004,4024705,30,500,30,0.0002432252979321925,128.77654886785405,0.0002432252979321925,1.9479328000161331,PASS
V11,F7,7,1006,4024707,30,500,30,8.514306014872908e-05,109.43532753152996,8.514306014872908e-05,1.9840967000054661,PASS
V11,F7,6,1005,4024706,30,500,30,0.0002044215615785161,95.90377798740067,0.0002044215615785161,2.015937699994538,PASS
V11,F7,8,1007,4024708,30,500,30,9.530159643600378e-05,89.84776718932376,9.530159643600378e-05,2.0209170000161976,PASS
V11,F7,10,1009,4024710,30,500,30,8.368433869609948e-05,124.61338032043707,8.368433869609948e-05,1.7491321000270545,PASS
V11,F7,12,1011,4024712,30,500,30,0.00014672705711848977,88.02744560759177,0.00014672705711848977,1.7781033999926876,PASS
V11,F7,9,1008,4024709,30,500,30,1.5447923321199042e-05,112.92200132609992,1.5447923321199042e-05,1.8348034999798983,PASS
V11,F7,11,1010,4024711,30,500,30,0.00021914311776938256,145.50908467686799,0.00021914311776938256,1.8332369000127073,PASS
V11,F7,13,1012,4024713,30,500,30,4.457786551659293e-05,109.2388515683827,4.457786551659293e-05,1.9291795000026468,PASS
V11,F7,16,1015,4024716,30,500,30,0.00014586593514698265,118.50476153098273,0.00014586593514698265,1.8849705000175163,PASS
V11,F7,14,1013,4024714,30,500,30,2.820717814733256e-05,125.18640614897903,2.820717814733256e-05,2.098656399990432,PASS
V11,F7,15,1014,4024715,30,500,30,4.9591094465339935e-06,99.80960290906447,4.9591094465339935e-06,2.1086679000000004,PASS
V11,F7,17,1016,4024717,30,500,30,0.00057313278933524,142.86321654785507,0.00057313278933524,1.6678583000029903,PASS
V11,F7,20,1019,4024720,30,500,30,2.5783503506016147e-05,134.11199381657298,2.5783503506016147e-05,1.7043280999932904,PASS
V11,F7,18,1017,4024718,30,500,30,0.00021633445300472953,146.54341813360404,0.00021633445300472953,1.810727699979907,PASS
V11,F7,19,1018,4024719,30,500,30,0.00021026431482795704,129.37924729813335,0.00021026431482795704,1.8273624000139534,PASS
V11,F7,21,1020,4024721,30,500,30,7.261338490871516e-05,134.48686620550905,7.261338490871516e-05,1.9591166000172962,PASS
V11,F7,22,1021,4024722,30,500,30,7.447946452421306e-05,97.89929812706661,7.447946452421306e-05,1.9780460000038147,PASS
V11,F7,23,1022,4024723,30,500,30,5.6976333538738544e-05,133.0436737145348,5.6976333538738544e-05,2.0047232000215445,PASS
V11,F7,24,1023,4024724,30,500,30,0.00013413908657777807,134.83866130923477,0.00013413908657777807,2.1271417000098154,PASS
V11,F7,28,1027,4024728,30,500,30,3.238470623567746e-05,93.82607923366973,3.238470623567746e-05,1.7659643999941181,PASS
V11,F7,26,1025,4024726,30,500,30,6.071988832667685e-05,144.99096006092753,6.071988832667685e-05,1.8035027000005357,PASS
V11,F7,25,1024,4024725,30,500,30,0.00018987324554264884,105.12427574420931,0.00018987324554264884,1.8268115000100806,PASS
V11,F7,27,1026,4024727,30,500,30,0.00019470491795281486,135.53438780914385,0.00019470491795281486,1.8757124999829102,PASS
V11,F8,1,1000,4024801,30,500,30,-5916.111608252059,-2451.876014434408,-5916.111608252059,2.4337847999995574,PASS
V11,F7,29,1028,4024729,30,500,30,1.0751409406872803e-05,162.80296180734086,1.0751409406872803e-05,2.502911200019298,PASS
V11,F7,30,1029,4024730,30,500,30,0.000128178818000646,130.6949254804745,0.000128178818000646,2.5034860000014305,PASS
V11,F8,2,1001,4024802,30,500,30,-5299.129330283742,-2690.889994276502,-5299.129330283742,2.465586699981941,PASS
V11,F8,4,1003,4024804,30,500,30,-5224.854867688941,-2110.3517025625324,-5224.854867688941,1.8008323999820277,PASS
V11,F8,6,1005,4024806,30,500,30,-12566.523058977185,-3595.6367869269293,-12566.523058977185,1.7925902999995742,PASS
V11,F8,5,1004,4024805,30,500,30,-9011.82418254059,-1605.4114947545195,-9011.82418254059,1.8198925999749918,PASS
V11,F8,3,1002,4024803,30,500,30,-5143.470475311303,-1692.1826887752877,-5143.470475311303,1.8481491999991704,PASS
V11,F8,8,1007,4024808,30,500,30,-8324.734630918814,-1726.090940377079,-8324.734630918814,2.061566899996251,PASS
V11,F8,10,1009,4024810,30,500,30,-6026.841758672334,-2623.8232741546635,-6026.841758672334,2.0404924000031315,PASS
V11,F8,9,1008,4024809,30,500,30,-5828.450528089994,-2337.3316623373657,-5828.450528089994,2.0490308000007644,PASS
V11,F8,7,1006,4024807,30,500,30,-8198.825807991818,-1885.772866590057,-8198.825807991818,2.103099399973871,PASS
V11,F8,12,1011,4024812,30,500,30,-5465.931590285007,-2334.5511967809016,-5465.931590285007,1.6745439000078477,PASS
V11,F8,14,1013,4024814,30,500,30,-12169.502671241858,-1526.011739420307,-12169.502671241858,1.7751027999911457,PASS
V11,F8,13,1012,4024813,30,500,30,-5758.444035915572,-2026.2048410858288,-5758.444035915572,1.8532550999952946,PASS
V11,F8,11,1010,4024811,30,500,30,-5036.739629222879,-1813.4049915384448,-5036.739629222879,1.878519400022924,PASS
V11,F8,15,1014,4024815,30,500,30,-4597.617752086166,-1577.9245638457974,-4597.617752086166,1.965556800016202,PASS
V11,F8,16,1015,4024816,30,500,30,-6053.85871163641,-1774.4957618865303,-6053.85871163641,2.03702560000238,PASS
V11,F8,17,1016,4024817,30,500,30,-8519.109230328604,-3022.774183385613,-8519.109230328604,2.043483899993589,PASS
V11,F8,18,1017,4024818,30,500,30,-12539.92340874144,-1613.727286315913,-12539.92340874144,2.0805086999898776,PASS
V11,F8,20,1019,4024820,30,500,30,-4797.520034485213,-1937.2091609434265,-4797.520034485213,1.671402499981923,PASS
V11,F8,21,1020,4024821,30,500,30,-5336.334182380505,-2248.510909834675,-5336.334182380505,1.735160900017945,PASS
V11,F8,19,1018,4024819,30,500,30,-4773.796692570926,-2231.4411955724777,-4773.796692570926,1.7764479000179563,PASS
V11,F8,22,1021,4024822,30,500,30,-5615.930040884716,-1439.3070195018026,-5615.930040884716,1.792637200007448,PASS
V11,F8,24,1023,4024824,30,500,30,-12569.042163397447,-1788.751013337049,-12569.042163397447,1.9117544000037014,PASS
V11,F8,23,1022,4024823,30,500,30,-5435.609070757397,-2698.531601043908,-5435.609070757397,2.050404800014803,PASS
V11,F8,25,1024,4024825,30,500,30,-7821.683384483051,-2207.6192588415524,-7821.683384483051,2.0037647999997716,PASS
V11,F8,26,1025,4024826,30,500,30,-9003.305327375001,-1895.6942306135086,-9003.305327375001,2.0758108999871183,PASS
V11,F8,29,1028,4024829,30,500,30,-8572.93569680741,-1854.1744144476797,-8572.93569680741,1.8237886999850161,PASS
V11,F8,30,1029,4024830,30,500,30,-7647.826709347266,-1702.2535651780167,-7647.826709347266,1.8498598999867681,PASS
V11,F8,28,1027,4024828,30,500,30,-12565.465419168682,-1823.0140943969723,-12565.465419168682,1.863809099973878,PASS
V11,F8,27,1026,4024827,30,500,30,-4098.9019041780575,-1646.4051333176737,-4098.9019041780575,1.9062796999933198,PASS
V11,F9,3,1002,4024903,30,500,30,0.0,424.39485150190137,0.0,1.9724831000203267,PASS
V11,F9,2,1001,4024902,30,500,30,0.0,384.5497490364953,0.0,1.98193499998888,PASS
V11,F9,1,1000,4024901,30,500,30,0.0,464.87493101018356,0.0,2.0115975000080653,PASS
V11,F9,4,1003,4024904,30,500,30,0.0,439.61790434394305,0.0,2.011594400013564,PASS
V11,F9,5,1004,4024905,30,500,30,0.0,448.7388944016657,0.0,1.7630926000128966,PASS
V11,F9,6,1005,4024906,30,500,30,0.0,439.91283939992803,0.0,1.8639329000143334,PASS
V11,F9,8,1007,4024908,30,500,30,0.0,365.8391088248434,0.0,1.868713999981992,PASS
V11,F9,7,1006,4024907,30,500,30,0.0,431.59183701137,0.0,1.8765060000005178,PASS
V11,F9,9,1008,4024909,30,500,30,0.0,448.1773913088544,0.0,1.9477126999991015,PASS
V11,F9,11,1010,4024911,30,500,30,0.0,447.2888938374598,0.0,1.9837800999812316,PASS
V11,F9,10,1009,4024910,30,500,30,0.0,467.3571333335915,0.0,2.1202776999853086,PASS
V11,F9,12,1011,4024912,30,500,30,0.0,441.073286920272,0.0,2.10654579999391,PASS
V11,F9,14,1013,4024914,30,500,30,0.0,440.91474681676505,0.0,1.880517300014617,PASS
V11,F9,16,1015,4024916,30,500,30,0.0,433.86281469045554,0.0,1.833416200010106,PASS
V11,F9,13,1012,4024913,30,500,30,0.0,434.02220260833974,0.0,1.9230041000118945,PASS
V11,F9,15,1014,4024915,30,500,30,0.0,466.36406583587524,0.0,1.8734540000150446,PASS
V11,F9,17,1016,4024917,30,500,30,0.0,422.02779107708176,0.0,2.0647687999880873,PASS
V11,F9,18,1017,4024918,30,500,30,0.0,469.76371664050794,0.0,2.0688427000131924,PASS
V11,F9,20,1019,4024920,30,500,30,0.0,458.030531975015,0.0,2.084671699994942,PASS
V11,F9,19,1018,4024919,30,500,30,0.0,414.6138424388559,0.0,2.1131460000178777,PASS
V11,F9,22,1021,4024922,30,500,30,0.0,441.34049530442945,0.0,1.7523904999834485,PASS
V11,F9,21,1020,4024921,30,500,30,0.0,465.26417440798247,0.0,1.847121300001163,PASS
V11,F9,23,1022,4024923,30,500,30,0.0,446.64097601097,0.0,1.8493699999817181,PASS
V11,F9,24,1023,4024924,30,500,30,0.0,433.79837842386155,0.0,1.9427887999918312,PASS
V11,F9,25,1024,4024925,30,500,30,0.0,408.9701533118642,0.0,2.1175996999954805,PASS
V11,F9,27,1026,4024927,30,500,30,0.0,446.03906557516507,0.0,2.0316675000067335,PASS
V11,F9,26,1025,4024926,30,500,30,0.0,473.6616560879741,0.0,2.084407700021984,PASS
V11,F9,28,1027,4024928,30,500,30,0.0,447.3494195224039,0.0,2.0160283999866806,PASS
V11,F9,30,1029,4024930,30,500,30,0.0,479.83128968283097,0.0,1.7213297999987844,PASS
V11,F9,29,1028,4024929,30,500,30,0.0,455.002187468864,0.0,1.8010188000043854,PASS
V11,F10,2,1001,4025002,30,500,30,4.440892098500626e-16,20.80923383013385,4.440892098500626e-16,1.7802547999890521,PASS
V11,F10,1,1000,4025001,30,500,30,4.440892098500626e-16,20.764880617738655,4.440892098500626e-16,1.8201915000099689,PASS
V11,F10,3,1002,4025003,30,500,30,4.440892098500626e-16,20.70259726914545,4.440892098500626e-16,2.0835538000101224,PASS
V11,F10,4,1003,4025004,30,500,30,4.440892098500626e-16,20.685941618453114,4.440892098500626e-16,2.099142599996412,PASS
V11,F10,5,1004,4025005,30,500,30,4.440892098500626e-16,20.753180108678922,4.440892098500626e-16,2.122398300009081,PASS
V11,F10,6,1005,4025006,30,500,30,4.440892098500626e-16,20.739339682394206,4.440892098500626e-16,2.1470629000104964,PASS
V11,F10,10,1009,4025010,30,500,30,4.440892098500626e-16,20.764014980012245,4.440892098500626e-16,1.7272834999894258,PASS
V11,F10,8,1007,4025008,30,500,30,4.440892098500626e-16,20.30938002246911,4.440892098500626e-16,1.7607041000155732,PASS
V11,F10,9,1008,4025009,30,500,30,4.440892098500626e-16,20.6623323028609,4.440892098500626e-16,1.8105742999759968,PASS
V11,F10,7,1006,4025007,30,500,30,4.440892098500626e-16,20.677331650145728,4.440892098500626e-16,1.8623610000067856,PASS
V11,F10,11,1010,4025011,30,500,30,4.440892098500626e-16,20.873205110265417,4.440892098500626e-16,2.156284400000004,PASS
V11,F10,13,1012,4025013,30,500,30,4.440892098500626e-16,20.566750205953976,4.440892098500626e-16,2.156799399992451,PASS
V11,F10,12,1011,4025012,30,500,30,4.440892098500626e-16,20.569830881242734,4.440892098500626e-16,2.260720799997216,PASS
V11,F10,14,1013,4025014,30,500,30,4.440892098500626e-16,20.669354202190537,4.440892098500626e-16,2.17142940001213,PASS
V11,F10,16,1015,4025016,30,500,30,4.440892098500626e-16,20.64013873956227,4.440892098500626e-16,1.798192399990512,PASS
V11,F10,18,1017,4025018,30,500,30,4.440892098500626e-16,20.8269336510937,4.440892098500626e-16,1.820239799999399,PASS
V11,F10,15,1014,4025015,30,500,30,4.440892098500626e-16,20.49068213407767,4.440892098500626e-16,1.905846699984977,PASS
V11,F10,17,1016,4025017,30,500,30,4.440892098500626e-16,20.795292196710726,4.440892098500626e-16,1.8991938999970444,PASS
V11,F10,19,1018,4025019,30,500,30,4.440892098500626e-16,20.287777247273507,4.440892098500626e-16,2.152085200010333,PASS
V11,F10,20,1019,4025020,30,500,30,4.440892098500626e-16,20.753576885043977,4.440892098500626e-16,2.113323199999286,PASS
V11,F10,21,1020,4025021,30,500,30,4.440892098500626e-16,20.886822358893582,4.440892098500626e-16,2.205129300011322,PASS
V11,F10,22,1021,4025022,30,500,30,4.440892098500626e-16,20.583645012836215,4.440892098500626e-16,2.2193491000216454,PASS
V11,F10,26,1025,4025026,30,500,30,4.440892098500626e-16,20.66064456706877,4.440892098500626e-16,1.780375099973753,PASS
V11,F10,23,1022,4025023,30,500,30,4.440892098500626e-16,20.933352404055416,4.440892098500626e-16,1.7974983000021894,PASS
V11,F10,25,1024,4025025,30,500,30,4.440892098500626e-16,20.640145513776236,4.440892098500626e-16,1.8142881999956444,PASS
V11,F10,24,1023,4025024,30,500,30,4.440892098500626e-16,20.702337522964704,4.440892098500626e-16,1.819675200007623,PASS
V11,F10,27,1026,4025027,30,500,30,4.440892098500626e-16,20.70523141613285,4.440892098500626e-16,2.0758233000233304,PASS
V11,F10,28,1027,4025028,30,500,30,4.440892098500626e-16,20.792506436353648,4.440892098500626e-16,2.1493358000006992,PASS
V11,F10,29,1028,4025029,30,500,30,4.440892098500626e-16,20.542581961741753,4.440892098500626e-16,2.1389034999883734,PASS
V11,F10,30,1029,4025030,30,500,30,4.440892098500626e-16,20.847870698067215,4.440892098500626e-16,2.18651250001858,PASS
V11,F11,1,1000,4025101,30,500,30,0.0,611.291864520307,0.0,1.7986937999958172,PASS
V11,F11,4,1003,4025104,30,500,30,0.0,640.6078006974948,0.0,1.810642900003586,PASS
V11,F11,2,1001,4025102,30,500,30,0.0,639.1480611503106,0.0,1.8761383999953978,PASS
V11,F11,3,1002,4025103,30,500,30,0.0,643.4385152741779,0.0,1.9287664000003133,PASS
V11,F11,5,1004,4025105,30,500,30,0.0,644.4520744510511,0.0,2.1389228000189178,PASS
V11,F11,6,1005,4025106,30,500,30,0.0,620.4511952126913,0.0,2.206478500011144,PASS
V11,F11,7,1006,4025107,30,500,30,0.0,632.8296368484805,0.0,2.2689095999812707,PASS
V11,F11,8,1007,4025108,30,500,30,0.0,487.5405080335636,0.0,2.2431550000037532,PASS
V11,F11,12,1011,4025112,30,500,30,0.0,542.9069981974286,0.0,1.7619284999964293,PASS
V11,F11,10,1009,4025110,30,500,30,0.0,616.7396630786404,0.0,1.803585599991493,PASS
V11,F11,9,1008,4025109,30,500,30,0.0,639.6684312970408,0.0,1.8599427999870386,PASS
V11,F11,11,1010,4025111,30,500,30,0.0,718.9807578130838,0.0,1.862953000003472,PASS
V11,F11,13,1012,4025113,30,500,30,0.0,618.2400358748203,0.0,2.5037609999999404,PASS
V11,F11,14,1013,4025114,30,500,30,0.0,591.7962883432442,0.0,2.54757980001159,PASS
V11,F11,16,1015,4025116,30,500,30,0.0,549.6853975606296,0.0,2.536624700005632,PASS
V11,F11,15,1014,4025115,30,500,30,0.0,563.9367128903148,0.0,2.586109000025317,PASS
V11,F11,18,1017,4025118,30,500,30,0.0,635.4820188150104,0.0,1.9328217000002041,PASS
V11,F11,17,1016,4025117,30,500,30,0.0,658.3681797175631,0.0,1.9991874000115786,PASS
V11,F11,20,1019,4025120,30,500,30,0.0,711.0659999459813,0.0,1.9668635999842081,PASS
V11,F11,19,1018,4025119,30,500,30,0.0,538.2294864301934,0.0,1.9730391000048257,PASS
V11,F11,21,1020,4025121,30,500,30,0.0,738.5383591240958,0.0,2.178311700001359,PASS
V11,F11,22,1021,4025122,30,500,30,0.0,579.5492680434852,0.0,2.208108499995433,PASS
V11,F11,23,1022,4025123,30,500,30,0.0,701.8372771154101,0.0,2.2224027999909595,PASS
V11,F11,24,1023,4025124,30,500,30,0.0,649.0261533705124,0.0,2.2197760000126436,PASS
V11,F11,27,1026,4025127,30,500,30,0.0,614.144178110117,0.0,1.787445599999046,PASS
V11,F11,26,1025,4025126,30,500,30,0.0,609.8881515490872,0.0,1.8833568000118248,PASS
V11,F11,28,1027,4025128,30,500,30,0.0,642.5333046872523,0.0,1.8823435000085738,PASS
V11,F11,25,1024,4025125,30,500,30,0.0,508.02875095473263,0.0,1.9288738000032026,PASS
V11,F11,29,1028,4025129,30,500,30,0.0,595.7920700073693,0.0,1.9813422999868635,PASS
V11,F11,30,1029,4025130,30,500,30,0.0,694.8702724214163,0.0,2.1876957999775186,PASS
V11,F12,2,1001,4025202,30,500,30,8.281400979795364e-07,579099359.0880492,8.281400979795364e-07,2.351115800003754,PASS
V11,F12,1,1000,4025201,30,500,30,0.9771383198629738,577094378.3389748,0.9771383198629738,2.406868099991698,PASS
V11,F12,5,1004,4025205,30,500,30,1.099097792703884e-08,600899121.4082001,1.099097792703884e-08,2.038709899992682,PASS
V11,F12,6,1005,4025206,30,500,30,3.7118586703230734e-07,613687382.5306401,3.7118586703230734e-07,2.0350311000074726,PASS
V11,F12,3,1002,4025203,30,500,30,0.35779631343143836,677755348.7064486,0.35779631343143836,2.066115499997977,PASS
V11,F12,4,1003,4025204,30,500,30,6.57852281004802e-07,756082758.900649,6.57852281004802e-07,2.1170431000064127,PASS
V11,F12,7,1006,4025207,30,500,30,1.602113482030724,669437325.0641034,1.602113482030724,2.409170600003563,PASS
V11,F12,9,1008,4025209,30,500,30,4.5110129271683664e-08,673649374.2265142,4.5110129271683664e-08,2.4553952000278514,PASS
V11,F12,8,1007,4025208,30,500,30,4.991472769271321e-07,465147296.24454856,4.991472769271321e-07,2.475559599988628,PASS
V11,F12,10,1009,4025210,30,500,30,8.319798285473437e-07,608345809.8432229,8.319798285473437e-07,2.452703399991151,PASS
V11,F12,12,1011,4025212,30,500,30,0.628016825357324,354312759.8973637,0.628016825357324,2.0776529999857303,PASS
V11,F12,14,1013,4025214,30,500,30,4.121896566768038e-07,375026164.7994268,4.121896566768038e-07,2.1048656000057235,PASS
V11,F12,13,1012,4025213,30,500,30,1.664791221539994e-07,409264261.74945426,1.664791221539994e-07,2.139736000011908,PASS
V11,F12,11,1010,4025211,30,500,30,0.24194466268290965,673700231.5011019,0.24194466268290965,2.2592533999995794,PASS
V11,F12,15,1014,4025215,30,500,30,0.38840026965694163,377991105.0550389,0.38840026965694163,2.482983800000511,PASS
V11,F12,16,1015,4025216,30,500,30,1.7249658554023291e-06,518663474.82455194,1.7249658554023291e-06,2.5242385999881662,PASS
V11,F12,17,1016,4025217,30,500,30,2.450859725816946e-09,602516388.8524432,2.450859725816946e-09,2.5063716000004206,PASS
V11,F12,18,1017,4025218,30,500,30,0.49024863865770807,678910232.0700809,0.49024863865770807,2.4725528999988455,PASS
V11,F12,19,1018,4025219,30,500,30,1.4857172427775675e-06,493317185.6586725,1.4857172427775675e-06,2.0148325000191107,PASS
V11,F12,21,1020,4025221,30,500,30,1.6398681756458263e-08,779891967.4951634,1.6398681756458263e-08,2.02553519999492,PASS
V11,F12,22,1021,4025222,30,500,30,1.1730331775248527e-06,566705999.5069873,1.1730331775248527e-06,2.060555400006706,PASS
V11,F12,20,1019,4025220,30,500,30,5.574349176239666e-07,746482921.424925,5.574349176239666e-07,2.0992046000028495,PASS
V11,F12,23,1022,4025223,30,500,30,1.1147370210949457,527674663.0350982,1.1147370210949457,2.422139900008915,PASS
V11,F12,24,1023,4025224,30,500,30,1.4679549257424187,557034073.9341952,1.4679549257424187,2.38279160001548,PASS
V11,F12,25,1024,4025225,30,500,30,0.16084187286338059,459268027.30294675,0.16084187286338059,2.4218547000200488,PASS
V11,F12,26,1025,4025226,30,500,30,0.28629767400894973,655610836.8316754,0.28629767400894973,2.415386100008618,PASS
V11,F12,27,1026,4025227,30,500,30,0.623703644823954,688380987.7444726,0.623703644823954,2.0482675000093877,PASS
V11,F12,28,1027,4025228,30,500,30,1.9276740631022773e-06,735612073.6667887,1.9276740631022773e-06,2.035222000005888,PASS
V11,F12,29,1028,4025229,30,500,30,3.545720779065137e-07,694579575.2440028,3.545720779065137e-07,2.0456552999967244,PASS
V11,F12,30,1029,4025230,30,500,30,1.6326186535156303e-08,638200031.739138,1.6326186535156303e-08,2.056498300022213,PASS
V11,F13,1,1000,4025301,30,500,30,1.3417506691700307,1121540604.907016,1.3417506691700307,2.2284029999864288,PASS
V11,F13,3,1002,4025303,30,500,30,1.8071491593739837,1279263460.7598147,1.8071491593739837,2.3473921999975573,PASS
V11,F13,4,1003,4025304,30,500,30,1.9297900706728788,1409943019.8603163,1.9297900706728788,2.3869048000196926,PASS
V11,F13,2,1001,4025302,30,500,30,4.371570325291054e-07,1134393402.9122756,4.371570325291054e-07,2.4558446000155527,PASS
V11,F13,8,1007,4025308,30,500,30,1.9595874285291595,878154019.7635087,1.9595874285291595,1.9703884999908041,PASS
V11,F13,7,1006,4025307,30,500,30,9.362740038197197e-06,1268983075.2778127,9.362740038197197e-06,2.0388907000015024,PASS
V11,F13,5,1004,4025305,30,500,30,2.039577933391476,1170689608.5516968,2.039577933391476,2.114787200000137,PASS
V11,F13,6,1005,4025306,30,500,30,1.612059226187876e-05,1181621324.1665757,1.612059226187876e-05,2.136522100016009,PASS
V11,F13,9,1008,4025309,30,500,30,1.459001612420125,1296042042.9580178,1.459001612420125,2.3239767999912146,PASS
V11,F13,10,1009,4025310,30,500,30,2.021472618815771,1170491781.6147819,2.021472618815771,2.3788089999870863,PASS
V11,F13,12,1011,4025312,30,500,30,1.8266818659946964,746217004.1348709,1.8266818659946964,2.3303815000108443,PASS
V11,F13,11,1010,4025311,30,500,30,2.0476926337124493,1334005063.226532,2.0476926337124493,2.3975550000031944,PASS
V11,F13,14,1013,4025314,30,500,30,1.26251779623208e-05,813623365.5838884,1.26251779623208e-05,2.0227217999927234,PASS
V11,F13,16,1015,4025316,30,500,30,1.7053044544059863,992639751.8319389,1.7053044544059863,2.036184399999911,PASS
V11,F13,13,1012,4025313,30,500,30,1.5908675725022825,902489281.0803057,1.5908675725022825,2.078411499998765,PASS
V11,F13,15,1014,4025315,30,500,30,2.224446254432592,781768070.7565104,2.224446254432592,2.0766616000037175,PASS
V11,F13,19,1018,4025319,30,500,30,3.820477466519291e-05,985279769.8708252,3.820477466519291e-05,2.2699522000038996,PASS
V11,F13,17,1016,4025317,30,500,30,2.1220016165537148,1200343935.016167,2.1220016165537148,2.370595799991861,PASS
V11,F13,20,1019,4025320,30,500,30,1.8036089506421804,1427951455.304063,1.8036089506421804,2.3105668000061996,PASS
V11,F13,18,1017,4025318,30,500,30,1.427470895361045e-07,1270309810.4932654,1.427470895361045e-07,2.4168043000099715,PASS
V11,F13,21,1020,4025321,30,500,30,3.4458885258591147e-06,1481567387.8877292,3.4458885258591147e-06,2.0129884999769274,PASS
V11,F13,23,1022,4025323,30,500,30,2.7099369146096604,1057814591.9376878,2.7099369146096604,2.098215900012292,PASS
V11,F13,22,1021,4025322,30,500,30,2.4498410927443603,1071852585.7528108,2.4498410927443603,2.1133709000132512,PASS
V11,F13,24,1023,4025324,30,500,30,3.820624223750094e-06,1128834171.694078,3.820624223750094e-06,2.1307628999929875,PASS
V11,F13,25,1024,4025325,30,500,30,1.3807891549551385,881544869.6646192,1.3807891549551385,2.4271481999894604,PASS
V11,F13,27,1026,4025327,30,500,30,0.11244240431058655,1309554648.9066305,0.11244240431058655,2.448724400019273,PASS
V11,F13,26,1025,4025326,30,500,30,0.32001957518387636,1213450885.258651,0.32001957518387636,2.4633611000026576,PASS
V11,F13,28,1027,4025328,30,500,30,2.3707474990833055,1357932319.8784873,2.3707474990833055,2.4796114999917336,PASS
V11,F14,1,1000,4025401,30,500,2,2.982105156817547,473.71847520737606,2.982105156817547,0.5461554999928921,PASS
V11,F14,2,1001,4025402,30,500,2,0.9980038378331403,20.799965995968776,0.9980038378331403,0.5747061999863945,PASS
V11,F14,3,1002,4025403,30,500,2,2.9821051568169095,7.856359089361977,2.9821051568169095,0.5388304000080097,PASS
V11,F14,4,1003,4025404,30,500,2,0.998003837821114,7.991839953168932,0.998003837821114,0.5323543000267819,PASS
V11,F14,5,1004,4025405,30,500,2,0.9980038387736196,24.322820508421295,0.9980038387736196,0.5577143999980763,PASS
V11,F14,6,1005,4025406,30,500,2,2.982105156827029,90.7409532963287,2.982105156827029,0.5459451999922749,PASS
V11,F13,29,1028,4025329,30,500,30,2.914760975937687,1284594344.47724,2.914760975937687,1.9812947000027634,PASS
V11,F13,30,1029,4025330,30,500,30,2.357585786472641,1261783528.6462915,2.357585786472641,2.0776336999842897,PASS
V11,F14,7,1006,4025407,30,500,2,0.9980038379975842,16.2842641081014,0.9980038379975842,0.5569713000149932,PASS
V11,F14,8,1007,4025408,30,500,2,12.670505811135556,21.481362099196957,12.670505811135556,0.5610113000147976,PASS
V11,F14,10,1009,4025410,30,500,2,2.9821051568172185,15.108117071694181,2.9821051568172185,0.5530560000042897,PASS
V11,F14,9,1008,4025409,30,500,2,0.998003837844664,480.050865101365,0.998003837844664,0.5850085999991279,PASS
V11,F14,11,1010,4025411,30,500,2,2.982105156816826,115.8570972449099,2.982105156816826,0.5667078999977093,PASS
V11,F14,12,1011,4025412,30,500,2,0.9980038378495686,16.441007314171465,0.9980038378495686,0.5729703000106383,PASS
V11,F14,13,1012,4025413,30,500,2,2.9821051568191552,16.402755922508554,2.9821051568191552,0.5970438999938779,PASS
V11,F14,14,1013,4025414,30,500,2,12.670505811135616,73.97889205821518,12.670505811135616,0.5793201000196859,PASS
V11,F14,15,1014,4025415,30,500,2,0.9980038377956877,65.35361146386387,0.9980038377956877,0.5482013000000734,PASS
V11,F14,17,1016,4025417,30,500,2,0.9980038384643717,438.10288921782666,0.9980038384643717,0.5264986999973189,PASS
V11,F14,18,1017,4025418,30,500,2,0.998003838110943,237.59430741100795,0.998003838110943,0.5286211000056937,PASS
V11,F14,16,1015,4025416,30,500,2,0.9980038380974642,17.659718800789545,0.9980038380974642,0.578665600012755,PASS
V11,F14,20,1019,4025420,30,500,2,2.982105156824213,179.17713904158902,2.982105156824213,0.45992319998913445,PASS
V11,F14,22,1021,4025422,30,500,2,2.9821051568240033,29.199725330593285,2.9821051568240033,0.4680015000049025,PASS
V11,F14,21,1020,4025421,30,500,2,12.670505811135556,87.51907188492201,12.670505811135556,0.5255951000144705,PASS
V11,F14,19,1018,4025419,30,500,2,0.9980038378451731,2.286243956447089,0.9980038378451731,0.5549185999843758,PASS
V11,F14,25,1024,4025425,30,500,2,12.670505811135914,320.00268640700443,12.670505811135914,0.5153886000043713,PASS
V11,F14,23,1022,4025423,30,500,2,2.9821051568195713,9.804625661988586,2.9821051568195713,0.525675599987153,PASS
V11,F14,24,1023,4025424,30,500,2,0.998003838006089,294.0509123316119,0.998003838006089,0.5463389999931678,PASS
V11,F14,26,1025,4025426,30,500,2,0.9980038378227115,421.40232505995556,0.9980038378227115,0.5349576000007801,PASS
V11,F14,28,1027,4025428,30,500,2,0.9980038382938468,160.2537413920019,0.9980038382938468,0.4877357999794185,PASS
V11,F14,30,1029,4025430,30,500,2,0.9980038378245987,15.999537865751927,0.9980038378245987,0.47975999998743646,PASS
V11,F14,27,1026,4025427,30,500,2,12.670505811135556,337.8200873186404,12.670505811135556,0.5231320999737363,PASS
V11,F14,29,1028,4025429,30,500,2,0.9980038379139219,2.3576554955050417,0.9980038379139219,0.5057623999891803,PASS
V11,F15,1,1000,4025501,30,500,4,0.00031109030961344223,0.30191456608898665,0.00031109030961344223,0.48308810000889935,PASS
V11,F15,2,1001,4025502,30,500,4,0.0003771212160948168,1.2717309895536486,0.0003771212160948168,0.49751389998709783,PASS
V11,F15,3,1002,4025503,30,500,4,0.00032716696100604443,0.3644888722730511,0.00032716696100604443,0.46716870000818744,PASS
V11,F15,4,1003,4025504,30,500,4,0.0003077648582130735,0.1609090192272938,0.0003077648582130735,0.4854279999854043,PASS
V11,F15,5,1004,4025505,30,500,4,0.00034501573499012795,0.12948702495992004,0.00034501573499012795,0.474393999989843,PASS
V11,F15,6,1005,4025506,30,500,4,0.0003156600932456945,0.12186464086944875,0.0003156600932456945,0.4589628999819979,PASS
V11,F15,8,1007,4025508,30,500,4,0.0003200962070349812,0.09018764359449179,0.0003200962070349812,0.4619032999908086,PASS
V11,F15,7,1006,4025507,30,500,4,0.0003090816593850875,0.12363760498402297,0.0003090816593850875,0.4997770999907516,PASS
V11,F15,10,1009,4025510,30,500,4,0.00037141940629796413,0.13877679138861554,0.00037141940629796413,0.4580459000135306,PASS
V11,F15,9,1008,4025509,30,500,4,0.0003507883853272028,2.2394826617102606,0.0003507883853272028,0.5000808000040706,PASS
V11,F15,12,1011,4025512,30,500,4,0.0003201108793848552,0.23498015533649527,0.0003201108793848552,0.4739067000045907,PASS
V11,F15,11,1010,4025511,30,500,4,0.00031107453844435946,0.03239128528085753,0.00031107453844435946,0.5152972000068985,PASS
V11,F15,13,1012,4025513,30,500,4,0.00032898852095971764,0.1306304824855118,0.00032898852095971764,0.4771732999943197,PASS
V11,F15,14,1013,4025514,30,500,4,0.00031997701158454104,0.1598298890496266,0.00031997701158454104,0.45456809998722747,PASS
V11,F15,15,1014,4025515,30,500,4,0.00030928215912573713,0.10205617825736528,0.00030928215912573713,0.499143399996683,PASS
V11,F15,16,1015,4025516,30,500,4,0.0003228301493851316,2.092356457574675,0.0003228301493851316,0.4933844000042882,PASS
V11,F15,17,1016,4025517,30,500,4,0.0003207559695708396,0.2605680364275185,0.0003207559695708396,0.487751999986358,PASS
V11,F15,18,1017,4025518,30,500,4,0.00034547670066366093,0.14977648977909336,0.00034547670066366093,0.5171902000147384,PASS
V11,F15,19,1018,4025519,30,500,4,0.00031627502984715164,0.1985628632680977,0.00031627502984715164,0.5020843000093009,PASS
V11,F15,20,1019,4025520,30,500,4,0.00030905905551380035,0.1359115073620081,0.00030905905551380035,0.5428958999982569,PASS
V11,F15,21,1020,4025521,30,500,4,0.00033510552509815743,0.4954470688391197,0.00033510552509815743,0.44188169998233207,PASS
V11,F15,22,1021,4025522,30,500,4,0.00030956931429939336,0.5524050984541609,0.00030956931429939336,0.43814869999187067,PASS
V11,F15,23,1022,4025523,30,500,4,0.0003215099639308955,0.29407409982959576,0.0003215099639308955,0.45540850001270883,PASS
V11,F15,24,1023,4025524,30,500,4,0.00034722720280442037,0.298411205199563,0.00034722720280442037,0.4467816000105813,PASS
V11,F15,25,1024,4025525,30,500,4,0.00031209974122651076,0.054825133501047195,0.00031209974122651076,0.5240504999819677,PASS
V11,F15,26,1025,4025526,30,500,4,0.00034187691040684937,0.2996859951874783,0.00034187691040684937,0.5336552000080701,PASS
V11,F15,28,1027,4025528,30,500,4,0.000315917694868739,0.03968409975464774,0.000315917694868739,0.542974600015441,PASS
V11,F15,27,1026,4025527,30,500,4,0.00033192428703179177,0.08376195205332174,0.00033192428703179177,0.5611272999958601,PASS
V11,F16,1,1000,4025601,30,500,2,-1.031628427289774,2.181179457071373,-1.031628427289774,0.2654486000246834,PASS
V11,F16,2,1001,4025602,30,500,2,-1.0316284487690996,-0.027012733357646004,-1.0316284487690996,0.3013527000148315,PASS
V11,F15,30,1029,4025530,30,500,4,0.00033412143633536356,0.14413165160408462,0.00033412143633536356,0.5400785999954678,PASS
V11,F15,29,1028,4025529,30,500,4,0.0003239854218433015,0.08098779060507648,0.0003239854218433015,0.5630165000038687,PASS
V11,F16,3,1002,4025603,30,500,2,-1.0316284482177687,0.7607607404739891,-1.0316284482177687,0.3000301999854855,PASS
V11,F16,6,1005,4025606,30,500,2,-1.0316284140677152,-0.9735315253417971,-1.0316284140677152,0.28534609999042004,PASS
V11,F16,5,1004,4025605,30,500,2,-1.0316284063162042,-0.170143036311162,-1.0316284063162042,0.2977501999994274,PASS
V11,F16,4,1003,4025604,30,500,2,-1.031628445104622,-0.39997849461446167,-1.031628445104622,0.30914499997743405,PASS
V11,F16,8,1007,4025608,30,500,2,-1.0316284121481158,-0.24021923047679472,-1.0316284121481158,0.31889419999788515,PASS
V11,F16,7,1006,4025607,30,500,2,-1.0316284528078135,-0.20638118856745086,-1.0316284528078135,0.33400080000865273,PASS
V11,F16,9,1008,4025609,30,500,2,-1.0316284477123032,2.3278539991551703,-1.0316284477123032,0.3275192999863066,PASS
V11,F16,10,1009,4025610,30,500,2,-1.0316284525647084,1.0848751489960493,-1.0316284525647084,0.33177759998943657,PASS
V11,F16,12,1011,4025612,30,500,2,-1.031628434608291,-1.0303686554309606,-1.031628434608291,0.30487360002007335,PASS
V11,F16,13,1012,4025613,30,500,2,-1.0316284346571092,1.5398855373431712,-1.0316284346571092,0.30745459999889135,PASS
V11,F16,14,1013,4025614,30,500,2,-1.0316284384462922,-0.8050538505238225,-1.0316284384462922,0.3109731999866199,PASS
V11,F16,11,1010,4025611,30,500,2,-1.0316284483250429,2.3611245635192675,-1.0316284483250429,0.32236719998763874,PASS
V11,F16,17,1016,4025617,30,500,2,-1.0316284491950556,0.9570585820096484,-1.0316284491950556,0.2617952000000514,PASS
V11,F16,18,1017,4025618,30,500,2,-1.0316284223912828,1.6470124840433833,-1.0316284223912828,0.25940670000272803,PASS
V11,F16,15,1014,4025615,30,500,2,-1.0316284288414346,0.23957312171001172,-1.0316284288414346,0.28683619998628274,PASS
V11,F16,16,1015,4025616,30,500,2,-1.031628362842282,0.7787012712336405,-1.031628362842282,0.28350930000306107,PASS
V11,F16,19,1018,4025619,30,500,2,-1.031628450496936,0.7878546115016152,-1.031628450496936,0.25649849997716956,PASS
V11,F16,20,1019,4025620,30,500,2,-1.0316284095113646,-0.9362291745164019,-1.0316284095113646,0.26527839998016134,PASS
V11,F16,21,1020,4025621,30,500,2,-1.0316283570820304,0.6778025610508492,-1.0316283570820304,0.26411560000269674,PASS
V11,F16,22,1021,4025622,30,500,2,-1.0316284466677093,1.5766615624712603,-1.0316284466677093,0.27682240001740865,PASS
V11,F16,23,1022,4025623,30,500,2,-1.0316284418603905,1.3326463850849646,-1.0316284418603905,0.23458550000214018,PASS
V11,F16,25,1024,4025625,30,500,2,-1.031628417116272,2.429026067201413,-1.031628417116272,0.2281098999956157,PASS
V11,F16,24,1023,4025624,30,500,2,-1.031628452350645,2.6557067430875065,-1.031628452350645,0.24212790001183748,PASS
V11,F16,26,1025,4025626,30,500,2,-1.0316284384408108,21.49073996804959,-1.0316284384408108,0.2539454000070691,PASS
V11,F16,27,1026,4025627,30,500,2,-1.0316284206023618,-0.1512971369952485,-1.0316284206023618,0.26148479999392293,PASS
V11,F16,28,1027,4025628,30,500,2,-1.0316284427374032,0.6076326090253817,-1.0316284427374032,0.26848609998705797,PASS
V11,F16,30,1029,4025630,30,500,2,-1.0316284102071556,2.6013826494536425,-1.0316284102071556,0.27517080001416616,PASS
V11,F16,29,1028,4025629,30,500,2,-1.0316284405149527,-0.12993145689296656,-1.0316284405149527,0.2950309999869205,PASS
V11,F17,2,1001,4025702,30,500,2,0.39789845819345615,1.2443773973881989,0.39789845819345615,0.22877730001346208,PASS
V11,F17,1,1000,4025701,30,500,2,0.3978919219023709,1.0638829597342436,0.3978919219023709,0.26660300002549775,PASS
V11,F17,3,1002,4025703,30,500,2,0.39788752478497535,0.5710175662180976,0.39788752478497535,0.24493879999499768,PASS
V11,F17,4,1003,4025704,30,500,2,0.3978894125287109,2.6652672686497105,0.3978894125287109,0.23052750001079403,PASS
V11,F17,5,1004,4025705,30,500,2,0.3978894782609572,0.7300291394205143,0.3978894782609572,0.2642758000001777,PASS
V11,F17,8,1007,4025708,30,500,2,0.3978936892686029,0.8184767311208248,0.3978936892686029,0.25164659999427386,PASS
V11,F17,6,1005,4025706,30,500,2,0.39788885590573564,0.7328401017256851,0.39788885590573564,0.28905250001116656,PASS
V11,F17,7,1006,4025707,30,500,2,0.3978904827747094,1.0302901000661695,0.3978904827747094,0.2909737000009045,PASS
V11,F17,9,1008,4025709,30,500,2,0.3978890527876242,1.6574038437894387,0.3978890527876242,0.23558300000149757,PASS
V11,F17,12,1011,4025712,30,500,2,0.39788801706879795,4.005505020167275,0.39788801706879795,0.2274347999773454,PASS
V11,F17,11,1010,4025711,30,500,2,0.39788842473253716,0.9236150306333499,0.39788842473253716,0.2435080999857746,PASS
V11,F17,10,1009,4025710,30,500,2,0.3978895431317575,3.966514797561688,0.3978895431317575,0.27846579998731613,PASS
V11,F17,13,1012,4025713,30,500,2,0.3978956232276971,0.653014811080423,0.3978956232276971,0.2559441999765113,PASS
V11,F17,14,1013,4025714,30,500,2,0.39788792517462745,1.2794390638585824,0.39788792517462745,0.2785659999935888,PASS
V11,F17,15,1014,4025715,30,500,2,0.39788743113709835,0.5699043454949582,0.39788743113709835,0.2830732000002172,PASS
V11,F17,16,1015,4025716,30,500,2,0.3978925805633988,0.5472008050952475,0.3978925805633988,0.33537789998808876,PASS
V11,F17,17,1016,4025717,30,500,2,0.39788764344126015,1.9307324415435367,0.39788764344126015,0.2372652000049129,PASS
V11,F17,19,1018,4025719,30,500,2,0.39788761235926806,1.8190149992010163,0.39788761235926806,0.22269280001637526,PASS
V11,F17,18,1017,4025718,30,500,2,0.3978923143602202,1.6377791627432448,0.3978923143602202,0.23891260000527836,PASS
V11,F17,20,1019,4025720,30,500,2,0.3978908012657083,0.4636423262601532,0.3978908012657083,0.22549589999835007,PASS
V11,F17,22,1021,4025722,30,500,2,0.3978976479987466,1.8216716190815827,0.3978976479987466,0.2594755000027362,PASS
V11,F17,23,1022,4025723,30,500,2,0.39788859080958794,0.615174882056257,0.39788859080958794,0.24437110000872053,PASS
V11,F17,21,1020,4025721,30,500,2,0.39788785410452476,2.247938566819121,0.39788785410452476,0.29926690002321266,PASS
V11,F17,24,1023,4025724,30,500,2,0.39788846714807136,14.151514125962425,0.39788846714807136,0.2827772000164259,PASS
V11,F17,25,1024,4025725,30,500,2,0.39789107067902485,1.6869208412063283,0.39789107067902485,0.2122486000007484,PASS
V11,F17,26,1025,4025726,30,500,2,0.3978874719719592,3.889306158017198,0.3978874719719592,0.22329460000037216,PASS
V11,F17,28,1027,4025728,30,500,2,0.39789243470912083,2.9510390763983754,0.39789243470912083,0.20471969997743145,PASS
V11,F17,27,1026,4025727,30,500,2,0.3978874713519289,1.0566819945015116,0.3978874713519289,0.23179159997380339,PASS
V11,F17,29,1028,4025729,30,500,2,0.39789117142547425,2.4485590920128137,0.39789117142547425,0.23254600001382641,PASS
V11,F17,30,1029,4025730,30,500,2,0.39789097890801983,0.47798940625165187,0.39789097890801983,0.23605740000493824,PASS
V11,F18,1,1000,4025801,30,500,2,3.0000012832542775,81.38562380070489,3.0000012832542775,0.2511168000055477,PASS
V11,F18,2,1001,4025802,30,500,2,26.117364264666744,30.688673464406033,26.117364264666744,0.2523425999970641,PASS
V11,F18,4,1003,4025804,30,500,2,3.0000006716492247,93.48619771902435,3.0000006716492247,0.24718649999704212,PASS
V11,F18,3,1002,4025803,30,500,2,3.0000038639196873,34.965342142586636,3.0000038639196873,0.26943719998234883,PASS
V11,F18,6,1005,4025806,30,500,2,3.0000013169552573,60.063618491605254,3.0000013169552573,0.2596991000173148,PASS
V11,F18,5,1004,4025805,30,500,2,3.0000056855826154,50.082085355619114,3.0000056855826154,0.2921407999820076,PASS
V11,F18,7,1006,4025807,30,500,2,3.0000010138812856,5.7914370508281126,3.0000010138812856,0.2581664000172168,PASS
V11,F18,10,1009,4025810,30,500,2,3.0000028460265447,3.5313798537296646,3.0000028460265447,0.2644550000259187,PASS
V11,F18,8,1007,4025808,30,500,2,3.0000014190173667,64.59830186416433,3.0000014190173667,0.2761637000076007,PASS
V11,F18,9,1008,4025809,30,500,2,3.0000025113901727,25.521419373542102,3.0000025113901727,0.28909430000931025,PASS
V11,F18,11,1010,4025811,30,500,2,3.0000000248123007,88.7536597773862,3.0000000248123007,0.21493640000699088,PASS
V11,F18,13,1012,4025813,30,500,2,3.0000036089259168,9.426190913628409,3.0000036089259168,0.2344872999819927,PASS
V11,F18,12,1011,4025812,30,500,2,3.000006073467932,39.964935115530984,3.000006073467932,0.2567957999999635,PASS
V11,F18,14,1013,4025814,30,500,2,3.000000183795193,13.07568843364808,3.000000183795193,0.24938370002200827,PASS
V11,F18,16,1015,4025816,30,500,2,3.146796482872686,329.91156437221537,3.146796482872686,0.250536400009878,PASS
V11,F18,15,1014,4025815,30,500,2,3.000000287741794,21.8168014034403,3.000000287741794,0.28016970001044683,PASS
V11,F18,17,1016,4025817,30,500,2,3.0000023743317272,91.84738429723461,3.0000023743317272,0.2840116999868769,PASS
V11,F18,18,1017,4025818,30,500,2,3.0000014368856056,195.47673454838912,3.0000014368856056,0.28247400000691414,PASS
V11,F18,19,1018,4025819,30,500,2,3.0000005782451606,10.909611757157371,3.0000005782451606,0.24066579999634996,PASS
V11,F18,20,1019,4025820,30,500,2,3.000007557405637,273.7028443942355,3.000007557405637,0.22665719999349676,PASS
V11,F18,21,1020,4025821,30,500,2,84.00012105996748,317.38163063086415,84.00012105996748,0.2561060000152793,PASS
V11,F18,22,1021,4025822,30,500,2,3.0000000595264513,66.7727554338801,3.0000000595264513,0.2535386999952607,PASS
V11,F18,23,1022,4025823,30,500,2,23.294935594494458,77.76899365473201,23.294935594494458,0.24804239999502897,PASS
V11,F18,26,1025,4025826,30,500,2,3.0000023448935194,52.45697833328407,3.0000023448935194,0.26150319998851046,PASS
V11,F18,24,1023,4025824,30,500,2,3.000009163157706,35.89485466192964,3.000009163157706,0.31917580001754686,PASS
V11,F18,25,1024,4025825,30,500,2,3.0000001868331845,77.76507019353373,3.0000001868331845,0.31638390000443906,PASS
V11,F18,27,1026,4025827,30,500,2,3.0000025957069085,64.85636849106568,3.0000025957069085,0.22453200002200902,PASS
V11,F18,28,1027,4025828,30,500,2,3.0000001982914593,18.92539432381692,3.0000001982914593,0.2260258000169415,PASS
V11,F18,30,1029,4025830,30,500,2,3.0000000138307645,9.657899738468323,3.0000000138307645,0.23598510000738315,PASS
V11,F18,29,1028,4025829,30,500,2,15.899742196766251,45.603141869610994,15.899742196766251,0.2405031000089366,PASS
V11,F19,1,1000,4025901,30,500,3,-3.862756729066003,-2.8152364689429965,-3.862756729066003,0.6244148000259884,PASS
V11,F19,3,1002,4025903,30,500,3,-3.862772261801152,-3.725083575446613,-3.862772261801152,0.6177777000120841,PASS
V11,F19,2,1001,4025902,30,500,3,-3.862774006652789,-3.0010573399050178,-3.862774006652789,0.6332621999899857,PASS
V11,F19,4,1003,4025904,30,500,3,-3.862776291681777,-3.1461542137665415,-3.862776291681777,0.6939098000002559,PASS
V11,F19,5,1004,4025905,30,500,3,-3.855770459179117,-3.639512885449389,-3.855770459179117,0.5893357000022661,PASS
V11,F19,7,1006,4025907,30,500,3,-3.8627723845614663,-3.5365431240230087,-3.8627723845614663,0.6127251000143588,PASS
V11,F19,6,1005,4025906,30,500,3,-3.862778690862135,-3.5964528439046646,-3.862778690862135,0.6714705000049435,PASS
V11,F19,8,1007,4025908,30,500,3,-3.8627760090145493,-3.371709865860915,-3.8627760090145493,0.600191299978178,PASS
V11,F19,12,1011,4025912,30,500,3,-3.8627702581322936,-3.4451524449101667,-3.8627702581322936,0.6465819000150077,PASS
V11,F19,9,1008,4025909,30,500,3,-3.862773397821849,-2.3770187007264147,-3.862773397821849,0.6892578999977559,PASS
V11,F19,11,1010,4025911,30,500,3,-3.858931993160069,-3.3317115223347478,-3.858931993160069,0.6882711999933235,PASS
V11,F19,10,1009,4025910,30,500,3,-3.862774107454193,-3.6842803474191888,-3.862774107454193,0.7142182000097819,PASS
V11,F19,14,1013,4025914,30,500,3,-3.8627775836575204,-2.7738840559770095,-3.8627775836575204,0.5978713000076823,PASS
V11,F19,15,1014,4025915,30,500,3,-3.862772828624433,-3.0661071327576335,-3.862772828624433,0.6330126000102609,PASS
V11,F19,13,1012,4025913,30,500,3,-3.8627633076193377,-3.635871471826206,-3.8627633076193377,0.6797239000152331,PASS
V11,F19,16,1015,4025916,30,500,3,-3.8627671288838057,-3.3706466472251426,-3.8627671288838057,0.6401736999978311,PASS
V11,F19,17,1016,4025917,30,500,3,-3.862772928270297,-2.5942404342513865,-3.862772928270297,0.6013937999960035,PASS
V11,F19,19,1018,4025919,30,500,3,-3.8627758508508316,-3.399138298593093,-3.8627758508508316,0.5956514999852516,PASS
V11,F19,18,1017,4025918,30,500,3,-3.855007994901402,-3.529350907698285,-3.855007994901402,0.6359276000002865,PASS
V11,F19,20,1019,4025920,30,500,3,-3.862767617376206,-2.937918383007861,-3.862767617376206,0.6316323000064585,PASS
V11,F19,21,1020,4025921,30,500,3,-3.862779761117942,-2.5311476977977185,-3.862779761117942,0.5998806999996305,PASS
V11,F19,22,1021,4025922,30,500,3,-3.8627663099560037,-3.757311537153646,-3.8627663099560037,0.6208126999845263,PASS
V11,F19,23,1022,4025923,30,500,3,-3.8627791298764005,-3.2132895898117337,-3.8627791298764005,0.6094663999974728,PASS
V11,F19,24,1023,4025924,30,500,3,-3.8549007510179267,-3.0648914677945323,-3.8549007510179267,0.633536399982404,PASS
V11,F19,28,1027,4025928,30,500,3,-3.862775804390666,-3.0773264067719293,-3.862775804390666,0.5823834000038914,PASS
V11,F19,26,1025,4025926,30,500,3,-3.8627676502283643,-2.924795237972474,-3.8627676502283643,0.6090169999806676,PASS
V11,F19,27,1026,4025927,30,500,3,-3.8627775935349327,-2.8590384198361467,-3.8627775935349327,0.6347644000197761,PASS
V11,F19,25,1024,4025925,30,500,3,-3.862776810302285,-3.2314525429469114,-3.862776810302285,0.6432338999875356,PASS
V11,F19,29,1028,4025929,30,500,3,-3.862776870496603,-2.805569559471893,-3.862776870496603,0.618274400010705,PASS
V11,F19,30,1029,4025930,30,500,3,-3.8627734954370285,-3.661052938270577,-3.8627734954370285,0.6660801999969408,PASS
V11,F20,1,1000,4026001,30,500,6,-3.3221333126080097,-1.719657427599971,-3.3221333126080097,0.7393124999944121,PASS
V11,F20,2,1001,4026002,30,500,6,-3.3220451621753844,-2.366607712192178,-3.3220451621753844,0.7744290000118781,PASS
V11,F20,4,1003,4026004,30,500,6,-3.32207179831207,-1.4156844025488817,-3.32207179831207,0.768092100013746,PASS
V11,F20,3,1002,4026003,30,500,6,-3.19726059634143,-2.639546222318051,-3.19726059634143,0.8557170999993104,PASS
V11,F20,6,1005,4026006,30,500,6,-3.137642264173468,-0.9891623935739681,-3.137642264173468,0.8402863999945112,PASS
V11,F20,5,1004,4026005,30,500,6,-3.09894955053293,-1.546975718287114,-3.09894955053293,0.8510920999979135,PASS
V11,F20,8,1007,4026008,30,500,6,-3.3219157323740816,-1.1897588416913751,-3.3219157323740816,0.7763798999949358,PASS
V11,F20,7,1006,4026007,30,500,6,-3.3220446797028287,-1.3524600207773423,-3.3220446797028287,0.8200098999950569,PASS
V11,F20,10,1009,4026010,30,500,6,-3.2017096612353004,-1.5097145340696625,-3.2017096612353004,0.7593493000022136,PASS
V11,F20,9,1008,4026009,30,500,6,-3.2028818308208926,-2.5573730477528325,-3.2028818308208926,0.8010209999920335,PASS
V11,F20,12,1011,4026012,30,500,6,-3.2025958223585724,-1.3334487205410632,-3.2025958223585724,0.7826916000049096,PASS
V11,F20,13,1012,4026013,30,500,6,-3.3219847391109196,-1.0595512897021777,-3.3219847391109196,0.7835906999825966,PASS
V11,F20,11,1010,4026011,30,500,6,-3.3215315965162935,-0.6291784544978798,-3.3215315965162935,0.8354524000023957,PASS
V11,F20,14,1013,4026014,30,500,6,-3.202368044937583,-1.8745849243144121,-3.202368044937583,0.8458869000023697,PASS
V11,F20,15,1014,4026015,30,500,6,-3.203032171199977,-2.443957038960648,-3.203032171199977,0.6981077000091318,PASS
V11,F20,16,1015,4026016,30,500,6,-3.3217037861301315,-1.42589448097107,-3.3217037861301315,0.7341163999808487,PASS
V11,F20,17,1016,4026017,30,500,6,-3.321789266886188,-0.7707250057888351,-3.321789266886188,0.7874308000027668,PASS
V11,F20,18,1017,4026018,30,500,6,-3.32148238497215,-1.2806836046999825,-3.32148238497215,0.7991776000126265,PASS
V11,F20,21,1020,4026021,30,500,6,-3.3214689604466026,-1.3182646272649436,-3.3214689604466026,0.7617653000052087,PASS
V11,F20,19,1018,4026019,30,500,6,-3.3220755265925157,-1.6501266361374602,-3.3220755265925157,0.81793839999591,PASS
V11,F20,22,1021,4026022,30,500,6,-3.3220208301355876,-1.9643777697330147,-3.3220208301355876,0.8103407000016887,PASS
V11,F20,20,1019,4026020,30,500,6,-3.3217968580447113,-1.1694872668654595,-3.3217968580447113,0.8334806000057142,PASS
V11,F20,23,1022,4026023,30,500,6,-3.2019460133036564,-0.8292420221596318,-3.2019460133036564,0.7830031999910716,PASS
V11,F20,25,1024,4026025,30,500,6,-3.3218030457735375,-0.9695628721775759,-3.3218030457735375,0.7816460999893025,PASS
V11,F20,24,1023,4026024,30,500,6,-3.3216905523207885,-1.66295644462256,-3.3216905523207885,0.8267732999811415,PASS
V11,F20,26,1025,4026026,30,500,6,-3.0768526050382383,-1.6523507833992392,-3.0768526050382383,0.8193787999916822,PASS
V11,F20,27,1026,4026027,30,500,6,-3.2030655784863313,-2.2223661928383214,-3.2030655784863313,0.8268765000102576,PASS
V11,F20,28,1027,4026028,30,500,6,-3.3215453311683434,-0.7602290577530897,-3.3215453311683434,0.8227066000108607,PASS
V11,F20,29,1028,4026029,30,500,6,-3.3219824295562024,-1.1782094607932692,-3.3219824295562024,0.8668934000015724,PASS
V11,F20,30,1029,4026030,30,500,6,-3.322075692241015,-1.358077861654103,-3.322075692241015,0.9447281000029761,PASS
V11,F21,2,1001,4026102,30,500,4,-5.100403777159541,-0.255284514021552,-5.100403777159541,0.7030759999761358,PASS
V11,F21,1,1000,4026101,30,500,4,-10.151813880979512,-0.7856612453746614,-10.151813880979512,0.7167887999967206,PASS
V11,F21,3,1002,4026103,30,500,4,-5.05514902826489,-0.7458813166548436,-5.05514902826489,0.6954813000047579,PASS
V11,F21,4,1003,4026104,30,500,4,-5.087930317317617,-0.3482705863990612,-5.087930317317617,0.6446122000052128,PASS
V11,F21,6,1005,4026106,30,500,4,-10.146829542319756,-0.5910831778647738,-10.146829542319756,0.6840645000047516,PASS
V11,F21,5,1004,4026105,30,500,4,-10.14886730620895,-0.42018439611118236,-10.14886730620895,0.7167943000094965,PASS
V11,F21,8,1007,4026108,30,500,4,-5.055195884766155,-0.5537203015819497,-5.055195884766155,0.7255319000105374,PASS
V11,F21,7,1006,4026107,30,500,4,-10.150912248727902,-0.42913328296464676,-10.150912248727902,0.7477940999960992,PASS
V11,F21,9,1008,4026109,30,500,4,-10.152961960400114,-0.3954824691564748,-10.152961960400114,0.6863705000141636,PASS
V11,F21,12,1011,4026112,30,500,4,-10.153080994377996,-0.42577067910792477,-10.153080994377996,0.6364941000065301,PASS
V11,F21,10,1009,4026110,30,500,4,-10.14538870375721,-0.3873214329929367,-10.14538870375721,0.6923956999962684,PASS
V11,F21,11,1010,4026111,30,500,4,-10.150964767743668,-0.3122489822002593,-10.150964767743668,0.6743047999916598,PASS
V11,F21,14,1013,4026114,30,500,4,-10.148258813780792,-0.4533003470413142,-10.148258813780792,0.6614839999820106,PASS
V11,F21,13,1012,4026113,30,500,4,-10.132485564514207,-0.5398028645395757,-10.132485564514207,0.6955468000087421,PASS
V11,F21,16,1015,4026116,30,500,4,-10.145658026052999,-0.5643107717396479,-10.145658026052999,0.6752244000090286,PASS
V11,F21,15,1014,4026115,30,500,4,-10.153169470239364,-0.3593500916460118,-10.153169470239364,0.7237447000225075,PASS
V11,F21,19,1018,4026119,30,500,4,-10.132235282943704,-0.4201398663247763,-10.132235282943704,0.631577299995115,PASS
V11,F21,18,1017,4026118,30,500,4,-5.100756947432291,-0.3187300785834754,-5.100756947432291,0.6609652999904938,PASS
V11,F21,17,1016,4026117,30,500,4,-10.15282921469298,-1.3126153292827127,-10.15282921469298,0.708348299987847,PASS
V11,F21,20,1019,4026120,30,500,4,-5.0786434265422535,-0.556094779406882,-5.0786434265422535,0.6734839999990072,PASS
V11,F21,23,1022,4026123,30,500,4,-5.098808617125165,-0.5751988255431095,-5.098808617125165,0.6533253000234254,PASS
V11,F21,21,1020,4026121,30,500,4,-10.151792638935408,-0.39892324222710235,-10.151792638935408,0.698548699991079,PASS
V11,F21,22,1021,4026122,30,500,4,-10.14425215272095,-0.8124729051033841,-10.14425215272095,0.6845036000013351,PASS
V11,F21,24,1023,4026124,30,500,4,-10.141800937754047,-0.36248300442977327,-10.141800937754047,0.6941604999883566,PASS
V11,F21,27,1026,4026127,30,500,4,-10.152223449294778,-0.29612421486392365,-10.152223449294778,0.6331392000138294,PASS
V11,F21,25,1024,4026125,30,500,4,-10.151975624419359,-0.4078383896375593,-10.151975624419359,0.6785120999848004,PASS
V11,F21,26,1025,4026126,30,500,4,-10.135814096178464,-0.3234823818806821,-10.135814096178464,0.708802300010575,PASS
V11,F21,28,1027,4026128,30,500,4,-10.153141793526629,-0.3986533020007952,-10.153141793526629,0.7353783000144176,PASS
V11,F21,29,1028,4026129,30,500,4,-10.1531965737984,-0.3985356486821531,-10.1531965737984,0.700583199999528,PASS
V11,F21,30,1029,4026130,30,500,4,-5.0551862616753445,-0.36908201859372297,-5.0551862616753445,0.7055964999890421,PASS
V11,F22,1,1000,4026201,30,500,4,-10.402577818901236,-0.9317573703945224,-10.402577818901236,0.7982104999828152,PASS
V11,F22,2,1001,4026202,30,500,4,-10.39528037335725,-0.9222716528520395,-10.39528037335725,0.8883083999971859,PASS
V11,F22,3,1002,4026203,30,500,4,-5.087670078838081,-0.7773340207644487,-5.087670078838081,0.7697000000043772,PASS
V11,F22,4,1003,4026204,30,500,4,-5.11587161877121,-0.370970802781476,-5.11587161877121,0.7940090000047348,PASS
V11,F22,5,1004,4026205,30,500,4,-10.377638835798521,-0.5275828087880526,-10.377638835798521,0.8022452000004705,PASS
V11,F22,6,1005,4026206,30,500,4,-10.398779522651132,-0.6964166048173347,-10.398779522651132,0.7535235999966972,PASS
V11,F22,7,1006,4026207,30,500,4,-10.402597656689652,-0.4985747392352459,-10.402597656689652,0.790948899986688,PASS
V11,F22,10,1009,4026210,30,500,4,-10.395519851034944,-0.5770862732792144,-10.395519851034944,0.8008449000190012,PASS
V11,F22,9,1008,4026209,30,500,4,-10.40017380217571,-0.49284895953941,-10.40017380217571,0.8050869999860879,PASS
V11,F22,8,1007,4026208,30,500,4,-5.087671352320769,-0.582643477675555,-5.087671352320769,0.8538524999748915,PASS
V11,F22,11,1010,4026211,30,500,4,-10.400845384157783,-0.4296436080947541,-10.400845384157783,0.734115400002338,PASS
V11,F22,12,1011,4026212,30,500,4,-10.384317575527483,-0.5645985806520991,-10.384317575527483,0.7130620999960229,PASS
V11,F22,13,1012,4026213,30,500,4,-10.38319095804468,-0.6449517732088035,-10.38319095804468,0.7419671000097878,PASS
V11,F22,14,1013,4026214,30,500,4,-10.394523760715021,-0.9848094857049149,-10.394523760715021,0.7210398000024725,PASS
V11,F22,15,1014,4026215,30,500,4,-10.402842392845315,-0.4103758613869799,-10.402842392845315,0.7374243000231218,PASS
V11,F22,16,1015,4026216,30,500,4,-10.39635362728027,-0.6218257843354295,-10.39635362728027,0.7493104000168387,PASS
V11,F22,17,1016,4026217,30,500,4,-10.402564093469923,-1.5765565707085023,-10.402564093469923,0.7365690000005998,PASS
V11,F22,18,1017,4026218,30,500,4,-10.400950910281749,-0.44933832522368744,-10.400950910281749,0.764807200001087,PASS
V11,F22,19,1018,4026219,30,500,4,-10.383069406033673,-0.5128377893703403,-10.383069406033673,0.7577088000252843,PASS
V11,F22,21,1020,4026221,30,500,4,-10.398519746004629,-1.121161539213936,-10.398519746004629,0.7253084999974817,PASS
V11,F22,20,1019,4026220,30,500,4,-5.106688764079738,-0.5828681600134475,-5.106688764079738,0.7813843000039924,PASS
V11,F22,22,1021,4026222,30,500,4,-10.396805287380438,-0.9797111395033686,-10.396805287380438,0.7630153000063729,PASS
V11,F22,23,1022,4026223,30,500,4,-5.126812487084918,-0.6086256797700836,-5.126812487084918,0.7938198999909218,PASS
V11,F22,24,1023,4026224,30,500,4,-10.373861936609407,-0.46854024723853555,-10.373861936609407,0.7938652999873739,PASS
V11,F22,26,1025,4026226,30,500,4,-5.087660083802324,-0.4813761157500475,-5.087660083802324,0.8175992000033148,PASS
V11,F22,25,1024,4026225,30,500,4,-10.389409810848468,-0.5048069121336105,-10.389409810848468,0.8181151000026148,PASS
V11,F22,27,1026,4026227,30,500,4,-10.401840803234014,-0.3899985277776262,-10.401840803234014,0.7591159000003245,PASS
V11,F22,28,1027,4026228,30,500,4,-10.400308627212548,-0.7157489465814115,-10.400308627212548,0.7680006999871694,PASS
V11,F22,30,1029,4026230,30,500,4,-10.40226489534085,-0.43985095714117073,-10.40226489534085,0.7551788999990094,PASS
V11,F22,29,1028,4026229,30,500,4,-10.39617461647716,-0.7171582833042149,-10.39617461647716,0.7602411999832839,PASS
V11,F23,2,1001,4026302,30,500,4,-10.535789744807133,-1.0008003304569233,-10.535789744807133,0.9309013999882154,PASS
V11,F23,1,1000,4026301,30,500,4,-10.536069622903003,-1.0238629556348218,-10.536069622903003,0.9624132000026293,PASS
V11,F23,4,1003,4026304,30,500,4,-10.53628285876681,-0.5565675694250592,-10.53628285876681,0.9522510999813676,PASS
V11,F23,3,1002,4026303,30,500,4,-5.128480402474645,-0.8164625137143151,-5.128480402474645,0.9987486000172794,PASS
V11,F23,6,1005,4026306,30,500,4,-10.53005393804763,-0.7414380430410371,-10.53005393804763,0.9217071000020951,PASS
V11,F23,5,1004,4026305,30,500,4,-10.53607372259214,-0.8454832942164738,-10.53607372259214,0.969948200014187,PASS
V11,F23,8,1007,4026308,30,500,4,-10.518683003223622,-0.7874801856706389,-10.518683003223622,0.9674192999955267,PASS
V11,F23,7,1006,4026307,30,500,4,-10.534693424166761,-0.6872915656446693,-10.534693424166761,1.0241504000150599,PASS
V11,F23,10,1009,4026310,30,500,4,-10.533503222899935,-0.645758260380765,-10.533503222899935,0.9239188999927137,PASS
V11,F23,12,1011,4026312,30,500,4,-2.869743421841286,-0.823786750800087,-2.869743421841286,0.9253390000085346,PASS
V11,F23,11,1010,4026311,30,500,4,-10.532878759180413,-0.4663841659661791,-10.532878759180413,0.9877512000093702,PASS
V11,F23,9,1008,4026309,30,500,4,-10.533616986048665,-0.5747711898984762,-10.533616986048665,1.0678617999947164,PASS
V11,F23,13,1012,4026313,30,500,4,-10.517266076011486,-0.7770502763168828,-10.517266076011486,0.9139338999812026,PASS
V11,F23,14,1013,4026314,30,500,4,-10.53626654051532,-1.0997090054454173,-10.53626654051532,0.9211429000133649,PASS
V11,F23,15,1014,4026315,30,500,4,-10.527411750258205,-0.5002675730803412,-10.527411750258205,0.9671999999845866,PASS
V11,F23,16,1015,4026316,30,500,4,-5.172989403508962,-0.9043428755262034,-5.172989403508962,0.945157600013772,PASS
V11,F23,19,1018,4026319,30,500,4,-10.516397458453971,-0.5736082314038227,-10.516397458453971,0.9157961000164505,PASS
V11,F23,18,1017,4026318,30,500,4,-10.534426635229739,-0.47569531546084826,-10.534426635229739,0.954673800006276,PASS
V11,F23,17,1016,4026317,30,500,4,-10.536086032678085,-1.7597194378362429,-10.536086032678085,1.0279990999842994,PASS
V11,F23,20,1019,4026320,30,500,4,-5.153562557853562,-0.6308786806539844,-5.153562557853562,1.0281238000025041,PASS
V11,F23,21,1020,4026321,30,500,4,-10.531743878394096,-1.2125486530771716,-10.531743878394096,0.9299292000068817,PASS
V11,F23,22,1021,4026322,30,500,4,-10.530579988870993,-1.0750391172262725,-10.530579988870993,0.9705991999944672,PASS
V11,F23,23,1022,4026323,30,500,4,-10.536244729131111,-0.7229501803676563,-10.536244729131111,0.9406729000038467,PASS
V11,F23,24,1023,4026324,30,500,4,-2.8702070346331254,-0.7987194079905501,-2.8702070346331254,0.9438153999799397,PASS
V11,F23,27,1026,4026327,30,500,4,-5.17503321551049,-0.820457114634507,-5.17503321551049,0.9130723000271246,PASS
V11,F23,26,1025,4026326,30,500,4,-10.534422081539457,-0.6147683017235526,-10.534422081539457,0.9372287000005599,PASS
V11,F23,25,1024,4026325,30,500,4,-5.170409214032295,-0.6700425911086935,-5.170409214032295,0.9749539999756962,PASS
V11,F23,28,1027,4026328,30,500,4,-10.533596420508427,-0.8946038920849877,-10.533596420508427,0.977479699999094,PASS
V11,F23,30,1029,4026330,30,500,4,-10.529524496039762,-0.5471043607426501,-10.529524496039762,0.8206615000090096,PASS
V11,F23,29,1028,4026329,30,500,4,-10.533091714987018,-0.8835439811854388,-10.533091714987018,0.8413004000030924,PASS
